CustomerID,Age,Gender,Tenure,Service_Internet,Service_Phone,Service_TV,MonthlyCharges,TotalCharges,StreamingMovies,StreamingMusic,OnlineSecurity,TechSupport,Churn,Contract_Month-to-month,Contract_One year,Contract_Two year,PaymentMethod_Bank transfer,PaymentMethod_Credit card,PaymentMethod_Electronic check,PaymentMethod_Mailed check
08729464-bde6-43bc-8f63-a357096feab1,0.7450980392156864,Male,0.17142857142857143,DSL,Yes,No,0.5137976056119853,0.11469843268084864,No,No,True,False,False,False,True,False,False,False,False,True
af95bc95-baf4-4318-a21d-70d2ea3148b7,1.0,Male,0.17142857142857143,DSL,No,Yes,0.9465356613335105,0.19775230644512967,Yes,Yes,False,False,False,False,False,True,False,False,False,True
1fe7eee6-2227-4400-9998-4d993f4a60fd,0.5490196078431373,Male,0.8428571428571429,Fiber optic,No,Yes,1.0000000000000002,0.9999999999999999,Yes,Yes,False,False,False,True,False,False,False,False,False,True
f736fe7b-1b44-4acd-84c2-21c4aef648be,0.27450980392156865,Female,0.8,Fiber optic,Yes,Yes,0.5832835424550222,0.6803072496904978,No,Yes,False,True,False,True,False,False,True,False,False,False
4b40d12d-7633-4309-96b8-aee675ea20ae,0.823529411764706,Male,0.7285714285714286,Fiber optic,Yes,Yes,0.05406182920622277,0.21723495199785878,Yes,No,True,True,False,False,False,True,False,False,True,False
0fece405-89c9-44a4-9ffb-29e55a4bbf55,0.13725490196078433,Female,0.7428571428571429,Fiber optic,Yes,Yes,0.5740998915665316,0.6249519239574366,Yes,No,True,False,False,True,False,False,True,False,False,False
8f55fd3f-ddad-4da9-9531-e0934968f712,0.3921568627450981,Male,0.6,Fiber optic,Yes,No,0.6009869658545222,0.5172985392915815,Yes,No,False,False,False,False,False,True,False,False,False,True
b4db2101-be85-4048-8201-659b9f3345a9,0.7450980392156864,Male,0.5857142857142857,DSL,No,Yes,0.8129854610635332,0.6324577308364957,No,Yes,False,False,False,True,False,False,True,False,False,False
28177481-3920-402e-bb98-7ab632e9111f,0.3529411764705882,Female,0.35714285714285715,DSL,Yes,Yes,0.0,0.07150469900139994,No,No,True,True,False,True,False,False,False,False,True,False
a257f4af-3ca6-47c3-ae28-3e315a7b8b0f,0.43137254901960786,Male,0.3142857142857143,Unknown,Yes,Yes,0.4557082475823762,0.21191566120664196,No,Yes,False,False,False,False,False,True,False,False,False,True
af6d4c2c-f822-4452-9698-4c4d0f97296d,0.1960784313725491,Female,0.6,Fiber optic,Yes,Yes,0.9608090464493573,0.7412710454181644,Yes,No,True,True,False,True,False,False,False,False,True,False
e6ac1636-1be7-4c55-9fdc-1f7600aec1be,0.1960784313725491,Female,0.3857142857142857,Unknown,Yes,No,1.0000000000000002,0.5013374538156713,No,No,True,False,False,False,False,True,False,True,False,False
6c816236-6cf6-4bec-b897-68f8c1a4b599,0.4509803921568628,Male,0.11428571428571427,DSL,No,Yes,0.15154130429971902,0.019614704055609798,No,No,True,False,False,False,False,True,False,False,False,True
691ba5bc-0d3d-479d-89e3-13e7764480a5,0.6862745098039217,Female,0.2714285714285714,Unknown,Yes,Yes,0.903051627608489,0.3076082727101264,Yes,Yes,False,False,False,False,False,True,False,True,False,False
d4ddceb0-0996-4428-b87c-349538d8924b,0.7647058823529412,Male,0.7857142857142857,DSL,No,Yes,0.10163977959237874,0.27651668869248264,No,No,False,False,False,True,False,False,False,False,False,True
6dee6bf9-191d-44f5-9be0-ea333d0a78a5,0.4509803921568628,Male,0.5428571428571429,DSL,No,Yes,0.8705215871119079,0.6173449043571915,No,No,True,True,False,False,True,False,False,False,True,False
79ae2894-25ed-40a7-bb43-c8e4b588954e,0.03921568627450983,Female,0.7142857142857143,Unknown,Yes,Yes,0.24658655867578388,0.3570691623474539,Yes,Yes,True,False,False,False,False,True,False,False,False,True
44a0183a-79fa-496e-a5fe-7f6402f3ffae,0.4117647058823529,Male,0.15714285714285714,DSL,Yes,Yes,1.0000000000000002,0.18753142815647933,Yes,No,False,False,False,False,True,False,False,False,True,False
cedd9b62-f616-4b38-ba46-c5901a4b17d9,0.019607843137254943,Female,0.7714285714285715,Fiber optic,No,No,0.7093097877802119,0.7564304618802367,Yes,No,False,True,False,False,True,False,False,True,False,False
fbd12edb-2f9c-4ad3-94ec-da1d1332e2ce,0.4509803921568628,Male,0.14285714285714285,DSL,Yes,Yes,0.38135386930447673,0.07106611054292752,Yes,No,True,False,False,False,False,True,False,True,False,False
2c38d77b-aa10-4a11-b50a-bd7b8ca51475,0.8431372549019608,Male,0.35714285714285715,Fiber optic,Yes,Yes,0.25068047533691834,0.16617072433285554,No,No,True,False,False,False,True,False,True,False,False,False
70f91934-fdda-4b1e-878b-b0ac212bceaf,0.5686274509803921,Male,0.5857142857142857,Unknown,Yes,Yes,0.20000442585584993,0.25872734803070563,No,Yes,True,True,False,False,False,True,True,False,False,False
baa44ba7-05bc-4df9-b643-cc4bd7bdc496,0.7254901960784313,Male,0.3714285714285714,Fiber optic,Yes,Yes,0.6930447675319216,0.34485776720881334,Yes,No,True,False,False,True,False,False,False,False,False,True
cf0f3b20-e221-4964-abad-9a1a515c1770,0.019607843137254943,Male,0.14285714285714285,Fiber optic,No,Yes,0.9309345194627012,0.15506784947387056,No,No,False,True,True,True,False,False,False,True,False,False
ef5fcbe6-84ef-4e7a-91d9-6339c0c71fad,0.3921568627450981,Female,0.5285714285714286,DSL,Yes,No,0.7750337471508553,0.5464927864247714,No,Yes,False,False,False,True,False,False,False,False,True,False
b83a5822-4ce7-4ce4-8e23-66cda0ddfa9f,0.6274509803921569,Female,0.6,Fiber optic,Yes,No,0.8634402177521079,0.6790541398091481,Yes,Yes,False,False,False,True,False,False,True,False,False,False
5757e8b5-2194-4523-9651-4a928ae49f4b,0.21568627450980393,Female,0.2571428571428571,Fiber optic,No,Yes,0.8043550421562771,0.26272444724198546,No,Yes,False,True,False,False,True,False,False,False,True,False
6d81c585-d94f-426d-82da-f012e2aa5837,0.4117647058823529,Female,0.9,DSL,No,Yes,1.0000000000000002,0.9999999999999999,No,Yes,False,False,False,True,False,False,False,True,False,False
6491c629-a086-4dce-b96d-51d0ef9e672e,0.8431372549019608,Female,0.07142857142857142,Fiber optic,Yes,Yes,0.7782424926420148,0.0591262225452461,Yes,No,False,False,True,False,False,True,False,False,True,False
41347538-6a05-4424-a07e-6841409bb249,0.47058823529411764,Female,0.6428571428571429,DSL,No,Yes,0.17234282679413138,0.26935950340861947,Yes,Yes,True,False,False,True,False,False,False,True,False,False
96fc0d97-77b2-4e53-9d7d-e79d0e629b83,0.5030496196232563,Male,0.5857142857142857,Unknown,Yes,No,0.8156409745734583,0.6348820164915686,Yes,Yes,True,True,False,True,False,False,False,False,False,True
b2718b43-0ef8-4955-af40-9951cb4bba8f,0.5030496196232563,Male,0.9142857142857143,Fiber optic,No,No,0.2961561441943837,0.5118394785520604,Yes,Yes,False,False,False,True,False,False,False,False,True,False
b8f92096-6c62-4737-9eaa-eb2ec85c341a,0.8039215686274509,Female,0.8285714285714286,DSL,Yes,No,1.0000000000000002,0.9999999999999999,Yes,Yes,True,False,False,True,False,False,False,False,False,True
503651fc-b5e5-42fd-a046-877d897dfb69,0.5294117647058824,Female,0.7285714285714286,Fiber optic,Yes,Yes,0.35656907654517694,0.4460945866617056,Yes,Yes,True,True,False,True,False,False,True,False,False,False
3476d401-cf6b-4ac1-9a2d-4227593dbd62,0.2941176470588236,Male,0.6571428571428571,Fiber optic,No,Yes,1.0000000000000002,0.3381407769345526,No,Yes,False,True,False,True,False,False,True,False,False,False
46a35781-1cb4-429b-b553-b85916fce652,0.27450980392156865,Male,0.0857142857142857,Fiber optic,Yes,No,0.20443028170572491,0.013678497630497735,No,Yes,True,False,False,False,True,False,False,False,True,False
879b0673-f23d-461b-9cfc-053ad9c351e8,0.9019607843137255,Male,0.14285714285714285,Unknown,No,No,0.6683706211688685,0.11608970595937287,Yes,No,False,False,True,True,False,False,False,False,False,True
bf5a87cb-7b7d-459d-a372-7936530e2b1d,0.9803921568627451,Female,0.8571428571428572,Fiber optic,Yes,No,0.06058996658478838,0.2710560214018315,Yes,Yes,True,False,False,True,False,False,False,False,True,False
973180ed-fff5-47ed-aaef-c22623ac0f1b,0.8431372549019608,Female,0.9571428571428572,Unknown,No,Yes,0.9948881364933946,0.9999999999999999,No,No,False,False,False,False,True,False,False,True,False,False
58b307bd-9204-4e16-8f66-e29ef2a72260,1.0,Female,0.34285714285714286,Fiber optic,No,Yes,0.26539644603775253,0.16641331355347583,No,Yes,True,True,False,True,False,False,False,False,True,False
3eec98ad-f31e-4ab4-bcf7-a04bb6b12090,0.5030496196232563,Male,0.15714285714285714,DSL,Yes,Yes,0.26661355639646817,0.05762731034101617,Yes,Yes,False,False,False,True,False,False,True,False,False,False
adc22f7f-8ded-4752-bdb5-17962b0b00ce,0.7058823529411765,Male,0.35714285714285715,Fiber optic,No,Yes,0.0,0.0668328483155472,Yes,Yes,True,False,False,True,False,False,False,False,True,False
51659a9b-e55d-496a-90c5-27dfbc394cf1,0.9803921568627451,Female,0.15714285714285714,Fiber optic,Yes,Yes,0.21195423665051233,0.05168949736477416,No,Yes,False,False,False,True,False,False,False,False,True,False
99e16c7b-c995-4fab-ac08-3575571f87bc,0.11764705882352944,Female,0.6,Fiber optic,No,No,0.40337250215760473,0.39281653153965107,Yes,Yes,False,True,False,False,True,False,False,True,False,False
8282b377-1276-4472-ba8e-a352ee13aae0,0.3921568627450981,Male,0.7142857142857143,Unknown,Yes,Yes,0.3487131824116489,0.9999999999999999,Yes,Yes,True,False,False,True,False,False,False,False,True,False
620e28f8-00ec-4b30-9d25-ea297cb702ed,0.1568627450980392,Male,0.5142857142857143,Fiber optic,No,Yes,0.24182876363716838,0.2458428079686221,Yes,Yes,True,False,False,False,False,True,False,False,True,False
a0278ed3-8bfe-4532-bd5c-6389c9bec207,0.7450980392156864,Male,0.6428571428571429,Unknown,Yes,No,0.0,0.1469033566315378,Yes,No,True,False,False,False,False,True,False,False,True,False
33301cf8-3182-42c4-a255-5e6c5f3bbc61,0.33333333333333337,Male,0.7428571428571429,Fiber optic,Yes,Yes,0.2723671690013057,0.3916935522998261,Yes,Yes,False,False,False,True,False,False,False,False,False,True
f813f953-0f1a-4630-b405-5fe40e484474,0.05882352941176472,Female,0.17142857142857143,Fiber optic,Yes,No,0.8009250038726239,0.17033972451503843,Yes,No,False,True,False,False,False,True,True,False,False,False
75677f11-7b36-4142-955c-a956d7a8cc8d,0.47058823529411764,Male,0.7571428571428571,Fiber optic,Yes,Yes,0.4252804886144859,0.5181982079243455,No,No,True,False,False,True,False,False,False,False,True,False
e4add2cd-866c-44af-9a9c-1cd3c6187d4e,0.2549019607843137,Male,0.8,Fiber optic,No,Yes,0.261523822169112,0.4148825113093166,No,No,False,False,False,True,False,False,True,False,False,False
a40f7aff-c09e-43ba-9e32-941210fb4df5,0.9607843137254902,Male,0.04285714285714286,Unknown,Yes,No,0.2770143176436743,0.0,No,Yes,False,False,False,True,False,False,False,False,True,False
3e48da8d-ac6d-473d-a1fe-900b7196f861,0.1568627450980392,Female,0.6857142857142857,Fiber optic,Yes,No,0.5531877226758726,0.5607187966803512,Yes,No,True,True,False,True,False,False,False,True,False,False
f5c64c1f-a0c4-4b04-ad56-2068775cf28e,0.4901960784313726,Female,0.0857142857142857,DSL,Yes,Yes,0.2742481577375025,0.023284066836382726,Yes,Yes,False,True,False,False,True,False,False,True,False,False
e1aba49f-ebaf-4f34-9d2e-9765178d747c,0.5030496196232563,Male,0.14285714285714285,Fiber optic,Yes,No,0.6377215694084843,0.11252476900204578,No,Yes,False,True,True,True,False,False,False,True,False,False
84cd4ba7-d687-484b-a365-329169802a5a,0.37254901960784315,Male,0.7571428571428571,Fiber optic,Yes,Yes,1.0000000000000002,0.9970998539002401,No,Yes,False,False,False,False,False,True,False,True,False,False
7ca49fa4-1846-4f56-a5a1-e8c67b77229c,0.5294117647058824,Male,0.6285714285714286,DSL,No,Yes,0.0,0.13672746177452566,Yes,No,True,True,False,False,True,False,False,False,True,False
4e3c646d-e891-41b1-88f8-38e9dcc81da9,0.9019607843137255,Female,0.3142857142857143,DSL,No,Yes,0.12642457235167853,0.09853331521143657,Yes,Yes,True,False,False,True,False,False,False,False,True,False
91468da0-391d-4369-897e-06543db0ba69,0.11764705882352944,Female,0.3857142857142857,Fiber optic,Yes,Yes,0.13793179756135343,0.1357137280115363,Yes,No,True,False,False,False,True,False,True,False,False,False
88298517-dcdf-4ef8-8854-27e8eeaae6ec,0.5030496196232563,Female,0.8,Fiber optic,Yes,No,0.4344641395029764,0.559027098340529,Yes,Yes,False,True,False,False,False,True,False,False,True,False
1ac28457-bc7d-469a-be10-335f0fa3c8af,0.13725490196078433,Male,0.35714285714285715,Fiber optic,Yes,No,0.0,0.0680233027028295,Yes,No,False,True,False,True,False,False,False,False,True,False
027e85cc-3f3f-42e5-b009-9c0d53c4c193,0.9019607843137255,Female,0.34285714285714286,DSL,Yes,No,0.46810064396202616,0.23572956860567748,No,No,True,False,False,True,False,False,False,False,True,False
8211749c-1420-4003-ab84-d9b69e678eed,0.6666666666666666,Male,0.7571428571428571,DSL,Yes,No,0.9675584766204166,0.9419887239389292,Yes,No,True,True,False,True,False,False,False,False,False,True
201ff65e-254c-4306-b048-b8b11ade1875,0.2549019607843137,Male,0.39999999999999997,Fiber optic,No,Yes,0.0,0.06513311722007534,No,Yes,True,False,False,True,False,False,False,False,False,True
638c1901-a0b8-4572-9a4b-04d2d2b74f27,0.3137254901960784,Male,0.49999999999999994,Fiber optic,Yes,No,0.34351280178804583,0.29045512629580394,No,No,False,True,False,True,False,False,False,False,True,False
e5eeaa3f-2f42-4352-8824-436a047d8acf,0.6862745098039217,Female,0.1857142857142857,DSL,No,No,0.7816725309256678,0.17863916765228577,Yes,No,True,False,False,True,False,False,False,False,True,False
1fed8d93-e286-4ef2-854f-45be9b4f885f,0.9607843137254902,Male,0.4857142857142857,Fiber optic,Yes,No,0.11071278408462243,0.163588996667049,No,Yes,False,True,False,False,True,False,True,False,False,False
9fe25f05-f566-4112-bbee-65854cee0df7,0.7647058823529412,Female,0.41428571428571426,Fiber optic,Yes,No,0.02562570537077613,0.09802243195211707,No,Yes,False,False,False,False,True,False,False,False,True,False
6257a2d6-2fb4-4a72-a2ed-27005061f983,0.05882352941176472,Female,0.22857142857142856,DSL,Yes,No,0.6377215694084843,0.19407330435757714,Yes,No,False,False,False,True,False,False,False,True,False,False
96cdf9b9-b0ae-4ae8-b190-36ac60a6895d,0.019607843137254943,Male,0.9428571428571428,DSL,Yes,Yes,0.0,0.1924828187389409,Yes,Yes,False,False,False,True,False,False,False,False,True,False
eb096f7d-0a56-4a48-afc6-43eebcb26715,0.09803921568627455,Male,0.41428571428571426,DSL,Yes,No,0.8269269069906395,0.4466986498865614,No,No,True,True,False,True,False,False,True,False,False,False
13641684-9e1b-4303-a72f-b389cbce798f,0.8039215686274509,Female,0.6285714285714286,Unknown,No,No,0.01378654097236054,0.16025058341904283,No,Yes,False,False,False,True,False,False,False,False,False,True
eec5ba6b-134c-4ad9-aebe-68462a4290f8,0.05882352941176472,Male,0.7142857142857143,Fiber optic,Yes,No,0.5199938038018102,0.5587812960176488,No,No,False,True,False,True,False,False,False,False,True,False
98634576-8797-4455-bacf-6bc669f301ac,0.5490196078431373,Female,0.6571428571428571,Fiber optic,No,Yes,0.7586580805063181,0.6766041493359962,Yes,Yes,False,False,False,False,False,True,False,False,False,True
83f91e31-8b22-494a-a7d7-cb58c4da64f2,0.33333333333333337,Male,0.7428571428571429,Fiber optic,Yes,Yes,0.2075283808006374,0.34353236252661645,Yes,Yes,True,False,False,True,False,False,False,False,False,True
b779d796-3a0f-4681-aa0c-64c2eabfd21d,0.4901960784313726,Female,0.9,Fiber optic,Yes,No,0.054283121998716544,0.2766837700099959,Yes,Yes,True,True,False,True,False,False,False,True,False,False
741e18d4-4d99-4a28-9b62-15ce5a034d2e,0.8431372549019608,Female,0.5285714285714286,Fiber optic,Yes,Yes,0.13405917369271286,0.1952669718471193,Yes,No,False,True,False,True,False,False,True,False,False,False
9d4e2935-ab03-4651-bdfb-95c96cae35e3,0.6470588235294118,Female,0.9,Fiber optic,Yes,No,0.8854588506052359,0.9999999999999999,No,Yes,False,True,False,False,False,True,False,False,True,False
d0600be2-a69e-4b21-a1c4-77bb1cd771e5,0.17647058823529416,Female,0.0857142857142857,DSL,Yes,Yes,0.7207063665936402,0.06840887497401402,No,No,False,True,True,False,True,False,False,False,True,False
2f03382b-77d0-4119-b9d0-fbb26b1d0c1a,0.6862745098039217,Male,0.3,Fiber optic,Yes,Yes,0.15895461284825957,0.10589935214219134,No,No,False,False,False,True,False,False,False,False,True,False
5abb4990-80eb-4b3f-b619-6c435a99df09,0.2549019607843137,Male,0.5714285714285715,Fiber optic,Yes,Yes,0.7321029454070682,0.5700143015181587,No,Yes,False,True,False,True,False,False,False,False,True,False
281e90c9-68b6-4c49-a198-95f061a33e8a,0.5882352941176471,Female,0.12857142857142856,Fiber optic,Yes,Yes,0.7238044656885527,0.11347102761757785,No,Yes,True,False,True,True,False,False,False,False,False,True
e4a8f175-f9fb-4ef0-a160-3c39397b86bc,0.9215686274509803,Female,0.8,Fiber optic,Yes,Yes,1.0000000000000002,0.9999999999999999,No,Yes,False,True,False,True,False,False,False,True,False,False
387a18dd-9ce0-4b6c-b609-05a7b60a8380,0.27450980392156865,Male,0.0857142857142857,DSL,Yes,Yes,0.37305538958596124,0.031430887616286186,No,Yes,False,False,False,False,False,True,False,False,False,True
cd9d67eb-7849-4f86-8659-60d6938226f6,0.13725490196078433,Male,0.7000000000000001,Fiber optic,Yes,Yes,0.8967447830224171,0.8203342461756852,Yes,Yes,False,True,False,False,True,False,True,False,False,False
a8656a22-0901-4064-9e4b-b6dd9763223f,0.2549019607843137,Male,0.7285714285714286,Fiber optic,No,Yes,0.43368961472924833,0.5003060479902527,No,No,False,True,False,False,True,False,True,False,False,False
cc73d943-473d-4cb9-bb27-e392ddca8697,0.43137254901960786,Male,0.45714285714285713,Unknown,Yes,Yes,0.9331474473876387,0.5459160345691245,Yes,No,True,False,False,True,False,False,False,True,False,False
f2c1166b-e5b8-4fc4-84fc-20680cc14d08,0.7647058823529412,Male,0.0,Fiber optic,No,Yes,0.04111620084533851,0.0,Yes,Yes,True,False,False,True,False,False,False,False,True,False
a9a05c49-232f-45fc-8a1b-2331b55c8aaa,0.3921568627450981,Male,0.7428571428571429,Fiber optic,Yes,Yes,0.13372723450397223,0.28616563477887585,Yes,No,False,False,False,False,False,True,True,False,False,False
aefbb0c0-b0d9-4766-8e40-fec29a4f0516,0.2941176470588236,Female,0.8428571428571429,Fiber optic,No,No,0.8802584699816327,0.975996198257406,Yes,No,True,False,False,True,False,False,False,True,False,False
3b24b245-2289-45ab-92ea-c9b30af15fcc,0.8627450980392156,Male,0.4714285714285714,Unknown,Yes,Yes,0.8462900263338424,0.5220844551076598,No,No,False,False,False,False,False,True,False,False,True,False
fd331740-fac6-4e84-88f2-06742c9c0030,0.33333333333333337,Male,0.04285714285714286,Fiber optic,No,Yes,0.27767819602115557,0.0,Yes,No,False,False,False,True,False,False,False,False,True,False
3a46e4ed-ce41-42b3-af5f-c4627e92bdc7,0.5030496196232563,Female,0.22857142857142856,Fiber optic,Yes,No,0.6001017946845473,0.1837753116146899,No,No,True,True,False,True,False,False,False,True,False,False
b715a4ba-26ca-4861-9368-1524a72e077e,0.4509803921568628,Male,0.04285714285714286,Fiber optic,No,Yes,0.3632078603199895,0.00604416666104373,Yes,Yes,False,True,False,False,True,False,True,False,False,False
ecee093d-dd91-4594-9e9c-0f678c8d6a13,0.4901960784313726,Male,0.6,Fiber optic,Yes,No,0.0,0.11146605180741823,Yes,No,True,False,False,True,False,False,False,False,True,False
208ce1fb-eb53-4771-81cc-26afa5d0e012,0.47058823529411764,Male,0.04285714285714286,Unknown,Yes,No,0.0,0.0,Yes,No,False,False,False,True,False,False,False,False,False,True
e2020c38-7079-4e0d-b9af-a2d4ec6c62d3,0.8627450980392156,Male,0.0,DSL,Yes,Yes,0.0,0.0,No,Yes,True,False,False,True,False,False,False,False,False,True
27dc3c79-dde8-484b-9e93-d93e17995c8d,0.7843137254901961,Male,1.0,DSL,Yes,Yes,0.5971143419858815,0.8730933852827706,No,Yes,False,True,False,False,True,False,False,False,False,True
b7deaab8-8d3b-4913-87c4-53e33ac53d50,0.5490196078431373,Female,0.7000000000000001,Unknown,Yes,Yes,0.24868884020447463,0.34771582166896875,Yes,Yes,False,False,False,True,False,False,False,False,True,False
c9e5916a-6ec4-440e-af82-84448615e022,0.27450980392156865,Male,0.8571428571428572,Fiber optic,Yes,Yes,0.09898426608245375,0.30108246202032796,Yes,Yes,False,False,False,True,False,False,False,False,True,False
4b5267df-ec39-4a15-b86e-ece720967f47,0.8627450980392156,Female,0.4857142857142857,Fiber optic,Yes,Yes,0.9810573369625353,0.6078228758100631,No,Yes,False,False,False,False,True,False,True,False,False,False
a98e626c-377a-4344-a65f-fd908b8717de,0.0,Female,0.09999999999999999,Fiber optic,No,Yes,0.07397818053066019,0.008423468884478369,Yes,No,False,True,False,True,False,False,True,False,False,False
83e61b84-e4bd-4ab0-a280-6d639f282e89,0.47058823529411764,Male,0.32857142857142857,DSL,Yes,No,0.6855208125871342,0.30301835613190037,Yes,No,False,False,False,False,False,True,False,True,False,False
55909f8c-ffc4-448b-a567-b0efb4fbca5b,0.11764705882352944,Female,0.49999999999999994,Fiber optic,No,Yes,0.9291641771227512,0.5969143936378004,Yes,Yes,False,False,False,True,False,False,False,False,True,False
f1e829c9-eb31-4196-b279-86c0035ce076,0.1568627450980392,Male,0.7000000000000001,Fiber optic,Yes,Yes,0.12100289893558175,0.258144169970539,Yes,Yes,False,False,False,False,True,False,False,True,False,False
def5d28f-f593-437e-b61c-0b86ca5393f9,0.5030496196232563,Female,0.6,Fiber optic,Yes,No,0.17732191462524066,0.2521967176875174,Yes,No,False,False,False,True,False,False,False,False,True,False
067a8b44-349b-475e-b9c9-26c556215977,0.0,Female,0.3714285714285714,Fiber optic,No,Yes,1.0000000000000002,0.3012640022980107,Yes,Yes,True,False,False,False,True,False,False,False,False,True
e655eb25-b06b-4063-9390-9af6809e42d2,0.8431372549019608,Male,0.44285714285714284,Unknown,No,Yes,0.5022903804023104,0.32907982856171575,No,Yes,False,True,False,False,True,False,False,True,False,False
0b264f5f-8236-4b4e-89cf-1264f1c43cd6,0.13725490196078433,Male,0.24285714285714283,DSL,No,Yes,0.5162318263294163,0.17363315433140641,No,No,True,False,False,False,False,True,False,False,False,True
67ead613-3ad2-4f5a-bc3c-cefcf4282e9f,0.4509803921568628,Male,0.3857142857142857,Unknown,Yes,Yes,0.5535196618646132,0.3030826181770978,No,Yes,True,False,False,True,False,False,False,False,True,False
2915331f-7afd-41ed-80f9-7a2a1fdc5c30,0.1960784313725491,Male,0.39999999999999997,DSL,Yes,No,0.9907942198322601,0.5047722601314737,No,Yes,True,True,False,True,False,False,False,False,True,False
dab3fe5c-a24a-4153-814f-9ebf6130ba82,0.9803921568627451,Male,0.21428571428571427,Fiber optic,Yes,Yes,0.0,0.03054085829030185,No,Yes,True,True,False,False,True,False,False,False,False,True
dd452761-8b48-4fe6-a3c5-85bc036e7f28,0.3137254901960784,Female,0.6571428571428571,Unknown,Yes,Yes,0.7811192989444335,0.6911096994881848,No,No,False,False,False,True,False,False,True,False,False,False
8dc63270-6327-4a01-80b1-bddd40c408dd,0.13725490196078433,Female,0.8285714285714286,Fiber optic,Yes,Yes,0.1970169731571843,0.3746512579134692,No,No,True,False,False,True,False,False,False,True,False,False
b4aff24a-3e7b-4f55-8719-780c1269c2de,0.6666666666666666,Female,0.42857142857142855,Fiber optic,No,Yes,0.3532496846577707,0.2521276359889302,Yes,Yes,False,False,False,False,False,True,True,False,False,False
ed44749a-2ebd-43c6-89de-06c8f17ca94f,0.6666666666666666,Female,0.04285714285714286,Fiber optic,No,Yes,0.038571333731660384,0.0,Yes,Yes,False,True,False,True,False,False,False,True,False,False
66cf4b44-bc8a-429d-86ef-a24e00621c3e,0.6274509803921569,Female,0.5142857142857143,Fiber optic,Yes,No,0.43280444355927333,0.3460048447155874,No,No,False,False,False,False,False,True,True,False,False,False
d7b7c929-ae24-4b3e-86e9-7ff464533350,0.07843137254901966,Female,0.22857142857142856,DSL,Yes,No,0.8295824205005644,0.23926237454040586,No,No,False,False,False,True,False,False,False,True,False,False
01d6c8ff-e38b-4c7e-9863-a3fbcd1bf8fd,0.8039215686274509,Female,0.5428571428571429,Unknown,No,Yes,0.048972094978866565,0.15550161827895317,No,No,True,False,False,False,True,False,False,False,True,False
746fe7ea-0d00-4fd7-bd93-03a7f36466cb,0.7450980392156864,Male,0.6714285714285715,Fiber optic,Yes,Yes,0.2447055699395871,0.3337468595941787,No,No,False,False,False,True,False,False,False,True,False,False
6cb6367c-4d46-4c8e-89f6-ff64f57a80f0,0.7843137254901961,Male,0.6428571428571429,Fiber optic,Yes,No,0.3525858062802895,0.3872803563458929,Yes,No,False,False,False,True,False,False,False,False,True,False
9bf75152-764f-4fb6-817c-12d71b2086fe,0.5294117647058824,Female,0.6714285714285715,Fiber optic,Yes,Yes,0.05472570758370404,0.2002296082874904,Yes,No,True,True,False,False,False,True,False,True,False,False
80ec038a-07b5-49a9-9437-33bfad4b4fc6,0.11764705882352944,Female,0.5428571428571429,DSL,Yes,Yes,0.7832215804731242,0.566961854371281,No,No,True,False,False,True,False,False,False,False,True,False
3771a567-9c35-4cf3-9006-3a0f31d62b70,0.1568627450980392,Male,0.04285714285714286,DSL,No,Yes,0.8104405939498551,0.029154404665167423,Yes,No,True,False,True,False,False,True,True,False,False,False
9c37124f-6d2b-4fcf-a63e-03ecac1bdd50,0.13725490196078433,Male,0.41428571428571426,Fiber optic,Yes,Yes,0.8646573281108236,0.4651273978980527,Yes,No,True,True,False,False,True,False,True,False,False,False
a63dcd79-149c-4436-ba72-4a4eee88ae61,0.21568627450980393,Male,0.41428571428571426,Fiber optic,Yes,Yes,0.5858284095687003,0.34435009705175373,No,Yes,False,False,False,True,False,False,False,True,False,False
f37934ec-7684-4abc-a2db-5055b47f05fe,0.6470588235294118,Male,0.3,Fiber optic,Yes,No,0.5009626236473479,0.21248759340889906,Yes,No,True,True,False,False,False,True,True,False,False,False
9908adeb-3283-406a-a91e-1fdf391d7c0c,0.5030496196232563,Female,0.9285714285714286,Unknown,No,No,0.23032153842749342,0.4535216725353979,No,No,False,False,False,True,False,False,False,False,True,False
7bdbbbc2-db21-48e2-a57a-edc262676b91,0.9215686274509803,Male,0.15714285714285714,DSL,No,Yes,0.6647192900927217,0.12979840675111343,No,No,False,False,False,False,False,True,False,False,False,True
d1265bfc-fa95-471f-b5a1-3eda14936e91,0.43137254901960786,Female,0.49999999999999994,Fiber optic,Yes,Yes,0.4316979795968045,0.3362016697207203,Yes,Yes,True,False,False,True,False,False,False,False,True,False
53bbdbfd-c8df-489a-aba1-f30d3627d261,0.4509803921568628,Female,0.24285714285714283,DSL,Yes,No,1.0000000000000002,0.3018375410513977,Yes,No,False,False,False,False,False,True,False,False,True,False
01aa3711-4d9f-411e-81c1-d2aebb8b6187,0.7058823529411765,Female,0.7428571428571429,Fiber optic,Yes,Yes,1.0000000000000002,0.9601764892809301,Yes,No,True,False,False,False,True,False,False,False,True,False
46602ebe-d684-4a50-af47-d054a2f8727b,0.6666666666666666,Male,1.0,DSL,Yes,No,0.9413352807099074,0.9999999999999999,No,Yes,True,False,False,True,False,False,False,False,True,False
4c4ebfb1-9c6f-4e05-a228-d7bb2dc226b8,0.8431372549019608,Male,0.0,Unknown,Yes,Yes,0.33820177476819585,0.0,Yes,No,False,False,False,False,True,False,False,False,False,True
e2dfd8ac-506c-4255-8f78-295ee06c0a2d,0.7647058823529412,Female,0.8142857142857143,DSL,Yes,Yes,0.3469428400716989,0.4934557139722072,Yes,No,True,False,False,True,False,False,False,True,False,False
5f42fd82-6050-436c-8d79-bbd4eb99bd71,0.4117647058823529,Female,0.07142857142857142,Unknown,Yes,Yes,0.8832459226802984,0.06608901514238699,No,Yes,True,False,True,True,False,False,False,True,False,False
21455459-c5fa-4231-9a0c-83436e7c1307,0.5098039215686275,Female,0.9857142857142858,Fiber optic,Yes,No,0.7464869769191618,0.9999999999999999,Yes,Yes,True,False,False,True,False,False,False,False,True,False
2d12d1b5-6dc6-43c7-b302-1b0de9e7c5c4,0.5030496196232563,Male,0.6142857142857143,Unknown,Yes,Yes,0.7191573170461838,0.6019316528165893,Yes,No,False,True,False,True,False,False,False,False,True,False
2457ae2b-6c09-4d9e-ac70-80b7d1d103dd,0.0,Female,0.32857142857142857,Fiber optic,No,Yes,0.24913142578946207,0.15078799726372213,Yes,No,False,False,False,True,False,False,False,False,True,False
9ee9c900-3788-492c-a5e8-596eb07dfe4d,0.6666666666666666,Male,0.2571428571428571,Unknown,Yes,Yes,0.8617805218084047,0.28100699910065263,Yes,Yes,False,True,False,True,False,False,False,False,True,False
6f922e4c-96e3-4ea1-8645-16e230d82e71,0.7058823529411765,Female,0.24285714285714283,DSL,Yes,No,0.580849321737591,0.1898753862550554,No,Yes,False,False,False,True,False,False,False,False,True,False
ef436935-fdbb-4267-80e3-2316050580ba,0.9019607843137255,Female,0.41428571428571426,Fiber optic,No,No,0.4342428467104827,0.2772733742746823,Yes,Yes,True,True,False,True,False,False,False,False,True,False
ef3e00c5-d8b8-43c1-97a0-eafe19466010,0.5030496196232563,Female,0.5857142857142857,Unknown,Yes,No,0.8972980150036516,0.6846176263721151,Yes,Yes,True,False,False,True,False,False,False,False,False,True
07cd1780-5828-4744-8f8c-5219955af1da,0.03921568627450983,Male,0.45714285714285713,DSL,No,No,0.37593219588837995,0.2823773872144877,No,Yes,True,True,False,False,True,False,False,False,False,True
edd93deb-9430-434a-aaf5-6201bb8e160a,0.0,Male,0.15714285714285714,DSL,Yes,Yes,0.6632808869415123,0.1336862604855576,No,No,False,True,False,False,True,False,False,False,False,True
4df5254a-c564-4065-b52c-fbe3cb078c93,0.07843137254901966,Female,0.3714285714285714,Fiber optic,Yes,Yes,0.45526566199738877,0.25219029148299765,Yes,No,False,False,False,True,False,False,False,False,True,False
71615f69-b82d-4ea6-ad5d-b21fbb42935e,0.4901960784313726,Male,0.5428571428571429,Unknown,No,Yes,0.5955652924384254,0.4596362061359328,No,No,True,False,False,False,False,True,True,False,False,False
4fc1836b-6805-4364-916b-8a123927d241,0.2549019607843137,Female,0.11428571428571427,Fiber optic,Yes,Yes,0.0,0.0,No,Yes,True,False,False,False,True,False,False,True,False,False
df261f11-9d13-4770-9af8-a938a1bc818b,0.7450980392156864,Male,0.2857142857142857,Fiber optic,No,No,0.4499546349775388,0.18474888159943087,Yes,Yes,True,True,False,False,True,False,False,False,True,False
5e566064-08d1-45bf-8986-6a51b7cb12a1,0.5098039215686275,Male,0.39999999999999997,DSL,Yes,No,0.5555112969970568,0.318545672802728,No,Yes,False,False,False,True,False,False,False,False,True,False
d2aa93e3-589b-43f7-b533-9b478e5a51d8,0.1568627450980392,Male,0.45714285714285713,DSL,Yes,Yes,0.484918896191551,0.3324744710992697,No,No,False,True,False,True,False,False,False,False,True,False
66d52eac-cec5-48b1-a0ae-3d13dfb9cd8c,0.27450980392156865,Female,0.8714285714285714,Unknown,Yes,No,0.877381663679214,0.9999999999999999,Yes,No,True,False,False,False,False,True,False,False,True,False
da016218-6e95-4fe5-8d35-ca45f0bf0287,0.27450980392156865,Male,0.19999999999999998,DSL,Yes,No,0.28398504060722746,0.08772765231148968,No,No,True,False,False,False,False,True,False,False,False,True
abfa0b93-65dc-4b96-a91f-0cc1bde19eff,0.4901960784313726,Male,0.014285714285714285,Fiber optic,Yes,Yes,0.9179888911018168,0.00029271361587426825,No,Yes,True,True,True,True,False,False,False,False,True,False
a9fc839b-4dd6-4706-8d37-a99e04bb53ce,0.8039215686274509,Female,0.7285714285714286,Unknown,Yes,Yes,0.38622231073933927,0.4699759692081984,No,No,False,False,False,True,False,False,False,False,False,True
e9ffe264-92f5-46bc-97e1-229ffd179b03,0.23529411764705888,Female,0.6142857142857143,DSL,Yes,Yes,0.7082033238177434,0.5976775054245198,Yes,No,False,False,False,False,True,False,False,False,True,False
305d3be1-2cef-4a5d-bab4-3e3079659d33,0.9803921568627451,Female,0.7571428571428571,Fiber optic,Yes,Yes,0.035694527429241674,0.21161202304308416,Yes,No,True,False,False,False,True,False,True,False,False,False
467eafbe-33bc-4e5c-8158-b6df7367774f,0.607843137254902,Female,0.24285714285714283,DSL,No,Yes,0.16127818716944398,0.08105564546886712,No,No,True,True,False,False,False,True,False,False,True,False
a5937166-b305-40c8-875c-e4009c7b466f,0.7450980392156864,Male,0.028571428571428574,Fiber optic,Yes,Yes,0.7820044701144084,0.014354855656200621,Yes,No,True,False,True,True,False,False,False,False,False,True
93267d0f-e727-4ba6-aa28-da1b605450ac,0.9411764705882354,Male,0.0857142857142857,DSL,No,Yes,0.0,0.20767115312135212,No,Yes,False,False,False,True,False,False,False,False,True,False
8db246ee-b7ba-4ef1-a9e9-2a4b9c86767a,1.0,Male,0.6,Fiber optic,Yes,No,1.0000000000000002,0.772489546975073,Yes,No,False,False,False,True,False,False,False,False,True,False
f3486a52-0053-4bd8-a5a0-5cd9f1c5e8ab,0.607843137254902,Male,0.5285714285714286,Fiber optic,Yes,Yes,0.15065613312974402,0.20601319235525858,Yes,Yes,False,False,False,True,False,False,False,True,False,False
71a60dad-7a8a-492c-9127-dfb2f1d9b558,0.05882352941176472,Male,0.5142857142857143,Fiber optic,No,Yes,0.9370200712562793,0.6184903753128356,No,Yes,False,True,False,True,False,False,True,False,False,False
7ec9bad5-715f-481f-ae64-eb1c171a1675,0.5686274509803921,Female,0.8142857142857143,Fiber optic,Yes,No,0.5105888601208259,0.6335550052582417,No,Yes,True,True,False,False,False,True,False,False,True,False
3f7f85f0-7cfd-43cd-8737-7e4e7a48b6a8,0.7058823529411765,Male,0.45714285714285713,DSL,Yes,Yes,0.5644736550930536,0.36956009738270323,Yes,No,False,True,False,True,False,False,False,False,True,False
ee519d45-9dfb-4875-879f-d6d163b74ee7,0.43137254901960786,Male,0.8285714285714286,Fiber optic,Yes,Yes,0.03281772112682291,0.23608461640539322,Yes,Yes,True,False,False,False,False,True,True,False,False,False
7a1660c8-39b6-4af6-a68a-cca8c795716a,0.7450980392156864,Male,0.14285714285714285,Fiber optic,Yes,No,0.34384474097678647,0.066214326130522,No,No,True,False,False,True,False,False,False,False,False,True
466958e5-1dfb-49e3-820a-f6cfe53d475b,0.8627450980392156,Female,0.9571428571428572,Fiber optic,Yes,Yes,0.11259377282081923,0.3535202909014261,No,No,False,False,False,True,False,False,False,False,False,True
8a635ef1-af33-4f7e-b93a-a6ee13b91c2c,0.27450980392156865,Female,0.9571428571428572,DSL,No,No,0.5216534997455133,0.7576353752276884,No,No,False,False,False,True,False,False,False,True,False,False
ba00905b-9d16-4408-b00d-ba977c4eaa18,0.823529411764706,Male,0.3,Fiber optic,Yes,Yes,0.5490938060147381,0.23194935379693896,Yes,No,False,False,False,True,False,False,False,False,True,False
aa158ef2-5ff3-4afe-95e2-f09f89627f25,0.5490196078431373,Female,0.9285714285714286,DSL,No,Yes,0.7250215760472682,0.9266461606480441,Yes,No,False,True,False,False,False,True,False,False,True,False
9f0c328c-5fb8-404e-9536-b51670bb0b41,0.6862745098039217,Female,0.6142857142857143,Fiber optic,Yes,Yes,0.9115714001194981,0.7265711025792535,No,Yes,False,False,False,True,False,False,False,False,True,False
eced9c14-0176-4929-bdd3-0bbae25d177b,0.23529411764705888,Female,0.07142857142857142,DSL,Yes,Yes,0.45781052911106684,0.030455711080415275,No,Yes,True,False,False,True,False,False,True,False,False,False
10a6d608-dd46-40e6-9c74-10637cdcab0f,0.5030496196232563,Female,0.5857142857142857,Fiber optic,Yes,No,0.19801279072340622,0.2569922728103752,Yes,No,False,False,False,True,False,False,False,True,False,False
1c7abf24-b4de-40d9-8f8a-654bc9ff8cb8,0.11764705882352944,Female,0.34285714285714286,DSL,No,No,0.30888047976277416,0.179580606614428,No,Yes,False,True,False,True,False,False,False,True,False,False
953bb1f2-696f-4306-9968-575c526e9f6b,0.9803921568627451,Female,0.8,Unknown,No,No,0.8770497244904734,0.9206360528709551,Yes,Yes,False,False,False,False,True,False,True,False,False,False
697e5dc3-7b5c-475c-8a2d-1b16763db859,0.4117647058823529,Female,0.7714285714285715,Unknown,Yes,No,0.10119719400739124,0.2693161265281112,No,No,False,False,False,True,False,False,False,True,False,False
7a45cf12-191d-4c5a-9c9c-27856fd25fca,0.5294117647058824,Male,0.21428571428571427,DSL,Yes,Yes,0.6338489455398439,0.17879660966301947,No,No,False,True,False,False,True,False,True,False,False,False
34bc01e8-3efc-4b17-a0ce-a9dd97165629,0.019607843137254943,Male,0.1857142857142857,Fiber optic,Yes,No,0.0,0.43228306659764915,Yes,No,False,False,False,False,True,False,True,False,False,False
009500a7-4116-4a0c-bd2b-53b154edd7b1,0.8039215686274509,Female,0.5428571428571429,DSL,Yes,No,0.2116222974617717,0.2422136089660976,No,No,True,False,False,True,False,False,False,True,False,False
ee7d0c9d-4d72-4fbf-9647-ccc633abe083,0.8627450980392156,Male,0.3857142857142857,Fiber optic,Yes,No,0.594126889287216,0.3227548367631593,Yes,No,False,True,False,True,False,False,False,False,True,False
373b6f3d-1fb3-40b8-a4d7-8f1e4d312784,0.09803921568627455,Male,0.7142857142857143,Fiber optic,No,No,0.44475425435393573,0.5036942643232869,Yes,Yes,False,True,False,False,True,False,True,False,False,False
4c970eca-6d24-490f-82b2-53d71c0995d3,0.5294117647058824,Female,0.6857142857142857,Fiber optic,Yes,Yes,0.485804067361526,0.5092304395170449,No,Yes,True,False,False,False,True,False,True,False,False,False
7dff8659-3235-47c4-a041-8ddbf53724fc,0.5294117647058824,Male,0.11428571428571427,Fiber optic,No,Yes,0.6706941954900529,0.08970692330357036,Yes,No,False,True,True,True,False,False,False,True,False,False
bd4c61e5-9963-4337-9429-e2f744dadbab,0.8431372549019608,Female,0.8142857142857143,DSL,Yes,No,0.19934054747836866,0.36831341370587317,No,Yes,True,False,False,True,False,False,False,True,False,False
f9cbe843-d4d3-4ab3-8e9f-e6d6e50f3539,0.8431372549019608,Female,0.6285714285714286,Fiber optic,Yes,Yes,0.2504591825444245,0.3123990081795944,Yes,Yes,True,False,False,True,False,False,False,True,False,False
75a2e6a7-435a-4377-b889-eb87a05feb44,0.37254901960784315,Female,0.3,DSL,Yes,Yes,0.697138684193056,0.27795133885151513,No,No,False,True,False,True,False,False,False,True,False,False
89bc4f4c-1351-48a1-9df1-7864449e648b,0.5686274509803921,Male,0.44285714285714284,Fiber optic,No,No,0.5353736528801256,0.3433090519195554,Yes,Yes,False,True,False,True,False,False,False,False,False,True
0639fa50-237b-45b8-8ffa-ab196f178659,0.1960784313725491,Male,0.9714285714285714,Fiber optic,No,Yes,0.0,0.20413031443097404,No,Yes,True,False,False,True,False,False,False,False,True,False
a86fbb05-03cf-416d-88ea-1640c4cfe400,0.5294117647058824,Male,0.9714285714285714,Fiber optic,Yes,Yes,0.6814268959259997,0.9312360772262701,No,Yes,False,True,False,True,False,False,False,False,True,False
219cc7ae-77c2-48dc-b99b-b27c7b8897cc,0.47058823529411764,Male,0.5857142857142857,DSL,Yes,Yes,0.6258824050100689,0.5188376152740599,No,Yes,False,False,False,True,False,False,False,False,False,True
fcd46f6e-a899-4420-9bf4-62a18c68aa5c,0.7450980392156864,Female,0.7428571428571429,Fiber optic,Yes,No,0.02673216933324485,0.20293504039030194,No,Yes,False,False,False,True,False,False,False,False,False,True
74047ff6-2422-45d0-8579-0a6cfa1ebe4f,0.6274509803921569,Female,0.8285714285714286,Fiber optic,Yes,Yes,0.7668459138285868,0.8608177280989326,Yes,No,False,False,False,False,False,True,False,False,False,True
39925b68-1cc8-4f3d-983e-6861505dd9a2,0.0,Male,0.5428571428571429,DSL,Yes,No,0.5174489366881321,0.4196732467787846,Yes,No,False,True,False,True,False,False,False,False,False,True
89bf5fab-f625-48e1-8c1a-4bb8bfead939,0.5098039215686275,Female,0.19999999999999998,Fiber optic,No,Yes,0.16625727500055326,0.06242929166839369,No,Yes,False,False,False,False,False,True,False,True,False,False
b5bde1ea-bca2-449e-8dd3-402a2022bac0,1.0,Female,1.0,Unknown,Yes,Yes,0.5587200424882162,0.8297582751038876,No,Yes,False,False,False,True,False,False,False,False,True,False
1d417458-cc6d-46e3-b96c-7825c774ebf2,0.23529411764705888,Male,0.39999999999999997,Unknown,No,Yes,0.5986633915333377,0.3359076708639421,Yes,Yes,True,True,False,False,True,False,False,True,False,False
fc6452dd-acaa-4d45-8e0d-8aceb1667ede,0.7843137254901961,Female,0.028571428571428574,Fiber optic,Yes,No,0.9578215937506918,0.020231619689505077,Yes,No,True,True,True,True,False,False,False,True,False,False
c4a277dd-f53c-4d02-8930-b21b44f0e265,0.03921568627450983,Male,0.12857142857142856,Fiber optic,Yes,Yes,0.7608710084312555,0.11722553760823737,No,Yes,True,False,True,False,True,False,False,False,False,True
4ef25682-5c1b-4c84-8721-9b4084fbccd3,0.7450980392156864,Female,0.39999999999999997,DSL,No,No,0.27380557215251505,0.19714181701575417,No,No,False,True,False,True,False,False,False,False,False,True
ff67f9d0-be49-45ca-b175-11ed70da8a3d,0.09803921568627455,Male,0.4857142857142857,Unknown,Yes,No,0.07043749585076015,0.1451329372863488,No,Yes,True,True,False,True,False,False,True,False,False,False
3960d03e-6695-4e8c-839b-feac02ca0bf7,0.13725490196078433,Female,0.07142857142857142,DSL,No,No,0.8837991546615327,0.0664729808624416,Yes,No,True,False,True,False,False,True,False,False,True,False
928bd072-b5a5-49fa-98ad-b0f8a2720092,0.5098039215686275,Female,0.15714285714285714,Unknown,Yes,No,0.8759432605280046,0.16752826003765112,Yes,Yes,False,True,False,True,False,False,False,False,True,False
8262a6e3-6efc-4d94-a56f-5fa4badced8a,0.1568627450980392,Male,0.5285714285714286,Fiber optic,Yes,Yes,0.13372723450397223,0.19287803031690504,Yes,Yes,False,False,False,False,False,True,False,False,True,False
fd0393d7-37ba-4e57-a5e2-a22fa0500e6e,0.7058823529411765,Male,0.2571428571428571,Fiber optic,No,Yes,0.008475513952510616,0.04673489368005276,Yes,Yes,False,False,False,True,False,False,False,False,True,False
9aed0f8c-db9a-4a53-b7c4-be8b38fb12b1,0.6274509803921569,Male,0.9428571428571428,Unknown,No,No,0.7274557967646995,0.9469031638454022,No,No,True,False,False,True,False,False,False,False,True,False
7cd5995e-884b-4990-946d-8043fe5092d7,0.9803921568627451,Male,0.09999999999999999,DSL,Yes,No,0.739294961163115,0.08553631657025754,No,Yes,True,True,True,True,False,False,False,False,True,False
3ecb86d2-5697-435b-8451-c04b936073d5,0.8039215686274509,Female,0.09999999999999999,Fiber optic,Yes,No,0.135718869636416,0.011050179981923078,Yes,Yes,True,False,False,False,True,False,False,False,True,False
50a0fc25-9a94-4ef3-9688-89316cf67f3f,0.8431372549019608,Female,0.6571428571428571,Fiber optic,No,No,0.6791033216048152,0.6183586381201809,Yes,No,True,False,False,True,False,False,True,False,False,False
d8527a9c-7ea4-4f4f-83ea-8860f696413a,0.4509803921568628,Male,0.04285714285714286,DSL,No,No,0.248356901015734,0.0,Yes,Yes,True,True,False,False,False,True,False,False,True,False
7f3759b0-f83f-4911-aaee-277561695f4b,0.27450980392156865,Female,0.7142857142857143,Fiber optic,Yes,Yes,0.228108610502556,0.34479671826587577,No,Yes,True,True,False,True,False,False,True,False,False,False
e8a9e545-c92a-4ead-9767-e7df838f1714,0.607843137254902,Male,0.9428571428571428,Fiber optic,No,No,0.2988116577043087,0.5327696266728615,Yes,No,True,True,False,False,True,False,False,True,False,False
1b67943e-43a4-49f4-828a-da8918ef6d42,0.607843137254902,Male,0.6285714285714286,Fiber optic,Yes,No,0.5155679479519353,0.4844349293776188,Yes,Yes,False,True,False,True,False,False,True,False,False,False
fd19ba5b-cab4-4363-8507-15e47da7175f,0.4509803921568628,Female,0.09999999999999999,DSL,Yes,No,0.829914359689305,0.09423739748998877,No,No,True,True,True,True,False,False,True,False,False,False
2c4a8009-aa53-4c0d-b6c6-8d5c1b378281,0.7843137254901961,Female,0.21428571428571427,Unknown,Yes,Yes,0.4914470335701167,0.1448726760032992,No,Yes,True,True,False,True,False,False,False,False,False,True
9a6efa41-362d-460e-a499-c808f7cc4ad3,1.0,Male,0.9428571428571428,DSL,Yes,No,0.2694903626988869,0.502245155204085,No,Yes,False,False,False,True,False,False,False,False,True,False
2683bf83-ae11-4fb8-8302-472dd3d13b81,0.9411764705882354,Male,0.11428571428571427,DSL,No,No,0.9178782447055702,0.12320672746498762,Yes,Yes,False,False,True,True,False,False,False,True,False,False
4e514ef4-7579-4eb5-b778-559d0a030e3f,0.9411764705882354,Male,0.8428571428571429,DSL,Yes,Yes,1.0000000000000002,0.20915881946767248,No,No,False,False,False,True,False,False,False,True,False,False
8ad34132-a354-4059-9ba4-f2291198a0f5,1.0,Female,1.0,DSL,No,No,0.8217265263670364,0.9999999999999999,Yes,No,False,False,False,True,False,False,False,False,False,True
11a3ca9e-7207-4629-80ac-1a86f9dc4254,0.21568627450980393,Female,0.19999999999999998,DSL,Yes,Yes,0.8076744340436832,0.19904558010472784,No,No,False,False,False,True,False,False,False,False,True,False
aaffe624-08e0-4a67-a7a3-3b472d5e97bb,0.7450980392156864,Female,1.0,Unknown,No,No,0.22025271636902793,0.4836380800171708,No,Yes,False,False,False,True,False,False,True,False,False,False
9f1452c0-ceb6-4469-8e21-a6f2c2f2c207,0.019607843137254943,Female,0.5714285714285715,Fiber optic,No,Yes,0.1591759056407533,0.226859799817303,No,No,False,False,False,True,False,False,False,False,True,False
d6c69e11-7c85-44c4-89eb-4fd1091ea30e,0.03921568627450983,Male,0.3,DSL,Yes,Yes,0.9075881298546107,0.34295721722209954,Yes,Yes,False,True,False,True,False,False,False,False,True,False
335bc0cf-a750-46a7-a068-6f2dbaaa9b9f,0.9411764705882354,Male,0.32857142857142857,DSL,Yes,Yes,0.5581668105069819,0.258195579606697,No,Yes,True,True,False,False,False,True,False,True,False,False
48471f69-df27-461e-b06c-a7895a1a23d6,0.7058823529411765,Male,0.6142857142857143,Fiber optic,Yes,No,0.0,0.13834847186463073,Yes,No,False,False,False,False,False,True,False,False,False,True
f69180f3-847f-43f3-a0a4-8f3a91c889b6,0.9411764705882354,Male,0.0,Unknown,No,Yes,0.9254021996503574,0.0,Yes,Yes,False,True,True,True,False,False,True,False,False,False
071a2405-6af1-4378-8982-9803d2b666bf,0.3137254901960784,Male,0.12857142857142856,DSL,No,No,0.3259200247847928,0.05181480835290916,Yes,Yes,False,True,False,False,False,True,False,True,False,False
3d304d17-bfba-47f7-906f-421b9e00d28f,0.9411764705882354,Male,0.7857142857142857,DSL,Yes,No,0.3183960698400053,0.4564214973249317,No,Yes,False,True,False,False,True,False,False,False,False,True
c185332c-423a-41ac-974c-fdf684d1d0db,0.019607843137254943,Female,0.7000000000000001,DSL,No,No,0.6515523689393437,0.6438256866319201,Yes,No,False,False,False,True,False,False,False,False,False,True
a610c65e-7d9a-4537-8fb6-29084331dbf8,0.019607843137254943,Female,0.15714285714285714,DSL,Yes,Yes,0.671468720263781,0.13316573791945846,No,Yes,False,True,False,True,False,False,False,False,True,False
f26e5a85-d539-49c8-af2d-813d679933c7,0.5294117647058824,Male,0.8428571428571429,DSL,Yes,No,0.3306778198234083,0.4967395044817956,No,Yes,False,False,False,False,False,True,False,False,True,False
9b8c6944-c7fc-44e1-879c-45c1848660e8,0.43137254901960786,Male,0.35714285714285715,Fiber optic,No,No,0.09832038770497248,0.11131985565459407,Yes,No,True,True,False,False,True,False,True,False,False,False
17d88744-d6d0-4721-9557-2466b88bde66,0.7058823529411765,Female,0.5714285714285715,DSL,Yes,Yes,0.5508641483546881,0.45863050512859316,No,Yes,True,False,False,False,False,True,False,False,False,True
7015d753-ff12-46eb-81cc-a6b97b1fdfc1,0.607843137254902,Female,0.49999999999999994,Fiber optic,No,Yes,0.6315253712186595,0.4419737830134207,Yes,Yes,False,False,False,False,False,True,False,False,True,False
78bdf3ed-0a9c-4510-b924-f9de898ba8ec,0.6274509803921569,Female,0.3142857142857143,DSL,Yes,Yes,0.8915444023988139,0.35889741753332066,Yes,No,False,True,False,True,False,False,False,False,True,False
e365820d-56d5-4847-8737-3a53026fba16,0.0,Female,0.6,Unknown,Yes,No,0.4757352453030605,0.43865946803236355,No,No,True,False,False,True,False,False,False,False,False,True
ab15b814-e380-4f34-967f-465d881ebf5e,0.3529411764705882,Male,0.07142857142857142,Unknown,Yes,Yes,0.6542078824492685,0.044578902063679184,No,Yes,False,False,True,True,False,False,False,False,True,False
22c915c2-a3a1-430d-a8b8-64ff57dcefeb,0.019607843137254943,Male,0.9714285714285714,Fiber optic,Yes,Yes,0.0,0.24888079615533035,Yes,No,False,False,False,True,False,False,True,False,False,False
76790d87-d900-455c-a2bf-a63c207f9c44,0.8431372549019608,Male,0.6,Fiber optic,No,No,0.9294961163114919,0.7216952198998989,No,Yes,True,False,False,True,False,False,False,False,False,True
7a3b03b4-a6dd-4ab0-a843-6b7cfaadf882,0.4901960784313726,Male,0.34285714285714286,Fiber optic,Yes,Yes,0.3017991104029742,0.17612491513393655,No,No,False,False,False,True,False,False,False,False,True,False
df1df220-e587-4e48-b83c-c88c5de2af5a,0.607843137254902,Male,0.24285714285714283,Fiber optic,Yes,No,0.6392706189559407,0.20322743269595023,Yes,Yes,False,False,False,True,False,False,False,False,False,True
13f4dc7c-ed3a-4925-81da-e50b22fd6625,0.09803921568627455,Female,0.8714285714285714,Fiber optic,Yes,No,0.9533957379008167,0.9999999999999999,No,Yes,False,True,False,True,False,False,False,True,False,False
262161c7-238a-4b75-a59d-109246ea5ea6,0.607843137254902,Male,0.17142857142857143,Fiber optic,Yes,Yes,0.8365531434641174,0.17583252282828826,No,Yes,False,False,False,True,False,False,False,False,True,False
c2a29ef3-ceac-49c9-8851-f729ada2a3a6,0.05882352941176472,Female,0.6,Unknown,No,No,0.6453561707495188,0.5439978125199815,Yes,No,True,True,False,True,False,False,True,False,False,False
370e9594-fbfb-45c4-b601-42aeae198985,0.1960784313725491,Male,0.3857142857142857,Unknown,Yes,Yes,0.7182721458762089,0.36897370622027675,No,No,False,True,False,True,False,False,False,False,False,True
eea11c23-ada3-4089-9c01-b3ce2dac99a5,0.3137254901960784,Male,0.24285714285714283,Fiber optic,Yes,Yes,0.9587067649206666,0.28851762563310157,No,No,False,False,False,True,False,False,True,False,False,False
cd91da01-6aee-44e3-a089-8f783faac01d,0.7254901960784313,Male,0.8285714285714286,Fiber optic,No,No,0.8383234858040673,0.9251552811994638,Yes,No,False,True,False,False,True,False,False,False,True,False
0f46362f-e919-45c0-971c-ddb1bcfd4c48,0.4509803921568628,Male,0.8428571428571429,DSL,Yes,Yes,0.6145964725928876,0.7487511474791444,No,Yes,True,False,False,False,False,True,False,True,False,False
49b15df7-6040-4075-b1e1-5a2fd0c4c2f7,0.07843137254901966,Male,0.8857142857142858,DSL,No,No,0.6685919139613623,0.8338340953205342,Yes,Yes,False,False,False,True,False,False,True,False,False,False
de9ac7c2-46f1-4a34-bb0c-eb7b0bb074a1,1.0,Female,0.8,Fiber optic,Yes,Yes,0.1027462435548474,0.28540252299215646,No,No,False,False,False,True,False,False,False,True,False,False
0679ca6e-e8bb-42e8-86bb-8990e3426ade,0.6470588235294118,Female,0.7142857142857143,DSL,Yes,Yes,0.4600234570360044,0.5154365465319862,Yes,No,True,True,False,False,False,True,False,False,True,False
d5a90e0f-fcff-4217-aa0f-0879e2c16e60,0.09803921568627455,Female,0.7857142857142857,Unknown,No,No,0.27280975458629314,0.41615971945761543,No,No,False,True,False,True,False,False,True,False,False,False
32fa02e4-e597-46f5-9cc2-e94ff454509d,0.4117647058823529,Male,0.3714285714285714,DSL,No,Yes,0.4177565336696985,0.23756585654719384,Yes,Yes,True,False,False,False,True,False,True,False,False,False
b7bb6b90-e2de-40f8-b100-8f29d0eb8189,0.1960784313725491,Male,0.44285714285714284,Fiber optic,Yes,No,1.0000000000000002,0.40674532983619277,No,Yes,False,False,False,True,False,False,False,False,True,False
60ab4260-d972-49ff-bab8-a8af722c6d06,0.9215686274509803,Female,0.11428571428571427,Fiber optic,Yes,Yes,0.10484852508353809,0.016533338988393306,Yes,Yes,False,True,False,False,False,True,False,False,True,False
a168a686-9b2c-4577-b529-0f186d6a85df,0.2941176470588236,Male,0.9571428571428572,Fiber optic,Yes,No,0.0,0.20170442222477125,Yes,Yes,False,False,False,False,False,True,True,False,False,False
e15b8c4b-c093-4f5f-b3ec-3e7dab93d412,0.6274509803921569,Male,0.6428571428571429,Fiber optic,Yes,Yes,0.3789196485870456,0.4051789424845056,Yes,Yes,False,False,False,False,True,False,False,False,True,False
a60c56a7-bc6b-4cd4-95b5-91b105b3df1f,0.1568627450980392,Female,0.9428571428571428,Unknown,No,Yes,0.2962667905906305,0.5268494857590488,No,Yes,False,True,False,True,False,False,True,False,False,False
1ca6a5d5-7593-46b5-ac86-480732a390c3,0.5030496196232563,Male,0.35714285714285715,Fiber optic,Yes,Yes,0.404921551705061,0.22392945055630045,Yes,No,False,False,False,False,False,True,False,False,True,False
dcf55959-e259-4132-af19-7668d25ef656,0.2941176470588236,Female,0.09999999999999999,Fiber optic,Yes,Yes,0.9701033437340947,0.11188375510120147,No,Yes,True,True,True,False,True,False,False,False,True,False
72c0933c-e065-4d32-9d85-3d2e28349c5d,0.5490196078431373,Male,0.07142857142857142,DSL,No,No,0.7221447697448495,0.0516766449557347,No,Yes,False,False,True,False,True,False,False,False,True,False
210b7a3b-059a-46a1-ad32-9e3129637f06,0.03921568627450983,Female,0.32857142857142857,Fiber optic,Yes,Yes,0.30213104959171483,0.16972602198340303,No,No,False,True,False,True,False,False,False,False,True,False
f9a2bf11-2b99-4775-a5fe-49bfac4701f0,0.5030496196232563,Male,0.6714285714285715,Unknown,Yes,Yes,0.1381530903538472,0.2582518088962447,Yes,Yes,True,True,False,False,True,False,False,True,False,False
9274af4a-d8fb-450d-b457-d9a2c054238d,0.6862745098039217,Male,0.6285714285714286,Fiber optic,No,Yes,0.6241120626701189,0.5540933798204968,No,No,True,False,False,True,False,False,False,True,False,False
a4c701b9-59bf-4c44-8dc9-75e4356b69ce,0.3529411764705882,Female,0.17142857142857143,Unknown,No,No,0.6673748036026468,0.14463490643606872,Yes,Yes,False,True,False,True,False,False,True,False,False,False
810b20fe-dbcf-414a-a60c-40a2afcabb58,0.4901960784313726,Male,0.9714285714285714,Fiber optic,Yes,No,0.4748500741330855,0.7185479862363551,No,No,True,False,False,True,False,False,False,True,False,False
3a37fc32-5301-452c-afa4-48262a891232,0.03921568627450983,Male,0.34285714285714286,DSL,Yes,Yes,0.1752196330965501,0.12940801482653905,No,No,True,True,False,True,False,False,False,True,False,False
76c6497f-1be0-48fd-88b0-5992354d0ba2,0.3529411764705882,Female,0.2714285714285714,DSL,Yes,Yes,0.0,0.03924515231229297,Yes,No,False,False,False,False,True,False,False,False,True,False
0b29898c-2f98-45d8-bfa1-f895cd2183e1,0.5030496196232563,Male,0.9285714285714286,Fiber optic,Yes,Yes,0.2337515767111466,0.4588248978153153,Yes,No,False,False,False,False,True,False,False,True,False,False
00352f50-aa1c-40a0-9018-d9360b4b9f08,0.5030496196232563,Female,0.6285714285714286,Fiber optic,Yes,No,0.4456394255239107,0.4373308502479068,Yes,Yes,False,False,False,True,False,False,False,False,True,False
6e3a4403-99ec-4496-aad6-a69780e9f0fa,0.5030496196232563,Male,0.6571428571428571,Fiber optic,No,Yes,0.8115470579123241,0.7091946455578699,Yes,Yes,True,True,False,False,True,False,False,False,False,True
2636793e-e39a-44d8-a00f-22ee8e5349af,1.0,Male,0.8857142857142858,DSL,No,Yes,0.884463033039014,0.9999999999999999,No,No,False,True,False,False,False,True,False,False,False,True
b073a74b-ce63-4eb0-ac38-eeddfef49760,0.7843137254901961,Male,0.7714285714285715,Fiber optic,No,No,0.3966230719865454,0.5044525564566165,Yes,No,False,False,False,True,False,False,True,False,False,False
74cf6dd8-4bdb-4bb7-b87e-c7b88425d843,0.6274509803921569,Male,0.2571428571428571,Fiber optic,Yes,No,0.8206200624045676,0.27003425488319244,No,No,False,True,False,True,False,False,False,False,True,False
ac74a607-65e7-4595-b58e-248f671e3efc,0.7647058823529412,Female,0.4857142857142857,Fiber optic,No,Yes,1.0000000000000002,0.635195293961906,Yes,Yes,True,False,False,True,False,False,False,False,True,False
d725abf4-6072-4aa2-8e2c-25c5e2188fae,0.7450980392156864,Male,0.7428571428571429,DSL,Yes,No,0.7326561773883025,0.7457822409910235,No,No,False,False,False,True,False,False,True,False,False,False
60a3c95f-016e-4c45-b96b-eeddfd6ef273,0.33333333333333337,Female,0.35714285714285715,DSL,Yes,Yes,0.7459337449379275,0.35295157180142894,No,No,False,False,False,True,False,False,False,False,True,False
08f267cd-256a-429f-b666-fd94852d12a0,0.7647058823529412,Male,0.1857142857142857,DSL,Yes,No,0.9460930757485231,0.21464840467866247,No,No,False,True,False,True,False,False,True,False,False,False
a86cf990-0ad1-4f60-bdf0-10d34b51ed3e,0.0,Male,0.6285714285714286,DSL,Yes,Yes,0.3138595675938835,0.35571162664265826,Yes,Yes,False,False,False,True,False,False,True,False,False,False
7a52450a-0130-4371-93d8-c76cf0bc9a4a,0.1960784313725491,Male,0.6142857142857143,DSL,No,Yes,0.0,0.11401725500175594,No,No,True,False,False,False,False,True,False,False,True,False
151e2a36-5a80-4098-8f64-cfa8b7ad572d,0.5294117647058824,Male,0.9142857142857143,DSL,Yes,No,1.0000000000000002,0.9999999999999999,Yes,Yes,False,False,False,False,True,False,False,False,True,False
0f5d2223-668b-4e68-8aca-82e4fbb19397,0.47058823529411764,Female,0.7142857142857143,Fiber optic,Yes,Yes,0.48248467547411983,0.5268253874920997,Yes,Yes,False,False,False,True,False,False,True,False,False,False
20e70687-1c63-42d6-a997-430eaa33392e,0.9607843137254902,Female,0.6,Fiber optic,No,Yes,0.8091128371948926,0.6477729827581719,No,No,False,True,False,True,False,False,False,False,False,True
7b3cc70d-c503-4c5e-ad6a-9c7bbb26172f,0.43137254901960786,Female,0.3142857142857143,Unknown,Yes,Yes,0.838766071389055,0.3371029449046142,No,Yes,True,False,False,True,False,False,False,False,True,False
1db0db50-80e7-48b1-aed7-9970db5f2799,0.5882352941176471,Female,0.7857142857142857,DSL,No,No,0.37958352696452685,0.5008779801925097,Yes,No,False,False,False,True,False,False,False,False,True,False
f5a061a8-bf36-4353-903e-1570c57fe96a,0.5686274509803921,Male,0.2571428571428571,Fiber optic,Yes,Yes,0.538693044767532,0.1901950899299126,No,Yes,False,True,False,True,False,False,False,False,True,False
07dff524-3a23-421b-9c56-0152a3ea6ae4,0.8039215686274509,Female,0.7714285714285715,Fiber optic,Yes,No,0.5371439952200756,0.6205692524749723,No,Yes,False,True,False,True,False,False,False,False,True,False
ccc94ed9-2df8-4f54-99ed-3ac876886bbb,0.6666666666666666,Female,0.8428571428571429,DSL,No,Yes,0.18340746641881878,0.3686652484033291,Yes,Yes,False,True,False,True,False,False,False,False,False,True
70475ff8-05f7-48c9-b817-edea80acc08f,0.11764705882352944,Male,0.8285714285714286,Unknown,Yes,Yes,0.06988426386952579,0.2650378808690927,No,Yes,True,False,False,True,False,False,True,False,False,False
68f31ae8-c7ba-48c4-ad08-78d8576d2f30,0.2941176470588236,Male,0.45714285714285713,DSL,Yes,Yes,0.5412379118812101,0.35773266796411735,No,Yes,False,False,False,True,False,False,False,False,False,True
0c020f85-0d9e-4cfc-bbda-c03755d54bb6,0.4901960784313726,Male,0.2571428571428571,Unknown,Yes,Yes,0.07265042377569764,0.06316830518816408,Yes,Yes,False,True,False,False,False,True,False,True,False,False
0ef84c36-14e2-4953-8a92-6cafcd5ded4c,0.9215686274509803,Male,0.3857142857142857,Unknown,Yes,No,0.32271127929363347,0.2118995956953426,No,No,False,False,False,True,False,False,False,False,True,False
43723f1b-74dd-49e7-99c1-c3e52db6ef5a,1.0,Female,0.7285714285714286,Fiber optic,Yes,No,0.14567704529863462,0.29033784806331864,No,No,True,False,False,True,False,False,False,False,False,True
2883f6e1-8c9d-4587-a123-9b0e965f14f3,0.9411764705882354,Female,0.6857142857142857,Fiber optic,Yes,Yes,0.7219234769523557,0.6828263218622369,No,No,True,False,False,True,False,False,True,False,False,False
89aa9ed1-7690-4b82-a437-49efd0ca77f6,0.019607843137254943,Male,0.5142857142857143,Fiber optic,Yes,Yes,0.9046006771559452,0.6033164998905938,Yes,No,False,False,False,False,False,True,True,False,False,False
3490ebee-dddc-49fa-b512-90f62ac15460,0.0,Male,0.35714285714285715,Fiber optic,No,No,0.579189625793888,0.2905691914260294,No,Yes,True,False,False,False,False,True,True,False,False,False
23242cd6-0edd-4910-aba5-f56b36358398,0.9215686274509803,Male,0.5571428571428572,Fiber optic,Yes,No,0.3936356192878799,0.35522162854802797,Yes,No,False,False,False,True,False,False,True,False,False,False
2bde670d-ca9a-423a-a7d8-201b3513f699,0.21568627450980393,Female,0.5285714285714286,DSL,Yes,No,1.0000000000000002,0.6986283587762835,Yes,No,True,True,False,False,False,True,True,False,False,False
ddc6332b-f336-4c00-bc07-a65d43e212c7,0.07843137254901966,Female,0.7571428571428571,DSL,Yes,No,0.0,0.15729452933996133,Yes,Yes,False,False,False,True,False,False,False,False,True,False
19585fe5-3893-4192-bee7-d509f4a085e9,0.7058823529411765,Male,0.3,Fiber optic,No,Yes,0.27646108566244004,0.14282592986376122,No,No,False,False,False,False,False,True,True,False,False,False
f5e3819b-0bfc-4fe3-92e5-6478ba9b878c,0.607843137254902,Male,0.21428571428571427,Fiber optic,No,No,0.24813560822324016,0.08872210746091982,No,Yes,False,True,False,True,False,False,True,False,False,False
e44141d0-0aa1-4c24-9fdb-041b5800cf33,0.1568627450980392,Female,0.3857142857142857,Unknown,No,Yes,0.3338865653145677,0.21422588173148938,Yes,No,False,True,False,True,False,False,False,True,False,False
ce1cc73d-f215-46d6-a39c-f2101985260b,0.7843137254901961,Male,0.4857142857142857,DSL,No,Yes,0.19491469162849373,0.20341700572928262,Yes,Yes,True,True,False,False,True,False,True,False,False,False
1c304989-d5a2-45c9-b8f7-2d9714965d5b,0.6666666666666666,Male,0.8428571428571429,Unknown,Yes,No,0.23220252716369033,0.41352176250226114,Yes,Yes,True,False,False,True,False,False,True,False,False,False
8668e97c-736b-4948-b70d-0f5f8ba43995,0.3529411764705882,Female,0.6285714285714286,DSL,Yes,No,0.22489986501139664,0.2980990965720376,Yes,Yes,False,False,False,False,True,False,False,False,False,True
73d39757-2fb1-4686-b1d7-2a5c7123bf4e,0.9215686274509803,Male,0.6428571428571429,Fiber optic,Yes,No,0.49930292770364465,0.48746649135980724,No,Yes,False,False,False,True,False,False,False,False,True,False
a17b4aa8-aee8-4d73-8420-742832f2ef88,0.2941176470588236,Female,0.7714285714285715,Fiber optic,Yes,Yes,0.3725021576047269,0.48733636071828257,No,No,False,False,False,False,True,False,False,False,True,False
8524c0cd-0907-467d-afcb-66b4fe68d138,0.03921568627450983,Male,0.35714285714285715,Fiber optic,Yes,Yes,0.6471265130894688,0.3156490611154541,No,No,True,True,False,True,False,False,True,False,False,False
fe7a1e5c-0312-40a4-948d-a22b23305bfb,0.37254901960784315,Male,0.34285714285714286,DSL,Yes,Yes,0.5089291641771228,0.25225616007932505,No,Yes,False,False,False,True,False,False,True,False,False,False
e689c828-929e-430b-b8fe-8dd6e12391bd,0.4509803921568628,Female,0.9142857142857143,Fiber optic,No,No,0.1426895925999691,0.3656465388301801,No,Yes,False,True,False,False,False,True,False,False,True,False
cd4e817d-fdc1-41b5-91e9-12cc9fca807b,0.6274509803921569,Female,0.07142857142857142,Unknown,No,Yes,0.8359999114828831,0.06230880033364853,Yes,Yes,True,True,True,False,False,True,True,False,False,False
d527e7b0-2d2d-4c85-9700-d32361196c34,0.4509803921568628,Male,0.3142857142857143,Fiber optic,Yes,No,0.4622363849609418,0.9999999999999999,Yes,No,False,True,False,False,False,True,True,False,False,False
d658ce62-9c3b-4fa9-820d-ef451e5e10cb,1.0,Female,0.9,Fiber optic,No,Yes,0.10927438093341302,0.33070565830521065,No,Yes,True,True,False,False,True,False,True,False,False,False
e90a28c9-a249-4e96-9611-776680d7bcfe,0.1960784313725491,Male,0.6,Unknown,Yes,No,0.12443293721923476,0.21926884572835728,Yes,No,True,True,False,False,True,False,False,False,True,False
17bfb198-dd88-418e-a0f3-5db6ffd96148,0.9411764705882354,Male,0.3142857142857143,Fiber optic,Yes,No,0.8216158799707896,0.33361672895265393,No,No,True,True,False,True,False,False,True,False,False,False
9a4e6d76-bfd6-406a-ae7e-6df01986014f,0.13725490196078433,Female,0.41428571428571426,Fiber optic,Yes,Yes,0.7176082674987276,0.4013232197726601,No,No,True,False,False,True,False,False,False,False,True,False
88926a99-4c53-4a78-bad6-261707f1d80a,0.6862745098039217,Male,0.24285714285714283,DSL,Yes,Yes,0.5001880988736198,0.17041362586701547,No,No,True,True,False,True,False,False,True,False,False,False
a1e4d030-5f4c-431f-b468-219e8761750f,0.7254901960784313,Male,0.2857142857142857,Unknown,Yes,No,0.27845272079488376,0.1373154594880821,Yes,No,False,True,False,True,False,False,False,False,True,False
d32e5b33-9cfe-49ed-ad81-2ba9b8e0ef31,0.7647058823529412,Female,0.8,Fiber optic,No,Yes,0.4492907566000575,0.5686760444269223,Yes,No,False,False,False,False,False,True,True,False,False,False
631e53c2-76b7-47a7-a911-98ba5942d2db,0.37254901960784315,Female,0.3142857142857143,DSL,Yes,No,0.6440284139945562,0.2733694550289388,No,No,False,False,False,True,False,False,False,False,True,False
9268eb8b-e6af-4be2-827c-3c1c23a1f617,0.6666666666666666,Male,0.6285714285714286,DSL,Yes,No,0.912677864081967,0.7440198544014841,No,No,True,True,False,False,False,True,False,False,True,False
88791333-6f74-4134-932f-8cecfffbcf73,0.9215686274509803,Female,0.6142857142857143,Unknown,Yes,Yes,0.5548474186195755,0.5006145058072003,Yes,No,False,True,False,True,False,False,True,False,False,False
fc9f48f4-ab83-443a-8bc0-8bc4e0b14b08,0.47058823529411764,Female,0.6571428571428571,DSL,Yes,No,0.24592268029830272,0.32614947930071325,No,No,False,False,False,False,True,False,False,False,True,False
e5e38368-cddb-4dff-9773-be3ee39ffc07,0.6666666666666666,Female,0.5571428571428572,Unknown,No,Yes,0.0,0.11896864558421749,No,No,False,False,False,True,False,False,True,False,False,False
8bfea813-4de2-448b-ba2a-8b1f45b71683,0.47058823529411764,Female,0.7142857142857143,DSL,Yes,No,0.13394852729646595,0.2733405371085999,Yes,No,True,True,False,True,False,False,False,True,False,False
5fea0c97-bcf8-4a9c-b935-4ddc8e2dfff5,0.5490196078431373,Male,0.5857142857142857,Fiber optic,No,Yes,0.6591869702803779,0.5409276933106745,Yes,No,False,True,False,False,False,True,False,False,True,False
edfacc80-6ed5-4e5a-bc0f-6325f6af3ee1,0.33333333333333337,Male,0.0857142857142857,Fiber optic,No,No,0.11724092146318799,0.005202333868957479,No,Yes,True,False,False,True,False,False,False,False,True,False
e0d969b2-3372-4d7f-a8af-c65f1226110f,0.8823529411764707,Male,0.7000000000000001,Fiber optic,Yes,Yes,0.47252649981190126,0.5129865560588344,No,Yes,False,False,False,True,False,False,False,True,False,False
a2210300-2831-40e8-8bbe-b76bf717a4cf,0.33333333333333337,Female,0.6714285714285715,Unknown,Yes,Yes,0.7131824116488528,0.6594815273931426,Yes,No,True,False,False,True,False,False,False,False,True,False
60112fed-971f-4a89-af8a-6d98a2d05e11,0.019607843137254943,Female,0.07142857142857142,Fiber optic,No,Yes,0.2807762951160681,0.011914504489828434,No,Yes,True,True,False,True,False,False,False,True,False,False
da20fd02-a61c-49f1-8cd0-c84b580bccb1,0.6666666666666666,Female,0.11428571428571427,Fiber optic,No,No,0.6800991391710371,0.09095682008266026,No,Yes,False,True,True,True,False,False,True,False,False,False
92c4e1bb-89e3-4d75-8a40-fadb89fc9fd9,0.2941176470588236,Female,0.8,DSL,Yes,Yes,0.582730310473788,0.682373274443595,No,Yes,False,False,False,False,True,False,False,False,True,False
35cd3a8d-1737-4d3e-b29e-aa1c868a1b2b,0.7843137254901961,Female,0.42857142857142855,DSL,No,No,0.4253911350107327,0.28228902690234126,Yes,No,False,False,False,True,False,False,False,False,False,True
94988372-544e-492c-82f7-34ed1cc23a2f,0.6862745098039217,Female,0.2857142857142857,DSL,No,Yes,0.9324835690101574,0.3365551109693061,No,No,True,True,False,True,False,False,False,False,True,False
776f23f4-f250-4b8f-be24-ce1886d0c8ce,0.6274509803921569,Female,0.5571428571428572,Fiber optic,Yes,No,0.7055478103078183,0.5383748835652068,Yes,Yes,False,False,False,True,False,False,True,False,False,False
7dc37761-47c1-47f3-bfd8-d746fb0c4e98,0.05882352941176472,Male,0.6285714285714286,DSL,Yes,No,0.3387550067494302,0.3692500330146256,No,Yes,False,True,False,False,False,True,False,False,False,True
f8923bcf-cebb-4678-b67b-4812ae8b941a,0.6274509803921569,Male,0.6857142857142857,DSL,No,Yes,0.8296930668968114,0.7554890229180945,No,No,False,False,False,False,True,False,True,False,False,False
afb15bbf-0c77-41d5-bbd4-de6761f727d9,0.2549019607843137,Female,0.2714285714285714,Fiber optic,Yes,Yes,0.7564451525813805,0.26562587858264913,Yes,No,False,True,False,True,False,False,True,False,False,False
dc913157-6a62-4912-8948-053be4c02152,0.3921568627450981,Female,0.22857142857142856,Fiber optic,Yes,Yes,0.8157516209697051,0.23447003251980794,Yes,Yes,False,False,False,True,False,False,False,True,False,False
8dd47a9d-68fb-4193-a06b-f830ea68049d,0.9215686274509803,Female,0.3857142857142857,Fiber optic,Yes,Yes,0.6490075018256656,0.34295239756870977,No,Yes,True,False,False,True,False,False,False,True,False,False
58894898-c962-4408-b26b-0af3ee632a07,0.37254901960784315,Male,0.5714285714285715,DSL,Yes,Yes,0.35955652924384257,0.3468016940760354,No,No,True,False,False,False,True,False,False,False,False,True
78bc5373-25f1-4218-8165-d6d26ca3d25c,0.13725490196078433,Male,0.9285714285714286,DSL,Yes,No,0.32547743919980526,0.546476720913472,Yes,No,True,False,False,False,True,False,True,False,False,False
d19bf0e7-5735-4063-9abc-1ee8e063b2f5,0.11764705882352944,Female,0.34285714285714286,Unknown,No,Yes,0.663612826130253,0.3077030592267926,Yes,No,False,True,False,False,False,True,False,True,False,False
3094d1f2-fb43-4452-922b-5e2a9cb8c2e5,0.03921568627450983,Female,0.8142857142857143,DSL,Yes,No,0.08460023457036009,0.2737453879933437,Yes,No,False,False,False,True,False,False,False,True,False,False
872f4736-a992-4fe0-959e-2e7e7dd35674,0.3137254901960784,Male,0.5714285714285715,Unknown,Yes,No,0.8469539047113237,0.6376966940712157,Yes,No,False,True,False,True,False,False,False,False,True,False
b05dcea2-e802-41af-b0fd-f0c4df3107d7,0.6274509803921569,Male,0.07142857142857142,Unknown,Yes,Yes,0.349487707185377,0.01818487354996711,No,Yes,True,False,False,True,False,False,False,False,True,False
e88271c0-69b0-4855-b56d-eaae63b45cb3,0.9215686274509803,Male,0.5285714285714286,Fiber optic,Yes,No,0.6372789838234969,0.47159537274717345,No,Yes,False,True,False,True,False,False,False,False,True,False
505d6f21-3e24-4fe1-aa26-2ed846aa3d0c,0.21568627450980393,Male,0.07142857142857142,DSL,Yes,Yes,0.49200026555135096,0.029266863244262926,No,No,True,False,False,True,False,False,False,False,False,True
738f534e-f58f-4e50-964d-b3945960b94a,0.9803921568627451,Female,0.6285714285714286,Unknown,Yes,No,0.5143508375932198,0.4848060426886339,Yes,No,False,False,False,True,False,False,False,False,True,False
a3eda777-ac2a-4f4b-8c45-8f4f189a204d,0.4117647058823529,Male,0.1857142857142857,Fiber optic,Yes,Yes,0.7563345061851336,0.17626468508224094,No,No,True,True,False,False,True,False,False,False,False,True
e9dcc59e-c8ff-411c-97af-91ff2dc981eb,0.4117647058823529,Male,0.9285714285714286,Fiber optic,Yes,No,0.6331850671623627,0.8425351762402654,Yes,No,False,False,False,True,False,False,True,False,False,False
f28ff3ed-2ff0-450c-852e-1f36bf945e61,0.8823529411764707,Female,0.5571428571428572,Fiber optic,Yes,No,0.21671203168912795,0.2546691998764883,No,No,False,False,False,False,False,True,False,False,False,True
83e05327-abb7-40ea-9bde-ee8657665b9d,0.5686274509803921,Male,0.028571428571428574,DSL,Yes,Yes,0.021863727898382368,0.0,Yes,No,True,False,False,True,False,False,True,False,False,False
324ffaa2-d3aa-425e-a9ce-476a03984a82,0.7254901960784313,Male,0.32857142857142857,DSL,No,No,0.8694151231494391,0.36622650378808685,Yes,Yes,True,True,False,False,False,True,False,False,True,False
b50480c8-c132-438c-9a92-5a17d9a29727,0.7254901960784313,Male,0.2571428571428571,Fiber optic,Yes,Yes,0.9188740622717919,0.2951237638793968,No,Yes,False,False,False,False,False,True,False,True,False,False
dd3de44b-65f5-4771-b2d9-893a258d6d7b,0.8627450980392156,Female,0.24285714285714283,Fiber optic,Yes,Yes,0.12177742370930983,0.06866271005254387,Yes,No,True,False,False,False,False,True,False,True,False,False
befa273f-a64b-4365-bbb9-7074fefce29e,0.9803921568627451,Male,0.9,Fiber optic,No,No,0.28221469826727746,0.4884914709807062,No,Yes,False,True,False,False,True,False,True,False,False,False
91f2e8c8-e028-425a-ba09-9503b94d447e,0.5030496196232563,Female,0.4857142857142857,Fiber optic,Yes,Yes,0.2521188784881276,0.23501304680172622,No,Yes,False,False,False,False,False,True,False,True,False,False
62ce3407-911f-47a6-871f-99c204c9ed76,0.5098039215686275,Female,0.8714285714285714,Fiber optic,Yes,No,0.9769634203014008,0.9999999999999999,No,No,True,False,False,True,False,False,False,False,True,False
2b6d8851-12d9-4ff1-812b-c1cc13498dd3,0.5098039215686275,Male,0.0,Fiber optic,Yes,Yes,0.16636792139680012,0.0,No,No,False,False,False,True,False,False,True,False,False,False
173a9135-47e9-49bd-abeb-ffc7496efcd3,0.6470588235294118,Male,0.34285714285714286,Unknown,Yes,No,0.12399035163424726,0.11292319368226983,Yes,Yes,False,False,False,False,True,False,False,False,True,False
c1e66057-0fde-4703-a586-caa0821cda6f,0.3921568627450981,Male,0.6285714285714286,DSL,No,Yes,0.14091925026001906,0.24115007211808018,Yes,No,False,False,False,False,True,False,False,False,False,True
98438fe2-93c9-44a4-a8c1-af523d527a98,0.5686274509803921,Male,0.6857142857142857,Fiber optic,No,Yes,0.7473721480891369,0.6977945587398469,No,Yes,False,False,False,False,False,True,False,False,True,False
3b5407bf-c3bc-4ea9-afe9-3685ad6ddb14,0.6274509803921569,Female,0.21428571428571427,DSL,Yes,Yes,0.9223041005554451,0.24542831777709875,No,Yes,True,True,False,True,False,False,False,False,False,True
af139635-3157-4897-be9d-c779e156cad3,0.5294117647058824,Male,0.2571428571428571,Fiber optic,Yes,Yes,0.37504702471840495,0.14589283597080832,Yes,No,False,True,False,True,False,False,False,False,True,False
359b635b-786e-4cd4-859e-ddbd23312a40,0.9019607843137255,Male,0.3142857142857143,Fiber optic,Yes,Yes,0.09035384717519751,0.08905145044255663,No,No,False,False,False,False,True,False,True,False,False,False
afe84a48-3b00-447d-8244-a132d6ed1c7c,0.6274509803921569,Male,0.34285714285714286,Unknown,No,Yes,0.5878200447011441,0.28142309584330594,Yes,Yes,False,True,False,False,False,True,False,False,True,False
707f74d8-8779-4587-a218-2cb9e53c2a33,0.07843137254901966,Female,0.21428571428571427,DSL,No,Yes,0.17201088760539074,0.07434347484799614,Yes,Yes,True,False,False,True,False,False,False,True,False,False
ded57c3b-efca-4cf1-adc8-657266af829d,0.9215686274509803,Male,0.7571428571428571,Unknown,Yes,Yes,0.010799088273694968,0.1926643590166236,Yes,Yes,True,False,False,True,False,False,True,False,False,False
c5ed7e96-7776-44ae-b7af-8162d52f599f,0.3529411764705882,Male,0.0,DSL,Yes,Yes,0.9203124654230013,0.0,Yes,No,True,True,True,True,False,False,False,False,True,False
11b8fc09-b14e-4adc-8473-2d5d1364f244,0.05882352941176472,Female,0.5857142857142857,Fiber optic,Yes,Yes,0.9032729204009826,0.6856522452997935,Yes,No,False,True,False,True,False,False,False,False,True,False
37e62564-3bd1-4527-8022-0f2f6dc6cfec,0.6666666666666666,Female,0.2571428571428571,DSL,Yes,Yes,1.0000000000000002,0.3239533239060913,Yes,Yes,False,False,False,True,False,False,False,True,False,False
e880bd00-fb60-43a5-bbe3-067926460d48,0.5030496196232563,Male,0.4714285714285714,Unknown,Yes,No,0.46422802009338565,0.33212424295294374,Yes,Yes,False,True,False,True,False,False,False,False,True,False
57e117a6-82a8-4ea7-b300-f1d09abff7a5,0.3137254901960784,Male,0.7714285714285715,Fiber optic,Yes,Yes,0.2650645068490119,0.40135695734638877,Yes,No,True,False,False,False,False,True,False,False,False,True
b0db2ea7-1c64-4f13-ab7a-361dc42592a4,0.8431372549019608,Male,0.24285714285714283,Fiber optic,Yes,Yes,0.7915200601916397,0.24574480834969606,Yes,No,True,True,False,True,False,False,True,False,False,False
7ee9790e-5638-408d-a477-229bc463e08e,0.5294117647058824,Male,0.4714285714285714,Unknown,No,Yes,0.13948084710880965,0.17210371765570773,No,No,True,False,False,True,False,False,False,False,True,False
a39376cf-e7b7-4065-920f-ca2f2b2938a3,0.5686274509803921,Male,0.6285714285714286,DSL,No,No,0.2089667839518467,0.28266656641787613,Yes,Yes,False,True,False,False,True,False,False,False,True,False
e3533df4-dc74-4687-96c2-3052ec00a9be,0.5490196078431373,Female,0.07142857142857142,DSL,Yes,Yes,0.2226869370864591,0.011267064384464391,Yes,No,False,True,False,False,False,True,False,False,False,True
6fce8a44-3317-4571-8f92-18f6eb206cfa,0.5030496196232563,Female,0.2857142857142857,Unknown,Yes,No,0.9926752085684569,0.35491959693560005,Yes,Yes,True,True,False,False,False,True,False,False,True,False
2c1e814f-9b03-4616-a9fa-8294dfb1d883,0.09803921568627455,Male,0.9857142857142858,Fiber optic,No,Yes,1.0000000000000002,0.9999999999999999,Yes,Yes,False,True,False,True,False,False,False,False,True,False
94d7d070-f84e-4ebf-83b5-034f598c7981,0.6666666666666666,Male,0.6714285714285715,DSL,Yes,Yes,0.08769833366527252,0.22094287200575016,Yes,Yes,True,False,False,False,False,True,False,False,True,False
f6a2cc5f-11c9-45f5-8544-f6d47b9b6973,0.7843137254901961,Female,0.5428571428571429,Fiber optic,Yes,No,0.04244395760030101,0.14864164495412813,Yes,No,False,False,False,True,False,False,False,False,True,False
bc51e250-ee8f-42ef-883c-0f0630060a61,0.7058823529411765,Male,0.42857142857142855,Fiber optic,Yes,Yes,0.8722919294518579,0.48497633710840715,No,No,False,True,False,False,True,False,False,False,True,False
1f88661a-52b9-43f4-b3be-714c8d373922,0.4509803921568628,Male,0.12857142857142856,DSL,Yes,Yes,0.8274801389718738,0.1273114656019731,No,No,True,True,True,False,True,False,False,True,False,False
1927e290-969d-418c-ba8f-e711b5bd6900,0.5490196078431373,Male,0.41428571428571426,DSL,Yes,No,0.6822014206997278,0.38622645880465517,No,No,True,False,False,True,False,False,False,False,False,True
580eddf6-d76f-4d3e-9942-95dc86597569,0.9411764705882354,Male,0.24285714285714283,DSL,Yes,No,0.15674168492332208,0.08128216917818804,No,Yes,True,False,False,True,False,False,True,False,False,False
f2f896a9-af6c-4ff4-b8e8-beb7ae438511,0.8823529411764707,Male,0.8428571428571429,Fiber optic,Yes,No,0.4711987430569387,0.6180148361783746,Yes,Yes,True,False,False,True,False,False,False,False,True,False
c50065c4-c90a-4292-9d28-ad7a9a4fc67f,0.5882352941176471,Female,0.19999999999999998,Unknown,Yes,No,0.6066299320631128,0.15799659218374318,Yes,No,False,True,False,False,False,True,False,False,True,False
48f489b7-5b74-4e0e-8e09-0dcc5b3f3add,0.6666666666666666,Male,0.04285714285714286,Unknown,Yes,No,0.9710991613003166,0.039396168118506915,No,No,False,False,True,True,False,False,False,True,False,False
0edcda6f-0d2f-41d7-9c7d-babb5220e9d6,0.6274509803921569,Male,0.8857142857142858,Fiber optic,Yes,No,0.1271990971254066,0.3374451402952905,Yes,No,False,False,False,False,True,False,True,False,False,False
0a6437e5-4e84-4394-ba75-fcb9b3300697,1.0,Male,0.5571428571428572,DSL,No,Yes,0.5100356281395917,0.4267388586482414,Yes,Yes,False,True,False,True,False,False,False,False,True,False
90bd6e98-b855-4d19-9fe3-ffd3ee481a4c,0.3921568627450981,Female,0.11428571428571427,Unknown,Yes,No,0.11436411516076928,0.019691818509846706,Yes,Yes,True,False,False,True,False,False,False,False,False,True
8a52e522-b14d-496a-b8ab-138ac70f0812,0.607843137254902,Female,0.11428571428571427,Fiber optic,Yes,No,0.4308128084268295,0.060049989444959075,No,Yes,True,False,False,False,False,True,False,False,False,True
6f34da84-d4f0-426f-8ac7-6e9c738ea70e,0.5030496196232563,Female,0.35714285714285715,DSL,Yes,Yes,0.161167540773197,0.13323642616917564,No,No,False,False,False,False,True,False,False,True,False,False
33210ab7-4391-4cfb-8df2-ed3a08dad464,0.6274509803921569,Female,0.04285714285714286,Unknown,Yes,Yes,0.8649892672995643,0.030918397805836724,No,No,False,False,True,False,False,True,False,False,True,False
59737cca-fbdd-4fd0-9c65-bcd066670a0f,0.03921568627450983,Male,0.21428571428571427,Fiber optic,Yes,Yes,0.22158047312399037,0.08238265670219394,Yes,Yes,False,False,False,True,False,False,False,False,False,True
58e44122-0b03-401b-9607-e0b1372dae60,0.33333333333333337,Female,0.19999999999999998,Fiber optic,No,No,0.4012702206289142,0.11159778900007294,Yes,Yes,False,True,False,True,False,False,True,False,False,False
2f41a02a-c769-4360-9880-bcccb3232d5f,0.5030496196232563,Male,0.7285714285714286,Fiber optic,Yes,Yes,0.3909801057779549,0.4715552089689251,No,Yes,False,True,False,True,False,False,False,True,False,False
ee61c492-3be7-4642-94e1-1a575d1bd53e,0.8039215686274509,Male,0.9714285714285714,DSL,Yes,No,0.8982938325698733,0.9999999999999999,No,Yes,True,False,False,True,False,False,False,True,False,False
ff5bfe95-763c-4ae3-98ae-537d13b99377,0.5882352941176471,Female,0.05714285714285714,DSL,No,Yes,0.7782424926420148,0.04208714126114905,Yes,No,False,False,True,True,False,False,False,False,True,False
4dc3f7de-e1e4-4c45-b850-0d8b23ef7105,0.03921568627450983,Female,0.2714285714285714,Fiber optic,Yes,No,0.003496426121401275,0.04718954764982453,No,No,False,False,False,False,True,False,True,False,False,False
55acca02-8917-47bd-a266-e5e4d05829a1,0.7647058823529412,Female,0.24285714285714283,DSL,Yes,Yes,0.014007833764854316,0.042710483099564066,No,No,False,False,False,True,False,False,True,False,False,False
9a87ae84-61be-4728-9ccb-6fb149dd59a1,0.8823529411764707,Female,0.014285714285714285,Fiber optic,Yes,No,0.5496470379959726,0.0,No,Yes,False,False,True,True,False,False,True,False,False,False
3d816925-89dc-4ee8-ae6f-5fe190036707,0.5030496196232563,Female,0.17142857142857143,Fiber optic,Yes,No,0.4129987386310829,0.095005328930098,No,No,True,False,False,True,False,False,False,False,True,False
71266c74-2864-476b-a180-f833dc9bb59c,0.9607843137254902,Male,0.04285714285714286,Fiber optic,No,No,0.2447055699395871,0.0,Yes,No,True,False,False,True,False,False,False,True,False,False
147ddeba-ce73-4d03-9a62-0d26d7504846,0.607843137254902,Female,0.5857142857142857,Fiber optic,Yes,No,0.816747438535927,0.6341397898695383,No,Yes,False,False,False,False,True,False,False,False,True,False
408505d0-a140-4b6d-81a4-89cb19689ed2,0.9019607843137255,Female,0.8571428571428572,Fiber optic,Yes,No,0.08205536745668196,0.2873817939842371,No,No,False,False,False,True,False,False,False,False,True,False
8203d289-6413-421f-9d12-e2f36ecbd712,0.4117647058823529,Female,0.09999999999999999,Unknown,No,Yes,1.0000000000000002,0.11705203008620432,No,No,False,False,True,True,False,False,True,False,False,False
e9403744-373c-412c-a38d-65db5f379e06,0.43137254901960786,Male,0.9428571428571428,Fiber optic,Yes,Yes,0.0,0.20774826757558904,No,Yes,False,False,False,True,False,False,False,False,True,False
16bf364d-83e0-4d98-bf9c-054ef8f132f0,0.5030496196232563,Female,0.8857142857142858,DSL,Yes,No,0.07054814224700706,0.2881850695492049,No,No,False,True,False,False,False,True,False,False,True,False
2a9ce5ea-2057-46c8-8ae1-e31dee3dd89f,0.5098039215686275,Male,0.11428571428571427,DSL,Yes,Yes,0.2842063333997212,0.039643576992517006,No,No,True,True,False,False,False,True,False,False,False,True
778bbb01-5330-4e62-9a36-84daee4ada88,0.8039215686274509,Female,0.14285714285714285,Fiber optic,Yes,Yes,0.5030649051760385,0.08808109356007551,Yes,No,True,False,True,False,True,False,False,True,False,False
e7cb372a-3225-40c3-ab6a-47ab2a5ea7d8,0.019607843137254943,Female,0.5857142857142857,DSL,No,Yes,0.17887096417269693,0.24407720827682286,No,Yes,True,True,False,True,False,False,False,False,True,False
28e696e1-ad70-4006-87b7-3b7d7de963c7,0.5030496196232563,Male,0.17142857142857143,DSL,No,Yes,0.75434287105269,0.1592529151673528,No,Yes,True,True,False,True,False,False,True,False,False,False
88e16a15-71a3-49eb-87c8-cf439393e776,0.5030496196232563,Female,0.49999999999999994,DSL,Yes,Yes,0.33532496846577714,0.2880613651121999,Yes,Yes,False,False,False,False,True,False,False,False,True,False
8a7ff4b6-4ea7-412f-bbb7-05975cf8606c,0.7647058823529412,Male,0.17142857142857143,Fiber optic,Yes,No,0.0,0.01278686175338347,Yes,No,True,True,False,False,False,True,False,False,True,False
4295c44b-4c89-4227-96bb-5cbc2aba4fcf,0.6274509803921569,Male,0.15714285714285714,Unknown,Yes,Yes,0.9109075217420168,0.1733584340881874,No,Yes,True,False,False,False,False,True,False,False,True,False
5295637d-2ca4-4fe7-aff5-4199e4581e9c,0.1568627450980392,Male,0.5142857142857143,DSL,Yes,Yes,0.9841554360574478,0.6454354508641156,Yes,No,True,True,False,False,False,True,False,False,True,False
79440651-aa1c-431c-91cb-87c602d9eb17,0.823529411764706,Female,0.7285714285714286,Fiber optic,Yes,Yes,0.6242227090663657,0.6458033510728708,No,No,True,True,False,True,False,False,False,True,False,False
2b7d6dda-bf36-4614-9d78-ba515fa09058,0.9215686274509803,Female,1.0,Fiber optic,Yes,No,0.8321272876142425,0.9999999999999999,Yes,Yes,False,False,False,False,False,True,False,True,False,False
b163be0b-1a12-4ee3-be89-2c317f60ac6c,0.7450980392156864,Female,0.014285714285714285,DSL,No,No,0.07375688773816641,0.0,No,No,True,False,False,False,True,False,True,False,False,False
a543a394-46b4-444b-92bb-c2b97f91b3ea,0.5490196078431373,Male,0.7857142857142857,Unknown,No,No,0.23718161499479967,0.38793422265577676,Yes,Yes,False,True,False,False,False,True,False,False,True,False
f9f05dca-a255-4237-8258-d6e6d83db2f2,0.8039215686274509,Female,0.8428571428571429,Fiber optic,Yes,Yes,0.29958618247803676,0.4699406250833398,Yes,Yes,True,False,False,True,False,False,False,False,False,True
9aace5c3-ca62-48cd-9b54-07638a73cb60,0.4901960784313726,Male,0.3142857142857143,Fiber optic,Yes,No,1.0000000000000002,0.3923104679337213,Yes,Yes,False,False,False,True,False,False,False,False,True,False
7343e8c2-a417-40a8-ac4d-809cd27a6b16,0.6666666666666666,Female,0.5571428571428572,Fiber optic,Yes,No,0.5064949434596915,0.4187880371061901,No,No,False,False,False,True,False,False,False,False,True,False
c95386e0-fdd0-4614-a4af-aafb266d804a,0.5030496196232563,Male,0.9,DSL,No,No,0.0,0.18066020897374477,Yes,No,False,False,False,True,False,False,False,False,False,True
e21c828e-28dc-4e15-8f3e-5fc3da26fc91,0.47058823529411764,Male,0.3142857142857143,Fiber optic,No,No,0.36044170041381757,0.17950349216019112,Yes,Yes,False,True,False,True,False,False,True,False,False,False
15bb90dd-0957-4eab-a2eb-58e37f485aec,0.4509803921568628,Male,0.39999999999999997,DSL,No,Yes,0.0,0.06489052799945505,No,No,True,False,False,False,False,True,False,False,True,False
edb146d9-eabf-4710-a442-945794620416,0.23529411764705888,Female,0.7142857142857143,Unknown,Yes,Yes,0.20288123215826864,0.3234488668512915,Yes,No,True,True,False,True,False,False,False,False,True,False
fd734442-be80-4d7c-8190-74b07d0f32d1,0.11764705882352944,Male,0.9714285714285714,Fiber optic,Yes,Yes,0.4428732656177388,0.6912526825387492,No,Yes,True,True,False,True,False,False,False,True,False,False
9e0997bb-f6b5-4dfe-914f-9061b27c9479,0.6862745098039217,Male,0.42857142857142855,Fiber optic,Yes,Yes,0.29759454734559304,0.22715058557182136,No,Yes,True,False,False,True,False,False,False,False,False,True
9f66d8db-1c7e-47d0-ad80-4fb56e2515ed,0.8627450980392156,Male,0.7000000000000001,DSL,Yes,No,0.0,0.15460516274844913,No,Yes,True,False,False,True,False,False,False,True,False,False
1bdff5ab-8eca-4534-8f60-c55414842a6d,0.37254901960784315,Male,0.2714285714285714,Fiber optic,Yes,No,0.06844586071831643,0.06748510807430105,Yes,No,True,False,False,False,False,True,False,True,False,False
0375c05f-69c9-4fa8-8291-ad8ead95a48f,0.0,Male,0.7714285714285715,Fiber optic,Yes,No,0.549315098807232,0.6285505984884924,No,No,False,True,False,True,False,False,False,False,False,True
2cd8e23f-39a2-4704-928c-3b9a4e596863,0.13725490196078433,Male,0.014285714285714285,Fiber optic,Yes,Yes,0.709420434176459,0.0,Yes,Yes,False,False,True,True,False,False,False,False,True,False
c40c528f-5c97-4b94-b215-54a69d323113,0.8823529411764707,Female,0.34285714285714286,Fiber optic,Yes,Yes,0.387328774701808,0.20615938850808269,No,Yes,True,False,False,False,False,True,True,False,False,False
402ad595-400f-41b3-b347-531b9cf920e5,0.2941176470588236,Female,0.17142857142857143,Fiber optic,Yes,Yes,0.7491424904290869,0.1589814080263937,No,Yes,True,False,False,False,False,True,False,False,True,False
a0ed6bb6-b444-45ae-8864-7c9964aa8a6a,0.2549019607843137,Male,0.9857142857142858,Unknown,Yes,Yes,0.12044966695434728,0.3736937534400276,Yes,Yes,False,True,False,True,False,False,False,False,True,False
996e4548-99b9-480f-b809-f4e2c44502e1,0.21568627450980393,Female,0.9428571428571428,Fiber optic,Yes,Yes,0.07486335170063513,0.31397503483806116,Yes,No,False,False,False,False,True,False,True,False,False,False
e6ce2fb2-698d-4b46-8e6e-049142313655,0.9803921568627451,Female,0.8142857142857143,Unknown,Yes,No,0.8686405983757111,0.9329647262420808,Yes,Yes,True,True,False,False,True,False,False,False,False,True
293a5a32-bdf8-48d1-a9e7-5c2e77cb653a,0.43137254901960786,Male,0.9,Unknown,Yes,Yes,0.31507667795259914,0.5211590816568169,Yes,No,True,False,False,False,True,False,False,False,True,False
ece69e00-a8d5-408c-96d1-3250a8da73b2,0.27450980392156865,Male,0.9714285714285714,Fiber optic,Yes,No,0.4179778264621921,0.6657245850840723,No,No,False,False,False,True,False,False,True,False,False,False
309c68a3-72a2-4cbd-bb1f-61e26cb89241,0.5294117647058824,Male,0.8285714285714286,DSL,Yes,Yes,0.988249352718582,0.9999999999999999,No,Yes,True,True,False,False,False,True,True,False,False,False
e9875696-66ee-4599-8077-43ee12781e8a,0.6470588235294118,Female,0.8428571428571429,Fiber optic,No,No,0.40901546836619534,0.5677265727091303,Yes,Yes,False,True,False,True,False,False,False,False,True,False
f7e3945f-f90c-463a-93d1-50b785fa1b79,0.019607843137254943,Male,0.8714285714285714,Unknown,Yes,Yes,0.0,0.1687267471805831,No,Yes,True,True,False,True,False,False,False,False,True,False
e2b87a51-7638-436e-aaf4-1b32a77eb795,0.607843137254902,Female,0.21428571428571427,DSL,Yes,Yes,0.9776272986788821,0.25914344477335893,No,Yes,True,False,False,True,False,False,False,False,True,False
a86f1ec4-23e1-436b-8691-ed7c5a02fc04,0.43137254901960786,Male,0.9571428571428572,Fiber optic,Yes,No,0.0,0.20028262447477826,No,No,False,True,False,True,False,False,False,False,True,False
dbe99db6-81ad-479a-a098-a3af27f6cc1c,0.4117647058823529,Female,0.19999999999999998,Unknown,No,No,0.67257518422625,0.1745585277822493,Yes,No,False,False,False,False,False,True,True,False,False,False
c53e1c65-d4e7-49ad-890f-bf27bd81bd88,0.9803921568627451,Male,0.7714285714285715,Fiber optic,Yes,Yes,0.29704131536435857,0.43051104070133017,No,Yes,False,True,False,True,False,False,True,False,False,False
614af35d-6716-451a-96ac-e68b46d39437,0.47058823529411764,Male,0.4857142857142857,Fiber optic,Yes,Yes,0.4602447498284982,0.34460875178367334,No,Yes,True,True,False,True,False,False,True,False,False,False
fe03a7f3-8db0-45f1-bbe9-eb3a69ab2bff,0.4117647058823529,Female,0.7714285714285715,DSL,Yes,Yes,0.5453318285423445,0.62611506697551,No,Yes,True,False,False,True,False,False,False,False,True,False
ff4ace0e-52be-447c-a854-d80cecadd734,0.4117647058823529,Female,0.1857142857142857,DSL,No,No,0.39175463055168297,0.10120179663825962,Yes,Yes,False,False,False,True,False,False,False,False,True,False
b7a4f3a5-7823-4618-b2f8-f90a63fd2c77,0.9411764705882354,Female,0.6857142857142857,Fiber optic,No,No,0.7966097944189958,0.7326952754865681,Yes,No,True,False,False,False,False,True,False,False,True,False
07072c89-407a-4831-8944-408d8bc8a274,1.0,Female,0.0857142857142857,DSL,Yes,Yes,0.9695501117528602,0.08911249938549418,No,Yes,False,True,True,True,False,False,False,False,True,False
cad669a4-e1f9-4060-b443-168c71b3da67,0.8039215686274509,Female,0.41428571428571426,DSL,No,Yes,0.035362588240501036,0.10441650544926076,No,No,False,True,False,False,True,False,False,False,True,False
dc89e9e7-d3b3-4bff-8069-7afa4d83201e,0.5030496196232563,Female,0.6857142857142857,Unknown,No,No,0.8252672110469363,0.7507930739652926,No,No,True,False,False,False,True,False,False,False,False,True
38897785-8060-47ea-98fd-aadd50732c23,0.27450980392156865,Male,0.21428571428571427,Fiber optic,Yes,Yes,0.08216601385292882,0.05134408887183802,Yes,Yes,True,False,False,False,True,False,False,False,True,False
9ad2b3b6-9656-4812-b887-1c5bec831540,0.823529411764706,Female,0.7142857142857143,Unknown,Yes,No,0.028613158069441702,0.19789207639343406,No,No,False,False,False,False,True,False,True,False,False,False
e6de9697-c079-4ce3-a273-7c8d6f686b55,0.7058823529411765,Male,0.5857142857142857,Unknown,Yes,Yes,0.9973223572108258,0.7425964501003612,Yes,No,False,True,False,True,False,False,True,False,False,False
4441d7e0-2f33-40a2-83ff-2fa8a640b846,0.6274509803921569,Male,0.22857142857142856,DSL,No,Yes,0.4811569187191574,0.15322674187896435,Yes,Yes,False,True,False,False,False,True,False,False,False,True
88eb3083-9969-48a5-929d-c671d74b10af,0.13725490196078433,Female,0.8857142857142858,DSL,Yes,Yes,0.10861050255593174,0.320216485977861,No,Yes,True,False,False,False,True,False,False,False,True,False
980bb243-2f0d-46ef-b551-135a41fb4379,0.8431372549019608,Male,0.6285714285714286,Fiber optic,No,Yes,0.5704485604903848,0.5189436476486355,Yes,Yes,False,False,False,False,True,False,False,True,False,False
c5812370-522d-43d5-acb0-e3de026241b6,0.8431372549019608,Female,0.0857142857142857,Fiber optic,Yes,Yes,0.2309854168049747,0.016970320895735795,Yes,No,True,False,False,False,False,True,False,True,False,False
f7816052-1181-451a-ab4e-4ef0979a7367,0.07843137254901966,Female,0.3714285714285714,DSL,Yes,No,0.4534953196574389,0.2542225786623662,No,Yes,True,False,False,False,False,True,False,False,True,False
e0b6ed15-9fc6-4599-b70a-3ee935744b6e,0.7450980392156864,Male,0.12857142857142856,Fiber optic,No,No,0.630972139237425,0.09875341271623778,No,No,False,True,True,False,False,True,True,False,False,False
a20be283-cddb-436e-ac4d-686f4bedab3e,0.05882352941176472,Male,0.4714285714285714,DSL,Yes,No,0.9016132244572796,0.5493781522541358,Yes,No,False,False,False,False,False,True,False,True,False,False
4ee55610-9066-4225-be0b-2cc0dd1da335,0.09803921568627455,Female,0.49999999999999994,Unknown,Yes,No,0.0,0.0798410928146358,No,No,True,False,False,True,False,False,False,False,True,False
657773a0-ca93-48d5-a237-b17ecd319158,0.8627450980392156,Female,0.34285714285714286,DSL,Yes,Yes,0.1766580362477594,0.13156561299404257,Yes,Yes,False,True,False,True,False,False,False,False,True,False
21f77b97-9337-479d-aa49-48e6f97b2a6a,0.607843137254902,Male,0.07142857142857142,DSL,Yes,Yes,0.046316581468941576,0.0,Yes,No,False,False,False,True,False,False,False,False,False,True
6cfd3014-42ae-47f6-8d97-70647c950eec,1.0,Male,0.32857142857142857,DSL,Yes,No,0.04720175263891657,0.07731077478498721,Yes,Yes,True,False,False,True,False,False,False,False,True,False
399187e1-9853-487e-a41a-4d63ce26eb5c,0.5686274509803921,Male,0.24285714285714283,Unknown,Yes,Yes,0.9862577175861382,0.29478960124437015,Yes,Yes,False,True,False,False,False,True,False,False,False,True
dad805d6-7d7d-4bc0-9797-4a69f236c0cb,0.9019607843137255,Male,0.07142857142857142,Fiber optic,Yes,Yes,0.9755250171501915,0.07624884448809979,No,No,False,False,True,False,True,False,False,True,False,False
4be03d7b-3416-477b-8a3d-2dbfdab1d44e,0.5030496196232563,Female,0.39999999999999997,Unknown,No,Yes,0.7688375489610306,0.4082040782621743,Yes,Yes,False,False,False,False,True,False,False,False,True,False
dd00100e-afda-4635-ad36-292e1f2b84d3,0.7647058823529412,Female,0.34285714285714286,Fiber optic,No,Yes,0.65133107614685,0.3041895319056234,No,No,False,False,False,False,False,True,False,False,True,False
c13f6c22-98a4-4a0d-868a-6bcce015d245,1.0,Female,0.7714285714285715,Fiber optic,Yes,Yes,0.8780455420566953,0.8896794191482258,No,Yes,False,False,False,True,False,False,False,False,False,True
76b8ade8-be40-4352-a61a-e0d1e881b822,0.2941176470588236,Female,0.6428571428571429,DSL,No,No,0.004381597291376216,0.15538755314872774,No,No,False,False,False,False,True,False,True,False,False,False
639b871d-fdf8-4efa-b646-98653a2cb505,0.23529411764705888,Male,0.32857142857142857,Fiber optic,Yes,No,0.07198654539821642,0.08603916707392736,Yes,No,True,False,False,True,False,False,False,False,True,False
f7d8616a-4e4e-4016-ac8a-5671fbe5f0b9,0.9607843137254902,Male,0.35714285714285715,Fiber optic,Yes,No,0.2906238243820399,0.18323551043503153,No,No,True,False,False,True,False,False,False,False,True,False
dae5bd7d-bcf8-4ad3-8983-446b2e7cd412,0.8039215686274509,Female,0.3857142857142857,Fiber optic,Yes,No,0.8608953506384298,0.43303332597532906,No,Yes,False,False,False,True,False,False,False,True,False,False
e8cefcf1-52af-4e15-9c22-42ae3cac9163,0.5686274509803921,Female,0.028571428571428574,DSL,No,No,0.4622363849609418,0.0,Yes,Yes,False,True,False,False,False,True,False,False,False,True
b68c54dd-ac57-4142-bae8-fe9f50cc1a0f,0.3529411764705882,Female,0.5285714285714286,Unknown,No,Yes,0.4969793533824604,0.39576615941421284,Yes,No,True,False,False,True,False,False,False,False,True,False
77fa450a-58ba-4383-9813-4df8fde3797f,0.3137254901960784,Female,0.8571428571428572,DSL,Yes,Yes,0.19347628847728432,0.38550672389844404,Yes,No,True,True,False,False,False,True,False,False,True,False
5a5b6284-4e6b-4151-9c44-880f9cecce31,0.3529411764705882,Female,0.7142857142857143,Unknown,Yes,No,0.6571953351479343,0.6575777643041688,No,Yes,False,True,False,True,False,False,False,False,False,True
9dbe3b1d-2659-4a5d-b722-3cb27f417daf,0.5294117647058824,Female,0.6714285714285715,DSL,Yes,Yes,0.9220828077629513,0.8025449055139083,No,Yes,True,True,False,True,False,False,False,False,False,True
a7a4efbc-bc91-4f53-9644-251d8a32945e,0.5030496196232563,Female,0.2857142857142857,Fiber optic,Yes,Yes,0.3043439775166524,0.14294320809624653,Yes,Yes,False,False,False,True,False,False,False,False,True,False
6e4302d2-2891-4425-b664-5b48285b98ec,0.7058823529411765,Female,0.7571428571428571,Fiber optic,Yes,Yes,0.624886587443847,0.6751180895408058,No,Yes,True,True,False,True,False,False,True,False,False,False
6246426d-7021-4253-aac3-d5d71100bda2,0.4901960784313726,Female,0.7857142857142857,Fiber optic,Yes,Yes,0.30699949102657725,0.44259551830070576,Yes,Yes,False,False,False,False,False,True,False,False,True,False
cb5df4fe-4d84-4414-b260-4744a09a15b8,0.5030496196232563,Male,0.8285714285714286,Fiber optic,No,Yes,0.8168580849321738,0.9060726668780886,No,No,True,False,False,True,False,False,False,False,True,False
5cad9661-a5f5-4000-a7a4-fcd6c00b334a,0.1568627450980392,Female,0.7142857142857143,Fiber optic,Yes,Yes,0.46533448405585437,0.516739459498364,Yes,Yes,False,False,False,False,False,True,False,False,False,True
4a83b577-15b6-401b-818d-a873ad0086ad,0.21568627450980393,Male,0.2714285714285714,Fiber optic,No,Yes,0.3154086171413398,0.14187967124822917,No,Yes,False,True,False,False,False,True,False,False,True,False
5b0cb492-9d86-447d-ab9d-c8707a9fb705,0.0,Male,0.8285714285714286,Fiber optic,Yes,No,0.40447896612007356,0.5505332625165594,Yes,No,False,False,False,False,False,True,False,True,False,False
32e1a93b-6720-45c0-8632-1b21eef9a196,0.0,Female,1.0,Fiber optic,Yes,Yes,0.040673615260351015,0.29863247154717615,Yes,Yes,True,True,False,True,False,False,False,False,True,False
ba260ac9-c7a5-4850-abb0-2c7f7c818cc5,0.9019607843137255,Female,0.11428571428571427,Unknown,No,No,0.8980725397773797,0.11877585944862523,No,No,True,True,True,False,False,True,True,False,False,False
0b888513-3929-4275-8ea4-237d3fe92cf9,0.6470588235294118,Male,0.0,DSL,No,Yes,0.9998672243245039,0.0,Yes,No,True,False,True,True,False,False,False,False,True,False
d6bdedd5-b86e-4726-ac85-52db39d82b02,0.607843137254902,Male,0.39999999999999997,Fiber optic,Yes,Yes,0.46798999756577925,0.9999999999999999,No,No,False,True,False,True,False,False,False,False,True,False
6a722403-5c31-45a2-8d4f-21a4915bdb6a,0.9215686274509803,Female,0.8857142857142858,Fiber optic,Yes,Yes,0.1846245767775344,0.3917112243622554,No,No,False,False,False,True,False,False,True,False,False,False
c6b22597-0eec-4667-ad27-280d0ec38fce,0.47058823529411764,Male,0.7857142857142857,Fiber optic,No,Yes,0.6752306977361748,0.7411730457992382,Yes,No,True,False,False,False,False,True,False,False,True,False
9668a028-d6ec-4320-960b-069f059279ff,0.7647058823529412,Female,0.9571428571428572,Fiber optic,Yes,No,0.44032839850406075,0.677233917378931,No,Yes,False,True,False,True,False,False,True,False,False,False
c5b49a27-c2b3-4795-8381-a447b1dc1e70,0.8627450980392156,Female,0.4857142857142857,Fiber optic,Yes,No,0.21892495961406538,0.2196463852438921,Yes,No,False,False,False,True,False,False,False,False,False,True
8d03ddd4-be16-4563-b84e-fe8e97a8e79f,0.0,Female,0.028571428571428574,DSL,Yes,No,0.0,0.0,Yes,No,False,True,False,True,False,False,False,False,False,True
99a175eb-acad-49e2-a231-9a2563260af6,0.2941176470588236,Male,0.0857142857142857,DSL,No,No,0.9241850892916419,0.08595241331291084,Yes,Yes,True,True,True,True,False,False,True,False,False,False
0cf1aad9-ce47-4365-8779-e8f9d2f18242,0.7450980392156864,Male,0.3714285714285714,DSL,No,Yes,0.8212839407820489,0.39946122701306475,No,Yes,False,False,False,True,False,False,True,False,False,False
20a4dd7e-7d53-405b-a15b-8ea35bc8448e,0.07843137254901966,Female,0.0,Fiber optic,No,Yes,0.8570227267697892,0.0,Yes,No,False,True,True,False,False,True,True,False,False,False
f420ebe0-6816-4ec1-b0f3-379bc48116d9,0.4117647058823529,Male,1.0,Fiber optic,Yes,Yes,0.4263869525769545,0.6944368668782814,No,No,False,False,False,True,False,False,True,False,False,False
0e8b6ff6-390a-4ed1-ba31-916d54cf6c79,0.5490196078431373,Male,0.6142857142857143,Unknown,Yes,Yes,0.7732634048109055,0.637441252441556,No,Yes,True,True,False,False,False,True,False,True,False,False
50315083-cd44-4df4-a6e5-c204764a7b59,0.03921568627450983,Male,0.5714285714285715,Fiber optic,Yes,Yes,0.5828409568700348,0.4799076682934602,Yes,No,False,False,False,False,True,False,False,False,True,False
e3df85e9-e6b6-4516-b8b9-33a0d6d6399f,0.5030496196232563,Male,0.5857142857142857,DSL,No,Yes,0.3544667950164863,0.3545308115621556,No,No,True,False,False,False,False,True,False,False,False,True
8b85f8dc-4628-4a97-a9c9-f2de92e1eb06,0.4901960784313726,Male,0.45714285714285713,Unknown,Yes,Yes,0.872181283055611,0.5155891688893302,No,No,False,False,False,True,False,False,False,False,True,False
85bdfc9c-3150-44ee-9786-71f1ff8278c8,0.2941176470588236,Male,0.7000000000000001,Unknown,Yes,Yes,1.0000000000000002,0.9317983701217475,Yes,No,False,False,False,False,True,False,False,False,True,False
3c7f7bb7-232f-41df-b7f4-06fe5f064df0,0.9803921568627451,Male,0.8857142857142858,Fiber optic,Yes,Yes,0.9348071433313418,0.9999999999999999,Yes,Yes,False,False,False,True,False,False,False,False,False,True
bb695edd-5a18-4803-b4d4-49b37564b855,0.7058823529411765,Female,0.5142857142857143,Fiber optic,Yes,No,0.7986014295514396,0.5459401328360736,Yes,No,False,False,False,True,False,False,False,True,False,False
ea48da75-1171-47cf-8828-94128e3e8bd5,0.4117647058823529,Male,0.8285714285714286,Unknown,No,No,0.7668459138285868,0.8608386132636218,No,No,True,True,False,False,False,True,False,False,False,True
7b416ff0-845e-4bd2-8959-4dfef9dbf75b,0.5490196078431373,Male,0.6714285714285715,Fiber optic,Yes,No,0.6591869702803779,0.620601383497571,No,No,False,False,False,False,True,False,True,False,False,False
addce235-5b60-416c-93dd-a7648264f4b2,0.2549019607843137,Male,0.05714285714285714,Unknown,No,No,0.8842417402465204,0.05124448270178201,Yes,No,False,False,True,False,False,True,False,False,True,False
6b691bdc-1f95-4cf4-bb61-5aefd5bbd256,0.5294117647058824,Male,0.6714285714285715,DSL,Yes,Yes,0.48536148177653865,0.49986745953178024,Yes,Yes,False,False,False,False,True,False,False,False,False,True
27ea1a21-7138-42ab-8cf1-3eebb2b01cb7,0.07843137254901966,Male,0.028571428571428574,DSL,No,Yes,0.1408086038637722,0.0,No,Yes,True,False,False,True,False,False,False,True,False,False
514f745a-9610-45c9-b913-0580f3afa462,0.9019607843137255,Male,0.6571428571428571,Fiber optic,No,Yes,0.7895284250591958,0.6958827628952236,Yes,Yes,False,False,False,False,True,False,False,False,True,False
e8f322dd-1656-43f2-8d03-82c5a1c6cb07,0.9411764705882354,Male,0.8714285714285714,Fiber optic,Yes,No,0.9571577153732105,0.9999999999999999,No,No,False,False,False,True,False,False,False,False,True,False
90b5ace4-8b6b-4bab-9e2b-b244cbce5b85,0.5686274509803921,Male,0.1857142857142857,Unknown,No,No,0.3175108986700304,0.0845964841592452,Yes,No,False,False,False,True,False,False,False,False,False,True
fcf8317c-6361-46fd-9917-faf13584d3a5,0.8823529411764707,Female,0.8857142857142858,Unknown,Yes,Yes,0.8061253844962271,0.9618489090071931,No,Yes,False,False,False,False,True,False,True,False,False,False
834203ec-ad19-4105-8af2-3927754f889f,1.0,Male,0.8571428571428572,Fiber optic,No,Yes,0.24260328841089646,0.43069097442788296,No,No,True,False,False,False,False,True,False,False,False,True
42f06c5a-64f4-465b-8dbf-2ce932037546,0.07843137254901966,Male,0.42857142857142855,DSL,No,No,0.9827170329062385,0.5357545986722818,Yes,No,True,True,False,True,False,False,False,False,False,True
4386d02d-4f9b-45be-b4cb-c87ddab8a08a,0.21568627450980393,Male,0.22857142857142856,Unknown,No,Yes,0.6960322202305871,0.20502355685921825,Yes,Yes,False,False,False,True,False,False,True,False,False,False
a01edf41-6421-4902-86ce-21e3d6c5cc65,0.2941176470588236,Male,0.32857142857142857,Fiber optic,Yes,No,0.5696740357166568,0.2614167146222178,Yes,Yes,False,False,False,True,False,False,False,False,True,False
174b928c-c5e9-4a89-9d96-06553fc9a101,0.4901960784313726,Female,0.3142857142857143,DSL,Yes,Yes,0.8026953462125739,0.3291087464820546,Yes,Yes,True,False,False,True,False,False,True,False,False,False
53adae65-7a3a-43d2-aee5-95d9fe8b469b,0.4901960784313726,Female,0.7000000000000001,Fiber optic,Yes,Yes,0.8395405961627831,0.776954152565164,Yes,No,False,False,False,False,False,True,False,False,True,False
92cf4621-b742-4308-be47-bf02caab2a82,0.9215686274509803,Female,0.9857142857142858,Fiber optic,Yes,No,0.9271725419903074,0.9999999999999999,No,No,False,False,False,False,False,True,False,False,True,False
d5260a6a-e9cd-42f8-a4d5-6e76c3d81ac0,0.5030496196232563,Female,0.3714285714285714,Fiber optic,No,No,0.9367987784637855,0.4417295872416705,Yes,Yes,False,True,False,False,True,False,False,False,True,False
a3166222-0cb0-4bdc-9a55-bcbd29c4c9fd,0.7450980392156864,Female,0.19999999999999998,Fiber optic,No,No,0.0,0.02457252084259108,Yes,Yes,True,True,False,False,False,True,False,True,False,False
c3302b43-81ca-4e17-b971-7a64ba14f674,0.6862745098039217,Female,0.7000000000000001,Fiber optic,No,Yes,0.07574852287061012,0.22437607177042254,No,No,False,True,False,True,False,False,True,False,False,False
b2e14bb3-fb5e-49d8-bcaa-666c1761111a,0.6274509803921569,Female,0.49999999999999994,Unknown,Yes,Yes,0.8538139812786298,0.5567088450600319,No,No,False,True,False,True,False,False,False,False,True,False
849ad719-246e-4b2c-a15f-db7b2cdd7853,0.5686274509803921,Female,0.09999999999999999,Fiber optic,No,No,0.9865896567748789,0.10930363398652487,Yes,No,False,False,True,True,False,False,False,False,True,False
25ee0363-b7bb-4a7d-b401-d5066e962ca4,0.7058823529411765,Female,0.028571428571428574,Fiber optic,No,Yes,0.28022306313483375,0.0,No,Yes,False,False,False,False,False,True,False,False,True,False
dc29ded3-1e2d-47a9-a1a6-dda099dfc1f2,0.43137254901960786,Female,0.8714285714285714,DSL,No,Yes,0.0,0.1736861705186943,No,Yes,False,True,False,False,True,False,False,False,True,False
b7cf7c09-9f65-4b17-b54a-df0d5612ec97,0.17647058823529416,Female,0.6571428571428571,Fiber optic,Yes,No,0.29682002257186485,0.36168157064149903,No,No,True,True,False,False,True,False,False,True,False,False
b400fc39-fdd7-44dc-890b-170deb33e57b,0.07843137254901966,Female,0.8571428571428572,DSL,Yes,Yes,0.3634291531124832,0.5372647567344213,Yes,Yes,True,True,False,True,False,False,False,True,False,False
03b4f05b-4504-4c61-b221-af60b2177d3b,0.6862745098039217,Female,0.44285714285714284,DSL,Yes,Yes,0.7817831773219146,0.46225327792659787,Yes,Yes,True,True,False,True,False,False,False,True,False,False
ae6876ad-6b00-4685-b04d-520ebdc4309f,0.6470588235294118,Female,0.17142857142857143,Fiber optic,Yes,No,0.0,0.018947985336686526,No,No,True,False,False,False,False,True,False,False,True,False
93ac7916-04e9-4e6c-a8f9-677c9d1f027f,1.0,Female,0.0,DSL,Yes,No,0.1749983403040563,0.0,No,No,False,True,False,True,False,False,False,False,False,True
83410c11-082c-4fac-847b-7cf8d5f6393b,0.5882352941176471,Female,0.4714285714285714,Fiber optic,No,Yes,0.9289428843302576,0.5633760322492647,No,No,False,True,False,False,True,False,True,False,False,False
eafcee9b-d7b9-4fb0-8dc8-1725c4abb809,0.17647058823529416,Male,0.8714285714285714,DSL,Yes,Yes,0.11104472327336296,0.32042855072701254,Yes,No,False,False,False,True,False,False,True,False,False,False
b2f86944-1ba3-4d4e-938d-e9a6b17c0415,0.3529411764705882,Female,1.0,Fiber optic,Yes,No,0.779791542189471,0.9999999999999999,No,Yes,True,True,False,True,False,False,True,False,False,False
8ca653bd-f0d7-40f5-bd4e-d2851586dfff,0.607843137254902,Male,0.42857142857142855,DSL,Yes,No,0.3395295315231584,0.24382337319829303,No,Yes,True,False,False,False,True,False,True,False,False,False
fb5c4489-fc70-4beb-a89f-bd5d7bee75cd,0.0,Female,0.9,DSL,No,No,0.6730177698112372,0.8490866917481428,Yes,Yes,False,False,False,True,False,False,False,False,True,False
e7f3c4d2-72e2-429d-a270-2f40c1b0185e,0.07843137254901966,Female,0.34285714285714286,DSL,No,Yes,0.02142114231339487,0.07608336972171642,Yes,No,False,True,False,False,True,False,False,False,True,False
32ce80b3-5a5a-4a79-9f50-57ae311ebbe3,0.8627450980392156,Male,0.5285714285714286,Unknown,No,Yes,0.2568766735267432,0.26092029032306774,No,Yes,True,False,False,False,True,False,False,False,True,False
28cec6fe-472b-44ea-8576-6c386319a58d,0.05882352941176472,Female,0.1857142857142857,Unknown,Yes,No,0.4097899931399234,0.11042982632860973,No,No,False,False,False,True,False,False,False,False,True,False
41479798-6bb2-456f-8b32-841ff019e70d,0.2941176470588236,Male,0.09999999999999999,DSL,Yes,No,0.8882250105114078,0.10009327635860407,Yes,Yes,True,True,True,False,True,False,False,False,True,False
0c5a410c-4705-4a19-87b2-3b382dd5e708,0.4509803921568628,Male,0.7571428571428571,Fiber optic,No,No,0.5632565447343381,0.6275850612594011,No,No,True,True,False,True,False,False,False,False,True,False
8befab18-cf03-422d-81b1-26bc39c74afd,0.2941176470588236,Male,0.014285714285714285,Fiber optic,Yes,Yes,0.0,0.0,No,No,True,False,False,True,False,False,False,False,True,False
eb1ef3f8-65d2-4533-8886-75d167a6779e,0.019607843137254943,Female,0.7857142857142857,Unknown,Yes,Yes,0.8270375533868863,0.8656422011421292,No,No,False,False,False,False,True,False,True,False,False,False
36856b88-5b74-4b25-b2d1-f4daa3bdc4b1,0.9411764705882354,Female,0.8571428571428572,Fiber optic,Yes,Yes,6.638783774814971e-05,0.21245546238630034,No,Yes,True,False,False,True,False,False,False,True,False,False
a5b76018-e24c-4941-9e64-109a11f8a011,0.5294117647058824,Female,0.3,Fiber optic,Yes,No,0.9736440284139947,0.3639371684279286,No,No,True,True,False,True,False,False,False,True,False,False
b0a3a98f-cfd3-4bfb-a42c-090a1f7468ef,0.607843137254902,Male,0.4857142857142857,DSL,No,No,0.17400252273783445,0.19304511163441837,Yes,Yes,True,True,False,False,False,True,False,False,True,False
8b049f4a-8b22-487f-9ac1-38b696b7158e,0.5098039215686275,Male,0.21428571428571427,Fiber optic,Yes,Yes,0.47960786917170123,0.14274881540952433,Yes,No,True,False,False,True,False,False,False,False,True,False
8d27f50a-90f9-4f15-9d84-5aee300be78e,0.37254901960784315,Female,0.7000000000000001,Unknown,Yes,Yes,0.019761446369691793,0.183098953588987,No,No,False,False,False,False,False,True,False,False,True,False
6e6d4abf-3023-494b-ac5e-0ba6d7946c3e,0.4509803921568628,Female,0.6,Fiber optic,Yes,Yes,0.5612649096018942,0.4943521695027113,Yes,Yes,True,False,False,False,False,True,False,True,False,False
f0ef8fe7-0c55-4762-a425-a875a43a6510,0.21568627450980393,Female,0.22857142857142856,DSL,Yes,Yes,0.48989798402266044,0.15346611799732476,No,No,False,True,False,True,False,False,False,False,False,True
d9977113-c701-4577-8c53-d583f0e6699f,0.9607843137254902,Female,0.8142857142857143,DSL,Yes,No,0.3936356192878799,0.5360052206485518,No,No,True,False,False,True,False,False,False,False,True,False
c38f2f8e-d4f2-4740-b4da-11b6e227f588,0.6666666666666666,Female,0.014285714285714285,Fiber optic,Yes,No,0.0,0.0,Yes,No,True,False,False,True,False,False,False,True,False,False
fc96c96f-28a1-4cd7-947a-9be368c09037,0.6274509803921569,Male,0.04285714285714286,Fiber optic,Yes,Yes,0.9122352784969794,0.03643368783490566,No,No,True,False,True,True,False,False,False,False,True,False
c47beed8-b2a6-446f-90d4-162987682b2d,0.6274509803921569,Male,0.5428571428571429,Fiber optic,Yes,Yes,0.8278120781606144,0.5936113245146527,No,Yes,True,True,False,False,False,True,False,True,False,False
8eae3498-8b5f-40e0-b8c1-4c4b7e65e075,0.9803921568627451,Male,0.07142857142857142,Unknown,Yes,No,0.6401557901259156,0.04480221267074023,Yes,Yes,True,False,True,False,True,False,False,False,True,False
3e27815b-03e9-41e9-b061-29ee52e5362c,0.823529411764706,Female,0.9714285714285714,DSL,Yes,Yes,0.5728827812078161,0.8230991206703043,Yes,Yes,True,False,False,True,False,False,False,False,True,False
355e2850-cc22-4abf-a97b-72bb9f8ee89a,0.7058823529411765,Male,0.9714285714285714,Fiber optic,Yes,Yes,0.7086459094027306,0.9557938177984657,No,No,False,True,False,False,True,False,False,False,True,False
d124dbf0-0385-492a-9b9a-60ecabf5b6b0,0.21568627450980393,Male,0.2714285714285714,Unknown,Yes,No,0.09909491247870056,0.07601589457425914,Yes,Yes,False,False,False,False,False,True,False,True,False,False
952a6102-9a1a-44c8-be8b-fc98580249d8,0.03921568627450983,Male,0.9,Fiber optic,No,No,0.9716523932815511,0.9999999999999999,No,No,False,False,False,True,False,False,False,True,False,False
567d4feb-106c-4fad-a5f3-cb2e6aa5f78d,0.0,Male,0.21428571428571427,DSL,Yes,No,0.2547743919980527,0.08820961765047036,Yes,No,True,True,False,False,True,False,False,False,False,True
db104cf7-af8c-4d21-b3b6-8c92cc8c0a8a,0.6274509803921569,Male,0.7142857142857143,Fiber optic,Yes,Yes,0.6661576932439313,0.6672620545154208,Yes,No,False,False,False,False,True,False,False,False,True,False
57fe91d4-d833-4809-a088-e3ca3834e0ed,0.7647058823529412,Female,0.5142857142857143,Unknown,Yes,Yes,0.6111664343092347,0.44582307952074646,Yes,Yes,True,True,False,True,False,False,False,False,False,True
e70c649b-d138-4513-8949-0fe76d27cbc2,0.17647058823529416,Male,0.9714285714285714,DSL,No,Yes,0.644139060390803,0.8909421683363551,No,Yes,False,False,False,True,False,False,False,True,False,False
e1f287de-a8f6-486f-9780-4b7bd3e364bb,0.823529411764706,Female,0.5857142857142857,Unknown,Yes,Yes,0.9123459248932264,0.6938456560624652,Yes,Yes,False,False,False,False,True,False,True,False,False,False
6afbf172-3476-4878-95ea-4714e0e520ae,0.8431372549019608,Female,0.8,Fiber optic,Yes,No,0.26716678837770264,0.41558136105083865,Yes,Yes,False,False,False,True,False,False,True,False,False,False
5db0498a-a2b6-4201-b694-1b468efabc48,0.5490196078431373,Female,0.9285714285714286,DSL,No,Yes,0.768394963376043,0.9695057316924661,No,Yes,True,False,False,True,False,False,False,False,False,True
6a958942-8653-4575-8289-3b81c97b2701,0.23529411764705888,Female,0.11428571428571427,Fiber optic,No,No,0.6018721370244973,0.07975594560474922,Yes,Yes,True,False,True,False,True,False,False,False,False,True
2021e216-2a0a-4089-9fe1-236c167b6a5e,0.21568627450980393,Female,0.9,Fiber optic,No,Yes,0.023966009427073,0.24950735109600522,Yes,No,True,False,False,False,True,False,False,False,False,True
3c7b981c-38b5-4d86-b9a3-7dbed83707b0,0.5882352941176471,Male,0.3,Fiber optic,Yes,Yes,0.39806147513775486,0.18352950929180978,Yes,Yes,True,False,False,True,False,False,True,False,False,False
4410b7fc-62ef-4aac-9b9d-f29ee9d5126c,0.8823529411764707,Male,0.4714285714285714,Fiber optic,Yes,No,0.8669809024320079,0.5321671699991356,Yes,Yes,True,True,False,True,False,False,False,True,False,False
d599fff5-866d-4126-8b13-6d3ab230b17b,0.019607843137254943,Female,0.7714285714285715,Unknown,Yes,Yes,0.28863218924959616,0.4212814044598502,No,Yes,True,True,False,True,False,False,False,False,False,True
b5c54e28-f2e0-45c0-95b2-4e171c14af11,0.9803921568627451,Female,0.39999999999999997,DSL,No,Yes,0.47341167098187625,0.2826745991735258,Yes,Yes,True,False,False,True,False,False,False,False,True,False
84f91f65-abdc-4671-b716-d5105dab9b3d,0.9607843137254902,Female,0.5285714285714286,Fiber optic,Yes,Yes,0.4803823939454292,0.38608347575409097,Yes,Yes,False,True,False,True,False,False,False,False,True,False
7eb9d2d2-f977-4e59-8c2b-44490cca72a3,0.6666666666666666,Male,0.24285714285714283,Fiber optic,Yes,Yes,0.6235588306888844,0.20216389584793287,No,Yes,False,False,False,True,False,False,False,False,True,False
accd894d-eb99-4d2c-9bb3-3c68a47e4530,0.43137254901960786,Female,1.0,Fiber optic,No,Yes,0.9178782447055702,0.9999999999999999,No,No,False,False,False,True,False,False,False,True,False,False
4eb7bdd5-e8de-4ebc-90b9-444006b63552,0.3137254901960784,Male,0.9142857142857143,Fiber optic,No,Yes,0.1317355993715285,0.3545099263974664,No,Yes,True,True,False,True,False,False,False,False,True,False
6bb52b28-7256-4565-81fa-a6a31998930f,0.4901960784313726,Female,0.0,DSL,No,No,0.498085817344929,0.0,No,No,True,True,True,True,False,False,False,True,False,False
5be67eb2-b178-4eb6-a862-9bcfe02f4800,0.13725490196078433,Male,0.04285714285714286,Fiber optic,No,No,0.40923676115868907,0.008079666942672141,No,Yes,False,False,False,True,False,False,True,False,False,False
14ef5a82-ff9f-457d-8f53-2c1112ad5343,0.5490196078431373,Female,0.04285714285714286,Fiber optic,No,Yes,0.26716678837770264,0.0,No,No,False,False,False,True,False,False,True,False,False,False
f903decb-17a8-4de0-992f-c5aaa4574779,0.4901960784313726,Male,0.3714285714285714,DSL,Yes,Yes,0.9572683617694573,0.4488835594232738,No,No,True,True,False,True,False,False,False,True,False,False
c306b8b5-9157-4b8d-a9f2-fa88bfe6ae93,0.5030496196232563,Female,0.6,Unknown,No,No,0.0,0.10706892136478446,No,No,False,False,False,False,False,True,True,False,False,False
cfc434ce-f514-479c-b213-ad7a6dbca835,0.4901960784313726,Male,0.8285714285714286,Unknown,No,Yes,0.07486335170063513,0.269496060254664,No,No,True,False,False,True,False,False,False,True,False,False
2bc11845-5af0-4ee8-8cd8-43ebc9fea46a,0.6470588235294118,Male,0.44285714285714284,Fiber optic,Yes,No,1.0000000000000002,0.4450149843023889,Yes,Yes,True,False,False,False,True,False,False,False,True,False
b2bcf17c-c57f-452a-9f17-c45a7802788e,0.9803921568627451,Male,0.45714285714285713,DSL,Yes,No,0.23120670959746853,0.21080392782472654,No,Yes,False,False,False,False,False,True,True,False,False,False
28e24226-35c0-4b46-88c3-6008ffd51896,0.7843137254901961,Male,0.3857142857142857,Fiber optic,No,Yes,0.7399588395405963,0.38232896576343145,No,Yes,True,True,False,True,False,False,True,False,False,False
fcd2c522-1f64-42a0-9841-7aaf78a66fc8,0.11764705882352944,Male,0.7714285714285715,DSL,Yes,No,0.8606740578459362,0.8792737874796329,No,Yes,False,False,False,False,False,True,False,False,True,False
ef2b99de-0b13-4aba-aee6-988cc14b833f,0.05882352941176472,Male,0.8428571428571429,DSL,No,No,0.22146982672774357,0.40326232698649234,Yes,Yes,True,True,False,True,False,False,True,False,False,False
002e5560-715b-4aeb-b999-a5ab0d99f068,0.9607843137254902,Male,0.9857142857142858,Fiber optic,Yes,No,0.15209453628095332,0.40540867929608637,Yes,No,True,True,False,True,False,False,True,False,False,False
5ff20654-8e41-4a6f-9b1e-3c3ebb4dc5de,0.8627450980392156,Female,0.8714285714285714,DSL,Yes,Yes,0.10053331562990997,0.30982049361604774,Yes,Yes,False,True,False,True,False,False,False,True,False,False
2f5b1eeb-a43b-43f6-98c5-2d730c99cd83,0.1960784313725491,Female,0.4714285714285714,DSL,Yes,Yes,0.161167540773197,0.18530314173925866,No,Yes,True,True,False,True,False,False,False,False,True,False
4bb5c079-5b00-4531-84c8-b2973e892c35,0.5030496196232563,Female,0.7857142857142857,DSL,Yes,No,0.23541127265484968,0.38626180292951384,Yes,Yes,False,False,False,True,False,False,True,False,False,False
de5fb52b-c20d-4ee5-837a-828fb61ee821,0.6862745098039217,Female,0.17142857142857143,DSL,Yes,Yes,0.9009493460797984,0.18755552642342838,Yes,No,True,True,False,True,False,False,False,False,True,False
0fe5746e-2b6e-4d96-95f8-b1f54d3f26d4,0.47058823529411764,Female,0.7857142857142857,DSL,Yes,No,0.7917413529841335,0.8367451659679775,Yes,No,False,False,False,False,True,False,True,False,False,False
d594d683-99da-47e7-98cc-076641f493ef,0.3921568627450981,Male,0.24285714285714283,Unknown,Yes,Yes,0.0,0.021621286416899373,Yes,No,True,False,False,False,False,True,False,False,False,True
31e55ecb-5e8b-4144-acc4-a6d752168693,0.6862745098039217,Male,0.7571428571428571,DSL,Yes,Yes,0.9069242514771294,0.897182012925025,No,Yes,False,False,False,True,False,False,False,False,False,True
0956fd63-7319-44ad-b0f1-96a419af8bc3,0.17647058823529416,Male,0.6,DSL,Yes,No,0.02695346212573857,0.15865045849362694,No,Yes,False,False,False,True,False,False,False,False,False,True
54e3ae0d-b48d-41b6-bde1-b6f8d789d1ca,0.7058823529411765,Male,0.5428571428571429,DSL,Yes,No,0.6648299364889687,0.5021230573182098,Yes,No,True,False,False,True,False,False,False,False,True,False
77bf84e9-ac8b-4836-8fce-36cd1bd43db1,0.1568627450980392,Male,0.8571428571428572,Unknown,No,No,0.10739339219721616,0.31136920890530567,No,Yes,True,True,False,True,False,False,False,False,True,False
489faf9f-ff10-46de-8aee-f5584c4dbf23,0.4509803921568628,Female,0.5857142857142857,Fiber optic,Yes,No,0.008696806745004337,0.14441480893126757,Yes,No,False,False,False,False,True,False,False,False,True,False
da7b6084-233e-4c1e-9749-b53cdc882d9e,0.6666666666666666,Female,0.24285714285714283,Fiber optic,Yes,Yes,0.7804554205669523,0.24039499308701048,Yes,Yes,False,True,False,True,False,False,True,False,False,False
1245c13d-48f3-4f7a-9a54-9e2c7da8d8de,0.9411764705882354,Female,0.3142857142857143,Unknown,Yes,Yes,0.4567040651485981,0.21223536488149916,No,Yes,False,False,False,True,False,False,False,True,False,False
ccd24a8a-bd21-45d0-bc0d-f64f80e33355,0.6666666666666666,Female,0.7571428571428571,Fiber optic,Yes,No,0.6026466617982253,0.6590043817075517,No,No,False,True,False,False,True,False,False,False,True,False
97bbd1f2-4fd1-4ad2-b770-d45c022d150d,0.9215686274509803,Male,0.41428571428571426,Fiber optic,Yes,Yes,0.4104538715174047,0.26635203969338006,No,No,False,False,False,False,False,True,False,False,True,False
bc72a006-56cc-4353-830d-913d5940406f,0.6862745098039217,Male,0.8142857142857143,DSL,Yes,No,0.014118480161101177,0.2126964450557907,Yes,No,True,True,False,True,False,False,False,False,False,True
58c81590-808f-463a-bcbd-4b7d05376f7a,0.33333333333333337,Male,0.9571428571428572,Fiber optic,No,Yes,0.7581048485250836,0.9938417682087307,No,Yes,False,True,False,True,False,False,True,False,False,False
7460bdc8-6b7b-44b2-91c3-2e30fad1abb8,0.9411764705882354,Female,0.9428571428571428,Fiber optic,No,Yes,0.8475071366925582,0.9999999999999999,Yes,No,False,False,False,True,False,False,False,False,True,False
8f9b4b2b-3f2a-4386-b456-ea5cbd900050,0.7450980392156864,Male,1.0,Fiber optic,No,Yes,0.0,0.23687985921471136,Yes,Yes,False,False,False,True,False,False,False,False,True,False
ba170c7a-63bb-40e0-9edc-427ee9ecd3ce,0.607843137254902,Female,0.24285714285714283,DSL,Yes,Yes,0.3554626125827082,0.13156239989178273,Yes,Yes,True,True,False,True,False,False,False,False,True,False
2cf44979-b8c1-4108-8e19-5b458a462fb3,0.4509803921568628,Male,0.0857142857142857,Fiber optic,Yes,No,0.5563964681670319,0.049832324258568615,No,Yes,False,False,True,True,False,False,False,False,True,False
9b17906c-06b4-48ce-be8b-6b829499055c,0.43137254901960786,Male,0.5571428571428572,DSL,Yes,No,0.6093960919692845,0.48547276140755724,Yes,No,False,True,False,False,False,True,False,False,True,False
f518e9aa-e2b7-4a63-a5ed-2f9243c25a15,0.607843137254902,Female,0.9857142857142858,DSL,No,No,0.5795215649826284,0.8409896740532674,Yes,No,False,False,False,True,False,False,False,False,True,False
89130f08-d600-40ea-bceb-1930caa66203,0.7058823529411765,Male,0.9142857142857143,Fiber optic,No,Yes,0.7064329814777934,0.8969779809315233,No,Yes,False,False,False,True,False,False,True,False,False,False
de7b7545-38c8-467c-aa35-1fe3fea3be42,0.21568627450980393,Male,0.9571428571428572,Unknown,Yes,Yes,1.0000000000000002,0.9999999999999999,Yes,No,False,True,False,True,False,False,True,False,False,False
4c1759f1-77f9-4db9-95cc-dd81c9d74b67,0.9411764705882354,Female,0.6857142857142857,Fiber optic,Yes,Yes,0.3719489256234925,0.42964189654003504,Yes,Yes,False,False,False,True,False,False,False,False,True,False
f4b7b6ff-7af9-4eda-ab8c-707f6a57bdbe,0.23529411764705888,Male,0.7285714285714286,Fiber optic,Yes,Yes,0.5556219433933036,0.6006801494863694,Yes,Yes,False,True,False,False,True,False,True,False,False,False
3c0ab075-f626-41ff-b4cd-ee056fc18dba,0.43137254901960786,Female,0.39999999999999997,DSL,No,Yes,0.7132930580450996,0.38502475855946333,Yes,No,True,True,False,True,False,False,False,False,False,True
8ceec236-f666-4698-ac63-4d06cc558834,0.47058823529411764,Male,0.2857142857142857,DSL,No,Yes,0.5952333532496847,0.23012591826446208,No,No,False,False,False,True,False,False,False,True,False,False
6d2f59c8-2aab-4885-9cd1-3251f46a91ec,0.6666666666666666,Male,0.11428571428571427,DSL,Yes,Yes,0.36774436256611126,0.049502981276931805,No,No,False,False,False,True,False,False,False,False,True,False
f8505475-40aa-44ca-82f0-310cd49b20f5,0.7843137254901961,Male,0.6571428571428571,Fiber optic,No,Yes,0.6303082608599437,0.5872718737559269,Yes,No,True,False,False,True,False,False,True,False,False,False
c26c7c60-c6f7-481c-9b7c-dd446321c3bb,0.5686274509803921,Male,0.5857142857142857,DSL,Yes,Yes,0.6590763238841313,0.5368759713609769,Yes,Yes,False,True,False,True,False,False,True,False,False,False
70537406-a960-42fb-8dad-0ccfc60f71c9,0.3137254901960784,Male,0.7142857142857143,DSL,No,Yes,0.587045519927416,0.6053680656835215,No,No,True,False,False,True,False,False,False,False,True,False
1455aa8a-213a-41a5-9c61-445c7236b25b,0.9411764705882354,Male,0.7857142857142857,Fiber optic,No,Yes,0.16669986058554076,0.33046306908459033,No,No,True,False,False,True,False,False,False,True,False,False
fd5beb88-a6a4-4039-9c78-afe9139dfbfa,0.37254901960784315,Male,0.7142857142857143,DSL,No,Yes,0.4996348668923853,0.542211327663493,No,Yes,False,False,False,True,False,False,False,False,False,True
763e4e08-11a0-4e2c-b88e-c16a866303d0,0.9215686274509803,Male,0.9857142857142858,Fiber optic,Yes,No,0.9183208302905574,0.9999999999999999,Yes,No,False,True,False,True,False,False,False,False,True,False
adf7ede0-57b5-4987-b8e7-4df04957193b,0.47058823529411764,Female,0.2714285714285714,Fiber optic,Yes,Yes,0.9008386996835513,0.3084147613773541,Yes,No,False,False,False,False,True,False,False,False,True,False
0bf00463-2b27-43cc-9eb4-41cdfe283e35,0.4117647058823529,Female,0.3714285714285714,Fiber optic,Yes,No,0.7704972449047336,0.37671567611543644,No,Yes,False,False,False,False,True,False,False,False,True,False
dfdb206c-ffe6-48aa-b335-80255e0b9d77,0.23529411764705888,Male,0.5285714285714286,Fiber optic,Yes,Yes,0.7111907765164089,0.5088978834331483,No,No,True,False,False,False,True,False,False,False,False,True
677dbbd5-fe36-46ff-b6ed-ddd9557ce4bb,0.3529411764705882,Male,0.9142857142857143,Fiber optic,No,No,0.10938502732965988,0.33594944119332043,Yes,Yes,True,True,False,False,False,True,False,False,True,False
a39b2672-2143-4f7f-9893-aafe02e71a90,0.9411764705882354,Female,0.7571428571428571,DSL,Yes,Yes,0.4481842926375889,0.5376631814146453,Yes,No,False,False,False,True,False,False,False,False,False,True
69c65fe5-d83c-4c67-a030-b71c97b815c5,0.6862745098039217,Male,0.32857142857142857,Fiber optic,Yes,No,0.0625816017172321,0.08424304291065934,Yes,Yes,False,False,False,False,False,True,False,False,True,False
de93d774-23d7-4e49-a11d-74afb9664b15,0.21568627450980393,Male,0.6571428571428571,Unknown,No,Yes,0.844077098408905,0.7317618692800754,Yes,No,True,False,False,True,False,False,True,False,False,False
2de48526-544b-409c-b352-d7726bee6442,0.7843137254901961,Female,1.0,DSL,Yes,No,1.0000000000000002,0.5276784661420956,No,No,False,False,False,True,False,False,False,False,False,True
c469518e-7cdf-426c-9844-8a28fda27640,0.3529411764705882,Male,0.8857142857142858,DSL,Yes,Yes,0.7883113147004803,0.9419662322231099,No,Yes,False,True,False,True,False,False,False,False,True,False
d9fd6205-2756-4431-a92c-dcfb9f6b6366,0.5030496196232563,Male,0.8,Unknown,Yes,Yes,0.8410896457102393,0.8935608466781502,Yes,Yes,False,True,False,True,False,False,True,False,False,False
f81f12a0-0ffd-4e83-9d2e-3e4e267ffb72,0.1568627450980392,Female,0.7714285714285715,Fiber optic,Yes,No,0.9272831883865544,0.9313019458225974,Yes,No,False,False,False,False,False,True,False,False,False,True
6fd2a43c-3169-48b7-9acf-a79a1adb9cd4,0.11764705882352944,Male,0.8428571428571429,Fiber optic,Yes,Yes,0.7738166367921397,0.8867779878075621,No,No,True,True,False,True,False,False,False,False,True,False
21fa53eb-b93d-4ee1-80da-6c8b640700f6,0.5294117647058824,Male,0.8714285714285714,Fiber optic,No,No,0.5645843014893006,0.7263911688527006,Yes,No,True,False,False,True,False,False,False,False,True,False
2c290401-d082-4a7f-bc61-97fbd785d054,0.2549019607843137,Female,0.41428571428571426,DSL,Yes,Yes,0.6016508442320034,0.3485737199723544,No,Yes,False,False,False,True,False,False,False,False,True,False
2ca8582b-d9e1-4166-9572-eb0b04885c57,0.5882352941176471,Male,0.3,Fiber optic,No,Yes,0.2944964482506805,0.9999999999999999,No,Yes,False,True,False,True,False,False,False,False,True,False
fa43c8ac-e46e-4ce6-9fdd-9ceec7f5987f,1.0,Female,0.39999999999999997,Fiber optic,Yes,No,0.13560822324016913,0.14214635873579848,No,No,True,False,False,True,False,False,False,False,True,False
1e71d1be-6a2f-4578-a714-f86518abd23c,0.3529411764705882,Male,0.5714285714285715,DSL,Yes,Yes,0.08426829538161945,0.18462517716242585,No,No,False,False,False,True,False,False,False,False,False,True
acd0c026-572a-426c-a92b-0fa30c3ba915,0.5030496196232563,Male,0.5857142857142857,Fiber optic,Yes,Yes,0.14114054305251283,0.22059585696168407,No,Yes,False,False,False,True,False,False,False,False,True,False
255908a5-b065-43fb-8653-587a8b6da619,0.2941176470588236,Female,0.9142857142857143,Fiber optic,Yes,No,0.9732014428290072,0.9999999999999999,No,No,True,False,False,False,False,True,False,False,True,False
161f2d36-92fd-4c24-90dd-01d75933fc8b,0.07843137254901966,Female,0.42857142857142855,Fiber optic,Yes,No,0.12166677731306291,0.14422844900019502,Yes,Yes,False,True,False,True,False,False,False,False,True,False
cfed3532-1e3c-4170-9830-7f5f60837b4f,0.6666666666666666,Male,0.41428571428571426,DSL,Yes,No,0.7405120715218307,0.41166137629379573,No,Yes,True,False,False,True,False,False,False,False,True,False
c926c42f-769a-4257-81fc-a3448f1908b8,0.21568627450980393,Female,0.24285714285714283,Fiber optic,Yes,Yes,0.14401734935493155,0.07694608767849184,Yes,No,True,False,False,False,True,False,False,False,True,False
91e78edd-d674-40cc-8e71-d3f16d44d380,0.47058823529411764,Female,0.22857142857142856,Fiber optic,Yes,Yes,1.0000000000000002,0.2845606902000702,Yes,Yes,False,False,False,False,False,True,False,False,False,True
ffcf0bc3-84bb-49f0-9ed0-d8b6b0e537db,1.0,Male,0.5285714285714286,Fiber optic,Yes,Yes,0.3453937905242426,0.31341756159597356,Yes,Yes,True,True,False,True,False,False,False,False,True,False
a31afba2-f4f7-4680-9a43-d9d2a562721d,0.3921568627450981,Male,0.1857142857142857,Fiber optic,Yes,Yes,0.3957379008165704,0.10325978863570712,No,No,True,True,False,True,False,False,False,True,False,False
9b9a4403-ee96-4180-85d0-3b4341b0dcfd,0.6862745098039217,Male,0.7857142857142857,DSL,No,No,0.387328774701808,0.5092609639885137,Yes,Yes,False,False,False,False,False,True,False,False,True,False
c57a6cf4-4234-4949-af3f-d1503473073a,0.43137254901960786,Female,0.3,Fiber optic,No,Yes,0.8431919272389301,0.324035258013718,No,No,False,True,False,True,False,False,False,False,False,True
d2125509-7862-4a97-999e-46aa915e6da2,0.2941176470588236,Female,0.9428571428571428,Fiber optic,Yes,Yes,0.18130518489012815,0.4152905752963203,No,No,False,False,False,True,False,False,True,False,False,False
c5cb23b6-a513-4011-b950-2ab6007ce07e,0.7450980392156864,Female,0.7857142857142857,DSL,Yes,Yes,0.8592356546947266,0.891996065877593,Yes,No,True,True,False,True,False,False,False,False,False,True
a77d1c0e-3d8a-47d0-8214-1a021f8c06fd,0.8627450980392156,Female,0.2571428571428571,Fiber optic,No,No,0.6668215716214123,0.22548459205007812,No,Yes,True,True,False,False,False,True,True,False,False,False
0be5f1df-39b7-4c64-a099-14e6c5e9c303,0.8039215686274509,Male,0.8,Fiber optic,Yes,No,0.18351811281506564,0.3519073135669708,No,Yes,False,True,False,False,False,True,True,False,False,False
10d1751c-1e72-4a7a-a223-495cd89ef9db,0.7450980392156864,Female,0.6142857142857143,Fiber optic,No,No,0.012126845028657407,0.15186438652077894,No,No,True,True,False,False,False,True,False,False,False,True
04adc7c7-8a64-43f3-9167-3d1c8916bca3,0.2549019607843137,Male,0.4857142857142857,DSL,Yes,Yes,0.7972736727964771,0.5124403286746563,Yes,Yes,False,False,False,True,False,False,False,False,False,True
7cefca99-52d2-434c-837c-d95a47633969,0.5882352941176471,Female,0.0,Fiber optic,No,No,0.18207970966385628,0.0,No,No,False,False,False,True,False,False,False,True,False,False
fa4bbef0-992f-4636-a1a9-d1b9730ef64c,0.07843137254901966,Male,0.7285714285714286,Unknown,Yes,No,0.9235212109141606,0.8771804513573267,No,No,False,True,False,True,False,False,True,False,False,False
fb913044-0c59-4bf0-85aa-400cb848a89e,0.6666666666666666,Male,0.9857142857142858,Fiber optic,No,Yes,1.0000000000000002,0.337755204663368,Yes,Yes,True,True,False,False,False,True,False,True,False,False
046d2df9-935d-4e14-8878-e8dc4d149826,0.43137254901960786,Male,0.5142857142857143,Unknown,Yes,Yes,0.6217884883489346,0.4497029004995409,Yes,No,True,True,False,False,False,True,False,False,True,False
abb8007e-205c-4f94-9132-fc8f62881cb0,0.5490196078431373,Female,0.9142857142857143,Unknown,Yes,Yes,0.7056584567040651,0.8987082364984639,Yes,No,False,True,False,True,False,False,False,False,False,True
9303e270-8d02-47da-9cbf-608bca368f16,0.823529411764706,Male,0.7142857142857143,DSL,Yes,Yes,0.6674854499988936,0.6679721501148523,No,Yes,False,False,False,False,True,False,False,True,False,False
3b26fe31-091d-42ee-b01a-7b31574929b0,0.1960784313725491,Male,0.0,Fiber optic,Yes,No,0.28940671402332435,0.0,Yes,Yes,False,False,False,True,False,False,False,False,True,False
01cff423-5c30-45b7-9d15-136491eebd50,0.33333333333333337,Female,0.2857142857142857,Fiber optic,No,Yes,0.9084733010245858,0.3271326885922338,Yes,No,False,False,False,True,False,False,False,True,False,False
53a95dab-952f-433f-b403-38cbf011c545,0.9019607843137255,Male,0.7428571428571429,Unknown,Yes,Yes,0.7915200601916397,0.7930132376600003,No,Yes,False,False,False,False,True,False,False,False,True,False
570b0145-34d8-4af2-9a38-a25cd4d82738,0.21568627450980393,Female,0.21428571428571427,DSL,No,No,0.504282015534754,0.15095186547897554,Yes,Yes,True,False,False,True,False,False,False,True,False,False
1890ed68-5026-4744-aa93-3371c1e1ddcb,0.1568627450980392,Female,0.8571428571428572,Unknown,Yes,No,0.607293810440594,0.7527948366731924,No,Yes,True,False,False,True,False,False,False,False,False,True
44495d9b-cfa0-4773-8bde-427cd17c4b58,0.17647058823529416,Male,0.7571428571428571,Fiber optic,No,No,0.5664652902254974,0.6290197114184336,Yes,Yes,True,False,False,True,False,False,False,False,True,False
22aa33aa-90f7-445c-a0e9-ce471611c6a9,0.8431372549019608,Male,0.5571428571428572,Fiber optic,Yes,Yes,0.9872535351523601,0.7017418548660987,No,No,False,False,False,False,False,True,False,True,False,False
8fadd863-1fca-4929-9f98-088d64486287,0.3137254901960784,Female,0.35714285714285715,DSL,No,Yes,0.9315983978401825,0.4217955008214295,Yes,No,False,False,False,False,False,True,False,False,True,False
3363512b-1149-45a3-9599-2587e9f09981,0.7254901960784313,Male,0.9142857142857143,DSL,No,Yes,0.20033636504459051,0.4188330205378283,No,No,False,True,False,False,False,True,False,False,True,False
cf9e581a-b6d5-49a4-a1ac-2524798a99cc,0.11764705882352944,Female,0.9,Fiber optic,Yes,Yes,0.23054283121998725,0.4397487096984599,No,No,False,False,False,False,True,False,False,False,True,False
6d22e6e3-fc63-42d2-9d4b-5ab4633b99e0,0.8823529411764707,Female,0.6,DSL,No,Yes,1.0000000000000002,0.7810540710487596,No,No,False,False,False,True,False,False,True,False,False,False
ea3837c6-3da4-4823-9d33-934692a1000d,0.23529411764705888,Female,0.22857142857142856,Unknown,No,Yes,0.2015534754033061,0.08448563213127963,No,Yes,False,False,False,True,False,False,False,True,False,False
c3caeb47-ba11-43b4-b106-142471d2cea5,0.7647058823529412,Male,0.8285714285714286,DSL,Yes,Yes,0.9947774900971476,0.9999999999999999,Yes,Yes,False,True,False,False,False,True,False,False,True,False
eb84dfda-a78b-4ce3-9791-dc3dad742dd2,0.8039215686274509,Female,0.3142857142857143,Fiber optic,Yes,Yes,0.6587443846953907,0.27870159822919505,Yes,No,True,False,False,True,False,False,False,False,False,True
33f618ca-d937-4711-9299-173e289666d4,0.1568627450980392,Male,0.0857142857142857,Fiber optic,Yes,Yes,0.0,0.0,Yes,Yes,True,False,False,False,True,False,False,False,True,False
5c7dddf9-246d-45c1-b45c-eebb6178d370,0.9607843137254902,Male,0.6142857142857143,Fiber optic,No,No,0.3112040540839585,0.3433588550045834,No,No,False,True,False,False,True,False,True,False,False,False
e427b5c8-d864-4151-b376-b99694f1e814,0.5098039215686275,Male,0.7428571428571429,Fiber optic,Yes,No,0.4666622408108169,0.5405501537951396,No,Yes,False,False,False,False,False,True,False,False,True,False
04be6d8a-b54f-4fd8-b091-2969616ae7d9,0.019607843137254943,Male,1.0,Fiber optic,Yes,Yes,0.8615592290159111,0.9999999999999999,Yes,No,True,False,False,True,False,False,False,False,True,False
e8c723c7-5962-4520-9dc3-538b8ea46ac4,0.07843137254901966,Female,0.4714285714285714,DSL,Yes,Yes,0.30334815995043046,0.25626450514851434,No,No,False,True,False,True,False,False,False,False,True,False
f2d2c113-6cf3-49de-9759-7e7d25fc1bf0,0.5490196078431373,Male,0.6428571428571429,DSL,Yes,Yes,0.2834318086259931,0.3416012880684339,No,Yes,False,False,False,False,True,False,False,False,False,True
100de5f1-4c68-4515-a6af-136cecf6b9fb,0.7058823529411765,Female,0.9571428571428572,Fiber optic,No,Yes,0.9580428865431854,0.9999999999999999,Yes,Yes,False,True,False,False,False,True,False,True,False,False
cfe18aef-d375-4645-9039-06a52672a543,0.7254901960784313,Female,0.21428571428571427,Fiber optic,No,Yes,0.027174754918232347,0.0355645436736105,No,Yes,False,False,False,False,True,False,False,False,False,True
f7bbd359-ef7f-4359-8fc0-ebbd972dce16,0.3529411764705882,Male,1.0,Fiber optic,Yes,No,0.5499789771847132,0.8228115480180459,Yes,Yes,False,False,False,True,False,False,False,False,True,False
4f56613a-73b0-4f8f-bb37-668ef11e6d76,0.13725490196078433,Female,0.2571428571428571,Fiber optic,Yes,No,0.4976432317599417,0.18088030647854594,No,Yes,True,False,False,True,False,False,False,False,False,True
ec49e9fa-de19-4176-b50d-61a52e546547,0.9215686274509803,Female,0.014285714285714285,Fiber optic,No,No,0.0031644869326606373,0.0,Yes,No,True,False,False,False,True,False,True,False,False,False
f6567018-2534-4149-937f-7cb7e7ebedb7,0.8627450980392156,Male,0.12857142857142856,Fiber optic,Yes,No,0.03691163778795731,0.01066942736412834,Yes,Yes,False,False,False,False,True,False,False,False,True,False
d067386a-a271-4675-8ef5-e2b527a13233,0.0,Female,0.7000000000000001,DSL,Yes,No,0.3624333355462613,0.43076648233098996,Yes,Yes,False,False,False,False,True,False,False,False,True,False
f15fb6a1-6894-465c-a738-ff03bbd31666,0.4117647058823529,Female,0.15714285714285714,Fiber optic,Yes,Yes,0.08825156564650694,0.028219391907544904,No,Yes,False,True,False,True,False,False,False,False,True,False
c9da65c4-c6ee-45b3-871f-06494b85a4d9,1.0,Female,0.9857142857142858,Unknown,Yes,No,0.46876452233950744,0.7291817481653989,No,No,False,False,False,False,False,True,True,False,False,False
798ee00f-70d0-44eb-ab14-5d33e4cafef5,0.3137254901960784,Female,0.3,Unknown,Yes,Yes,0.6134900086304189,0.25429326691208337,Yes,Yes,True,True,False,True,False,False,False,False,False,True
c27b7b4e-ae37-4618-8ceb-7c2318b99367,0.11764705882352944,Male,0.44285714285714284,Fiber optic,No,No,0.7047732855340902,0.42465516183271496,No,No,False,True,False,False,True,False,False,False,False,True
48eec20b-e7d5-41d8-9997-daaa0cce096b,0.47058823529411764,Female,0.0,Fiber optic,Yes,Yes,0.5444466573723694,0.0,No,No,False,False,True,True,False,False,False,False,True,False
6eafac1e-de14-4269-b575-600b242f98f5,0.8627450980392156,Female,0.7571428571428571,Unknown,No,Yes,0.3598884684325832,0.4692482015463375,No,Yes,True,False,False,True,False,False,False,False,True,False
d4e9626a-c725-4731-b4f2-e92d05b3921f,0.05882352941176472,Female,0.8142857142857143,Fiber optic,Yes,No,0.0833831242116444,0.27084074355042015,Yes,Yes,True,False,False,False,False,True,False,True,False,False
2b27aa29-334c-46c0-aa37-4cc88f6f805a,0.6862745098039217,Female,0.9857142857142858,DSL,Yes,Yes,0.21361393259421546,0.46774125658645793,Yes,No,False,True,False,True,False,False,False,False,True,False
b55b9f72-6ab0-48e1-9abf-d3a3b853b94c,0.09803921568627455,Male,0.24285714285714283,DSL,No,Yes,0.4038150877425923,0.14446782511855544,No,Yes,True,True,False,True,False,False,False,True,False,False
44b6901d-da8c-494d-8c5e-3b40b540b909,0.5882352941176471,Female,0.07142857142857142,Fiber optic,Yes,Yes,0.9622474496005666,0.0739755746392409,Yes,Yes,True,False,True,True,False,False,False,False,False,True
076f19ad-3843-4f5b-90b7-e0df0ab7640c,0.3529411764705882,Male,0.6285714285714286,Unknown,Yes,Yes,0.16393370067936885,0.2562130955123564,Yes,No,False,True,False,False,True,False,False,False,True,False
33054227-6575-4487-8f89-f5933ba1a2b2,0.8431372549019608,Female,0.3142857142857143,Fiber optic,Yes,No,0.39706565757153295,0.19070276008697223,Yes,Yes,True,True,False,True,False,False,False,False,False,True
1fca5be5-4d71-4e76-967b-ffbddbd70b4d,0.7450980392156864,Male,0.3142857142857143,DSL,Yes,No,0.750027661599062,0.31124389791717066,Yes,Yes,False,False,False,True,False,False,False,True,False,False
88c694b7-7203-488c-9acd-f3fe7f575df6,0.5098039215686275,Male,0.35714285714285715,DSL,No,Yes,0.7200424882161589,0.34230656401447557,Yes,No,True,False,False,False,False,True,False,False,False,True
dd379ace-517f-44b4-86ed-2e4df5c41b22,0.17647058823529416,Male,0.0857142857142857,Fiber optic,Yes,Yes,1.0000000000000002,0.09814774294025205,No,Yes,False,True,True,True,False,False,False,True,False,False
8c22acca-fdf8-40f4-bf98-dba00a747861,0.4901960784313726,Male,0.6142857142857143,Unknown,No,No,0.15098807231848466,0.23918686663729885,Yes,No,True,True,False,True,False,False,False,False,True,False
f1cab094-4a84-4e7f-8963-57e6cbb31b19,0.3529411764705882,Male,0.3714285714285714,Fiber optic,Yes,Yes,0.0,0.05930776282292883,Yes,Yes,False,False,False,True,False,False,False,False,False,True
cadacac9-8b2e-4997-8f77-936e2877038b,0.7450980392156864,Female,0.35714285714285715,Fiber optic,Yes,Yes,0.2963774369868773,0.18124660013617128,No,No,False,False,False,False,False,True,False,True,False,False
48a7eaf3-bea1-4580-b75f-4fe7d72c2738,0.03921568627450983,Female,0.49999999999999994,DSL,No,Yes,0.1054017570647724,0.1659618726859639,No,No,True,True,False,True,False,False,False,True,False,False
6b224869-a0a2-41c6-b08b-d094fda8eacf,0.8627450980392156,Female,0.7714285714285715,Unknown,No,No,0.5466595852973068,0.6256025771650605,No,Yes,False,False,False,False,True,False,False,False,False,True
1921b572-ff61-4819-add0-c71df5388234,0.23529411764705888,Male,0.9,Fiber optic,Yes,Yes,0.9342539113501074,0.9999999999999999,No,No,True,True,False,True,False,False,True,False,False,False
2cf7df3d-ca28-4245-823f-8ecf98dcf58c,0.9607843137254902,Female,0.8,DSL,Yes,Yes,0.7012326008541903,0.7805062371134516,Yes,No,False,False,False,False,False,True,False,False,True,False
fd408b99-f1a7-4e02-b133-85f8ed25efaf,0.5294117647058824,Male,0.9714285714285714,Fiber optic,Yes,Yes,0.09002190798645687,0.3386950370743804,Yes,Yes,False,True,False,False,True,False,False,False,True,False
07cc72ae-7bbe-46d6-9063-741e217a2a9e,0.5030496196232563,Male,0.8571428571428572,DSL,Yes,Yes,0.06822456792582265,0.2748796130910782,No,No,False,False,False,True,False,False,False,False,True,False
02f880ea-69e2-4dfe-8e06-4cde69cd66eb,0.5294117647058824,Female,0.014285714285714285,DSL,No,Yes,0.9481953572772137,0.0010622516071134222,No,Yes,False,False,True,True,False,False,False,False,True,False
1fb300bd-996a-4602-83d1-359b8733f8ff,0.13725490196078433,Female,0.7714285714285715,DSL,No,Yes,0.4792759299829606,0.5746492015280228,No,No,True,False,False,False,False,True,False,False,True,False
9704e1d2-0957-4d2c-ba50-d0dae213f154,0.7843137254901961,Male,0.5285714285714286,DSL,Yes,Yes,0.9618048640155792,0.6521829656098451,Yes,No,True,False,False,True,False,False,False,False,True,False
92c3c827-ff6a-49ed-a8ef-7eba5236ebbb,0.7450980392156864,Male,0.39999999999999997,Fiber optic,No,Yes,0.75434287105269,0.40125413807407284,Yes,Yes,True,False,False,False,False,True,False,True,False,False
a9070f3b-19b7-4318-9d62-d87c50b13f75,0.0,Female,0.35714285714285715,Fiber optic,Yes,Yes,1.0000000000000002,0.46588408348025234,Yes,Yes,False,False,False,True,False,False,True,False,False,False
a3549d3c-34bf-4987-a812-2e7e2b9eab87,0.03921568627450983,Female,0.4857142857142857,Fiber optic,Yes,No,0.9037155059859703,0.5686872902848318,No,Yes,False,True,False,False,True,False,False,False,False,True
45d36f6d-0247-41c6-aeb7-b8f64da1b9a1,0.23529411764705888,Female,0.9428571428571428,Fiber optic,Yes,No,0.39806147513775486,0.6265568685362424,Yes,No,True,True,False,True,False,False,False,True,False,False
6f791df0-267c-4b3c-84c8-87df9f37005d,0.5294117647058824,Female,0.39999999999999997,DSL,No,Yes,0.7786850782270023,0.41073760939408277,Yes,Yes,True,False,False,False,True,False,False,False,True,False
92d82411-5ba2-4f9a-a039-b9037c15e79f,0.9411764705882354,Male,0.4714285714285714,DSL,No,Yes,0.4611299209984732,0.33079562516848704,Yes,No,True,False,False,True,False,False,False,False,False,True
d75f0dfa-67fb-48bf-b517-a7443df534e5,0.47058823529411764,Female,0.5714285714285715,Fiber optic,Yes,Yes,0.19768085153466558,0.249786890992614,Yes,Yes,True,False,False,True,False,False,True,False,False,False
001f1a05-8cd2-4630-a024-7a514230187b,0.6274509803921569,Female,0.5714285714285715,Fiber optic,Yes,No,0.20642191683816863,0.25626450514851434,Yes,No,True,False,False,True,False,False,False,False,True,False
0ad107eb-09c2-44cc-ab0a-1a9246a37a16,0.5030496196232563,Female,0.3142857142857143,DSL,No,No,1.0000000000000002,0.18709926590252668,Yes,No,False,False,False,True,False,False,True,False,False,False
1af2f96a-f3af-432b-a37b-c0e827871de3,0.09803921568627455,Male,1.0,Unknown,Yes,Yes,0.06313483369846645,0.31804282229905817,No,No,False,False,False,True,False,False,False,False,True,False
0ed253a2-b34b-42b6-8084-de4629876c77,0.8431372549019608,Male,0.028571428571428574,Fiber optic,Yes,No,0.13649339441014408,0.0,Yes,No,False,False,False,True,False,False,False,False,True,False
7bc4309e-5dd6-4422-ae7b-20e5521a8004,0.8627450980392156,Male,0.8142857142857143,Unknown,No,No,0.49365996149505414,0.6163408099009817,No,Yes,False,True,False,False,False,True,False,False,True,False
06504a24-b46a-4810-b968-9e004dee001c,0.607843137254902,Male,0.44285714285714284,Fiber optic,No,No,0.9952200756821352,0.5576101202439258,Yes,Yes,False,True,False,True,False,False,False,True,False,False
871702df-53be-40b2-9870-5dfaa929c3ee,0.8627450980392156,Female,0.42857142857142855,DSL,Yes,Yes,0.5789683330013942,0.3542898288926653,Yes,No,False,False,False,False,True,False,True,False,False,False
6cb92e42-f252-4fa9-a98c-5ae5843e0cb2,0.9019607843137255,Male,0.6,Fiber optic,Yes,Yes,0.39175463055168297,0.3849621030653959,No,Yes,False,True,False,True,False,False,True,False,False,False
fb3c75cc-c539-4359-9713-ad450ae989b8,0.3921568627450981,Female,0.0857142857142857,DSL,Yes,Yes,0.20830290557436548,0.015244884982184952,Yes,No,True,True,False,True,False,False,False,False,False,True
b1774611-7d22-4bdf-b82f-fa7e7ffa2645,0.2941176470588236,Female,0.0,Fiber optic,Yes,No,0.15652039213082836,0.0,No,No,True,True,False,True,False,False,False,False,True,False
f4c8582a-0c37-44a6-b90e-66d2fc93da1e,0.3921568627450981,Female,0.8571428571428572,DSL,No,No,0.6682599747726217,0.8046334219828246,No,No,False,False,False,False,False,True,True,False,False,False
4f7d138b-ed2c-4128-8574-944bd1537e48,0.1960784313725491,Female,0.1857142857142857,Unknown,Yes,Yes,0.8783774812454359,0.2031760230597923,No,Yes,False,False,False,False,False,True,False,False,False,True
75d8efd8-f39c-4c55-85ce-309eb102ec71,0.7058823529411765,Male,0.7285714285714286,DSL,No,Yes,0.381132576511983,0.46430645027065565,Yes,Yes,False,True,False,True,False,False,False,False,True,False
3de6285e-d301-463a-ba44-f87f84da544d,0.6862745098039217,Male,0.07142857142857142,Unknown,Yes,Yes,0.5490938060147381,0.039918297235735985,Yes,No,False,False,True,False,True,False,True,False,False,False
6a8bcfa3-019d-48c2-a31d-aa95d20da81f,0.6666666666666666,Male,0.12857142857142856,Unknown,Yes,Yes,0.7217021841598621,0.11051336698736641,No,Yes,True,True,True,True,False,False,False,False,True,False
e04c51a4-7f4d-4d14-83e9-3562d807f1a5,0.3529411764705882,Female,1.0,Fiber optic,Yes,Yes,0.004270950895129355,0.2591370185688392,Yes,No,False,False,False,True,False,False,False,False,True,False
bb91e28b-42a3-40d5-a26a-4d4759cd64e1,0.37254901960784315,Female,0.41428571428571426,Fiber optic,No,Yes,0.32802230631348345,0.22877962841757601,Yes,Yes,False,False,False,True,False,False,False,False,True,False
c0317b27-bc7f-4e83-b0e3-105ca86ea32f,0.33333333333333337,Female,0.2857142857142857,Fiber optic,Yes,Yes,0.7472615016928901,0.27905825258004074,No,Yes,False,False,False,True,False,False,True,False,False,False
0eabea9c-0883-489d-98a6-e259050ef5d4,0.9019607843137255,Female,0.8428571428571429,Unknown,Yes,No,0.6972493305893026,0.821364045449974,Yes,Yes,False,False,False,True,False,False,True,False,False,False
e64e16ce-cf16-4616-ac3f-9b3bc96733f5,0.7843137254901961,Female,0.8857142857142858,Fiber optic,Yes,Yes,0.0,0.2220867364102643,Yes,No,False,True,False,False,True,False,False,False,False,True
5e2bf89c-a208-4abe-b356-9b1a1fbb8f7d,0.9411764705882354,Male,0.5857142857142857,Fiber optic,Yes,Yes,0.20288123215826864,0.26088976585159895,No,No,True,False,False,True,False,False,False,False,True,False
4480fef0-946e-4f48-b5af-dc13a75fa49e,0.2549019607843137,Female,0.7142857142857143,Fiber optic,Yes,Yes,0.6921595963619465,0.6849983789899098,No,No,True,True,False,False,True,False,True,False,False,False
7f82f968-4a2f-47fb-b3f5-2facfa072252,0.27450980392156865,Male,0.9,Unknown,Yes,No,0.24005842129721838,0.4506909294444514,No,No,False,True,False,True,False,False,True,False,False,False
57f67dc8-1ced-4193-bf4e-d850dc319ca9,0.5882352941176471,Female,0.7857142857142857,Fiber optic,Yes,Yes,0.8408683529177456,0.8779274976327468,Yes,No,False,False,False,True,False,False,False,False,False,True
e764db57-c9c2-4e80-b1f0-3a92943c954d,0.0,Female,0.5714285714285715,Fiber optic,Yes,No,0.0,0.11611701732858179,No,No,True,False,False,False,True,False,False,True,False,False
b45ff4d5-4e92-40f2-b23e-e591386f0407,0.03921568627450983,Male,0.44285714285714284,Fiber optic,Yes,Yes,0.15032419394100338,0.16649685421223248,Yes,Yes,False,False,False,False,False,True,False,True,False,False
358ba9ee-89e5-4c70-b124-16664e45b6b2,0.2941176470588236,Male,0.19999999999999998,Unknown,Yes,No,0.251012414525659,0.0781172634522149,Yes,No,False,False,False,False,False,True,False,False,False,True
56db7e5c-e2ba-4a85-8613-f55cf766cd13,0.43137254901960786,Female,0.8714285714285714,Fiber optic,Yes,No,0.9635752063555292,0.9999999999999999,No,Yes,True,False,False,True,False,False,False,True,False,False
3e5ad047-81fe-4259-aeea-581558003adf,0.1960784313725491,Female,0.3714285714285714,DSL,Yes,Yes,0.8208413551970613,0.39529062027975187,Yes,No,True,False,False,False,True,False,False,False,False,True
736f6542-b54a-4248-b5cd-af01fd4f5914,0.21568627450980393,Female,0.3857142857142857,Fiber optic,Yes,No,0.9179888911018168,0.45276177385093835,Yes,No,True,True,False,False,True,False,False,False,False,True
0628b68c-72f6-4e81-8e05-e4d6cc07ab3c,0.17647058823529416,Female,0.9,Unknown,No,Yes,0.4271614773506827,0.6224440976436071,No,Yes,True,False,False,True,False,False,False,False,True,False
570e5a09-a525-41a9-b6b3-b9c95642316b,0.607843137254902,Male,0.8285714285714286,Fiber optic,Yes,Yes,0.8499413574099892,0.933282823365808,No,Yes,True,False,False,True,False,False,False,False,False,True
735f8a80-ff9d-4501-930e-fc0ee07a4855,0.2941176470588236,Female,0.8142857142857143,Unknown,Yes,Yes,0.8841310938502733,0.9445592057468261,No,No,True,True,False,True,False,False,False,True,False,False
71598e06-e576-453d-a6f5-61ba27158dd8,0.13725490196078433,Male,0.014285714285714285,DSL,Yes,Yes,0.38234968687069865,0.0,No,Yes,True,False,False,True,False,False,True,False,False,False
b032176b-2365-4931-b7de-553e1dac3893,0.7254901960784313,Female,0.49999999999999994,Fiber optic,No,No,1.0000000000000002,0.6548096767072898,No,No,False,True,False,True,False,False,True,False,False,False
e103e0b8-7315-43df-a907-441bd53faf5a,0.21568627450980393,Male,1.0,Fiber optic,No,No,0.8815862267365953,0.9999999999999999,Yes,Yes,False,False,False,False,False,True,False,False,True,False
851a59da-84da-4ee1-9277-8a94ddc76495,0.4509803921568628,Male,0.17142857142857143,Unknown,Yes,Yes,1.0000000000000002,0.21272214987386967,No,No,False,False,False,True,False,False,False,False,True,False
c724c4e6-a113-41af-bc69-d1c7f98e8cb5,0.5294117647058824,Female,0.19999999999999998,DSL,Yes,Yes,0.8985151253623671,0.22297033953172887,Yes,Yes,False,True,False,False,True,False,False,False,True,False
015a1039-f7c3-425d-9a59-eb73a71bd664,0.13725490196078433,Male,0.8428571428571429,Unknown,Yes,Yes,0.7986014295514396,0.9027695977549411,Yes,No,False,True,False,False,True,False,False,False,True,False
df9e7060-3c24-4f50-8125-8459a8a2c07b,0.5294117647058824,Female,0.3,Fiber optic,No,No,0.9840447896612008,0.37154097492591387,No,Yes,False,False,False,True,False,False,False,False,False,True
9a2cb8c5-ef2e-46df-b750-5d14d596e43e,0.6862745098039217,Male,0.8857142857142858,DSL,No,Yes,0.4042576733275797,0.5950138436510866,Yes,Yes,False,False,False,True,False,False,False,False,True,False
07f2e86b-9dac-4ca5-8199-1e3fd682c580,0.5030496196232563,Female,0.34285714285714286,Fiber optic,Yes,No,0.8064573236849677,0.3624768134508171,Yes,Yes,True,False,False,True,False,False,False,False,False,True
6e147163-e038-4c90-a58f-2d233eca8579,0.13725490196078433,Male,0.6714285714285715,DSL,No,Yes,0.17533027949279695,0.28452855917747144,Yes,Yes,False,False,False,False,True,False,False,False,False,True
66caa735-43b4-4138-ad19-8eb276faa71b,0.5030496196232563,Female,0.6,Fiber optic,No,Yes,0.7505808935802962,0.6076734665549791,Yes,Yes,False,True,False,False,False,True,False,False,True,False
211024ab-e0a1-4ccc-8427-4461736c61ac,0.5294117647058824,Female,0.5285714285714286,DSL,Yes,No,0.8087808980061522,0.5665473641797576,No,No,True,True,False,True,False,False,False,False,True,False
eea1a23d-d3e4-484a-8c3a-e086730c28c7,0.5294117647058824,Male,0.5714285714285715,DSL,Yes,Yes,0.7325455309920557,0.5664092007825832,No,Yes,True,False,False,False,False,True,False,True,False,False
ffd24d80-c741-43e4-b26c-20d9ac8a7b6a,0.7058823529411765,Male,0.6285714285714286,Unknown,Yes,Yes,0.8800371771891391,0.7226093474928322,No,No,False,False,False,True,False,False,False,False,True,False
63b4a147-f902-4c6f-bc91-7650898a246f,0.7843137254901961,Male,0.5571428571428572,DSL,Yes,Yes,0.39706565757153295,0.3573840463689213,No,Yes,True,True,False,False,True,False,False,False,True,False
e16e4f39-736d-4a4c-aa74-d24c8eaa5d03,0.6862745098039217,Male,0.22857142857142856,DSL,No,Yes,0.5425656686361726,0.16745757178793397,No,No,True,False,False,True,False,False,False,True,False,False
069720ba-6263-4d0a-b554-47b2e6293c36,0.5098039215686275,Female,0.8,Fiber optic,Yes,No,0.0,0.15825846001792268,No,Yes,False,True,False,True,False,False,False,True,False,False
9a4f9cb3-137e-4071-af28-dac48fa323b1,0.3137254901960784,Male,0.014285714285714285,Fiber optic,No,Yes,0.10141848679988497,0.0,No,No,False,False,False,True,False,False,True,False,False,False
12491557-d747-4a16-8856-3bf0e782cfc9,0.1568627450980392,Female,0.8714285714285714,Fiber optic,No,Yes,0.6525481865055656,0.8051410921398842,No,No,False,True,False,True,False,False,False,False,True,False
626dd0b9-50a3-4148-bf55-57ecfcffcd97,0.6274509803921569,Male,0.11428571428571427,Fiber optic,Yes,Yes,0.5619287879793755,0.07480294847115773,No,Yes,False,True,True,True,False,False,False,False,True,False
29deb729-20be-4439-9887-6e0afa019830,0.37254901960784315,Female,0.9571428571428572,Fiber optic,Yes,Yes,0.15806944167828452,0.4014903010901734,No,Yes,False,True,False,False,True,False,False,True,False,False
943389fb-ca11-4b45-9728-d7a12bb3edba,0.23529411764705888,Female,0.22857142857142856,Fiber optic,No,No,0.20918807674434048,0.08965230056515255,No,Yes,True,True,False,True,False,False,False,True,False,False
269dee08-4836-4aa9-b2de-7caea5dca79e,0.5294117647058824,Female,0.7000000000000001,DSL,No,No,1.0000000000000002,0.4013874818178575,No,Yes,False,True,False,False,True,False,False,False,False,True
4a415778-eda6-4003-b5dc-17ca2343863c,0.9215686274509803,Female,0.5571428571428572,DSL,No,No,0.7324348845958089,0.5544869848473309,Yes,Yes,False,False,False,True,False,False,False,False,True,False
0cbe65e2-7c1d-46c3-adca-7bb4166644f1,0.5490196078431373,Male,0.8142857142857143,Fiber optic,Yes,Yes,0.614375179800394,0.71817687292534,No,Yes,False,False,False,False,True,False,False,False,True,False
fe382a7e-c2c0-4aa2-99dd-d7a20382e6c4,0.23529411764705888,Male,0.2857142857142857,Fiber optic,Yes,Yes,0.016773993671026166,0.0572401315187017,No,No,True,True,False,False,True,False,False,False,True,False
c3f126f7-09bb-4974-98cd-dc834de2eeb6,0.8823529411764707,Female,0.24285714285714283,Fiber optic,Yes,Yes,1.0000000000000002,0.2418682004731614,No,Yes,False,False,False,False,True,False,True,False,False,False
28097b1c-0aa0-40f4-8203-acb3da1b3a0c,0.5030496196232563,Male,0.7714285714285715,Fiber optic,No,No,0.23043218482374034,0.3727507079267553,No,Yes,False,False,False,True,False,False,False,False,True,False
4b5bb75e-f88a-4787-9c6d-a4312dd2fece,0.09803921568627455,Male,0.39999999999999997,Fiber optic,Yes,Yes,0.6830865918697029,0.3744375866131877,Yes,Yes,False,True,False,True,False,False,False,True,False,False
4160cae0-d502-4fd1-ad14-c011eecc2d9d,0.33333333333333337,Female,0.32857142857142857,DSL,No,Yes,0.07630175485184454,0.08756539064736621,Yes,No,False,False,False,False,False,True,False,False,True,False
b2eab8da-3405-49bd-8272-078602859a5d,0.9803921568627451,Male,0.22857142857142856,DSL,Yes,No,1.0000000000000002,0.28827182331022144,Yes,Yes,True,True,False,True,False,False,True,False,False,False
12f900e2-92a8-448c-877c-25c6a407fe92,0.07843137254901966,Male,0.24285714285714283,Fiber optic,No,Yes,0.028613158069441702,0.04728754726875061,No,No,False,True,False,True,False,False,False,False,True,False
00c30cf4-a501-41b7-9e8e-df0f521e2617,0.9019607843137255,Male,0.5857142857142857,Fiber optic,Yes,Yes,0.7604284228462681,0.5998720542680118,Yes,No,False,False,False,True,False,False,False,False,False,True
aa141a0e-eb0c-4a55-8df3-8c55da2b8f3d,0.47058823529411764,Female,0.6285714285714286,Fiber optic,Yes,Yes,0.538693044767532,0.49993332812810753,Yes,No,False,True,False,False,True,False,False,False,True,False
232046a6-df2c-487e-a11d-d993aed9d3f3,0.019607843137254943,Male,0.22857142857142856,DSL,Yes,Yes,0.03480935625926668,0.04752210373372121,No,Yes,False,False,False,False,True,False,True,False,False,False
77dd625c-6c37-43d3-814c-4eaebdae9963,0.17647058823529416,Female,0.1857142857142857,Fiber optic,Yes,Yes,0.0,0.017233795281045232,No,No,True,True,False,False,True,False,False,False,False,True
bf910965-819e-458c-9502-371d70b4f171,0.5686274509803921,Male,0.6857142857142857,Unknown,Yes,Yes,0.34107858107061456,0.40791811216104573,No,Yes,True,False,False,True,False,False,False,False,True,False
a73ad45a-a525-42e7-b80b-47be278d70af,0.9607843137254902,Male,0.39999999999999997,DSL,Yes,Yes,0.827369492575627,0.43083717058070714,No,No,False,False,False,True,False,False,False,True,False,False
46a73986-a680-4ff6-b580-f7320f52d503,0.8627450980392156,Male,0.04285714285714286,Fiber optic,Yes,Yes,0.0,0.0,No,No,False,True,False,False,False,True,False,False,False,True
9326a796-119b-4b09-9c13-63b3cffce3fe,0.07843137254901966,Female,0.2714285714285714,Unknown,Yes,No,0.7191573170461838,0.2528586167530509,No,Yes,True,False,False,True,False,False,False,True,False,False
e2804375-8687-4cc7-b548-6a35a95f9d3e,0.6274509803921569,Female,0.6571428571428571,Fiber optic,No,Yes,0.6649405828852155,0.6101154242724812,No,No,True,False,False,True,False,False,False,True,False,False
92d3e1c9-0666-43c2-a290-ab00dfbe13b5,0.0,Male,0.11428571428571427,Fiber optic,Yes,No,0.23353028391865277,0.03229681867532148,Yes,No,False,False,False,True,False,False,False,True,False,False
7078008c-a59d-4d00-8ebb-c19e7df831fe,0.33333333333333337,Female,0.3714285714285714,DSL,Yes,Yes,0.025515058974529214,0.08576284027957845,Yes,Yes,False,False,False,True,False,False,False,False,True,False
84e7b4dc-750f-4473-924d-bfff7f69cf87,0.607843137254902,Male,0.19999999999999998,Fiber optic,No,Yes,0.9525105667308418,0.23358964250060324,No,Yes,False,True,False,True,False,False,False,False,True,False
cbebcf9b-eb49-4777-927c-1052ebdcb865,0.9019607843137255,Female,0.2571428571428571,DSL,Yes,No,0.27203522981256506,0.1166503923037204,No,No,False,False,False,True,False,False,False,True,False,False
749821cd-b877-48d6-9470-89a7b7be1de1,0.9411764705882354,Female,0.7285714285714286,Unknown,No,Yes,0.06302418730221959,0.2266750464373604,No,No,False,True,False,True,False,False,False,False,False,True
1f9c25e9-637e-4d06-9085-a0be53ef08ab,0.1960784313725491,Male,0.35714285714285715,Fiber optic,Yes,Yes,0.6938192923056496,0.3306012324817648,Yes,No,True,True,False,True,False,False,False,False,True,False
8965255a-b8ca-46b5-9f21-89fe959d5dc5,0.3921568627450981,Male,0.35714285714285715,Fiber optic,Yes,No,0.1795348425501782,0.13866014278383823,Yes,No,False,True,False,False,False,True,True,False,False,False
319d8ae8-6a18-403a-a222-302aded0c4c8,0.4901960784313726,Male,0.35714285714285715,Fiber optic,Yes,Yes,0.46599836243333564,0.24641795327313906,No,Yes,True,False,False,True,False,False,False,False,True,False
3c55d38c-1e97-4d7b-9bbb-505a50e9c0e2,0.47058823529411764,Male,0.6428571428571429,Fiber optic,Yes,Yes,0.0,0.15172461657247457,Yes,No,False,False,False,True,False,False,True,False,False,False
b6789524-b133-4946-9c9a-57e11152275d,0.4117647058823529,Female,0.6857142857142857,Fiber optic,Yes,Yes,1.0000000000000002,0.9034539885362936,Yes,No,False,True,False,False,True,False,False,True,False,False
77837430-7887-4da9-9f8c-7422d4cbeb1b,0.5030496196232563,Female,0.7428571428571429,Unknown,Yes,No,0.4350173714842109,0.5171668020989268,Yes,Yes,False,True,False,False,False,True,True,False,False,False
de9f949c-b457-4925-8ec5-e14ead14a920,0.9411764705882354,Female,0.028571428571428574,Unknown,Yes,No,1.0000000000000002,0.023377246801918987,No,Yes,False,True,True,True,False,False,False,False,True,False
4fcf9130-e573-459f-9796-5ef274bb313c,0.23529411764705888,Male,0.9285714285714286,Fiber optic,Yes,Yes,0.3665272522073956,0.5831333980452128,No,No,False,True,False,False,False,True,False,False,False,True
8e1a718e-99c7-44aa-b6b3-adaa032ef73f,0.6274509803921569,Male,0.5857142857142857,Unknown,Yes,Yes,0.3247029144260772,0.3346401020224229,No,No,False,True,False,True,False,False,False,False,False,True
ce65dbca-a7ce-4906-aac8-772e7a04a24f,0.6470588235294118,Female,0.2571428571428571,Fiber optic,Yes,Yes,0.9517360419571135,0.30247534184998215,No,No,True,True,False,True,False,False,False,False,False,True
6bde3f24-3ae8-4abc-a950-474e66abcce5,0.7843137254901961,Male,0.22857142857142856,Fiber optic,Yes,Yes,0.3043439775166524,0.11022740088623786,No,Yes,False,True,False,True,False,False,False,False,True,False
42994d18-ae0b-442a-81db-8421efe03e9f,0.6666666666666666,Female,0.45714285714285713,Fiber optic,Yes,Yes,0.4177565336696985,0.2989393228129939,No,Yes,True,False,False,True,False,False,False,False,False,True
ddc79015-dac8-4285-86bd-f8fd27da200c,0.0,Female,0.6857142857142857,DSL,Yes,Yes,0.026178937352010434,0.18587989359490553,No,No,False,False,False,False,True,False,False,False,False,True
a8cf7f5e-ddd0-4434-bcf9-a585c4eeefc9,0.3921568627450981,Female,0.7857142857142857,DSL,Yes,Yes,0.9969904180220852,0.9999999999999999,Yes,No,True,False,False,True,False,False,False,False,False,True
dfc44a63-49f8-4baa-8703-605fc5a32e89,0.9215686274509803,Female,0.8857142857142858,DSL,Yes,Yes,0.03403483148553854,0.2524714379307364,Yes,Yes,True,False,False,True,False,False,False,True,False,False
9ffd5eec-b4b6-4213-80d9-62590f08ca84,0.09803921568627455,Female,0.028571428571428574,Fiber optic,Yes,No,0.7930691097390961,0.013786136556203421,No,No,False,True,True,False,True,False,False,False,False,True
ed382001-e4d2-486e-bf55-286c6a066c76,0.5294117647058824,Male,0.6857142857142857,Fiber optic,Yes,Yes,0.5357055920688663,0.545082234532688,Yes,No,True,False,False,True,False,False,False,False,True,False
dabc6b14-2252-4472-8d70-46987c20fc01,0.3137254901960784,Male,0.7714285714285715,Fiber optic,Yes,Yes,0.00770098917878248,0.19746152069061135,No,No,True,True,False,False,False,True,True,False,False,False
97300822-48fa-4890-bc04-f42f30b99ecb,0.5030496196232563,Male,0.35714285714285715,Unknown,Yes,Yes,0.0,0.05005242176336979,No,No,False,False,False,False,False,True,True,False,False,False
e76c0909-7c96-4d31-a3d1-39d8aa469768,0.5882352941176471,Female,0.7285714285714286,Fiber optic,Yes,No,0.9749717851689572,0.913151131156585,No,Yes,False,False,False,True,False,False,False,False,True,False
88981389-68f8-4137-8a15-13b491fe34dc,0.5030496196232563,Female,0.0857142857142857,Fiber optic,Yes,No,0.7609816548275024,0.06886192239265587,No,No,True,False,True,False,False,True,True,False,False,False
b1d20c9c-92d4-4c36-bb20-f9900891521c,0.7254901960784313,Female,0.6428571428571429,DSL,Yes,No,0.6992409657217464,0.6221067219063207,Yes,Yes,False,False,False,True,False,False,False,False,True,False
fa17720b-a350-4cf2-b56a-59ce39769d4b,0.03921568627450983,Female,0.6428571428571429,DSL,Yes,Yes,0.4250591958219921,0.43778711076880855,Yes,No,False,False,False,True,False,False,False,False,True,False
c3e8b945-4475-454c-84d7-5e2b81a48494,0.43137254901960786,Male,0.21428571428571427,Fiber optic,Yes,No,0.20376640332824364,0.07655087610052766,No,Yes,False,True,False,True,False,False,False,True,False,False
ba01d793-1d9d-472a-977e-8e1aec88bf50,0.7058823529411765,Male,0.32857142857142857,Fiber optic,No,Yes,0.6920489499656997,0.30470844792059265,Yes,No,False,False,False,False,True,False,False,True,False,False
1edef009-195b-420b-af4c-47b4831c0ed4,0.7058823529411765,Female,0.8571428571428572,Fiber optic,No,Yes,0.6128261302529376,0.7587969116946317,Yes,No,True,False,False,False,True,False,False,False,False,True
355893f8-41ba-4450-9d31-0af765a5d382,0.17647058823529416,Female,0.7571428571428571,DSL,Yes,Yes,0.7433888778242492,0.7688298235010798,No,No,True,True,False,True,False,False,True,False,False,False
91498c6a-e316-4a37-82c9-7e051a2d8ee9,0.17647058823529416,Female,0.8714285714285714,Fiber optic,Yes,No,0.34450861935426763,0.5290038708242925,No,No,True,False,False,True,False,False,False,True,False,False
4bc63316-0a35-4837-93ef-17843b38fab2,0.3529411764705882,Male,0.0,DSL,Yes,No,1.0000000000000002,0.0,No,Yes,True,False,True,True,False,False,False,True,False,False
1695087c-e570-438d-94a5-5d677b1f42c7,0.3137254901960784,Male,0.6857142857142857,DSL,No,No,0.0138971873686074,0.17770415489466326,No,No,True,True,False,False,False,True,False,False,False,True
2ece8114-2c43-44e9-8c85-bbef73b26c50,0.3921568627450981,Male,0.34285714285714286,DSL,Yes,No,0.027949279691960427,0.07719510310363184,Yes,Yes,True,False,False,False,False,True,False,False,False,True
83f1693e-6534-4da9-9b79-b56c98a84ed7,0.2549019607843137,Female,0.12857142857142856,DSL,No,Yes,0.9542809090707915,0.1423375383202608,No,Yes,False,False,True,False,True,False,False,False,False,True
ecb38ac4-043d-4e91-b6ac-4a87526bc494,0.1568627450980392,Female,0.21428571428571427,Fiber optic,Yes,Yes,0.6564208103742062,0.1808562082115969,Yes,No,False,True,False,False,True,False,False,False,True,False
1b12d5de-12e6-494d-bcf6-1b55fd1069f2,0.8823529411764707,Male,0.8142857142857143,DSL,Yes,Yes,0.3008032928367524,0.45434583326505484,No,No,False,False,False,True,False,False,False,False,False,True
7e66833f-aa4a-4b48-8c24-f89670564d5c,0.0,Female,0.39999999999999997,Unknown,Yes,No,0.7828896412843835,0.4117433104014224,Yes,No,True,False,False,True,False,False,True,False,False,False
782088cf-480c-43dd-96a4-2d9cba1ca354,0.9803921568627451,Male,0.07142857142857142,Fiber optic,Yes,Yes,0.4407709840890483,0.025272977135243006,No,No,True,False,False,True,False,False,False,True,False,False
181cb866-6bed-463b-a795-9130cefe9380,0.8627450980392156,Female,0.21428571428571427,DSL,Yes,No,0.0,0.024852060739199877,No,No,False,False,False,False,True,False,False,True,False,False
4a0d6bee-63e9-42f3-ae35-65db09b15149,0.23529411764705888,Male,0.2714285714285714,DSL,Yes,Yes,0.6601827878465998,0.23936519381272173,No,No,True,True,False,True,False,False,False,False,True,False
5a4672ba-e694-4769-835b-da00f35700c9,0.05882352941176472,Female,1.0,Fiber optic,Yes,Yes,0.20874549115935298,0.4696305607152622,No,No,False,True,False,True,False,False,False,False,False,True
1117c4cb-069e-41d1-89ad-97f6ff3c3004,0.0,Male,0.6,DSL,No,Yes,0.06733939675584771,0.18281138093672855,Yes,No,False,True,False,False,False,True,False,False,True,False
38d14fae-6844-41dd-86bd-110ffff95b59,0.9411764705882354,Male,0.35714285714285715,Unknown,Yes,Yes,0.1890504326274094,0.13982971200643135,Yes,Yes,False,True,False,False,False,True,False,False,True,False
f92ef5bc-bc7a-4cf8-9203-5877c057b33b,0.7647058823529412,Male,1.0,Unknown,Yes,No,0.4666622408108169,0.7382169917201568,No,No,True,False,False,True,False,False,False,True,False,False
bc967035-d88b-4dce-83b2-17fe78a947fe,0.607843137254902,Male,0.45714285714285713,DSL,Yes,Yes,0.0,0.09440447880750208,No,No,True,False,False,False,True,False,False,False,True,False
b5cd43d8-882c-437d-9e7d-5d14c403838a,0.6470588235294118,Male,0.35714285714285715,Fiber optic,No,Yes,0.9169930735355949,0.4183253503807686,No,Yes,False,False,False,False,False,True,True,False,False,False
d8fa2911-ba1d-4955-a46c-dec00e1a9ba1,0.5294117647058824,Male,0.6285714285714286,DSL,No,Yes,0.5592732744694504,0.5114651521387854,Yes,Yes,True,True,False,True,False,False,False,False,True,False
a25df132-32c3-41a1-a92b-9450ed6d59bd,0.5882352941176471,Female,0.8857142857142858,Fiber optic,Yes,Yes,0.2639580428865432,0.4633634047573834,No,No,True,True,False,True,False,False,False,False,False,True
ef55c7a5-d1d1-4f7e-b51c-4b5a3d206730,0.13725490196078433,Female,0.9428571428571428,Fiber optic,Yes,Yes,0.6999048440992277,0.9218040155424181,Yes,Yes,False,False,False,True,False,False,True,False,False,False
f7d8248c-e4cd-4ee3-81e8-558e2c8d1390,0.7450980392156864,Female,0.7285714285714286,DSL,Yes,Yes,0.8295824205005644,0.8013399921664566,No,Yes,True,False,False,True,False,False,False,False,True,False
1de8b19d-ede0-4076-8889-2f330ceeb9ac,0.4901960784313726,Male,0.9571428571428572,DSL,Yes,No,0.6190223284427627,0.8539593613252374,Yes,Yes,False,False,False,False,False,True,False,False,True,False
1d54939d-7c58-4dd8-a3b9-848d435da4cd,0.6470588235294118,Male,0.35714285714285715,Fiber optic,Yes,Yes,0.16382305428312205,0.13418429133583762,No,Yes,True,False,False,True,False,False,False,False,True,False
764de01f-2bb2-448a-b2e4-875684160a99,0.03921568627450983,Female,0.014285714285714285,Fiber optic,No,Yes,0.061807076943504013,0.0,Yes,No,True,False,False,True,False,False,True,False,False,False
5c2a4d3c-5813-488a-9869-6e53aeaedf4a,0.9607843137254902,Male,0.1857142857142857,DSL,Yes,Yes,0.8912124632100733,0.2035519560241972,No,Yes,True,False,False,True,False,False,False,True,False,False
f71ba856-552c-4cae-824b-3cbe48f76d3b,0.21568627450980393,Male,0.41428571428571426,Fiber optic,Yes,Yes,0.19945119387461552,0.17535698369382732,Yes,Yes,True,False,False,True,False,False,False,True,False,False
de40f029-af08-46eb-9a54-3a975bb3e76c,0.0,Male,0.6857142857142857,Fiber optic,Yes,Yes,0.0,0.1373331315505114,Yes,No,True,False,False,True,False,False,False,True,False,False
d71e90c0-5306-4fd7-967c-0b8b993a8713,0.8431372549019608,Male,0.15714285714285714,Unknown,No,Yes,0.6511097833543562,0.13065469850336908,No,Yes,True,True,False,False,True,False,False,True,False,False
8bdd9b28-3d56-4cb6-b5b3-46dc6c343f58,0.07843137254901966,Male,0.6142857142857143,DSL,Yes,Yes,0.10894244174467238,0.2119204808600318,Yes,No,True,False,False,True,False,False,False,True,False,False
fe59042f-bf2a-49e2-8cd7-26f81b3f3992,0.5686274509803921,Female,0.45714285714285713,Fiber optic,Yes,No,1.0000000000000002,0.5983394044900533,No,No,True,True,False,False,True,False,False,False,False,True
791fb3d2-f352-4d92-b9b6-e648691b89eb,0.5686274509803921,Female,0.17142857142857143,Fiber optic,Yes,Yes,0.9020558100422671,0.18876204632201002,Yes,No,False,True,False,False,True,False,False,False,False,True
b031c383-f6a6-4dcb-80cb-f2b9d49cc0b2,0.3137254901960784,Female,0.35714285714285715,DSL,Yes,No,0.6129367766491847,0.3037123862200326,No,No,False,True,False,True,False,False,False,False,False,True
dcbad7f4-3e34-43b8-9205-85d2d57edaa2,0.9215686274509803,Female,0.2857142857142857,Fiber optic,No,No,0.862444400185886,0.3151397844072645,Yes,Yes,True,True,False,False,True,False,False,True,False,False
e7a00f58-2340-40ff-8030-8f358b536db0,0.9019607843137255,Female,0.3857142857142857,Fiber optic,Yes,Yes,0.4603553962247449,0.9999999999999999,Yes,Yes,True,False,False,False,True,False,False,False,True,False
c806cfba-17ed-45ac-92fe-a9e87a3e1619,0.43137254901960786,Male,0.6714285714285715,Unknown,No,Yes,0.8122109362898051,0.7260232686439454,No,Yes,False,False,False,True,False,False,False,False,True,False
8d71774d-06a2-4968-8435-87f2020e9099,0.27450980392156865,Male,0.5571428571428572,DSL,Yes,Yes,0.6550930536192436,0.5085685404515115,Yes,Yes,False,False,False,True,False,False,False,True,False,False
f61ee1c1-b96b-487c-9d70-858546987064,0.7058823529411765,Male,0.9285714285714286,Fiber optic,Yes,Yes,0.0,0.20510709751797487,Yes,No,False,True,False,False,True,False,False,False,True,False
866ad0d4-e493-44ae-9b06-3ba588b44353,0.3921568627450981,Male,0.3142857142857143,Fiber optic,No,No,0.9895771094735446,0.38906041499786165,No,Yes,True,True,False,False,False,True,False,True,False,False
ec09a6ac-892d-4f2e-9153-ca33d7bd0c33,0.2549019607843137,Female,0.6714285714285715,Unknown,Yes,No,0.8923189271725422,0.7836759624928147,No,No,False,False,False,True,False,False,True,False,False,False
33fc96b5-eb86-4e5c-958f-5dca78b7377b,0.019607843137254943,Female,0.014285714285714285,Fiber optic,Yes,Yes,0.9946668437009007,0.0030848994797023493,Yes,Yes,False,True,True,True,False,False,False,False,True,False
df97b2db-8818-47b6-b6d0-2bf17f9c0892,0.1960784313725491,Female,0.2714285714285714,Unknown,Yes,Yes,0.7490318440328401,0.2649463074546864,No,Yes,False,False,False,True,False,False,True,False,False,False
795da745-1d4b-484d-8bad-7426df6248f8,0.9803921568627451,Male,0.8285714285714286,Unknown,Yes,Yes,0.3957379008165704,0.5424185727592548,No,Yes,True,False,False,True,False,False,False,True,False,False
299533c5-3bb6-4a09-9b6a-b458fbeea10e,0.7450980392156864,Female,0.6428571428571429,DSL,Yes,Yes,0.1688021421142314,0.2649254222899972,Yes,Yes,False,False,False,True,False,False,False,False,True,False
8fe5ddf4-be79-4978-a0a8-95b129a9f798,0.7254901960784313,Male,0.028571428571428574,Unknown,No,No,0.13892761512757534,0.0,No,No,True,False,False,True,False,False,True,False,False,False
3f6fce2d-af8b-484d-9601-36e76c016c0d,0.6470588235294118,Female,0.7714285714285715,Unknown,No,Yes,0.10009073004492247,0.267699936091396,No,No,True,False,False,True,False,False,False,True,False,False
e6435f0a-54c8-4bdc-8cc6-83123b147a17,0.7254901960784313,Female,0.15714285714285714,DSL,Yes,Yes,0.18385005200380627,0.04479257336396062,Yes,No,False,True,False,True,False,False,False,False,True,False
7298dd2e-3dc0-4a3a-9204-20b07a657104,0.9607843137254902,Male,0.5571428571428572,Fiber optic,Yes,No,0.5489831596184913,0.4474023192814731,Yes,No,True,False,False,True,False,False,False,False,True,False
43f55ad5-82de-42d2-92a3-d496f48af799,0.6470588235294118,Male,0.9285714285714286,Fiber optic,Yes,Yes,0.6962535130230809,0.9043295589021086,Yes,No,False,False,False,True,False,False,False,False,True,False
271d98bb-64aa-481e-a042-97ce33be9b4e,0.33333333333333337,Female,0.21428571428571427,DSL,Yes,Yes,0.2873044324946336,0.09566722799563146,No,No,False,True,False,True,False,False,False,False,True,False
1316d894-adcf-4bbe-bbfb-840a57e8e996,0.5686274509803921,Female,0.4714285714285714,DSL,Yes,Yes,0.5468808780898007,0.37219644778692756,Yes,Yes,False,True,False,True,False,False,False,False,True,False
8327a8ae-f6c2-44d7-aaaf-4f694a1b2e9b,0.27450980392156865,Male,0.6142857142857143,DSL,Yes,Yes,0.3174002522737835,0.34672297307066857,No,Yes,True,False,False,False,False,True,True,False,False,False
ed7d22c8-4fef-447c-89b8-4cb30621e2f8,0.5098039215686275,Female,0.07142857142857142,DSL,Yes,No,0.7104162517426809,0.05200759448850142,No,No,True,False,True,False,False,True,False,False,True,False
0eba11d8-7836-4da1-a43d-4ac9c5289445,0.9803921568627451,Female,0.9,Fiber optic,Yes,No,1.0000000000000002,0.9999999999999999,Yes,Yes,True,True,False,True,False,False,False,True,False,False
afca1008-bac3-4fcd-8e53-91f772fe0d52,0.6470588235294118,Male,0.3,DSL,Yes,Yes,0.7021177720241654,0.2791193015229783,No,Yes,False,False,False,True,False,False,False,False,True,False
de3269ec-ea27-4824-84a3-f50eaa0a8573,1.0,Female,0.24285714285714283,Unknown,Yes,No,0.005045475668857491,0.6907932089155875,No,Yes,False,False,False,True,False,False,False,False,False,True
d8326135-524f-4fbc-8a31-b19d1203f103,0.7254901960784313,Male,0.15714285714285714,Fiber optic,No,Yes,0.4677687047732855,0.09362369495835335,Yes,Yes,True,False,False,True,False,False,True,False,False,False
190a00f7-1c1f-4ca4-8257-268c92fd983e,0.6274509803921569,Female,0.7285714285714286,DSL,Yes,No,0.792183938569121,0.776030385665451,Yes,No,False,False,False,True,False,False,False,True,False,False
cd2e4236-c01c-4b89-a9a2-cc44a1f1ba41,0.4509803921568628,Male,0.7142857142857143,Fiber optic,Yes,No,0.5396888623337539,0.5747632666582483,No,Yes,False,False,False,True,False,False,False,False,False,True
2c04071c-841a-45a0-946b-f62259733c6a,0.27450980392156865,Female,1.0,Fiber optic,Yes,Yes,0.9921219765872227,0.9999999999999999,Yes,Yes,True,False,False,False,True,False,False,False,True,False
340fc3a2-0bbd-4b10-8704-d49b8980501d,0.5686274509803921,Male,0.6714285714285715,Unknown,Yes,No,0.00039832702648878726,0.15963848743853737,Yes,Yes,False,False,False,True,False,False,False,True,False,False
b69ee554-0321-49aa-8680-5d4c6e234607,0.8039215686274509,Female,0.2571428571428571,DSL,Yes,Yes,0.26196640775409946,0.1152109224912981,Yes,No,False,True,False,True,False,False,False,False,True,False
60d95129-43dd-4956-91f0-8569f4315cfc,0.5030496196232563,Male,0.07142857142857142,DSL,Yes,Yes,0.18396069840005314,0.003947617436477771,Yes,No,False,False,False,False,True,False,False,False,True,False
9eb93765-4d1e-4278-9018-52086c75f8ce,0.3137254901960784,Female,0.3714285714285714,Unknown,No,No,0.7890858394742084,0.3833202078106017,Yes,Yes,False,False,False,False,True,False,False,False,False,True
8e4f9994-ba38-47c7-9885-6361b59d7bf8,0.07843137254901966,Female,0.7428571428571429,Unknown,Yes,No,0.5193299254243289,0.5797660668768677,No,No,True,False,False,True,False,False,True,False,False,False
8b01f088-011c-4368-9020-2d893ec61987,0.5490196078431373,Female,0.6714285714285715,Fiber optic,Yes,No,0.09278806789262872,0.22539141208454186,No,Yes,False,True,False,True,False,False,False,False,True,False
bd7c12a9-f679-4242-8454-3d21d664cb60,0.05882352941176472,Female,0.0857142857142857,Fiber optic,Yes,No,0.2557702095642746,0.018242709390644797,Yes,No,False,True,False,True,False,False,False,False,False,True
2f295175-9fbf-4679-a98e-4e94798a0450,0.17647058823529416,Female,0.8285714285714286,DSL,No,Yes,0.5181128150656134,0.6540545976762201,Yes,No,True,False,False,True,False,False,False,False,False,True
3a0d4d14-185f-422f-8d53-fc9327c7c095,0.5030496196232563,Female,0.9714285714285714,Fiber optic,No,Yes,1.0000000000000002,0.9999999999999999,Yes,No,False,False,False,True,False,False,False,True,False,False
fd3ed952-5873-4e65-82ed-0b2034b4b1c3,0.17647058823529416,Female,0.14285714285714285,DSL,No,No,0.34284892341056455,0.06636052228334613,Yes,Yes,True,True,False,True,False,False,False,False,True,False
5b7d67b8-a930-4d65-80c9-4e6db8175682,0.3137254901960784,Female,0.19999999999999998,DSL,Yes,Yes,0.1132576511983005,0.04997209420687302,Yes,Yes,False,True,False,True,False,False,False,False,True,False
d6ddd534-d4a4-43f1-b46d-52c9c348ef1c,0.37254901960784315,Female,0.9,Unknown,No,No,0.4897873376264135,0.6853903774656142,Yes,Yes,False,False,False,False,True,False,False,False,False,True
23db1ec2-3860-4607-9c2c-704dbc68c751,0.5030496196232563,Male,0.028571428571428574,DSL,Yes,Yes,0.28298922304100566,0.0,No,Yes,False,False,False,False,True,False,False,False,True,False
af8fd0b2-f040-450d-9410-a8506954d8af,0.07843137254901966,Male,0.9714285714285714,Fiber optic,Yes,No,0.5660227046405097,0.8155210189903983,Yes,Yes,False,False,False,True,False,False,True,False,False,False
456cc1dd-e826-48b1-9e7a-bdbc4a95b666,0.6470588235294118,Female,0.3142857142857143,Unknown,No,Yes,0.45615083316736377,0.2104504865761407,Yes,Yes,True,False,False,True,False,False,True,False,False,False
a0ddcadf-b709-422a-b3cd-bc10d7edf8d7,0.5030496196232563,Male,0.7428571428571429,DSL,No,No,0.7026710040053996,0.7240022273224864,Yes,Yes,True,True,False,True,False,False,True,False,False,False
257adb77-fe27-4f04-b34f-95e9155c670b,0.019607843137254943,Female,0.5142857142857143,Unknown,Yes,Yes,0.9514041027683731,0.6279545680192863,Yes,No,False,False,False,True,False,False,False,True,False,False
01fe5029-d09e-4e58-ae9e-42a028dd58fd,0.23529411764705888,Female,0.11428571428571427,Unknown,Yes,No,0.1616101263581845,0.022349054078760207,No,Yes,False,False,False,True,False,False,False,True,False,False
8c164f74-16c8-44f4-b2e7-17f55bf2502d,0.823529411764706,Male,0.19999999999999998,Fiber optic,Yes,Yes,0.8483923078625331,0.20940622834168257,Yes,No,True,False,False,False,False,True,False,False,False,True
be331975-fd5b-4219-9479-cbcaf49a9d69,0.823529411764706,Female,0.028571428571428574,DSL,Yes,Yes,0.9901303414547791,0.020059718718601967,No,No,False,True,True,False,True,False,False,True,False,False
a1aae2a8-5b55-4a91-963b-544dd8aca2b8,0.9215686274509803,Female,0.9857142857142858,Fiber optic,Yes,No,0.3531390382615239,0.6095932951552522,Yes,No,True,True,False,False,False,True,False,False,True,False
fafc11aa-9938-41c1-badb-61873c14d7c8,0.1960784313725491,Male,0.22857142857142856,Fiber optic,No,No,0.06556905441589772,0.052121659618726855,No,No,False,False,False,False,True,False,True,False,False,False
bd0a58a1-9c4f-4a40-808b-a2dcf51e7335,0.9803921568627451,Male,0.35714285714285715,Fiber optic,Yes,No,0.8491668326362611,0.3915280775334427,No,No,False,False,False,False,False,True,False,False,False,True
349bcea1-d541-4e2b-b691-68b2f0c89871,0.5030496196232563,Female,0.2857142857142857,DSL,No,Yes,0.715505985970037,0.26597128707558526,Yes,No,False,False,False,False,True,False,False,True,False,False
66dadb17-025f-4f4f-8519-fa5f99fa42f6,0.5030496196232563,Male,0.2857142857142857,Unknown,No,Yes,0.17510898670030323,0.10532260028654444,Yes,Yes,False,False,False,False,False,True,False,False,False,True
041ccd18-eadc-4bc3-a6ac-8249362137b8,0.2941176470588236,Male,0.14285714285714285,DSL,Yes,Yes,0.4323618579742858,0.08114721888327345,No,No,True,True,False,True,False,False,True,False,False,False
487dfdb0-31d2-45d7-8f15-3e62c4710c48,0.5882352941176471,Female,0.5285714285714286,Fiber optic,No,Yes,0.5793002721901348,0.43733406335016667,Yes,No,False,False,False,True,False,False,False,True,False,False
bc9e0528-f67b-4f69-8690-7da7e2c10f70,0.1960784313725491,Male,0.4857142857142857,DSL,Yes,No,0.12775232910664103,0.1759417683051239,No,Yes,False,False,False,True,False,False,True,False,False,False
68db78f2-1c7b-4c95-b796-25df3d951d6e,0.2941176470588236,Male,0.1857142857142857,Fiber optic,Yes,Yes,0.7307751886521057,0.17307086143592895,Yes,Yes,False,False,False,False,False,True,True,False,False,False
12c1aaa4-ab45-44a9-b1dc-aa833cf47204,0.13725490196078433,Female,0.1857142857142857,Unknown,Yes,Yes,0.7031135895903871,0.16418984678964493,Yes,No,False,False,False,True,False,False,False,False,True,False
a7ebafba-d48c-47fa-94a5-f83955bb6235,0.05882352941176472,Male,0.12857142857142856,DSL,Yes,Yes,0.9213082829892232,0.13790345720163855,Yes,No,True,True,True,True,False,False,False,False,True,False
09cf7af5-994a-4b0c-8ccf-f5dfa3b8a7b7,0.5030496196232563,Male,0.15714285714285714,DSL,No,Yes,0.5674611077917193,0.11466630165824993,No,No,False,False,False,True,False,False,False,True,False,False
53a1d157-7428-41ba-ae48-2fa25c2c2130,0.05882352941176472,Female,0.5285714285714286,Fiber optic,No,Yes,0.5752063555290006,0.4355507915959382,Yes,Yes,False,False,False,False,True,False,True,False,False,False
f6660849-bc10-47e6-8b6c-e09d7f720303,0.47058823529411764,Female,0.4714285714285714,Fiber optic,Yes,Yes,0.6251078802363408,0.41155534391922,Yes,No,False,False,False,True,False,False,False,False,False,True
afd2dcb8-c8b8-40eb-abbc-1963e57ec935,0.03921568627450983,Female,0.5714285714285715,Fiber optic,No,Yes,0.24271393480714337,0.2750225961416425,No,Yes,False,False,False,False,True,False,False,False,True,False
67323b12-3a16-4535-ba45-9520a785de31,0.607843137254902,Male,0.12857142857142856,Fiber optic,Yes,Yes,0.7791276638119897,0.11906343210088369,Yes,No,False,False,True,False,False,True,False,False,True,False
b36a3da8-50c1-455d-a8b9-edd28e51097e,0.03921568627450983,Female,0.22857142857142856,DSL,No,No,0.6727964770187436,0.2029639583106408,Yes,Yes,True,False,False,False,False,True,False,False,True,False
465ff1ed-341f-463e-b284-914f92f34ab4,0.5098039215686275,Female,0.22857142857142856,Unknown,Yes,Yes,0.8681980127907234,0.9999999999999999,Yes,No,False,True,False,True,False,False,False,False,False,True
e81aa77b-1317-45ae-85f7-0953e91818f0,0.5490196078431373,Male,0.9428571428571428,Unknown,Yes,Yes,0.7901923034366771,0.9999999999999999,No,Yes,True,True,False,True,False,False,False,False,True,False
c5509436-90a5-4b43-990f-229e20893ec7,0.607843137254902,Female,0.8714285714285714,Fiber optic,Yes,No,0.6463519883157407,0.7997816375704191,No,Yes,False,False,False,True,False,False,False,False,True,False
df73ab0b-3a9c-4701-b463-cfb5dfb3b9dd,0.9607843137254902,Female,0.0,Unknown,Yes,No,0.1177941534444224,0.0,Yes,Yes,True,True,False,True,False,False,False,False,True,False
3cfffe2f-9860-4d05-bd37-ba7ce44db58f,0.9803921568627451,Female,0.15714285714285714,Fiber optic,Yes,No,1.0000000000000002,0.17882713413448825,Yes,Yes,True,True,False,True,False,False,False,False,False,True
dbe3937e-a0fd-4522-aecb-563e54817bf5,0.3529411764705882,Female,0.04285714285714286,Fiber optic,No,No,0.3460576689017239,0.0013433980548521532,No,No,True,False,False,False,True,False,False,False,True,False
a5ee6cf7-170f-4fc8-9219-70d82afddf89,0.3921568627450981,Male,0.5857142857142857,DSL,Yes,Yes,1.0000000000000002,0.7494644561808359,No,Yes,True,False,False,True,False,False,False,False,False,True
d3ae587b-d190-4ec3-8bf7-e175a7859905,0.07843137254901966,Female,0.17142857142857143,Fiber optic,No,No,0.3844519683993893,0.09050055956175856,Yes,Yes,True,True,False,False,False,True,False,True,False,False
a85ae283-62b4-4c77-b65b-561a12c84830,0.33333333333333337,Female,0.04285714285714286,Fiber optic,No,Yes,0.10119719400739124,0.0,Yes,Yes,False,True,False,False,False,True,False,False,False,True
b64dfac0-dc02-4c6b-8a12-eee2b3a19f7a,0.5294117647058824,Male,0.9714285714285714,DSL,Yes,Yes,0.9187634158755451,0.9999999999999999,Yes,No,True,True,False,True,False,False,False,True,False,False
d12fa5ab-4d1e-45e2-8a49-ea23ca32a066,0.8039215686274509,Female,0.2571428571428571,Fiber optic,Yes,No,1.0000000000000002,0.2721854268461762,No,Yes,False,False,False,False,False,True,False,True,False,False
5d518e36-03c9-4ab3-a6c7-e5342ca35709,0.4117647058823529,Male,0.014285714285714285,Fiber optic,No,Yes,0.8097767155723739,0.31036190134683606,No,Yes,True,True,True,False,True,False,False,False,True,False
ef8544c0-14ca-4f14-a5f1-9f722adc3489,0.3921568627450981,Male,0.15714285714285714,Fiber optic,Yes,No,0.038681980127907245,0.02311698551886942,Yes,No,True,False,False,True,False,False,False,False,True,False
8909956a-7c12-46b7-b882-e1c8a4c266e7,0.09803921568627455,Male,0.07142857142857142,Fiber optic,Yes,No,0.912677864081967,0.07197059882908127,Yes,No,False,False,True,True,False,False,False,False,False,True
832f9967-4093-46d1-aeae-36f8e4a44993,0.0,Female,0.09999999999999999,Unknown,Yes,Yes,0.5996592090995596,0.06968608312231284,Yes,No,True,True,True,True,False,False,False,False,True,False
0db32131-5007-48a5-854e-bb25e66a89e0,0.07843137254901966,Male,0.7142857142857143,DSL,Yes,No,0.4602447498284982,0.5143007148831218,Yes,No,True,True,False,True,False,False,False,False,False,True
c8a07ed7-1013-4728-87ef-9695b61b4374,0.5030496196232563,Male,0.14285714285714285,Fiber optic,No,Yes,0.9501869924096573,0.16157438155010975,Yes,Yes,False,False,True,False,True,False,False,False,True,False
d22609bd-6048-49de-a897-4b91a435a550,0.21568627450980393,Male,0.8857142857142858,Fiber optic,Yes,Yes,0.6766691008873842,0.8419295064642797,No,No,True,True,False,True,False,False,True,False,False,False
9557e762-e3c0-4bea-8129-12573608fde2,0.4901960784313726,Female,0.8,Fiber optic,Yes,No,0.08692380889154439,0.2696502891631378,Yes,No,False,False,False,False,True,False,False,False,True,False
e3c50ede-1f49-49e4-bd62-170cfeaf91c5,0.8823529411764707,Female,0.15714285714285714,Fiber optic,Yes,Yes,0.5145721303857134,0.10208861286198409,No,No,True,False,False,True,False,False,False,True,False,False
86f36418-fb6d-48ff-99d1-6f09e7d89e31,0.6470588235294118,Female,0.014285714285714285,DSL,No,No,0.644139060390803,0.0,Yes,Yes,False,True,True,True,False,False,False,False,True,False
a6461365-c3c2-43fd-a627-e7384f9c17a8,0.9411764705882354,Female,0.09999999999999999,Unknown,No,Yes,0.9340326185576138,0.10373050811677828,No,No,True,True,True,True,False,False,False,True,False,False
d9872355-644d-4719-b221-84c66469aa31,0.2549019607843137,Female,0.14285714285714285,Fiber optic,Yes,Yes,0.2494633649782027,0.05007973313257869,No,Yes,False,False,False,True,False,False,False,False,True,False
2ddf6507-9d51-449f-b739-aec4a19b874f,0.4901960784313726,Female,0.7428571428571429,Unknown,Yes,No,0.818517780875877,0.8099848437966402,Yes,No,True,True,False,True,False,False,False,False,True,False
df2d8a1f-f255-4d58-95f1-18622227a417,0.8627450980392156,Female,0.12857142857142856,Fiber optic,Yes,Yes,0.8247139790657021,0.125542652807914,No,Yes,True,True,True,True,False,False,False,False,True,False
34b2bb95-2789-467d-8629-8c0e0709aca3,0.5098039215686275,Male,0.09999999999999999,Fiber optic,Yes,Yes,0.08139148907920069,0.007512554393804882,Yes,Yes,False,True,False,False,False,True,False,False,True,False
5b9daf21-a08d-44f3-8077-29b660a8b385,0.1568627450980392,Male,0.49999999999999994,Unknown,Yes,Yes,0.0,0.09010213488153451,No,No,False,False,False,False,True,False,False,False,True,False
c8d4fdfc-c5c9-462e-9690-1648796308dc,0.4901960784313726,Male,0.1857142857142857,Fiber optic,No,No,0.5830622496625286,0.13816371848468811,No,Yes,True,False,False,True,False,False,True,False,False,False
7fe5411e-5ec1-4bd9-95a0-b4bd949d277b,0.9019607843137255,Male,0.7571428571428571,Fiber optic,Yes,Yes,0.8133174002522738,0.8215696839946057,Yes,No,True,True,False,True,False,False,False,True,False,False
c88e97ca-b8e3-47a5-b153-0a971b0ce040,0.4117647058823529,Female,0.2857142857142857,Fiber optic,Yes,No,0.5531877226758726,0.22030185810490585,No,No,False,False,False,True,False,False,True,False,False,False
73faa6f9-0e10-4418-93be-6e17fec4c558,0.9019607843137255,Male,0.7000000000000001,Unknown,No,Yes,0.8396512425590299,0.7781140824809776,No,No,True,True,False,True,False,False,False,False,True,False
2f7efa13-ea15-49bf-8403-a84a25e580c4,0.5686274509803921,Male,0.5428571428571429,Fiber optic,Yes,No,0.6283166257275001,0.4811672043793298,No,Yes,False,False,False,False,True,False,False,True,False,False
9e2d7f59-716a-4992-8614-df767c520acf,0.823529411764706,Male,0.2714285714285714,Fiber optic,Yes,No,0.662617008564031,0.23923988282458677,No,No,False,True,False,False,False,True,False,True,False,False
4e31239e-ae00-4056-9fe4-2d0142177a5e,0.9215686274509803,Male,0.0857142857142857,DSL,Yes,Yes,0.0,0.0,Yes,No,False,True,False,False,True,False,False,False,False,True
25273592-f486-4ee6-a1b8-b7554c12bef4,0.3137254901960784,Female,0.11428571428571427,Unknown,Yes,Yes,0.03779680895793225,0.0073374403206419025,No,Yes,True,False,False,True,False,False,False,False,False,True
e22484b9-ea52-4afb-800a-37b41d269b7b,0.4901960784313726,Female,0.0,DSL,No,No,0.7419504746730401,0.0,No,No,False,True,True,False,False,True,False,False,True,False
d9ec1575-ee4e-43b6-be83-1fc266a0fb81,0.6862745098039217,Female,0.35714285714285715,Fiber optic,Yes,No,0.7837748124543584,0.36785715318497153,No,Yes,True,True,False,True,False,False,False,True,False,False
8daa77a6-6c03-4ec2-bfff-4f85e02a78ae,0.0,Male,0.5285714285714286,Fiber optic,Yes,Yes,0.5396888623337539,0.4174803044864225,No,Yes,True,False,False,False,False,True,False,False,False,True
d7be389b-9479-4987-b69c-406c901946ea,0.13725490196078433,Female,0.5285714285714286,Fiber optic,Yes,No,0.5927991325322535,0.4515327622365376,Yes,No,False,False,False,True,False,False,False,True,False,False
55a8c639-451f-4faa-9c53-b10adfd9d8d4,0.9411764705882354,Male,0.8571428571428572,Fiber optic,No,No,0.619575560423997,0.76133686903106,Yes,No,False,False,False,True,False,False,False,False,True,False
e69932d8-331a-42ec-a606-eb64e13721c5,0.6666666666666666,Female,0.6142857142857143,DSL,Yes,No,0.05594281794241962,0.18007542436244822,No,Yes,True,False,False,True,False,False,False,False,True,False
1b472744-ac61-4d09-a780-c68be16396ea,1.0,Female,0.6142857142857143,Fiber optic,Yes,No,0.6787713824160748,0.5780438440655767,No,Yes,True,False,False,True,False,False,False,False,True,False
40e3fa55-a6c1-4bf3-ae8a-de821d573b2c,0.27450980392156865,Female,0.8714285714285714,Fiber optic,No,Yes,0.4692071079244949,0.6387056081808153,Yes,No,False,True,False,False,True,False,False,False,True,False
14531aef-1a07-4666-a6e3-8c09a26f3780,0.9019607843137255,Female,0.07142857142857142,Unknown,Yes,No,0.6064086392706189,0.04357159450520955,No,Yes,True,True,True,False,True,False,True,False,False,False
fda5b86d-a3f1-4902-a3c8-50fe19092ab0,0.4117647058823529,Female,0.22857142857142856,DSL,No,Yes,0.5628139591493506,0.1727736494768909,No,Yes,False,True,False,True,False,False,False,False,False,True
005fbbf3-23c1-4b14-97c5-a35ead13fdc6,0.2549019607843137,Male,0.7142857142857143,Unknown,Yes,Yes,0.7839961052468523,0.7502516662345043,No,No,False,True,False,False,True,False,False,False,True,False
472d24f2-f693-41fd-9185-992bb52ff171,0.4901960784313726,Female,0.5285714285714286,Fiber optic,Yes,Yes,0.29228352032574306,0.28276617258793213,No,Yes,False,False,False,True,False,False,False,False,False,True
fff5cd9c-5585-406e-913f-921b84e4b035,0.5294117647058824,Male,0.32857142857142857,Unknown,Yes,Yes,0.35302839186527696,0.18515373248417466,No,No,True,True,False,True,False,False,False,False,True,False
4e0a4800-77f4-4239-8140-848d76bb9d63,0.43137254901960786,Male,0.7142857142857143,Fiber optic,Yes,Yes,0.37305538958596124,0.449603294329485,No,Yes,False,False,False,False,False,True,False,True,False,False
a81c99d1-8c0e-4170-9c5f-280b70cd8012,0.2549019607843137,Male,0.12857142857142856,Fiber optic,Yes,Yes,0.7834428732656178,0.12076798284974538,No,No,False,True,True,False,False,True,False,True,False,False
25e55612-555c-4443-aed9-5bd58c34b5ff,0.4509803921568628,Male,0.2857142857142857,Unknown,Yes,Yes,0.4167607161034766,0.17738123811754622,Yes,Yes,True,True,False,True,False,False,False,False,True,False
aa891e25-f42c-4afa-934b-7012b7291278,0.019607843137254943,Male,0.9857142857142858,Unknown,Yes,No,0.135718869636416,0.38853185967611276,Yes,No,False,False,False,True,False,False,False,True,False,False
0af2cbbb-a763-408e-95f6-edc756361d62,0.8627450980392156,Female,0.8,Fiber optic,Yes,Yes,1.0000000000000002,0.9999999999999999,Yes,Yes,True,True,False,True,False,False,False,False,True,False
b22a78fc-094b-4695-86c9-a1dd97e5c62e,0.4901960784313726,Female,0.5428571428571429,DSL,Yes,Yes,0.4856934209652793,0.39604248620856175,Yes,No,True,True,False,False,True,False,True,False,False,False
30442283-7083-4318-87b8-9faac3182ce6,0.2549019607843137,Female,0.45714285714285713,Fiber optic,No,Yes,0.06058996658478838,0.1269098278194892,Yes,No,False,False,False,False,False,True,False,True,False,False
9e864275-5fd2-42ed-8b40-a7bad45db9ec,0.9803921568627451,Female,0.8285714285714286,Fiber optic,Yes,Yes,0.6814268959259997,0.7882225021905325,No,No,False,False,False,True,False,False,False,False,True,False
6ad32a05-f4d9-455b-ade7-5c7c4f0d2e30,0.11764705882352944,Male,0.24285714285714283,DSL,No,Yes,0.7576622629400962,0.23952102927232552,No,Yes,True,False,False,False,False,True,False,False,True,False
e4c0284f-e639-41bd-8a7f-4d89f5b0bc20,0.03921568627450983,Female,0.7857142857142857,DSL,Yes,Yes,0.4932173759100666,0.5939615526609787,Yes,No,False,False,False,True,False,False,False,False,True,False
e39e26fe-dfb0-4cce-8227-268c0a8dd837,0.9019607843137255,Female,0.8,Unknown,Yes,No,0.6550930536192436,0.7406043266992409,No,Yes,False,False,False,True,False,False,False,False,True,False
a050afdd-6738-4f32-b59d-5592776e3e52,0.43137254901960786,Male,0.6714285714285715,DSL,Yes,No,0.13085042820155351,0.25169386718384756,Yes,No,False,True,False,False,False,True,False,False,False,True
28e4e19b-8df1-47b7-a05c-990124784928,0.8823529411764707,Male,0.5857142857142857,Fiber optic,No,No,0.346832193675452,0.3492099142198089,Yes,Yes,True,True,False,True,False,False,False,True,False,False
070b145e-446a-4c70-8a2c-d84b621d61c9,0.823529411764706,Female,0.3714285714285714,DSL,No,Yes,0.1187899710106442,0.12196646999267732,No,Yes,True,False,False,True,False,False,False,False,False,True
221e1da6-1518-4725-8b53-86e189553737,0.9019607843137255,Female,0.7285714285714286,Fiber optic,Yes,Yes,0.3681869481510987,0.45600700713340825,Yes,Yes,True,True,False,False,True,False,False,True,False,False
9771694f-764a-448d-b1b8-3dd9a108b9fb,0.8627450980392156,Male,0.5857142857142857,DSL,No,Yes,0.56248201996061,0.4818178575869537,No,No,False,True,False,True,False,False,False,True,False,False
449b616a-d1ab-49d2-8c8c-6fbfae1f6d56,0.33333333333333337,Female,0.44285714285714284,DSL,Yes,No,0.42937440527562026,0.2960635962904091,Yes,No,True,True,False,True,False,False,False,False,True,False
31d36c74-d50c-486b-99f5-f0e8331415df,0.7254901960784313,Female,0.35714285714285715,Fiber optic,Yes,Yes,0.5961185244196596,0.29519123902685407,No,Yes,True,True,False,False,False,True,False,False,False,True
1899cc28-8e38-49d0-8359-950ef2761786,0.6666666666666666,Female,0.34285714285714286,Unknown,No,Yes,0.4949877182500167,0.24742044117821885,No,No,False,False,False,False,True,False,True,False,False,False
f374a79c-1458-466c-addf-49bfd39b1111,0.9803921568627451,Female,0.3142857142857143,DSL,No,Yes,0.29139834915576807,0.1602666489303422,Yes,No,False,True,False,False,False,True,False,False,False,True
97566634-3f08-4c03-b735-3faa0f8ade3d,0.27450980392156865,Male,0.8,Fiber optic,No,Yes,0.0984310341012194,0.28042060793822615,No,No,False,True,False,True,False,False,False,False,True,False
ee8461ed-61b9-403f-8589-d86d3eabbdc7,0.47058823529411764,Male,0.7285714285714286,Fiber optic,Yes,No,0.21936754519905294,0.34348255944158845,Yes,Yes,False,False,False,True,False,False,False,True,False,False
8088cb96-9f0c-451d-bf73-ee624b588adc,0.7058823529411765,Male,0.42857142857142855,Unknown,Yes,No,0.16183141915067828,0.16240818158654635,No,No,False,False,False,False,False,True,True,False,False,False
5c012516-60c4-4b48-b8fa-f6ade85322e5,0.5294117647058824,Female,0.9,Fiber optic,Yes,No,0.7224767089335902,0.8991950214908344,No,No,False,False,False,True,False,False,False,False,False,True
ab092aea-bb6e-4808-8e9d-eab87f9d2a1f,0.17647058823529416,Female,1.0,Fiber optic,Yes,Yes,0.8470645511075705,0.9999999999999999,No,Yes,False,False,False,True,False,False,True,False,False,False
4c68c219-a3a4-405b-b79d-6f640b1ee8b0,0.7450980392156864,Female,0.45714285714285713,Fiber optic,No,No,0.736860740445684,0.4535136397797482,Yes,No,False,False,False,True,False,False,False,False,True,False
a57300d6-3af9-4ef8-8cb4-829232f613fb,0.3137254901960784,Female,0.014285714285714285,Unknown,Yes,No,0.6519949545243313,0.0,Yes,Yes,False,False,True,True,False,False,False,False,False,True
bde9ad98-051d-4db1-af26-d4250a3c679b,0.7450980392156864,Female,0.24285714285714283,DSL,Yes,No,0.28044435592732747,0.11647527823055742,No,No,True,True,False,True,False,False,False,True,False,False
6726dbdd-2459-40ac-bc12-0c09632e8d1a,0.4117647058823529,Male,0.6571428571428571,Fiber optic,Yes,Yes,0.7264599791984776,0.6543003999991003,Yes,No,True,True,False,False,False,True,False,True,False,False
a84ba6ae-a6c2-4f0a-bf90-d3e0c72c82d2,0.4901960784313726,Female,0.45714285714285713,Unknown,Yes,Yes,0.6092854455730379,0.39387524873427865,Yes,Yes,False,False,False,False,False,True,False,False,True,False
d0707a42-c573-4e3a-8d9a-5feaa8cbc247,0.8431372549019608,Female,0.4857142857142857,Fiber optic,Yes,No,0.0,0.10398755629756798,No,Yes,False,True,False,True,False,False,False,False,False,True
5d2cedb2-ac1b-4c0a-a6ff-4ab0a83d6946,0.47058823529411764,Male,0.7142857142857143,Fiber optic,Yes,Yes,0.9439907942198325,0.8723399128028307,No,Yes,False,True,False,False,True,False,True,False,False,False
2a97feb0-ee7d-45d2-802b-2c290fe0e708,0.3137254901960784,Female,0.24285714285714283,Fiber optic,No,No,0.028281218880701064,0.047035318741350716,Yes,Yes,False,True,False,False,False,True,False,False,True,False
c6549730-2d0f-416d-acfe-cef596abd27c,0.23529411764705888,Male,0.41428571428571426,Fiber optic,Yes,No,0.4959835358162385,0.30351317387992055,Yes,No,False,True,False,False,True,False,False,False,True,False
1d14dc24-b400-41dd-92d4-7bcdf8876554,0.37254901960784315,Male,0.6142857142857143,Fiber optic,No,Yes,0.5074907610259134,0.4690473826550956,No,No,True,True,False,True,False,False,False,False,False,True
e9ac4edf-6727-4a80-8e28-5ca07646380d,0.47058823529411764,Male,0.7428571428571429,Fiber optic,Yes,Yes,0.8658744384695392,0.8487702011755455,No,Yes,False,True,False,True,False,False,True,False,False,False
1e35fbd2-0989-4879-a723-6053a2316a4d,0.05882352941176472,Male,0.12857142857142856,Fiber optic,Yes,Yes,0.9500763460134105,0.14305084702195223,No,No,True,True,True,True,False,False,False,False,True,False
a6c282ba-486b-477c-a6d3-3d2602062642,0.17647058823529416,Male,0.7285714285714286,Fiber optic,Yes,No,0.9795082874150789,0.9175161305766201,Yes,Yes,False,True,False,True,False,False,False,False,True,False
2d730112-2c2d-4437-8b55-159c803b004c,0.03921568627450983,Female,0.6857142857142857,Unknown,No,No,0.5701166213016442,0.5710939038774753,Yes,No,False,True,False,True,False,False,False,False,True,False
ea7d4101-8d1b-4f4b-bbc3-bc2e48874ad3,0.7843137254901961,Male,0.14285714285714285,DSL,Yes,Yes,0.691053132399478,0.12194076517459837,Yes,Yes,False,False,True,True,False,False,False,False,True,False
165afaa3-0dd7-4b96-a9c9-05309d744fcf,0.8627450980392156,Male,0.9285714285714286,Fiber optic,Yes,Yes,0.03768616256168539,0.26997159938912496,No,No,False,False,False,True,False,False,False,False,True,False
411bfa0b-4927-4b07-bb6f-d007b041cc0c,0.33333333333333337,Female,0.8142857142857143,Fiber optic,Yes,Yes,0.47960786917170123,0.6028216821425737,Yes,Yes,True,False,False,True,False,False,False,False,True,False
4d41812a-74a6-4bf8-8def-7cc7dd9460cf,0.9019607843137255,Female,0.49999999999999994,Fiber optic,Yes,No,0.9332580937838857,0.5995298588773356,No,Yes,False,False,False,True,False,False,False,False,True,False
840e978f-abf3-4569-8a1d-01f1ce9a8051,0.6862745098039217,Male,0.45714285714285713,DSL,No,Yes,0.44397972958020754,0.3133147423236577,No,No,True,False,False,True,False,False,False,True,False,False
0c9a1fbd-f72a-405e-bd5f-0462b2eb522c,0.9019607843137255,Female,0.6571428571428571,Fiber optic,No,Yes,0.016773993671026166,0.17016782354413532,No,Yes,False,False,False,False,True,False,False,False,True,False
09ca631d-0e9f-42b8-8332-f077fca51c97,0.4117647058823529,Female,0.17142857142857143,Unknown,Yes,No,0.16172077275443142,0.047602431290217996,Yes,No,False,True,False,True,False,False,False,False,False,True
97f20b9d-3ce8-4ca2-a4b8-610734e89b62,0.6470588235294118,Male,0.5571428571428572,Fiber optic,Yes,Yes,0.4149903737635266,0.37045012670868754,No,No,False,False,False,False,False,True,False,True,False,False
e4624312-5102-477c-9e8a-8f5b68c39944,0.9019607843137255,Male,0.9571428571428572,Unknown,No,Yes,0.202549292969528,0.4448221981667966,No,No,True,False,False,False,False,True,True,False,False,False
153871f9-8ccb-4a8b-b9f4-074ae7780fa5,0.13725490196078433,Female,0.5857142857142857,Unknown,Yes,Yes,0.3738299143596893,0.3659116197666195,Yes,No,True,True,False,False,True,False,True,False,False,False
fd8a783e-fac2-49a0-bf81-6f8f9b915efa,0.7647058823529412,Male,0.2571428571428571,DSL,Yes,Yes,0.3082166013852929,0.12647445246327663,Yes,Yes,False,False,False,False,True,False,False,False,False,True
fd54174e-5f18-4104-94d4-acd6b455d1c4,0.9411764705882354,Male,0.2571428571428571,DSL,Yes,Yes,0.2926154595144837,0.1223440095082122,No,No,False,False,False,False,False,True,False,False,True,False
ca2b8e22-c07f-47d7-8f8f-1ebe9168a027,0.8431372549019608,Female,0.8142857142857143,Unknown,Yes,No,0.040673615260351015,0.23708871086160296,Yes,No,False,True,False,True,False,False,True,False,False,False
df2a6ca8-1f7d-473b-9e80-bcd6259a8eb5,0.3529411764705882,Male,0.3142857142857143,Unknown,Yes,No,0.9164398415543606,0.3677254159923168,Yes,Yes,False,False,False,False,False,True,True,False,False,False
b86bea22-ff6d-40d6-b90c-30bb0827d823,0.8039215686274509,Male,0.7571428571428571,DSL,No,No,0.7062116886852996,0.7395231177887944,Yes,No,False,True,False,False,True,False,False,False,True,False
44b54f6e-2ca7-441d-9534-409252a8cbc4,0.7843137254901961,Male,0.9142857142857143,DSL,Yes,No,0.6295337360862157,0.8246269507948731,Yes,No,False,True,False,False,True,False,False,False,False,True
777a835d-716b-426c-a9fe-ccd5e30042ce,0.7058823529411765,Male,0.15714285714285714,DSL,Yes,Yes,0.610834495120494,0.11833084478563305,No,No,True,True,False,True,False,False,False,True,False,False
90c27f5d-1f87-48fb-b981-0b7822f193d2,0.09803921568627455,Male,0.32857142857142857,Unknown,No,Yes,0.378477063002058,0.19445887662876168,No,Yes,True,False,False,True,False,False,False,False,True,False
b2c8421d-a6c7-45fe-a354-ecafd0d3d838,1.0,Female,0.4714285714285714,DSL,Yes,Yes,0.8507158821837173,0.5228555996500288,No,No,False,False,False,False,True,False,False,False,False,True
ca3818a8-88cf-4468-8321-4dd762deecba,0.4901960784313726,Female,0.7428571428571429,Fiber optic,Yes,No,0.9687755869791321,0.9272566500774196,No,Yes,True,False,False,False,True,False,False,False,False,True
59762a7f-c705-43be-8daa-2a0cb07d99e3,0.6470588235294118,Male,0.09999999999999999,Unknown,Yes,No,0.0,0.0,No,No,True,False,False,False,True,False,False,True,False,False
bff14025-d12a-4573-bac4-1cda7b2a8d2c,0.5030496196232563,Female,0.24285714285714283,DSL,Yes,Yes,0.027396047710726124,0.04526007974277187,No,No,True,True,False,True,False,False,False,True,False,False
fc7f6786-dfd7-449a-97a2-90d17d03cac9,0.09803921568627455,Male,0.8,Fiber optic,No,Yes,1.0000000000000002,0.7646961674437553,Yes,Yes,True,True,False,True,False,False,True,False,False,False
703cad97-3d4a-46d7-af7e-e72260e1b77f,0.7058823529411765,Male,0.05714285714285714,DSL,No,Yes,0.2010002434220718,0.0015908069288622304,No,No,False,False,False,True,False,False,False,False,True,False
272f633e-a095-4fbc-9832-867eb1cc4550,0.5030496196232563,Male,0.35714285714285715,Unknown,Yes,Yes,0.9485272964659544,0.4280305257567096,Yes,No,True,False,False,True,False,False,False,False,True,False
624ca19f-551e-4428-a9cf-6af56ea8b3ea,0.4117647058823529,Male,0.41428571428571426,DSL,No,No,0.6782181504348404,0.3821875892639971,Yes,No,True,False,False,True,False,False,False,False,True,False
ada474d4-a75f-4d52-8a3d-cf1cd036baf9,0.3921568627450981,Male,0.7571428571428571,Fiber optic,Yes,Yes,0.34727477926043954,0.4585244727540173,Yes,Yes,False,True,False,True,False,False,True,False,False,False
ad5c4bc2-e8dc-4931-858b-e147b6d79930,0.09803921568627455,Female,0.17142857142857143,Fiber optic,No,No,0.3992785854964704,0.09282684559790533,Yes,No,False,False,False,True,False,False,True,False,False,False
7212e10d-029c-4c2b-a1c3-aa4c9d9459e1,0.09803921568627455,Female,0.39999999999999997,DSL,Yes,Yes,0.7042200535528558,0.383909812075288,Yes,No,False,True,False,True,False,False,False,True,False,False
e7bd9d87-7e78-464d-b75a-3372a622c631,0.9215686274509803,Male,0.028571428571428574,DSL,Yes,No,0.0957755205912944,0.0,Yes,No,True,True,False,True,False,False,False,False,False,True
1763e40d-8061-4b0d-829c-102b2734c2cd,0.05882352941176472,Female,0.8142857142857143,Fiber optic,Yes,No,0.917214366328089,0.9745888594675826,No,Yes,True,False,False,False,False,True,True,False,False,False
a007ec54-521e-4255-b419-bef63132ae59,0.5686274509803921,Male,0.014285714285714285,DSL,Yes,No,0.0,0.0,Yes,Yes,True,False,False,False,True,False,False,False,False,True
4a7db968-c21c-4fff-991e-c852d6adb7b3,0.1960784313725491,Female,0.3857142857142857,Unknown,Yes,Yes,1.0000000000000002,0.4915760491501826,No,No,True,True,False,False,True,False,False,False,True,False
0ebc5ccf-7c7f-4e7c-aa0f-1ae4bedb1977,0.5686274509803921,Male,0.014285714285714285,Unknown,Yes,Yes,0.1252074619929629,0.10295615047214932,No,Yes,True,False,False,True,False,False,False,False,False,True
88e54b43-6a27-4ec3-9467-a431d4416446,0.5882352941176471,Female,0.0857142857142857,Fiber optic,No,Yes,0.7608710084312555,0.07181958302286731,No,No,False,False,True,False,True,False,False,False,False,True
aec5ae25-a3e7-405c-b7f1-78c240a8dc38,0.4509803921568628,Male,0.35714285714285715,Fiber optic,Yes,Yes,0.0,0.06513954342459508,Yes,Yes,False,True,False,True,False,False,False,True,False,False
65aaef4f-79d2-4df0-b11e-c2fdfe0358f8,0.1568627450980392,Male,0.21428571428571427,Fiber optic,No,No,0.41709265529221723,0.1282593307686351,No,No,False,False,False,False,False,True,False,False,True,False
33a6b20a-69cc-4816-9e20-f9ec887af91f,0.03921568627450983,Female,0.3142857142857143,Unknown,Yes,No,0.6371683374272501,0.2729565713885453,Yes,No,False,True,False,False,True,False,False,True,False,False
393f68f2-5708-4011-8aac-96cd631839bb,0.5030496196232563,Female,0.5571428571428572,Fiber optic,Yes,Yes,0.017437872048507386,0.13801752233186398,No,No,False,False,False,True,False,False,False,False,False,True
b608083a-07f8-4e64-b91c-16145ebbd11a,0.5882352941176471,Male,0.8428571428571429,DSL,No,Yes,0.43025957644559515,0.5857568960403976,No,Yes,False,False,False,False,False,True,False,False,True,False
a75256d2-f8f3-4183-b510-6ccf8e097c1f,0.7647058823529412,Female,0.44285714285714284,DSL,Yes,Yes,0.2751333289074775,0.22537695312437242,Yes,No,False,True,False,True,False,False,False,False,True,False
93f279ce-00ac-413a-aefc-d5f33ee21e26,0.5030496196232563,Male,0.19999999999999998,Fiber optic,No,No,0.49100444798512904,0.1340348820807536,Yes,No,False,False,False,True,False,False,False,False,True,False
28662b40-a1fe-4924-a861-8a5652219231,0.6862745098039217,Female,0.17142857142857143,Fiber optic,No,No,0.498085817344929,0.11180021444244481,Yes,No,True,True,False,False,True,False,False,False,False,True
d437bbe7-42c9-4479-a55d-43c0295a66f5,0.4509803921568628,Female,0.05714285714285714,Fiber optic,Yes,Yes,0.8085596052136583,0.044665655824695706,No,Yes,True,True,True,True,False,False,False,False,True,False
66da215f-5e8c-4d7a-9a39-424e59f3e5e0,0.5882352941176471,Male,0.7285714285714286,DSL,Yes,Yes,0.0764124012480914,0.23752408621781554,No,No,False,False,False,True,False,False,False,False,False,True
572c42bb-dc88-4c28-a785-a9905e9e36a8,0.09803921568627455,Female,0.5714285714285715,Fiber optic,Yes,No,0.03126867157936669,0.15251985938179272,No,No,True,True,False,False,True,False,False,True,False,False
09e91ef5-90d9-4fe1-b649-3c3de8cd4caf,0.019607843137254943,Female,0.7428571428571429,DSL,Yes,No,0.3844519683993893,0.47568243882172967,Yes,Yes,False,True,False,True,False,False,True,False,False,False
9cef3e29-e825-4fc1-9164-1d177da9ce96,0.37254901960784315,Male,0.7000000000000001,DSL,Yes,Yes,0.9217508685742106,0.8395550238942349,Yes,No,False,False,False,False,True,False,True,False,False,False
a03bf2a2-4165-4f53-a8e1-5c58eddbc7e7,0.5294117647058824,Female,0.19999999999999998,Fiber optic,No,No,0.8861227289827172,0.2200881868046244,Yes,Yes,False,False,False,False,False,True,False,False,True,False
063a071f-ac99-493d-9dbb-909d8f733590,0.1960784313725491,Male,0.0857142857142857,DSL,Yes,No,0.5593839208656974,0.05238834710629616,No,No,True,False,True,True,False,False,False,False,False,True
55805618-7c1a-416b-a5c7-b356e6d3d931,0.05882352941176472,Male,0.5571428571428572,Fiber optic,Yes,Yes,0.92318927172542,0.6647879657753198,Yes,No,False,False,False,True,False,False,False,False,True,False
439d051b-4ae9-4323-97c6-5df1a352f23d,0.27450980392156865,Male,0.3857142857142857,Fiber optic,Yes,Yes,0.8307995308592799,0.4166754223703248,Yes,Yes,False,False,False,True,False,False,False,True,False,False
19c08b83-c20b-4e02-9db9-7c9197318a95,0.09803921568627455,Male,0.44285714285714284,Fiber optic,No,Yes,0.24725043705326516,0.20853869073151732,No,Yes,False,False,False,True,False,False,False,False,True,False
3cf7a30c-9652-46a3-84ea-c074025c412c,0.9411764705882354,Male,0.19999999999999998,Fiber optic,Yes,Yes,0.12797362189913475,0.05312093442154681,No,No,True,True,False,True,False,False,False,False,False,True
ac126f26-6240-47fe-85e7-3c42ce2c73a6,0.5686274509803921,Female,0.9857142857142858,DSL,Yes,Yes,0.27303104737878686,0.5306329136700471,No,Yes,False,False,False,True,False,False,False,False,False,True
936616df-de5e-4c9e-b812-0756a1cee3ea,0.7254901960784313,Male,0.9142857142857143,DSL,Yes,Yes,0.1910420677598531,0.4113705905392774,Yes,Yes,False,True,False,True,False,False,False,False,False,True
620e0420-b011-4a13-ae1b-121fbff79178,0.5030496196232563,Male,0.04285714285714286,Unknown,No,Yes,0.6287592113124876,0.017757530949404236,Yes,Yes,False,False,True,True,False,False,False,True,False,False
8e4380a8-fd1c-4716-a9d7-ae8bdccfb89c,0.019607843137254943,Female,0.14285714285714285,Fiber optic,No,Yes,0.586934873531169,0.10583990975038371,No,Yes,False,False,True,False,True,False,False,False,True,False
a319233a-4b37-43ef-aac4-2e43e0bf0537,0.27450980392156865,Female,0.35714285714285715,Fiber optic,Yes,Yes,0.6018721370244973,0.30029525196665946,No,Yes,False,False,False,False,False,True,False,False,True,False
7b9135c2-1087-4aab-8e68-c326a765d9c4,0.1960784313725491,Female,0.8571428571428572,DSL,No,Yes,0.1492177299785346,0.34537989632604243,Yes,Yes,True,False,False,False,True,False,True,False,False,False
8179143c-6f8d-49fb-8061-b3cc2d758935,0.13725490196078433,Male,0.5142857142857143,Fiber optic,Yes,No,0.8159729137621989,0.5565883537252867,Yes,Yes,False,False,False,True,False,False,False,False,False,True
516570eb-5249-4014-b167-90f0dde67a75,0.4901960784313726,Male,0.3142857142857143,Fiber optic,No,No,0.4195268760096484,0.19650401621716973,Yes,No,True,False,False,True,False,False,False,False,False,True
854f3101-3f50-4526-8568-49e25bac7a1f,0.9803921568627451,Male,0.5571428571428572,Fiber optic,Yes,Yes,0.46256832414968246,0.39795106895092525,No,No,False,False,False,False,True,False,False,False,True,False
6c3d6fc3-ab51-4331-b4dd-f707dbd40438,0.8627450980392156,Female,0.3142857142857143,Fiber optic,Yes,Yes,1.0000000000000002,0.4078972269963566,Yes,Yes,True,False,False,True,False,False,True,False,False,False
1f9d9f3c-5f7f-46a1-85f2-c8bcf90f953b,0.8431372549019608,Male,0.21428571428571427,DSL,Yes,No,0.2521188784881276,0.09087167287277367,No,No,False,True,False,True,False,False,False,True,False,False
a9a0a9ef-3ae5-4a5b-8660-865548d20727,0.07843137254901966,Female,0.8571428571428572,DSL,Yes,Yes,0.37582154949213303,0.5478776334987759,No,No,False,False,False,False,False,True,True,False,False,False
53c0364f-9fff-4ca7-b69e-243cee8c8f1b,0.09803921568627455,Male,0.9571428571428572,Unknown,No,No,0.6882869724933061,0.9221928009158625,No,Yes,False,False,False,True,False,False,False,True,False,False
8f98a78b-a379-4e24-9b77-b815a6a5d05e,0.4901960784313726,Female,0.42857142857142855,Unknown,Yes,Yes,0.9138949744406826,0.5028556446334604,Yes,No,False,False,False,True,False,False,False,False,False,True
14833659-22ba-41c5-9859-39223712d790,0.05882352941176472,Male,0.7428571428571429,DSL,No,No,0.08006373232423825,0.2476373255807602,No,No,False,False,False,False,False,True,False,False,True,False
71fc723e-1567-4005-a5fe-776b2f9601cf,0.3529411764705882,Male,0.34285714285714286,Fiber optic,Yes,Yes,0.7530151142977275,0.34071447184470943,No,Yes,True,True,False,False,False,True,False,False,True,False
0e4a5b8a-0790-4978-8891-c7fc4bb8240f,0.37254901960784315,Male,0.6142857142857143,DSL,Yes,No,0.9558299586182479,0.7565156090901232,Yes,Yes,False,False,False,True,False,False,True,False,False,False
bccf1b05-9634-4ecd-a2e2-2dc9612e919d,0.6274509803921569,Female,0.15714285714285714,DSL,Yes,No,0.4076877116112329,0.08188944550530369,No,No,False,True,False,True,False,False,False,False,False,True
2ea647a0-62cb-4d5a-879a-3b816e0b5302,0.37254901960784315,Female,0.11428571428571427,Fiber optic,Yes,No,0.2569873199229901,0.034092942838589484,Yes,No,False,False,False,True,False,False,True,False,False,False
b111c049-3826-494b-bddb-94c7aa4e8fa8,0.9411764705882354,Male,0.15714285714285714,DSL,No,No,0.6896147292482684,0.13509199272425124,No,Yes,False,False,False,False,True,False,True,False,False,False
9a47b8cf-95ea-4d54-9441-1c8d0ed03423,0.21568627450980393,Male,0.9714285714285714,Fiber optic,Yes,Yes,0.2120648830467592,0.45696611815797983,Yes,No,True,True,False,True,False,False,False,True,False,False
da92f692-129e-49ce-aeb2-122639057594,0.9019607843137255,Male,0.7571428571428571,Fiber optic,Yes,Yes,0.36497820265993935,0.4728340236683538,No,No,False,False,False,True,False,False,False,False,False,True
10e4624d-6f49-43bc-99c3-e9f19c52c3cf,0.0,Female,0.7571428571428571,DSL,Yes,Yes,0.9321516298214167,0.9154870564995113,No,Yes,False,False,False,False,False,True,False,False,False,True
2039f3e8-58c4-4b19-84a4-28f2b6b32545,0.4901960784313726,Male,0.3857142857142857,DSL,Yes,Yes,0.5929097789285003,0.3188926878467941,Yes,Yes,True,False,False,True,False,False,False,False,True,False
fb5d4fe2-8fb3-435c-9df9-db3216a19d39,0.2549019607843137,Male,0.7857142857142857,Unknown,No,Yes,0.04487817831773222,0.22928087237011593,No,Yes,True,False,False,False,False,True,False,False,False,True
233221db-d5ef-485b-acf9-8243e3985dc7,0.7254901960784313,Male,0.9714285714285714,DSL,Yes,No,0.3045652703091461,0.554687803738573,No,Yes,False,True,False,False,False,True,False,True,False,False
39ed75c7-67fe-4c56-9103-8dec028e035c,0.7058823529411765,Male,0.8142857142857143,Fiber optic,No,No,0.6338489455398439,0.736462637886267,No,Yes,True,True,False,True,False,False,False,False,True,False
c73eeba4-28ef-471e-b51b-8e4c093ca5f3,0.1960784313725491,Female,0.5857142857142857,Fiber optic,Yes,Yes,0.47252649981190126,0.4234309698717039,Yes,No,False,False,False,False,True,False,False,True,False,False
16974ac5-cde8-49e2-ae46-bfaef1046b33,0.6862745098039217,Female,0.5285714285714286,Fiber optic,Yes,Yes,0.6703622563013123,0.49149893469594563,Yes,No,False,True,False,True,False,False,False,True,False,False
2a912fd5-57a0-4f83-8b83-685fb3b48b17,0.23529411764705888,Male,0.9571428571428572,Fiber optic,No,Yes,0.7822257629069023,0.9999999999999999,No,Yes,False,False,False,False,True,False,False,False,False,True
057ff422-568f-4411-8a5c-2ec371c3a4ee,0.823529411764706,Male,0.7428571428571429,DSL,Yes,No,0.47153068224567934,0.5439496159860833,Yes,No,False,False,False,False,True,False,False,False,True,False
fb072216-a4a2-4a57-b92c-2a51264accd0,0.03921568627450983,Female,0.45714285714285713,DSL,Yes,Yes,1.0000000000000002,0.5958926271191614,No,Yes,False,False,False,True,False,False,False,False,True,False
ee0090b0-5eb6-4516-a145-806496230bbf,0.6274509803921569,Female,1.0,DSL,Yes,No,0.9518466883533605,0.9999999999999999,Yes,Yes,True,False,False,False,True,False,False,False,True,False
b11195af-1c25-4a07-b65a-dec7338a7569,0.09803921568627455,Male,0.7857142857142857,Fiber optic,Yes,No,0.006041293235079348,0.20024085414539994,Yes,No,False,False,False,False,False,True,False,False,True,False
fd976a17-49b4-44ef-92e5-a8f03f2fa511,0.9607843137254902,Female,0.7142857142857143,Fiber optic,No,No,0.23452610148487468,0.34610766398790327,No,Yes,False,False,False,True,False,False,False,False,False,True
edd3eb1b-7bad-4ece-8204-28a2c766c37b,0.17647058823529416,Female,0.6,DSL,Yes,Yes,0.2722565226050588,0.30890957912537426,No,No,True,False,False,True,False,False,False,False,True,False
990dc640-21bf-423c-a407-b8a42d1d3d71,0.07843137254901966,Male,0.19999999999999998,DSL,No,Yes,0.1436854101661909,0.0549395503006339,No,No,False,True,False,True,False,False,True,False,False,False
7cdf6cf1-47ab-4f0a-816b-9b95bb838f26,0.43137254901960786,Female,0.5285714285714286,Fiber optic,Yes,No,0.28498085817344937,0.2765664917775106,No,No,False,True,False,True,False,False,False,False,True,False
b0c7b886-feb4-4101-be90-a36da505c57a,0.5030496196232563,Female,0.19999999999999998,Fiber optic,Yes,No,0.4097899931399234,0.11502456256022559,No,Yes,True,False,False,False,False,True,False,False,True,False
eec44e40-fc2b-42c5-9e66-90f24ba1075d,0.8431372549019608,Male,0.05714285714285714,Unknown,Yes,No,0.0,0.0,No,Yes,False,False,False,False,False,True,False,False,False,True
1190ec47-3673-4463-a8e8-4f19e227712f,0.019607843137254943,Male,0.7571428571428571,Fiber optic,Yes,Yes,0.08061696430547255,0.24891935338244878,No,Yes,False,True,False,True,False,False,False,True,False,False
e0bb54d8-60a2-43f6-8d48-0ce9c77d71ac,0.23529411764705888,Female,0.7142857142857143,Fiber optic,No,No,0.046205935072694715,0.21052278137698782,No,No,False,False,False,True,False,False,True,False,False,False
4c42d8a3-6f78-49c2-bebe-73d2b5fa9092,0.7647058823529412,Male,0.12857142857142856,Fiber optic,Yes,Yes,0.0,0.004072928424612744,No,No,False,False,False,True,False,False,False,False,False,True
383c6c10-00db-4983-a12e-14c9edcd4f52,0.019607843137254943,Female,0.15714285714285714,Unknown,Yes,No,0.47252649981190126,0.0963548318792439,Yes,No,False,False,False,True,False,False,True,False,False,False
f859dd9b-833d-4749-b872-7683ee22ab2c,0.37254901960784315,Male,0.04285714285714286,Unknown,No,No,0.3091017725552679,0.0,No,No,False,True,False,True,False,False,True,False,False,False
daa7d394-76f7-456e-a15c-528bcc189234,0.0,Female,0.24285714285714283,Fiber optic,No,No,0.9747504923764634,0.29696326492317304,Yes,No,True,True,False,True,False,False,False,True,False,False
f0a944d2-3301-4bcc-9da7-46bfbd2904b1,0.7058823529411765,Male,0.49999999999999994,DSL,Yes,No,0.05350859722498841,0.13806250576350218,Yes,No,False,False,False,True,False,False,False,False,True,False
c6f46456-a3aa-48ea-9db9-7f5387f2dbcc,0.1568627450980392,Female,0.34285714285714286,DSL,No,Yes,0.9643497311292573,0.41615811290648547,Yes,Yes,False,True,False,False,False,True,False,True,False,False
bb5a72b2-f878-45e7-a8c7-21501bd64ab1,0.3137254901960784,Female,0.49999999999999994,Fiber optic,Yes,No,0.0354732346367479,0.13186764460647046,Yes,No,False,False,False,False,True,False,False,False,True,False
cf4375fc-b00b-4f69-9d7b-f4aaa0e322ca,0.1568627450980392,Female,0.9428571428571428,Fiber optic,Yes,No,0.624886587443847,0.8472230924374176,Yes,No,False,False,False,False,True,False,False,True,False,False
ff344f41-1d44-4912-8edd-7f88b903bc1c,0.1960784313725491,Male,0.11428571428571427,Fiber optic,Yes,Yes,0.21383522538670924,0.03242212966345646,No,Yes,True,True,False,True,False,False,False,False,True,False
4158da01-8c1b-4ce4-9246-eb801d68c98b,0.5030496196232563,Male,0.8571428571428572,DSL,Yes,No,0.8545885060523581,0.9724666054249375,No,No,True,False,False,False,False,True,False,False,True,False
d56188e2-77d9-4548-86c7-4c821c07d106,0.4509803921568628,Female,0.7428571428571429,Fiber optic,Yes,Yes,0.007811635575029341,0.18757962469037745,Yes,No,False,False,False,False,True,False,False,False,True,False
e1c45d89-ae4f-4618-be28-03ebc96c2310,0.7254901960784313,Female,0.24285714285714283,Unknown,Yes,No,0.9936710261346788,0.3000060727632711,No,No,False,True,False,False,False,True,False,False,True,False
5418569b-e9b2-47b0-9d4a-55b47e955c63,0.6666666666666666,Male,0.6,DSL,Yes,Yes,0.0,0.13775404794655455,No,No,False,True,False,True,False,False,False,True,False,False
85ac4e40-fe54-4f10-b1e3-0824ef2b3007,0.5686274509803921,Male,0.4857142857142857,Fiber optic,No,No,0.2065325632344155,0.21201687392782792,No,Yes,False,False,False,True,False,False,False,False,True,False
6d862c79-6066-44eb-9276-70e26140d66b,0.5882352941176471,Male,0.8857142857142858,Fiber optic,No,Yes,0.453384673261192,0.6388518043336395,Yes,Yes,True,False,False,True,False,False,False,False,True,False
bdb8daf3-7057-4108-b560-33d74a12352f,0.9411764705882354,Male,0.04285714285714286,Unknown,No,Yes,0.7763615039058178,0.026134088540888493,No,Yes,True,False,True,True,False,False,False,False,False,True
20051c7d-b7a9-4cd1-9eac-ad11df704d5f,0.07843137254901966,Male,0.5714285714285715,Unknown,Yes,Yes,0.9921219765872227,0.7230977390363327,Yes,No,True,False,False,False,True,False,False,False,True,False
36119ca3-39f5-405c-8894-694d11ec28e4,0.5030496196232563,Male,0.6285714285714286,Fiber optic,Yes,Yes,0.4133306778198234,0.4192908876098599,Yes,Yes,False,False,False,False,False,True,False,False,False,True
51491e9e-1660-471b-80ed-a89816e3be98,0.9607843137254902,Female,0.7000000000000001,Fiber optic,Yes,No,0.7776892606607804,0.7334134038416492,Yes,Yes,True,True,False,True,False,False,False,False,False,True
e9a116ba-560c-4dea-b0e0-d776bbf37162,0.2549019607843137,Male,0.3857142857142857,Unknown,Yes,Yes,0.7443846953904711,0.3814373298863172,No,No,False,True,False,True,False,False,True,False,False,False
c9a16126-c54b-4b04-a8a3-92aca75a3f40,0.1960784313725491,Female,0.5857142857142857,Fiber optic,Yes,No,0.5717763172453474,0.48700059153212594,No,Yes,False,True,False,False,True,False,False,True,False,False
c92d4c5e-c396-49c6-9ec3-8603715b1de5,0.1568627450980392,Male,0.9714285714285714,Fiber optic,Yes,No,0.7042200535528558,0.950174101945951,Yes,Yes,False,False,False,True,False,False,True,False,False,False
787dd05b-48a1-4fb8-b73d-f9f96ccf7d14,0.6470588235294118,Male,0.0,Fiber optic,No,No,0.0,0.0,Yes,Yes,False,True,False,False,True,False,False,False,True,False
f936ffd9-8060-4276-946c-972a184cee5a,0.21568627450980393,Female,0.5428571428571429,DSL,Yes,No,0.42837858770939835,0.3681318734281904,No,Yes,False,False,False,False,True,False,False,False,True,False
f7685e5c-a518-4609-a86b-64470bd84aa6,0.6666666666666666,Female,0.22857142857142856,Fiber optic,Yes,Yes,0.8093341299873864,0.23419531227658894,No,Yes,False,False,False,True,False,False,False,False,True,False
cae256c9-0198-48b7-ab39-0a9b8e505fc0,0.6666666666666666,Male,0.4857142857142857,Unknown,Yes,Yes,0.4644493128858794,0.3457413703302779,Yes,Yes,False,False,False,False,False,True,True,False,False,False
729d7b46-a868-4e26-922e-668354756b27,0.0,Female,0.6428571428571429,Fiber optic,Yes,Yes,0.9062603730996481,0.7589559602564955,No,Yes,False,True,False,True,False,False,False,False,True,False
07c522bb-7f0b-4bfd-af9f-e66a64feb3cf,0.7647058823529412,Female,0.5857142857142857,Fiber optic,Yes,Yes,0.8621124609971453,0.6603297863897485,No,Yes,False,False,False,False,False,True,False,False,True,False
de65fabd-59e9-40b4-b324-9cff1320557c,0.4117647058823529,Female,0.5428571428571429,DSL,Yes,No,0.8950850870787139,0.631429538113337,Yes,Yes,False,False,False,False,True,False,False,False,True,False
b8673595-d5d9-475e-bc5a-c6426523dcbe,0.5490196078431373,Female,0.6857142857142857,Fiber optic,Yes,Yes,0.08360441700413818,0.2256886240435799,No,No,False,False,False,False,False,True,False,False,True,False
08f1fc97-fcc9-440c-bb35-2b48441e9d18,0.13725490196078433,Male,0.8714285714285714,DSL,Yes,No,0.2098519551218217,0.4077767356616115,Yes,Yes,False,False,False,True,False,False,False,False,False,True
8aae2fb0-f81b-4d52-b1bd-bcab76848f72,0.1960784313725491,Female,0.5285714285714286,DSL,Yes,Yes,0.0,0.10446630853428876,No,No,False,True,False,True,False,False,False,False,True,False
00fdb06d-bf78-4d05-860a-d9f5a88c5321,0.7843137254901961,Male,0.3142857142857143,Fiber optic,No,No,1.0000000000000002,0.4016622020610765,Yes,Yes,False,True,False,True,False,False,False,False,True,False
50848974-ba09-4a93-87dc-f3f37446f734,0.7058823529411765,Male,0.3,DSL,No,Yes,0.2010002434220718,0.11828586135399488,Yes,Yes,False,False,False,True,False,False,False,False,True,False
0da53386-7bbe-4865-bec9-86c596c7eb60,0.2549019607843137,Male,0.04285714285714286,Fiber optic,Yes,Yes,1.0000000000000002,0.0,No,Yes,False,False,False,False,False,True,False,False,False,True
588d696a-d647-4c56-a181-5cf6af55e512,0.5686274509803921,Male,0.6857142857142857,Fiber optic,Yes,No,0.243931045165859,0.3365454716625266,No,No,False,True,False,True,False,False,False,True,False,False
06e1524b-8654-432a-a7fb-809168036e91,0.6666666666666666,Female,0.8285714285714286,Unknown,No,Yes,0.0,0.1929744233847012,Yes,Yes,True,True,False,False,False,True,False,False,True,False
b0e8b997-6738-469c-ad3a-f9fcf0a2f8e7,0.3921568627450981,Female,0.9571428571428572,Fiber optic,Yes,No,0.22888313527628407,0.4675998800870236,Yes,No,False,False,False,True,False,False,False,False,True,False
aad31621-0ad7-4c1a-a3ff-960a89dc38ef,0.7058823529411765,Male,1.0,DSL,Yes,Yes,0.048418862997632206,0.30611739326154613,Yes,No,True,False,False,True,False,False,True,False,False,False
fcb89534-9bf5-4606-a04f-554551496ef2,0.07843137254901966,Male,0.014285714285714285,DSL,Yes,Yes,0.37604284228462687,0.0,No,Yes,True,True,False,False,False,True,True,False,False,False
910bc9db-1e2d-4635-9210-a1d0e4be3136,0.3529411764705882,Male,0.6857142857142857,Fiber optic,Yes,No,1.0000000000000002,0.8814570904652153,No,No,False,False,False,True,False,False,True,False,False,False
2f479952-f361-4b9d-926a-2093975fc1c1,0.2549019607843137,Male,0.42857142857142855,Fiber optic,No,Yes,0.7124078868751245,0.41177544142402117,No,Yes,True,False,False,False,True,False,False,True,False,False
04ca1ac5-11f0-4778-9325-11840fb42da0,0.4901960784313726,Female,0.5571428571428572,Fiber optic,No,No,0.7219234769523557,0.5512064074400025,No,Yes,True,False,False,True,False,False,True,False,False,False
083b35cc-bdd4-48cf-be94-fc9baa3a0bee,0.05882352941176472,Male,0.6714285714285715,Fiber optic,Yes,Yes,0.44121356967403563,0.46860718764549325,No,Yes,True,False,False,False,False,True,False,False,False,True
80aeab00-8cdc-4acd-97f6-d26a8020323e,0.47058823529411764,Female,0.7142857142857143,DSL,Yes,No,0.8374383146340925,0.7946872639373933,No,Yes,True,False,False,True,False,False,False,True,False,False
f122b1f1-d1f3-4915-b24b-d7c05a7db384,0.8627450980392156,Male,0.6,Fiber optic,Yes,Yes,0.9447653189935605,0.7309537740617178,No,Yes,False,True,False,False,True,False,False,False,False,True
b1935c70-fd53-4bc2-a52e-62eded92aeff,0.8039215686274509,Male,0.7714285714285715,Fiber optic,Yes,Yes,1.0000000000000002,0.9891859830341773,No,No,True,False,False,True,False,False,False,False,True,False
8b812ce1-ead4-4089-b124-2218135ab1fc,0.47058823529411764,Male,0.6857142857142857,DSL,No,Yes,0.04930403416760715,0.2027535001126192,No,Yes,False,False,False,True,False,False,False,False,True,False
b53c993d-a7bd-49f5-9ac4-a844c442c4b7,0.33333333333333337,Male,0.8,DSL,Yes,Yes,0.9130098032707075,0.9532779587289866,Yes,No,True,False,False,False,False,True,False,False,True,False
b4533733-19b9-4716-8751-3a425be23f3e,0.7647058823529412,Female,0.19999999999999998,DSL,Yes,Yes,0.18882913983491556,0.0653853457474752,Yes,Yes,False,False,False,False,False,True,False,False,True,False
80400a15-85fe-4f07-b308-0b3ad6609ff0,0.13725490196078433,Female,0.3714285714285714,DSL,No,No,0.379362234172033,0.22331735457579496,Yes,No,True,True,False,True,False,False,False,False,True,False
6b0abfa9-bf6a-4d76-bee5-03d9086184fb,0.7450980392156864,Female,0.9571428571428572,Fiber optic,No,No,0.3220474009161522,0.5606529280840239,No,Yes,True,True,False,True,False,False,False,False,True,False
b2f18eff-edc8-4cc1-ac17-3f6334dd76bf,0.7647058823529412,Male,0.9,DSL,No,Yes,0.6867379229458497,0.8660245603110539,Yes,No,True,False,False,True,False,False,False,True,False,False
9cae69bc-06be-4f1b-a606-6c0255571f4d,0.2549019607843137,Male,0.41428571428571426,DSL,Yes,Yes,0.6013189050432628,0.3485158841316767,Yes,No,False,True,False,True,False,False,False,True,False,False
e0e3a164-fc70-45b6-99f0-126dd0d99938,0.607843137254902,Female,0.49999999999999994,DSL,Yes,Yes,0.06047932018854146,0.14802954897362267,No,Yes,False,True,False,False,True,False,False,False,False,True
d6e30205-2338-451d-98f3-79a44a9c2438,0.9803921568627451,Female,0.9428571428571428,Unknown,Yes,Yes,0.8059040917037332,0.9999999999999999,No,Yes,False,False,False,True,False,False,False,True,False,False
2cd207f8-23df-4612-9b06-b1b264918cc3,0.7254901960784313,Male,0.6857142857142857,Unknown,Yes,Yes,0.4261656597844609,0.4695325610963361,No,Yes,False,False,False,True,False,False,False,False,True,False
7d2668c9-d63f-45d3-a1e2-b3a95b4667e8,0.6274509803921569,Male,0.7714285714285715,DSL,No,Yes,0.0,0.14054302070812272,Yes,Yes,False,False,False,False,True,False,False,True,False,False
6cf70b38-53b7-43f7-aab8-dd61babb9ce5,0.43137254901960786,Female,0.7857142857142857,Fiber optic,Yes,No,0.3983934143264955,0.5176969639718056,No,Yes,False,False,False,True,False,False,False,False,False,True
62b52966-f623-4aa2-9aa3-66f90bc89189,0.27450980392156865,Male,0.9571428571428572,DSL,No,No,0.5110314457058134,0.748164756316718,Yes,No,True,False,False,False,True,False,False,False,True,False
576afba1-2e69-43a1-a0f9-3fab1b6888e9,0.6274509803921569,Male,0.6142857142857143,Fiber optic,Yes,Yes,0.01599946889729803,0.15333116770241018,Yes,Yes,False,False,False,False,False,True,False,False,True,False
ea78e0e9-68bc-4544-a518-1afb7a09b875,0.47058823529411764,Female,0.42857142857142855,DSL,No,Yes,0.10695080661222867,0.14231665315557168,Yes,No,True,False,False,True,False,False,False,False,True,False
2febd1a2-b0da-4dbb-904d-e47d8b1e5ddd,0.3137254901960784,Male,0.8142857142857143,Fiber optic,Yes,No,1.0000000000000002,0.9999999999999999,No,Yes,False,True,False,False,True,False,False,False,True,False
776b1313-3801-4290-8397-d434e10824b4,0.6274509803921569,Female,0.7428571428571429,Fiber optic,No,Yes,0.9037155059859703,0.8766358305242786,Yes,No,True,False,False,True,False,False,False,False,True,False
0106dd9f-ab4a-43f1-9445-9cf09d382081,0.9019607843137255,Male,0.3142857142857143,Unknown,Yes,No,0.08725574808028502,0.0888875822273032,No,Yes,False,False,False,True,False,False,False,False,True,False
65d8feb1-1100-4b08-9b66-fb50ba727730,0.019607843137254943,Female,0.3857142857142857,DSL,Yes,No,0.5818451393038129,0.31510283373127596,No,Yes,False,False,False,True,False,False,False,False,True,False
23c05492-2074-4b3d-812e-2faf3e039c0c,0.2549019607843137,Male,0.21428571428571427,Unknown,No,Yes,0.35933523645134885,0.11594190325541881,Yes,Yes,False,False,False,True,False,False,False,False,True,False
7f3f4777-f39d-4b64-86b9-e4dc6e9942c1,0.7647058823529412,Female,0.5142857142857143,Fiber optic,Yes,Yes,0.5413485582774571,0.4087535187486123,Yes,Yes,False,False,False,True,False,False,False,True,False,False
18756226-5d27-4f34-a36b-e9cf7b74a7c9,0.5030496196232563,Female,0.2857142857142857,DSL,Yes,No,0.4603553962247449,0.19185947690052588,Yes,No,False,False,False,True,False,False,False,False,True,False
442b7601-16f1-41ba-9761-28986d78edaa,0.5030496196232563,Female,0.22857142857142856,Fiber optic,No,No,0.0,0.033792517777291524,No,No,True,False,False,False,False,True,False,False,True,False
ef7c1fcc-42fc-493a-951e-5f0361f5789f,0.7450980392156864,Female,0.5142857142857143,DSL,Yes,Yes,0.2887428356458431,0.26904301283602217,Yes,No,False,True,False,False,True,False,True,False,False,False
599b4eb3-b6e5-4f25-af25-31931056645b,0.9803921568627451,Male,0.2571428571428571,DSL,Yes,No,0.07862532917302884,0.06676376661695996,Yes,No,False,True,False,False,False,True,False,True,False,False
b57940f4-423f-4346-b4f8-ebc79138d12f,0.09803921568627455,Male,0.41428571428571426,DSL,Yes,Yes,0.48082497953041675,0.29696487147430306,Yes,No,True,True,False,True,False,False,False,False,True,False
3a9212e7-8add-46b3-b30e-2c8acc1c5ccf,0.09803921568627455,Female,0.6285714285714286,Fiber optic,No,Yes,0.9436588550310918,0.7672168461666243,No,No,False,False,False,True,False,False,False,True,False,False
3b5b5688-d307-4eb3-89c7-b7df6b246add,0.03921568627450983,Male,0.24285714285714283,Fiber optic,Yes,No,1.0000000000000002,0.31196845247677163,Yes,Yes,True,False,False,True,False,False,False,False,True,False
6ebfadff-a951-4f79-8e3b-fedeac02c48c,0.11764705882352944,Male,0.8714285714285714,Unknown,Yes,No,0.9845980216424353,0.9999999999999999,Yes,Yes,True,False,False,True,False,False,False,False,True,False
8a41a031-13de-47a4-b376-862fd6d79d2e,0.9803921568627451,Male,0.49999999999999994,DSL,Yes,No,1.0000000000000002,0.6491256988095776,Yes,Yes,False,False,False,True,False,False,False,False,True,False
9189d2d7-13d4-4604-8bc9-eee03d6f6953,0.13725490196078433,Male,0.7285714285714286,Unknown,Yes,No,0.0,0.14335127208325016,No,No,False,False,False,False,True,False,True,False,False,False
11013921-483a-428c-a781-626ddf8a15a5,0.8039215686274509,Male,0.2571428571428571,DSL,Yes,Yes,0.7468189161079024,0.252355766249381,Yes,Yes,False,False,False,True,False,False,False,False,True,False
246f46ac-aab5-4d33-8c0a-197faee214c1,0.5030496196232563,Female,0.6142857142857143,Fiber optic,Yes,Yes,0.24171811724092146,0.2968941832245859,No,No,False,True,False,True,False,False,True,False,False,False
760bb0e8-8d4f-4456-8f10-001c85e53b32,0.5030496196232563,Female,0.0857142857142857,Fiber optic,Yes,Yes,0.8975193077961452,0.08312167022196432,Yes,Yes,True,False,True,True,False,False,False,False,True,False
d749e302-dea6-4783-98ae-30f1c351677c,0.9019607843137255,Female,0.6142857142857143,DSL,Yes,Yes,0.8400938281440176,0.6816856705599826,No,No,False,False,False,True,False,False,True,False,False,False
abe927ea-2363-44a5-9282-cc069fc3fc30,0.5490196078431373,Female,0.9571428571428572,Unknown,Yes,No,0.4085728827812078,0.6464861353030934,No,No,True,True,False,True,False,False,False,False,True,False
aec50859-ca00-4ce4-9d46-96ef700e1d35,0.6274509803921569,Male,0.4714285714285714,Fiber optic,Yes,Yes,0.46345349531965746,0.3319571616354305,No,Yes,False,True,False,True,False,False,False,False,False,True
1dc1c7ad-6c7a-4527-8155-53e6e76a88ee,1.0,Male,0.9285714285714286,Fiber optic,Yes,No,0.23308769833366533,0.45919601112633046,Yes,No,True,False,False,False,True,False,False,False,False,True
95a79ae5-9668-4538-bb38-bc3e122a0d7f,0.5686274509803921,Female,0.9714285714285714,Fiber optic,Yes,No,0.2593108942441746,0.5083436232933205,Yes,No,True,False,False,True,False,False,False,False,True,False
ea6bb8ce-331d-409c-bb60-6abb818d9677,0.7450980392156864,Male,0.7714285714285715,Fiber optic,Yes,Yes,1.0000000000000002,0.9999999999999999,Yes,No,False,False,False,False,True,False,False,False,True,False
366d810a-39f5-4095-9b41-d0a479ce0fed,0.5098039215686275,Male,0.12857142857142856,Fiber optic,Yes,Yes,0.923299918121667,0.13955659831434228,No,Yes,False,False,True,True,False,False,False,True,False,False
a994bdb2-a7aa-4f3c-ae4e-0f818a6e8b08,0.6862745098039217,Female,0.5857142857142857,Fiber optic,Yes,No,0.15209453628095332,0.2294495602387592,No,No,False,False,False,True,False,False,True,False,False,False
6d7101b0-7303-46a6-a902-e8b20a8311cc,0.5490196078431373,Male,0.5714285714285715,DSL,No,No,0.24459492354334017,0.27745652110349495,Yes,Yes,True,True,False,False,False,True,False,False,True,False
7a74714f-573f-4879-a9a9-b3f8ac3c3504,0.7254901960784313,Female,0.9714285714285714,Fiber optic,Yes,No,0.059926088207307104,0.30441123596155456,No,No,False,False,False,True,False,False,False,True,False,False
402f1bc0-3894-4ce9-bfda-23dccc4ed2d5,0.6274509803921569,Female,0.12857142857142856,Unknown,Yes,Yes,1.0000000000000002,0.1565362372066317,Yes,No,False,True,True,True,False,False,True,False,False,False
0d5929ae-1ff4-408f-aad8-ad84d7a13b34,0.7058823529411765,Male,0.12857142857142856,DSL,Yes,Yes,0.9435482086348448,0.14415776075047784,No,No,False,False,True,False,False,True,False,False,False,True
8c40cfbd-c532-4046-998b-ecac47b2ec39,0.5098039215686275,Male,0.8428571428571429,DSL,Yes,Yes,0.5506428555621943,0.6897746554992085,Yes,Yes,True,True,False,True,False,False,False,False,True,False
c6699cc2-d1c4-49e1-82f3-4d4b233ea7a0,0.6274509803921569,Female,0.7142857142857143,Fiber optic,No,Yes,0.7064329814777934,0.6930006101681191,Yes,No,True,False,False,True,False,False,False,False,False,True
dfdca2eb-1ea4-4cf6-87bf-4a522dc5b7d2,0.05882352941176472,Female,0.2857142857142857,Fiber optic,Yes,No,0.7672884994135742,0.2839293156060055,Yes,Yes,False,False,False,False,True,False,False,False,True,False
bbbefe7f-ae53-4695-9b9d-66de590e18c8,0.4117647058823529,Male,0.09999999999999999,Fiber optic,Yes,No,0.1652614574343314,0.01840336450363836,No,Yes,True,False,False,False,True,False,False,False,False,True
3b515275-a285-47c0-abca-e33e32a41a86,0.019607843137254943,Female,0.9142857142857143,DSL,Yes,Yes,0.9739759676027353,0.9999999999999999,No,No,False,True,False,True,False,False,False,False,False,True
dcf30262-bd65-43c4-bab9-d7c25c5550af,0.17647058823529416,Female,0.41428571428571426,Fiber optic,Yes,Yes,0.5225386709154884,0.3164121729021735,Yes,No,False,True,False,True,False,False,True,False,False,False
f59623c2-da6d-46f9-80ed-b53b41f52dd9,0.07843137254901966,Female,0.6857142857142857,DSL,Yes,Yes,0.04211201841156037,0.19459382692367627,No,No,False,True,False,False,False,True,False,False,True,False
7aac61d2-7049-45d3-a54a-94f72b6c81e0,0.17647058823529416,Male,0.11428571428571427,Fiber optic,Yes,No,0.3791409413795393,0.05135372817861764,Yes,No,False,True,False,True,False,False,False,True,False,False
6261729f-2a89-4390-9921-4633ebbb8b5f,0.6274509803921569,Female,0.22857142857142856,Fiber optic,No,Yes,0.605412821704397,0.18287564298192596,Yes,Yes,False,False,False,True,False,False,False,False,True,False
a0cd8339-178d-4cb6-a9e8-637e6f8dcc5f,0.7254901960784313,Male,0.9714285714285714,DSL,Yes,No,0.3301245878421741,0.5760147699884681,Yes,Yes,True,False,False,True,False,False,False,False,False,True
4226396d-8052-4ff5-b3f8-278489f7e150,0.23529411764705888,Female,0.8142857142857143,Fiber optic,Yes,Yes,0.7134037044413464,0.8052278459009007,No,Yes,True,False,False,False,False,True,True,False,False,False
fb4b6f7b-fe46-45a4-b83b-4857488f5b5b,0.5882352941176471,Male,0.8,Unknown,Yes,No,0.9156653167806326,0.95718509107699,No,Yes,False,False,False,True,False,False,True,False,False,False
35a9bae2-a3be-4b25-952c-c51d32ad9b6f,0.9019607843137255,Female,0.8714285714285714,Fiber optic,Yes,Yes,0.7938436345128239,0.9341583937316229,No,Yes,True,True,False,False,True,False,False,False,True,False
bb26c416-f4cc-4893-b892-9f776f8b1c2a,0.6862745098039217,Male,0.7285714285714286,Unknown,Yes,Yes,0.6508884905618624,0.6705072877978907,No,Yes,True,False,False,True,False,False,False,False,True,False
211a74ad-78f9-4c32-a353-d1012af17863,0.8627450980392156,Male,0.8571428571428572,Fiber optic,Yes,No,0.5064949434596915,0.663811182688319,Yes,Yes,True,False,False,True,False,False,False,False,True,False
d27a0079-7d94-4e58-aa92-0f0dd8126c1d,0.4509803921568628,Male,0.5571428571428572,Fiber optic,Yes,Yes,0.22135918033149665,0.25863738116742924,No,No,False,False,False,False,True,False,False,False,False,True
40303e5f-6540-4c1b-8647-bea6f00ea75c,1.0,Female,0.5285714285714286,DSL,Yes,Yes,0.44309455841023254,0.3637925788262344,Yes,No,False,False,False,False,False,True,False,False,True,False
dde2ef42-cf72-40f7-ae18-e344528160b9,0.27450980392156865,Female,0.6,DSL,No,Yes,0.2639580428865432,0.30783640297057724,No,No,False,False,False,True,False,False,True,False,False,False
67328cbf-838f-4b08-8ab7-c9c232813cb1,0.5490196078431373,Female,0.8857142857142858,DSL,Yes,Yes,0.9732014428290072,0.9999999999999999,Yes,Yes,True,False,False,True,False,False,False,False,True,False
695436e6-734d-4157-91af-2ef8eec7495f,0.13725490196078433,Male,0.2571428571428571,Fiber optic,No,Yes,0.9436588550310918,0.3036577634816148,No,Yes,True,False,False,False,False,True,False,False,True,False
96c68897-9080-47fd-8e13-893a4c156018,0.5030496196232563,Female,0.7000000000000001,Unknown,Yes,No,0.11215118723583173,0.2503925607685997,No,Yes,True,False,False,False,True,False,False,False,True,False
1bca9535-7dff-426e-9b7c-00b4ea50a651,0.5490196078431373,Male,0.45714285714285713,Fiber optic,Yes,No,0.8499413574099892,0.5052269141012454,Yes,Yes,True,False,False,True,False,False,False,False,True,False
1ab04bd5-401a-4dc9-b595-eaf249e858d5,0.9019607843137255,Female,0.17142857142857143,Fiber optic,No,Yes,0.7174976211024808,0.15398985366568377,No,No,True,True,False,True,False,False,False,False,True,False
90cc2417-3fcf-4de0-98c1-4a98819f5df3,0.05882352941176472,Male,0.8714285714285714,Fiber optic,Yes,Yes,1.0000000000000002,0.9999999999999999,Yes,Yes,False,False,False,False,True,False,False,False,False,True
db479fe3-d370-4272-92f9-c4ed56c7f5db,0.21568627450980393,Male,0.6,Fiber optic,No,Yes,0.45238885569497006,0.4214035023457252,Yes,No,False,True,False,False,True,False,False,False,False,True
94898776-c5c3-43f9-baf7-49c7bd0e3207,0.8627450980392156,Male,0.6857142857142857,Fiber optic,No,Yes,0.7388523755781276,0.6926503820217931,No,No,True,False,False,False,False,True,True,False,False,False
530d0448-c7f7-42ff-bb5b-709e2674acad,0.019607843137254943,Female,0.49999999999999994,Fiber optic,Yes,Yes,0.5128017880457634,0.37949661612135493,No,Yes,False,False,False,True,False,False,False,False,True,False
565075dd-1f08-4ef3-89cb-e3ee4dba4355,0.5098039215686275,Female,0.12857142857142856,Fiber optic,Yes,No,0.016552700878532445,0.00771016018278696,Yes,Yes,False,False,False,True,False,False,False,True,False,False
118b56b4-f4d8-4e31-9807-6ce1a37c5f2a,0.5882352941176471,Female,0.07142857142857142,DSL,Yes,Yes,0.0,0.0,Yes,No,False,False,False,False,True,False,False,False,True,False
ef577536-422c-4eac-bf49-542a9b6b0e46,0.9803921568627451,Male,0.8,Unknown,No,Yes,0.07486335170063513,0.25879964283155277,No,No,True,False,False,True,False,False,False,False,True,False
4f2f1659-ab60-4895-96ff-4b2df97ed8a3,0.9803921568627451,Male,0.0,DSL,No,No,0.26749872756644316,0.0,No,No,False,True,False,True,False,False,True,False,False,False
6bc1cdad-5520-4014-9858-29e3695d368c,0.6862745098039217,Female,1.0,DSL,Yes,No,0.2264489145588528,0.4899614652645973,Yes,No,False,False,False,True,False,False,False,True,False,False
bcbd7ace-f8ec-4a03-892d-e8c791c52a8b,0.6862745098039217,Female,0.8142857142857143,Unknown,Yes,No,0.7456018057491869,0.830418567618291,No,Yes,True,False,False,True,False,False,False,False,True,False
aa6f3e0b-de31-4951-a0a8-ed808b578ad1,0.4901960784313726,Female,0.2857142857142857,Fiber optic,Yes,No,0.7318816526145744,0.27324735714306364,No,Yes,False,False,False,True,False,False,True,False,False,False
28f7c710-9f1e-4deb-9214-eafd8fa06b81,0.823529411764706,Male,0.7857142857142857,Fiber optic,Yes,No,1.0000000000000002,0.9999999999999999,Yes,Yes,False,True,False,False,True,False,False,True,False,False
3fa62254-0ad1-4ad4-874a-df3b960eed43,0.5098039215686275,Male,0.2714285714285714,Fiber optic,Yes,Yes,0.2832105158334994,0.12914614699235955,Yes,Yes,False,False,False,False,True,False,True,False,False,False
ffe85302-f11a-43c5-8cbe-52018a90e657,0.07843137254901966,Male,0.7571428571428571,Fiber optic,Yes,Yes,0.9781805306601166,0.9521549794891616,Yes,Yes,False,False,False,True,False,False,False,False,True,False
236449a6-3b29-4a85-833a-8584eadd795b,0.37254901960784315,Male,0.34285714285714286,DSL,Yes,Yes,0.617915864480294,0.2918801371480568,No,Yes,False,True,False,True,False,False,False,True,False,False
d8a55de5-0666-4b15-8c88-01b9822af3dc,0.1960784313725491,Male,0.3857142857142857,Fiber optic,Yes,No,0.4877957024939698,0.2773038987461511,Yes,No,False,False,False,True,False,False,True,False,False,False
39049887-ec66-4b0d-b5a4-32b0e82dfba8,0.17647058823529416,Female,0.05714285714285714,Fiber optic,No,No,0.6786607360198278,0.03428251587192189,No,No,False,True,True,False,True,False,True,False,False,False
6cfdf675-cae2-475f-bc35-477f081d396d,0.7647058823529412,Male,0.2857142857142857,Fiber optic,No,Yes,0.7173869747062338,0.2698880587303683,Yes,Yes,True,False,False,True,False,False,True,False,False,False
99a839ce-c145-4c4b-91d2-bb126dce0eef,0.5030496196232563,Male,0.24285714285714283,Fiber optic,No,No,0.12996525703157846,0.07316105321636357,No,Yes,True,False,False,False,True,False,False,True,False,False
09888eff-e8bd-4ad5-a0e7-164f682215c0,0.09803921568627455,Male,0.6571428571428571,Unknown,No,No,0.7714930624709555,0.6856249339305847,Yes,No,True,False,False,True,False,False,False,False,False,True
3a815d96-939f-4023-8b5a-a0ff5771a021,0.13725490196078433,Male,0.9857142857142858,DSL,Yes,No,0.7421717674655337,0.9999999999999999,No,Yes,False,False,False,True,False,False,False,False,True,False
a790630d-8554-484c-843f-b09ea6b3b710,0.43137254901960786,Male,0.8,Fiber optic,Yes,No,1.0000000000000002,0.9999999999999999,No,No,True,True,False,False,True,False,False,False,False,True
6c904f7d-87ea-42f0-ad6c-8a60fc61cee4,0.9019607843137255,Female,0.2571428571428571,Fiber optic,Yes,No,0.948748589258448,0.30734961797820676,Yes,No,False,False,False,True,False,False,False,False,True,False
8fac7ee2-15a7-4932-b71e-072ae65ea586,0.4901960784313726,Male,0.9142857142857143,Unknown,No,Yes,0.6973599769855496,0.8898240087499201,No,No,True,True,False,True,False,False,False,False,True,False
2776537e-b18b-4a1d-abc0-2b49c55c353f,0.8823529411764707,Male,0.028571428571428574,DSL,No,Yes,0.7280090287459338,0.010894344522319334,Yes,Yes,False,False,True,True,False,False,False,False,False,True
91f45ab1-65b4-4c45-b821-32aa1230ee3a,0.823529411764706,Male,0.5857142857142857,Fiber optic,No,Yes,1.0000000000000002,0.7373173230873927,No,No,False,True,False,True,False,False,False,False,True,False
129c4887-dee9-42cf-823d-2428b6eed894,0.21568627450980393,Female,0.2857142857142857,Unknown,No,Yes,1.0000000000000002,0.3576780452256995,No,Yes,True,False,False,True,False,False,True,False,False,False
b36f11c3-61a0-418d-8aaf-d3056ec91a07,0.4901960784313726,Female,0.5571428571428572,DSL,Yes,Yes,0.8548097988448518,0.6247655640263641,No,Yes,False,False,False,True,False,False,False,True,False,False
c9247cb2-d07f-4f70-9dd9-188e0a68f7c4,0.23529411764705888,Female,0.9428571428571428,Unknown,Yes,No,1.0000000000000002,0.9999999999999999,No,Yes,False,False,False,False,True,False,False,False,False,True
0c4daaa4-366f-44ae-a0b1-4fccba942c3a,0.7647058823529412,Male,0.34285714285714286,DSL,Yes,No,0.06302418730221959,0.09184042320412486,No,No,True,False,False,False,True,False,False,True,False,False
6394afa2-09c8-444f-80b4-77d67d00d9a1,0.33333333333333337,Female,0.7714285714285715,Fiber optic,Yes,No,0.8584611299209985,0.8742533151985842,No,Yes,False,True,False,False,True,False,False,False,True,False
c60f31a8-ec29-45a4-8af9-cd46d420b172,0.47058823529411764,Male,0.7285714285714286,Unknown,Yes,Yes,0.2199207771802873,0.34351308391305724,Yes,No,False,False,False,True,False,False,False,True,False,False
e9da657b-0130-4dbe-a9b1-e628910d2b44,0.6274509803921569,Male,0.6142857142857143,Fiber optic,Yes,Yes,0.5635884839230787,0.5066936952828766,Yes,Yes,False,False,False,False,True,False,False,True,False,False
58797d50-3651-469b-81bc-8b06cb80a103,0.9019607843137255,Female,0.7857142857142857,Fiber optic,Yes,Yes,0.3883245922680299,0.5100562067978319,No,Yes,True,True,False,True,False,False,False,False,True,False
70b1c769-2131-4169-9513-15a77e0974de,0.7647058823529412,Male,0.7714285714285715,DSL,Yes,Yes,0.3221580473123991,0.44712599248712426,No,No,False,False,False,True,False,False,False,False,True,False
e6215ff6-89ef-4740-a78b-9b02a685c871,0.823529411764706,Male,0.9857142857142858,Unknown,Yes,Yes,0.28309986943725246,0.5393082897716994,No,Yes,False,False,False,True,False,False,False,False,True,False
8ef3eaad-bae5-4977-bacd-8bba1062f4c8,0.5030496196232563,Male,0.9285714285714286,Fiber optic,Yes,Yes,0.8862333753789642,0.9999999999999999,Yes,Yes,False,True,False,False,False,True,False,True,False,False
a15cf32b-417f-433e-822a-37e520567b59,0.8431372549019608,Female,0.2571428571428571,DSL,Yes,Yes,0.7907455354179116,0.2590245599897437,No,Yes,False,True,False,True,False,False,False,True,False,False
f0afe768-6cf3-4b4c-896b-c4041bfe8562,0.6862745098039217,Male,0.0857142857142857,Fiber optic,Yes,No,0.5188873398393414,0.04385113440181835,No,Yes,False,True,True,False,False,True,False,False,True,False
0304cfda-6f49-4577-a7f3-050e5273b6ed,0.9215686274509803,Male,0.8857142857142858,Fiber optic,Yes,Yes,0.675009404943681,0.8403663322148524,Yes,Yes,True,True,False,True,False,False,False,False,False,True
d68a2cc9-2269-4f24-8043-7935863da7f1,0.05882352941176472,Female,0.5857142857142857,DSL,No,No,1.0000000000000002,0.7657693435985523,Yes,No,True,True,False,True,False,False,False,False,True,False
b2a42903-4460-4fe7-83bb-e0b54327abad,0.07843137254901966,Male,0.5857142857142857,DSL,Yes,Yes,0.37958352696452685,0.36944442570134783,Yes,No,True,False,False,True,False,False,False,False,False,True
63e5d35c-1fcb-483a-b0e9-fa0219ef6f8f,0.7058823529411765,Male,0.8285714285714286,DSL,Yes,No,0.5495363915997256,0.6788292226509571,Yes,No,False,True,False,False,True,False,False,True,False,False
1f9ad8bf-0fa4-4274-a630-207032f6b09e,0.13725490196078433,Female,0.2714285714285714,Fiber optic,No,Yes,0.5300626258602756,0.20306677758295666,No,No,True,True,False,True,False,False,False,False,True,False
44c82952-3e5c-460f-bcfb-0259a459124e,0.8039215686274509,Male,0.22857142857142856,Fiber optic,No,Yes,0.9754143707539447,0.27553990560548175,No,No,True,True,False,False,False,True,False,True,False,False
77d5bd13-5ad6-4060-a53b-737b0ce0ec3f,0.9411764705882354,Male,0.3714285714285714,Fiber optic,No,Yes,0.3287968310872115,0.20421224853860076,Yes,No,True,False,False,False,False,True,False,True,False,False
4c9b785e-2797-495f-a194-d2130542f9bf,0.5294117647058824,Male,0.6571428571428571,Unknown,Yes,No,1.0000000000000002,0.8631713255042882,No,No,False,False,False,False,True,False,False,True,False,False
7fd5b104-2581-4ce0-af9e-a27ba8aa1783,0.5882352941176471,Male,0.014285714285714285,Unknown,Yes,Yes,0.2769036712474275,0.0,No,Yes,False,False,False,True,False,False,False,False,True,False
0bb82bdf-ee36-4b69-92be-4c0bf5e59a3a,0.1568627450980392,Male,0.8857142857142858,Fiber optic,Yes,Yes,0.06025802739604774,0.2758017734396613,Yes,Yes,False,False,False,False,False,True,False,False,True,False
9773a109-812e-410e-947b-b3523788deca,0.9803921568627451,Female,0.8714285714285714,DSL,Yes,No,0.15154130429971902,0.35436373024464235,No,No,False,False,False,False,False,True,False,False,True,False
0a6f0ee7-3a49-47d5-b274-85401f75a7fa,0.5490196078431373,Female,0.2571428571428571,Fiber optic,No,Yes,0.4113390426873797,0.15546145450070478,No,Yes,False,True,False,True,False,False,True,False,False,False
9e3512b6-1d24-418f-ab87-8fcff01ecab5,0.2549019607843137,Female,0.22857142857142856,Fiber optic,Yes,Yes,0.6587443846953907,0.19721893146999106,No,No,True,True,False,False,True,False,True,False,False,False
dd664458-ec0b-4aff-9fd1-a7f1bcfbcca2,0.7647058823529412,Female,0.9714285714285714,Fiber optic,Yes,Yes,0.5115846776870479,0.7582715694751428,Yes,No,True,True,False,True,False,False,False,False,True,False
424cfd1a-d2c0-4756-b7f9-8431c24c7067,0.7843137254901961,Male,0.5428571428571429,Fiber optic,Yes,No,0.3561264909601895,0.32672783770749003,No,Yes,True,True,False,True,False,False,True,False,False,False
34b9cafe-c889-4088-9ef2-8bd181e58d38,0.4117647058823529,Male,1.0,Fiber optic,Yes,Yes,0.5615968487906349,0.8333119662033052,Yes,No,False,True,False,True,False,False,False,False,True,False
bd2a5864-6e0b-47cb-9ecc-542543af0807,0.1960784313725491,Male,0.5428571428571429,Unknown,Yes,Yes,0.8678660736019828,0.6178879186391097,Yes,Yes,False,False,False,True,False,False,False,False,True,False
80064e1a-00bf-4a68-9a35-9256479da7ad,0.43137254901960786,Male,0.49999999999999994,DSL,No,Yes,0.8679767199982298,0.5639865216786403,Yes,No,True,True,False,True,False,False,False,False,False,True
24147cff-552a-4174-8d98-d36c9d0ed316,0.0,Male,0.5571428571428572,Fiber optic,No,Yes,0.7432782314280026,0.5600215534899591,Yes,No,True,False,False,True,False,False,False,False,True,False
2e8709e3-834f-48ce-b08f-364512c50873,0.8823529411764707,Female,0.6285714285714286,DSL,No,No,0.993560379738432,0.797636891811955,Yes,No,False,False,False,False,True,False,False,False,True,False
772c9630-772f-4d76-afd7-0508e6f44ae0,0.7058823529411765,Female,0.04285714285714286,Unknown,Yes,Yes,0.5927991325322535,0.016200782904496634,Yes,Yes,True,False,True,False,False,True,False,False,True,False
2d644232-8884-4a8d-a4ad-1a82b0998f2c,0.3921568627450981,Male,0.34285714285714286,DSL,Yes,Yes,0.0,0.04995924179783353,No,Yes,False,True,False,False,False,True,False,True,False,False
1cdaea10-68c9-4031-8601-0ce018f18ef0,0.4901960784313726,Male,0.9714285714285714,DSL,Yes,Yes,0.26163446856535894,0.5096497493619582,No,No,True,False,False,True,False,False,True,False,False,False
2ef8b20f-2786-4d15-a19e-f1a8b8ecab40,0.8823529411764707,Male,0.41428571428571426,Fiber optic,Yes,Yes,0.3029055743654429,0.21941664843231132,Yes,No,False,False,False,False,True,False,False,False,False,True
718ccab7-4ad6-4cd5-a1ca-73ab644337b0,0.6862745098039217,Female,0.9571428571428572,Fiber optic,No,Yes,0.5453318285423445,0.9999999999999999,Yes,Yes,False,False,False,True,False,False,True,False,False,False
ef6a3c2b-4ef2-466d-8b87-26cb5ada0703,0.43137254901960786,Male,0.39999999999999997,DSL,Yes,Yes,0.9410033415211667,0.48117684368610936,No,Yes,False,False,False,False,True,False,False,False,True,False
74a1a04f-8e34-4aa8-a645-99ac334e7305,0.0,Male,0.9571428571428572,Fiber optic,No,Yes,0.8670915488282549,0.9999999999999999,Yes,Yes,True,False,False,True,False,False,False,False,True,False
c121247d-e0cb-4663-8f62-e5b71aa2dd20,0.9803921568627451,Male,0.7142857142857143,Fiber optic,Yes,No,0.19668503396844367,0.319792356479558,Yes,No,True,True,False,True,False,False,True,False,False,False
1a8ade58-a35a-482a-88c6-a67a806baf7f,0.7647058823529412,Female,0.32857142857142857,DSL,Yes,Yes,0.5144614839894666,0.2434699319497072,No,No,False,True,False,False,True,False,True,False,False,False
f2c5be43-e5fe-4bc0-ba9b-0e6d6ee3a85b,0.5030496196232563,Male,0.1857142857142857,Fiber optic,Yes,Yes,0.6690344995463497,0.15563496202273783,Yes,Yes,False,True,False,True,False,False,True,False,False,False
6d60bc64-bab9-4a9c-91b2-2851b0d0e377,0.3921568627450981,Female,0.9714285714285714,Unknown,Yes,Yes,1.0000000000000002,0.9999999999999999,Yes,Yes,False,False,False,True,False,False,True,False,False,False
4cd30d71-27ca-429f-bb39-71528205aa2d,0.9019607843137255,Female,0.24285714285714283,Fiber optic,No,Yes,0.0,0.032541014447071685,Yes,No,False,True,False,False,False,True,True,False,False,False
54a96f34-c3ed-43c9-b5b9-d58bf46aa47b,0.1568627450980392,Female,0.5857142857142857,Fiber optic,Yes,No,0.45305273407245134,0.4125481925175202,Yes,No,True,True,False,True,False,False,False,False,True,False
62325034-3520-4f64-b411-af6c5a6275f8,0.1568627450980392,Female,0.8,Fiber optic,No,Yes,1.0000000000000002,0.9999999999999999,No,No,False,False,False,True,False,False,False,True,False,False
9de0ef3a-3d79-4272-8bc9-81e7e3e4b26b,0.17647058823529416,Female,0.15714285714285714,Fiber optic,No,Yes,1.0000000000000002,0.19260009697142622,Yes,No,False,True,False,True,False,False,False,False,True,False
e237dbb2-fe46-436c-8d62-e83380b10c6c,1.0,Female,0.22857142857142856,DSL,Yes,No,0.3056717342716148,0.11063064521985169,No,Yes,False,False,False,True,False,False,False,True,False,False
149fb4e7-44e4-4179-8e85-fa98bfe0da1c,0.4901960784313726,Male,0.41428571428571426,DSL,No,Yes,0.0,0.06219312865229316,No,Yes,False,False,False,True,False,False,False,False,True,False
e2f9fee4-4e13-4f69-8d75-ba71d37e7a97,0.7843137254901961,Male,0.3142857142857143,Unknown,Yes,Yes,0.5889265086636128,0.2544683809852464,Yes,No,True,True,False,False,True,False,False,False,True,False
5bf47444-fb63-4b31-a3ea-5a5e8d9c29de,0.6666666666666666,Male,0.0,Unknown,Yes,Yes,0.8989577109473545,0.0,Yes,No,False,True,True,True,False,False,True,False,False,False
7170adb9-fb56-4f36-81f4-cff3194765fa,1.0,Female,0.44285714285714284,Fiber optic,No,Yes,0.29859036491181484,0.23588219096302135,No,No,False,False,False,False,False,True,False,False,True,False
5597a938-e03d-4892-a8f3-50c2b59c5f77,0.47058823529411764,Male,0.11428571428571427,DSL,No,No,0.9735333820177479,0.12786572574180088,No,No,True,False,True,True,False,False,False,True,False,False
7d9139ce-1120-4e84-866b-15d7d8332b4b,0.4901960784313726,Female,0.19999999999999998,DSL,Yes,Yes,0.30788466219655236,0.09211674999847377,Yes,No,True,False,False,True,False,False,False,False,False,True
90f9e8ee-c98a-4409-a612-a519576d3e26,0.1960784313725491,Female,0.3857142857142857,Fiber optic,Yes,Yes,0.6149284117816283,0.3280564554919468,Yes,Yes,False,True,False,False,True,False,True,False,False,False
c3738d43-fe76-416a-a9d2-029747350bc0,0.7254901960784313,Female,0.32857142857142857,Fiber optic,Yes,Yes,0.7386310827856337,0.32239657586118364,No,Yes,True,True,False,False,True,False,False,False,True,False
a89c2f09-d8ee-4433-b26f-ceb3630a187a,0.019607843137254943,Male,0.8428571428571429,DSL,Yes,Yes,0.3219367545199053,0.49111818207815094,Yes,No,False,True,False,False,True,False,False,False,True,False
1f2a44d9-56ca-45ff-b80f-62d2681e08eb,0.11764705882352944,Female,0.4857142857142857,Unknown,Yes,No,0.3294607094646928,0.27609898539869937,Yes,No,True,False,False,False,False,True,False,False,True,False
fd9933f4-3fac-4ec5-a693-1176cd0aad93,0.33333333333333337,Female,0.3714285714285714,Fiber optic,No,Yes,0.45980216424351067,0.25678342116348357,Yes,No,False,True,False,True,False,False,True,False,False,False
71da1dcb-0c19-47bb-8c3b-45f078c50d82,0.5098039215686275,Male,0.2714285714285714,Unknown,Yes,No,0.8638828033370953,0.29760267227288745,Yes,No,True,True,False,True,False,False,True,False,False,False
b0474e31-634e-48d4-a985-8442d638611d,0.6470588235294118,Male,0.9142857142857143,Fiber optic,Yes,Yes,0.05140631569629778,0.28089454052155716,Yes,Yes,True,False,False,False,False,True,False,False,False,True
e79886cb-1df5-41ef-abab-90c9479cb425,0.5098039215686275,Female,0.6857142857142857,Fiber optic,Yes,No,0.6384960941822126,0.6176919194012576,Yes,Yes,False,False,False,True,False,False,False,True,False,False
3292d273-5cbf-49b8-ace8-327497f9ecb8,0.5030496196232563,Female,0.0,Fiber optic,Yes,Yes,0.689172143663281,0.0,No,Yes,False,True,True,True,False,False,True,False,False,False
0ee6661d-3bdd-44b2-b718-8df5379b043a,0.823529411764706,Male,0.12857142857142856,Fiber optic,Yes,Yes,0.5570603465445132,0.08497723677703994,No,No,True,False,True,True,False,False,False,True,False,False
3b56e788-5a53-42ed-ad0d-82307e6b8949,0.8431372549019608,Male,0.6571428571428571,Fiber optic,Yes,No,0.9751930779614508,0.8233465295443144,Yes,Yes,True,False,False,False,True,False,False,False,True,False
ad475a8d-6f21-4c57-b3c0-a39bfc413e43,0.9803921568627451,Male,0.8285714285714286,Fiber optic,No,No,0.6058554072893847,0.7260505800131543,Yes,Yes,False,False,False,True,False,False,False,False,True,False
7659f9dd-bacc-4060-a925-cfdd2a3ec587,0.5030496196232563,Female,0.8714285714285714,Fiber optic,Yes,Yes,0.6419261324658656,0.7956029980814565,No,No,False,False,False,True,False,False,False,False,True,False
a4ddb425-e98a-48b0-9992-d5991ec62e96,0.47058823529411764,Male,0.24285714285714283,Unknown,Yes,Yes,0.6034211865719534,0.1959626084863814,Yes,Yes,False,False,False,True,False,False,False,False,True,False
5872275e-0ae4-4a2d-a4ae-d63be923fa93,0.11764705882352944,Male,0.6428571428571429,Fiber optic,No,Yes,0.7386310827856337,0.6484573735395245,Yes,No,False,False,False,False,True,False,False,False,False,True
8512f3e6-2741-44e4-be25-7f1ebb13f006,1.0,Male,0.44285714285714284,Fiber optic,Yes,No,0.08957932240146937,0.1363627746680303,Yes,No,True,False,False,True,False,False,False,False,False,True
a51dae8f-392e-49a9-85fb-83eed7345d40,0.09803921568627455,Female,0.3714285714285714,Unknown,Yes,Yes,0.9292748235189983,0.44019693746371197,Yes,Yes,False,False,False,True,False,False,False,False,False,True
e57765d4-d346-4839-9567-64abbfb6f591,0.4509803921568628,Male,0.24285714285714283,DSL,Yes,No,0.0,0.034073664225030255,No,No,False,False,False,False,True,False,False,False,True,False
92ab2619-a4df-4ab7-9902-ca9d91a38371,0.6274509803921569,Male,0.5428571428571429,DSL,Yes,No,0.6486755626369249,0.4935553201422632,No,No,False,False,False,False,False,True,False,True,False,False
0f10f627-0c56-42f8-ac61-e711c8fe1800,0.9411764705882354,Male,0.6857142857142857,Fiber optic,Yes,No,0.6207926707827127,0.608028514354695,Yes,Yes,False,False,False,False,True,False,False,True,False,False
082e4348-c204-4d53-a970-a4b1f5526cad,0.5490196078431373,Male,0.6142857142857143,Fiber optic,Yes,Yes,0.17001925247294702,0.25128098354345413,No,No,False,True,False,False,True,False,False,False,True,False
2cb9c03a-6e9e-426d-99a5-0c7397f34337,0.823529411764706,Male,0.7571428571428571,Unknown,No,Yes,0.0,0.1734467944003339,Yes,Yes,False,True,False,True,False,False,False,False,True,False
9d5748db-f984-423d-beb9-355c07cb1dac,0.4117647058823529,Female,0.4714285714285714,Fiber optic,No,No,0.09334129987386314,0.14677161943888312,Yes,Yes,False,False,False,True,False,False,False,False,True,False
e2e80f66-9691-403a-a751-654ca3b63dc1,0.5030496196232563,Female,1.0,Fiber optic,Yes,No,0.24039036048595902,0.5045409167687629,Yes,Yes,False,False,False,True,False,False,False,False,True,False
6187b6c6-f192-423f-b80b-4c0bc29f4e87,0.5294117647058824,Female,0.49999999999999994,Fiber optic,Yes,No,0.9157759631768794,0.59418004361465,No,No,False,False,False,False,False,True,False,False,False,True
13727188-cbc1-4094-98a3-6bb4ac57e3ab,0.9607843137254902,Male,0.24285714285714283,DSL,Yes,Yes,0.8865653145677046,0.2668340050323607,Yes,No,False,False,False,True,False,False,False,False,False,True
b183c358-745e-4137-a4ff-a379a15c37b3,0.3921568627450981,Female,0.5285714285714286,Fiber optic,Yes,No,0.01046714908495433,0.12386541342826121,Yes,Yes,False,True,False,False,False,True,False,False,True,False
de4a9274-5a4b-4d74-a838-0db69e9f3743,0.9411764705882354,Female,0.8285714285714286,Unknown,Yes,Yes,0.25986412622540883,0.42910852156489643,Yes,No,True,False,False,False,False,True,True,False,False,False
e1d6f070-7e24-4a84-93bd-abd821636efd,0.11764705882352944,Female,0.11428571428571427,DSL,Yes,Yes,0.9237425037066544,0.12252233668363507,Yes,Yes,False,False,True,True,False,False,True,False,False,False
7780444f-28a6-4169-939d-1a83357245f8,0.3137254901960784,Male,0.7142857142857143,Fiber optic,Yes,No,1.0000000000000002,0.3221957569699417,No,Yes,False,True,False,True,False,False,False,False,True,False
038ccfb6-ad54-40e6-83fe-1e1b5cb1cfa5,0.37254901960784315,Male,0.4857142857142857,Fiber optic,No,Yes,1.0000000000000002,0.6347599186056935,No,Yes,False,True,False,True,False,False,False,False,True,False
86b1d002-e56b-4568-b5b4-60800b33f32f,0.7843137254901961,Female,0.05714285714285714,DSL,Yes,No,0.22390404744517473,0.0022623453011753197,No,No,True,True,False,True,False,False,False,True,False,False
f589f43d-569d-455d-a26f-cc97d1bd4d99,0.9411764705882354,Female,0.1857142857142857,DSL,No,Yes,0.7575516165438492,0.17769612213901356,No,No,True,True,False,True,False,False,False,False,False,True
ac4f3117-b766-418c-82d8-5878c7a25ab5,0.37254901960784315,Male,0.41428571428571426,Unknown,No,Yes,0.4012702206289142,0.2670444632303823,No,No,True,True,False,False,False,True,False,False,True,False
c6519244-de7c-4af5-a2d6-537e98bb4ba9,0.4117647058823529,Male,0.04285714285714286,Fiber optic,Yes,Yes,0.09046449357144437,0.0,Yes,Yes,True,False,False,True,False,False,False,False,True,False
5e29d2cd-0a9b-4504-9b04-5315aa2d90c6,0.5294117647058824,Female,0.5428571428571429,DSL,No,Yes,0.22213370510522484,0.24817070055589882,Yes,Yes,True,False,False,True,False,False,False,False,True,False
0b7a7fb8-6db5-441c-a4e5-61e4e437e82d,0.7647058823529412,Male,0.9,DSL,No,Yes,0.6867379229458497,0.8648019749011729,Yes,No,False,False,False,True,False,False,False,False,True,False
e39c0b29-b548-4684-b4ab-22a1e5651df6,0.9411764705882354,Female,0.34285714285714286,Fiber optic,Yes,No,0.3127531036314148,0.18172053271950228,Yes,Yes,False,False,False,False,False,True,False,True,False,False
c37476d1-ca38-4124-ba36-897f2b0cd372,0.11764705882352944,Male,0.3857142857142857,Fiber optic,Yes,No,0.6081789816105689,0.325656268103823,Yes,No,False,False,False,False,True,False,False,False,True,False
0e52d1f5-50f4-4995-add0-3fd623e1c384,0.0,Female,0.9285714285714286,Fiber optic,Yes,Yes,0.1671424461705282,0.3962641902644929,Yes,Yes,True,True,False,False,False,True,False,False,True,False
bdb21813-9eca-4f2b-a349-159645bbf7e0,0.607843137254902,Female,0.3,DSL,No,Yes,0.4361238354466795,0.19542120075559313,Yes,Yes,False,True,False,False,False,True,False,False,True,False
416886c9-145b-4af9-a9bd-cd7d42cff55d,0.23529411764705888,Male,0.42857142857142855,Unknown,Yes,No,0.5064949434596915,0.3217346767956502,No,Yes,False,True,False,True,False,False,True,False,False,False
b5ec62cd-707b-41df-b077-19370d1cd877,0.5686274509803921,Female,0.3142857142857143,Fiber optic,Yes,No,0.3965124255902986,0.1927719979423293,No,Yes,True,False,False,True,False,False,False,False,True,False
62ce27a3-35e0-45e5-af76-cd34c987a67a,0.43137254901960786,Female,0.6714285714285715,Fiber optic,Yes,No,0.1587333200557658,0.27234608195916976,Yes,Yes,True,False,False,True,False,False,False,False,True,False
ff332e85-4785-4dd5-b88a-2c4ca38cb019,0.9803921568627451,Female,0.2714285714285714,Fiber optic,Yes,No,0.45050786695877315,0.17660366737065736,Yes,Yes,False,True,False,True,False,False,False,False,False,True
dc17d0e6-7a6f-48c4-a641-df4fca4a345e,0.3529411764705882,Male,0.5285714285714286,Fiber optic,Yes,Yes,0.7064329814777934,0.5080785423568811,No,Yes,False,False,False,False,True,False,False,False,False,True
9d9bae0e-57e3-49b5-8895-eb754e335f63,0.607843137254902,Male,0.7714285714285715,Unknown,No,Yes,1.0000000000000002,0.9947109123700258,Yes,Yes,False,False,False,True,False,False,False,False,True,False
b2a29f7e-3d2e-4b7e-ae62-ab086bc519d4,0.5686274509803921,Male,0.9571428571428572,Unknown,Yes,Yes,0.8133174002522738,0.9999999999999999,Yes,Yes,True,False,False,True,False,False,False,False,True,False
74a8b87d-2226-410e-a7ed-1a2d5ec32d68,0.5490196078431373,Female,0.0,Fiber optic,No,Yes,0.11845803182190356,0.0,Yes,Yes,False,False,False,False,True,False,True,False,False,False
d55f1874-682b-4468-bc21-397f4a4331cc,0.9411764705882354,Male,0.0857142857142857,Unknown,No,No,0.24149682444842774,0.020011522184703895,No,Yes,True,True,False,False,True,False,False,True,False,False
0e07440b-c35d-4384-8ea2-b27a4a4dc76d,0.8627450980392156,Female,0.8,Fiber optic,Yes,Yes,0.02695346212573857,0.22255584934020547,No,Yes,False,True,False,False,True,False,False,False,True,False
6fafab40-ae92-4651-96fd-178ff912152d,0.5490196078431373,Female,0.15714285714285714,Unknown,Yes,No,0.0898006151939632,0.027764737937773128,No,No,False,False,False,True,False,False,False,False,True,False
b9f80ab0-beca-46fe-9772-b134037b7d15,0.5686274509803921,Male,0.05714285714285714,DSL,No,No,0.2171546172741154,0.0009160554542892788,Yes,No,True,False,False,False,False,True,False,False,True,False
c3ef85c1-08ee-422e-9538-2f26576cac44,0.2941176470588236,Male,0.7000000000000001,Fiber optic,No,No,0.16050366239571584,0.28526275304385207,Yes,No,True,False,False,True,False,False,True,False,False,False
346eadc7-1624-4eab-9d73-ded09303e699,0.7647058823529412,Female,0.5857142857142857,DSL,Yes,No,0.17610480426652508,0.2446330749677806,Yes,Yes,True,True,False,True,False,False,False,False,False,True
ffafd532-f55b-480a-b019-df12afae1000,0.3529411764705882,Female,0.15714285714285714,Unknown,Yes,Yes,0.1951359844209874,0.04446162383119389,No,Yes,True,False,False,False,True,False,True,False,False,False
8d23c7e8-7103-4cfa-b060-e124979ac104,0.33333333333333337,Male,0.24285714285714283,DSL,Yes,No,0.2724778153975525,0.1074946574142174,No,Yes,True,False,False,False,False,True,True,False,False,False
f16b04cc-b1da-4ac0-981f-e362f7eaf198,0.0,Male,0.9285714285714286,Fiber optic,No,Yes,0.07873597556927575,0.3101032466149164,Yes,No,False,True,False,True,False,False,False,True,False,False
7b55e279-97c4-4bb4-babf-05a0221b4fac,0.2549019607843137,Male,0.22857142857142856,Fiber optic,No,Yes,0.24713979065701835,0.0968062727467558,No,Yes,False,True,False,True,False,False,False,True,False,False
65479f25-e0c4-4ee3-9bf8-b056c341e56a,0.9803921568627451,Female,0.9571428571428572,Fiber optic,Yes,No,0.7014538936466841,0.9357071090208808,Yes,Yes,False,False,False,True,False,False,True,False,False,False
a456e453-d9c6-44e8-866f-6c86354c0036,0.9019607843137255,Female,1.0,Fiber optic,No,Yes,0.20133218261081243,0.4639096321415615,No,Yes,False,True,False,True,False,False,False,False,False,True
5e978cc0-d695-4c32-804d-00d7997c4b0f,0.9607843137254902,Female,0.8714285714285714,Unknown,Yes,No,0.12985461063533166,0.33570203231931034,No,No,False,True,False,False,False,True,False,False,True,False
f37e45b9-a27a-44d1-a7ba-02e363892721,0.019607843137254943,Female,0.5714285714285715,Fiber optic,No,No,0.014671712142335536,0.143429993088617,Yes,No,False,True,False,True,False,False,False,False,False,True
5d44dd38-04c5-46cc-b66d-e08ff883fa26,0.5294117647058824,Female,0.4714285714285714,Unknown,Yes,No,0.49299608311757287,0.34979630538223544,No,Yes,True,False,False,False,True,False,False,False,False,True
e113d7af-fecb-4e12-987d-b4a1de40d018,0.9411764705882354,Male,0.9857142857142858,DSL,Yes,Yes,0.871406758281883,0.9999999999999999,Yes,Yes,False,False,False,False,True,False,True,False,False,False
cd094378-1249-4fa3-85c1-3d374ccadb5c,0.9607843137254902,Male,0.6285714285714286,Fiber optic,Yes,No,0.005045475668857491,0.15371352687133483,Yes,No,True,True,False,True,False,False,False,False,True,False
c6ecae24-a20e-4edb-b20f-b389f52e0cd2,0.5686274509803921,Female,0.8142857142857143,Fiber optic,Yes,Yes,0.5397995087300007,0.6575408136281804,No,Yes,True,False,False,True,False,False,True,False,False,False
abb913d2-ee1d-4420-a20b-b46c6de4f09e,0.5030496196232563,Female,0.7142857142857143,DSL,Yes,No,0.6596295558653655,0.666005731531811,No,No,False,False,False,True,False,False,False,False,False,True
e4e5bd34-4e01-41b5-a8f1-9fc6708be45b,0.9803921568627451,Male,0.4714285714285714,Fiber optic,Yes,Yes,0.5953439996459315,0.3966529756379373,Yes,No,False,True,False,True,False,False,True,False,False,False
710d5c65-da56-4243-a4a5-76af576bacaf,0.5030496196232563,Male,0.6142857142857143,Fiber optic,Yes,No,0.9107968753457703,0.7265984139484625,No,Yes,False,False,False,True,False,False,False,False,True,False
0ea14384-832f-4ee9-a110-1aea492275c2,0.0,Male,0.19999999999999998,Fiber optic,Yes,Yes,0.8984044789661203,0.2203757594568829,No,Yes,False,False,False,True,False,False,False,False,False,True
db83e1a5-a0b6-43f6-a7ee-e3e4e0089bd2,0.13725490196078433,Male,0.9857142857142858,Fiber optic,Yes,Yes,0.0031644869326606373,0.2528425512417515,Yes,Yes,True,False,False,False,False,True,False,False,True,False
2d173cea-f09a-4197-9c2c-5e91a5f3a134,0.5030496196232563,Female,0.7000000000000001,Fiber optic,No,Yes,0.33908694593817085,0.41622719460507274,Yes,No,False,False,False,True,False,False,False,True,False,False
0b39f425-baa6-440b-9fc8-af91b615bce0,0.7450980392156864,Male,0.44285714285714284,DSL,No,Yes,0.6819801279072342,0.41305586267457983,No,No,True,False,False,False,True,False,False,False,False,True
7fcb6321-d429-437f-a107-7ec7acf8ccc7,0.03921568627450983,Female,0.9428571428571428,DSL,Yes,No,0.993560379738432,0.9999999999999999,Yes,No,True,True,False,True,False,False,False,False,True,False
5bf2013f-f15b-42be-b6dc-fbfe9fd78835,0.607843137254902,Male,0.028571428571428574,Fiber optic,Yes,Yes,0.8301356524817989,0.014308265673432498,No,No,True,True,True,False,True,False,False,False,True,False
bdc1f462-5e5d-4a6d-aebf-0095e97102bc,0.17647058823529416,Male,0.7142857142857143,DSL,Yes,Yes,0.13516563765518158,0.9999999999999999,Yes,No,False,False,False,False,False,True,True,False,False,False
4772bcc6-864f-44fa-97da-dc6980408c89,0.17647058823529416,Male,0.9428571428571428,DSL,No,Yes,0.24868884020447463,0.480465141535548,Yes,No,False,False,False,True,False,False,False,False,True,False
4a45df5b-9157-47c4-9002-01824892871a,0.5030496196232563,Female,0.6714285714285715,Fiber optic,No,Yes,0.7846599836243335,0.7065647213581653,Yes,Yes,False,False,False,False,False,True,False,True,False,False
f9a298b7-737f-4335-8306-bc45add1ac48,0.8823529411764707,Female,0.22857142857142856,Fiber optic,Yes,Yes,0.46146186018721386,0.14731945337419114,No,Yes,False,True,False,False,True,False,False,False,False,True
b9023467-1e5f-49e9-8ebc-e6720bf0db14,0.6470588235294118,Male,0.0857142857142857,Fiber optic,No,No,0.5453318285423445,0.04899852422213203,No,No,False,True,True,False,False,True,False,False,True,False
46659759-8cd6-4223-98f7-a6b5c71e5f7b,0.6274509803921569,Female,0.17142857142857143,Fiber optic,No,Yes,0.6136006550266659,0.1343272743864019,Yes,No,False,False,False,False,True,False,True,False,False,False
1094996c-3f8e-49b7-8368-a2d87dad2477,0.43137254901960786,Female,0.9285714285714286,Fiber optic,No,Yes,0.05406182920622277,0.28778825142011083,Yes,Yes,False,True,False,True,False,False,False,False,True,False
a59c5737-6d46-4a87-a3d3-fb7a03fcf003,0.5294117647058824,Male,0.04285714285714286,Fiber optic,Yes,Yes,0.8868972537564452,0.033888910845087654,No,No,False,True,True,True,False,False,False,True,False,False
f86b8dbd-6b2c-4d9d-92be-441ce7a5ea17,0.607843137254902,Male,0.12857142857142856,Fiber optic,Yes,Yes,0.8947531478899733,0.13834365221124093,Yes,Yes,False,False,True,True,False,False,False,False,True,False
e8a86efa-335d-4a9a-bda4-7d03d43e6524,0.9607843137254902,Female,0.22857142857142856,Fiber optic,Yes,Yes,0.45781052911106684,0.14598119628295478,Yes,Yes,False,False,False,True,False,False,False,True,False,False
193c8aa6-3acf-4d83-9c1d-451857369ddc,0.11764705882352944,Female,0.7285714285714286,Fiber optic,Yes,Yes,0.6332957135586095,0.6553896416651965,Yes,No,True,False,False,False,False,True,True,False,False,False
422f9fd1-9f67-465b-ab2e-1d4816c15c60,0.5490196078431373,Female,0.07142857142857142,Fiber optic,Yes,No,0.6699196707163249,0.046516402726381516,Yes,Yes,False,True,True,False,True,False,False,True,False,False
98f2873c-51fc-4ae4-9abb-b0d423321c36,0.13725490196078433,Male,0.9714285714285714,DSL,Yes,Yes,0.1496603155635221,0.3990917202531795,Yes,Yes,False,True,False,True,False,False,False,False,True,False
7c424866-8c76-473d-b4c7-2365c412e72d,0.0,Male,0.11428571428571427,Fiber optic,Yes,Yes,0.06435194405718209,0.009442022300857542,Yes,No,False,False,False,False,False,True,False,False,True,False
c9fdf7e9-253e-47ad-8d79-0604ddf04a3f,0.03921568627450983,Female,0.2857142857142857,Fiber optic,Yes,Yes,0.0,0.04136419325267803,Yes,No,False,False,False,False,True,False,True,False,False,False
73f6b6cc-7f15-43bf-8b7d-47f695bdd841,0.4509803921568628,Male,0.32857142857142857,Unknown,Yes,No,0.9498550532209167,0.3964875008715539,No,No,False,False,False,True,False,False,True,False,False,False
3065b2f7-cb2d-41a9-ad8c-1abbe3d710d1,0.43137254901960786,Male,0.04285714285714286,Unknown,Yes,No,0.3222686937086459,0.0007811051593746912,Yes,No,True,False,False,True,False,False,False,False,True,False
e9c6693a-7495-4691-9251-09687fef5915,0.13725490196078433,Female,0.32857142857142857,Fiber optic,No,Yes,0.03469870986301976,0.07571707606409112,No,No,True,False,False,True,False,False,False,False,True,False
1d268c0f-09c8-47fb-b7ed-5799d41f9037,0.9019607843137255,Female,0.8285714285714286,DSL,No,No,0.45515501560114185,0.596201084936109,No,No,False,True,False,False,False,True,False,False,True,False
262f20a9-e861-480f-a8f1-77bd2e23f52e,0.7058823529411765,Male,0.028571428571428574,DSL,Yes,Yes,0.023412777445838584,0.0,Yes,Yes,True,True,False,False,False,True,True,False,False,False
cc865051-6937-4051-97d7-0dd8104b8c38,0.03921568627450983,Male,0.9571428571428572,Fiber optic,Yes,Yes,0.0341454778817854,0.2760250840467223,No,No,False,True,False,True,False,False,False,False,True,False
1dc15d9f-ec69-4740-9460-49cd438b21fb,0.9803921568627451,Female,0.5571428571428572,Fiber optic,Yes,Yes,0.48071433313416984,0.40751486782743196,Yes,Yes,False,False,False,True,False,False,False,False,True,False
4d250704-33b4-44ba-8b4e-e7d133061aac,0.6274509803921569,Male,0.6714285714285715,DSL,Yes,Yes,0.5027329659872979,0.514567402370691,Yes,No,True,True,False,False,True,False,False,False,True,False
89d8eeb6-b6ad-478c-91f4-920afe249376,0.5294117647058824,Male,0.7571428571428571,Fiber optic,No,Yes,0.5816238465113193,0.6401418648909777,No,Yes,True,True,False,False,False,True,False,False,False,True
921aaf2b-c380-44df-a31a-c2cfaa144abd,0.9019607843137255,Female,0.4857142857142857,DSL,Yes,Yes,0.6659364004514372,0.44687055085746447,No,Yes,False,False,False,False,True,False,False,False,True,False
659c0778-58f0-4c2c-90cc-affd82f59140,0.13725490196078433,Female,0.7857142857142857,Unknown,Yes,Yes,0.6792139680010623,0.7473743331607897,No,No,False,True,False,False,True,False,False,True,False,False
12e5b230-3e2e-42e4-8123-76ec91489e93,0.5030496196232563,Male,0.5571428571428572,DSL,No,Yes,0.4188629976321671,0.3713722870572706,No,No,True,True,False,True,False,False,False,False,True,False
24ea0e90-8ae8-4526-b890-cb573ad8c953,0.6666666666666666,Male,0.9571428571428572,Unknown,Yes,Yes,0.6517736617318375,0.887203723856995,Yes,Yes,False,False,False,True,False,False,False,True,False,False
ee537a7c-1ec3-4d7d-b821-3eae2a85b488,0.607843137254902,Male,0.6428571428571429,Unknown,Yes,Yes,0.2769036712474275,0.33561206545603395,Yes,Yes,False,False,False,True,False,False,False,False,False,True
ad3756ac-588c-4c5e-a3e7-7720e7c3551b,0.4509803921568628,Female,0.17142857142857143,Fiber optic,Yes,No,0.4280466485206577,0.1011150428772431,Yes,No,True,False,False,False,False,True,False,False,True,False
60982b9b-4817-42ba-844c-f9a6f1c454b3,0.2549019607843137,Male,0.3714285714285714,Fiber optic,Yes,Yes,0.37493637832215804,0.2242218428619487,No,Yes,True,False,False,True,False,False,False,False,True,False
2092327c-24fe-453a-a48b-e80857d6be4c,0.607843137254902,Male,0.07142857142857142,Fiber optic,Yes,No,0.3039013919316648,0.015893931638678936,No,Yes,True,True,False,False,False,True,True,False,False,False
f2f77491-e1c8-4cfe-a146-9caa91192382,0.8823529411764707,Female,0.22857142857142856,Fiber optic,Yes,No,0.20376640332824364,0.08342370183439221,No,Yes,False,False,False,True,False,False,True,False,False,False
1dbdef51-3a83-468c-9179-20c0011b041f,0.823529411764706,Female,0.49999999999999994,Fiber optic,Yes,Yes,0.026621522936997988,0.12739661281185968,Yes,Yes,False,False,False,False,False,True,False,False,False,True
0fb68ddc-25a2-42ed-a2d5-26fd26fa27ef,0.2941176470588236,Male,0.014285714285714285,Fiber optic,No,Yes,0.4995242204961385,0.0,Yes,Yes,False,True,True,True,False,False,False,False,True,False
238b8ee6-aa2e-4fd6-a307-e184fe2564c1,0.05882352941176472,Female,0.7285714285714286,Fiber optic,Yes,Yes,0.5342671889176571,0.5793804946056832,No,No,False,False,False,True,False,False,False,True,False,False
c4770438-4236-4aea-b06c-e0b706425dba,1.0,Female,0.9285714285714286,Fiber optic,No,Yes,0.3117572860651929,0.5335086401926319,No,Yes,True,True,False,False,True,False,False,True,False,False
8e670283-4d96-4aa4-a161-c19365bfcfb5,0.7058823529411765,Male,0.7285714285714286,Fiber optic,Yes,Yes,1.0000000000000002,0.9497596117544277,Yes,Yes,True,True,False,True,False,False,False,False,False,True
ef60a24d-c38f-4b38-8975-12f996878774,0.3921568627450981,Female,0.6,DSL,Yes,Yes,0.5560645289782913,0.48902805905810476,Yes,No,True,False,False,False,False,True,True,False,False,False
fce6bb78-3aca-466b-ab8d-92f94f8a2076,0.2549019607843137,Female,0.3,Fiber optic,Yes,Yes,0.9234105645179138,0.348907882607381,Yes,No,True,True,False,True,False,False,False,False,False,True
f58b2cb4-b0fa-4556-80b3-2441355e9a5b,0.5882352941176471,Male,0.7714285714285715,DSL,Yes,No,0.5705592068866319,0.6428103463178008,Yes,Yes,False,True,False,True,False,False,False,False,True,False
e662f750-e3b7-4939-8206-10b56db04424,0.9215686274509803,Female,0.9428571428571428,DSL,Yes,Yes,0.14988160835601588,0.38480144795240234,No,Yes,False,True,False,False,False,True,False,False,True,False
43abe685-eff4-4b74-bf52-83cd056a7060,0.33333333333333337,Male,0.8428571428571429,DSL,Yes,No,1.0000000000000002,0.9999999999999999,Yes,No,True,True,False,False,False,True,False,False,False,True
290f0d4f-c610-4cd2-aed5-a27f7a833f97,0.11764705882352944,Male,0.8142857142857143,DSL,No,Yes,0.9193166478567794,0.9762146892110773,No,Yes,True,False,False,True,False,False,False,True,False,False
883aa031-61f7-4be7-82ac-dc3571777113,0.17647058823529416,Female,0.15714285714285714,DSL,Yes,No,0.4612405673947199,0.09736856564223326,Yes,No,True,False,False,False,False,True,False,False,True,False
dcaa7c99-8f57-40cb-834b-f8e6e4570e59,0.11764705882352944,Female,0.9714285714285714,Unknown,Yes,Yes,0.20874549115935298,0.45602307264470765,Yes,No,False,False,False,True,False,False,False,False,False,True
7aac8c53-b2e5-47bb-8c0e-17bb419935ef,0.6274509803921569,Female,0.5428571428571429,DSL,No,Yes,0.18617362632499068,0.2262284252232383,Yes,Yes,False,False,False,True,False,False,False,True,False,False
8518eb35-2c2e-4c4c-ba13-1ce7fff39da4,0.43137254901960786,Male,0.17142857142857143,Fiber optic,Yes,No,0.831574055633008,0.17450069194157167,No,No,False,False,False,True,False,False,False,False,True,False
604819b8-101a-4f59-b1a4-cf654708a243,0.3921568627450981,Female,0.5714285714285715,DSL,Yes,No,0.016220761689791807,0.14303317495952292,No,Yes,True,True,False,True,False,False,False,False,True,False
dc3f0cea-ba5d-41a4-86f1-63a3b4cc8167,0.3529411764705882,Male,0.8,Unknown,No,Yes,0.6457987563345062,0.7331483229052098,Yes,Yes,False,True,False,True,False,False,True,False,False,False
2adaf9f2-aad4-4987-b50a-263ef18ff0f2,0.9215686274509803,Female,0.7428571428571429,Fiber optic,Yes,Yes,0.6480116842594439,0.6800871521856967,Yes,No,True,True,False,True,False,False,False,False,True,False
de0b8928-8b9a-4b0a-94bf-feb336c1ee5c,0.3529411764705882,Female,0.15714285714285714,Fiber optic,Yes,No,0.1416937750337472,0.03824105785608322,Yes,Yes,False,False,False,True,False,False,False,False,True,False
afa4d008-85b7-40ac-b9b7-45c53c59782e,0.6862745098039217,Female,0.17142857142857143,Fiber optic,Yes,No,0.7197105490274183,0.15082655449084054,Yes,Yes,False,False,False,False,False,True,False,False,True,False
4871360f-65d0-4c7a-a109-d16f5579defb,0.5490196078431373,Male,0.8,Fiber optic,Yes,Yes,0.7202637810086527,0.794293658910559,No,No,False,False,False,True,False,False,False,False,True,False
8f5e0f8b-ae7d-4f63-8f19-bf0081cbec5a,0.33333333333333337,Female,0.5571428571428572,Fiber optic,Yes,Yes,0.32702648874726153,0.31794642923126204,No,No,False,False,False,False,False,True,False,True,False,False
b8621bfb-600e-471d-889d-e8b1f459a53d,0.019607843137254943,Female,0.6285714285714286,DSL,Yes,No,0.4746287813405918,0.45951250169892777,Yes,Yes,False,False,False,False,True,False,True,False,False,False
52fe4ff7-550b-41b5-8613-e8f3a5689796,0.0,Male,0.4857142857142857,Unknown,No,Yes,0.8612272898271705,0.5465747205323981,No,No,True,True,False,True,False,False,False,False,False,True
d337d4ba-a342-4263-a0ca-71cf06ac7b6b,0.9019607843137255,Male,0.028571428571428574,Fiber optic,No,No,0.5186660470468476,0.00189926474580987,No,Yes,True,False,True,True,False,False,False,False,False,True
3fbe0bd4-3d35-4e23-af75-03aa8d9640c4,0.07843137254901966,Female,0.05714285714285714,Fiber optic,Yes,Yes,0.6237801234813782,0.029237945323924076,Yes,No,False,False,True,True,False,False,False,True,False,False
d32593da-892a-46bc-9e16-0942bc7cdb09,0.37254901960784315,Female,0.14285714285714285,Fiber optic,Yes,No,0.3965124255902986,0.07126532288303952,Yes,No,True,False,False,False,False,True,False,False,True,False
adfacceb-5a34-4f41-b4ee-4a59959b921b,0.1960784313725491,Female,1.0,Fiber optic,No,No,0.10529111066852559,0.3628993363979902,No,No,True,True,False,True,False,False,False,False,True,False
401a14a3-4778-4b61-a696-ede8e33f3d7c,0.8039215686274509,Male,0.7857142857142857,Unknown,Yes,No,1.0000000000000002,0.9999999999999999,No,No,False,False,False,True,False,False,False,True,False,False
4efab871-8f39-4e2d-b117-5a63d8acf70f,0.019607843137254943,Male,0.12857142857142856,Fiber optic,Yes,Yes,0.5278496979353384,0.08124361195106958,Yes,Yes,False,False,True,False,False,True,False,True,False,False
d6235a56-331a-4b7e-9adc-fb02406b188d,0.03921568627450983,Male,0.4714285714285714,Fiber optic,Yes,Yes,0.3119785788576866,0.2603676367343699,No,Yes,False,True,False,False,True,False,False,False,True,False
c876ec27-fab7-478e-9a77-72996ac41c61,0.43137254901960786,Male,0.9428571428571428,DSL,No,Yes,0.7295580782933901,0.9488920741442624,Yes,Yes,True,False,False,True,False,False,False,False,True,False
d3270f59-6079-49aa-b660-54ef12e60efd,0.21568627450980393,Female,0.42857142857142855,Unknown,Yes,No,0.626656929783797,0.37700164221656496,No,No,True,True,False,True,False,False,False,False,False,True
ba18f2ef-ed23-4f65-a94d-61600b3f0a40,0.37254901960784315,Male,1.0,Fiber optic,No,No,0.1974595587421718,0.45883293057096497,No,Yes,False,True,False,False,False,True,False,False,True,False
1d549cad-ad0a-4a52-a85a-c0f030b8c694,0.07843137254901966,Male,0.9285714285714286,DSL,Yes,Yes,0.910022350572042,0.9999999999999999,No,No,False,False,False,False,False,True,True,False,False,False
312bf4e6-b32d-4846-867f-f684e7601505,0.7058823529411765,Male,0.9857142857142858,DSL,Yes,No,0.01821239682223552,0.26840199893517785,No,No,False,True,False,True,False,False,False,False,True,False
bf021850-9b9f-4ccc-823d-cfabed0857f6,0.7254901960784313,Female,0.5714285714285715,Fiber optic,Yes,No,0.6099493239505189,0.4973981904450693,Yes,Yes,False,False,False,True,False,False,False,False,True,False
6cc6da8b-76d6-4705-a853-a6641b9708ca,0.5686274509803921,Female,0.8857142857142858,Unknown,Yes,Yes,0.4685432295470137,0.6493490094166388,No,No,False,False,False,False,False,True,False,False,False,True
988e6f8d-bc42-42da-a6bf-c75b9059d878,0.1568627450980392,Male,0.44285714285714284,DSL,No,Yes,0.2918409347407555,0.23235099157942288,No,No,True,False,False,False,True,False,False,True,False,False
dc124c49-307c-428f-998a-958e3aa4ef4a,0.6470588235294118,Male,0.2714285714285714,Fiber optic,No,No,0.8541459204673705,0.29426907867827107,Yes,Yes,True,False,False,False,False,True,False,False,False,True
94166019-4304-4739-a5b9-7132fb48c736,0.5030496196232563,Female,0.8,DSL,Yes,Yes,0.6659364004514372,0.7476988564890366,No,No,True,True,False,True,False,False,False,False,True,False
76328f98-ec86-45c3-a748-8f0f083db72f,0.6666666666666666,Female,0.7000000000000001,Fiber optic,No,No,0.7801234813782116,0.7380209924823046,No,Yes,False,False,False,False,False,True,False,True,False,False
815c02a4-dbb9-4f4c-86dd-8e418874fde9,1.0,Female,0.34285714285714286,Fiber optic,No,Yes,0.3986147071189891,0.21099028775579906,Yes,Yes,True,False,False,True,False,False,False,False,False,True
1c87a357-697e-4b28-84c7-dcdbabad4738,0.4117647058823529,Female,0.15714285714285714,Unknown,Yes,No,0.9824957401137446,0.18395845844350256,Yes,No,False,False,False,True,False,False,False,False,True,False
46511d85-eaa8-4d21-93d3-fb9050f1ff1f,0.8431372549019608,Female,1.0,Fiber optic,Yes,Yes,0.3211622297461772,0.5862356482771184,No,No,False,False,False,False,True,False,False,False,True,False
f4ccd43d-b2bd-4d2e-9e62-06ccca6123fb,0.4509803921568628,Female,0.5428571428571429,Unknown,Yes,Yes,0.527296465954104,0.42224533513781154,No,Yes,True,False,False,True,False,False,False,False,True,False
f6b559ec-1202-4e51-ad17-df743be2589c,0.3137254901960784,Female,0.22857142857142856,Fiber optic,Yes,Yes,0.9728695036402666,0.27823730495264365,No,No,False,False,False,False,False,True,False,False,False,True
ca9dfed9-a635-426c-b13f-b8d484e52909,0.17647058823529416,Female,0.6285714285714286,DSL,Yes,Yes,0.03182190356060105,0.17149162167520227,No,Yes,False,False,False,True,False,False,False,False,False,True
1e5b4f7e-df64-477b-b854-d0915a11f83c,0.5686274509803921,Male,0.14285714285714285,Fiber optic,Yes,Yes,0.060147380999800826,0.018671658542337592,No,No,False,False,False,False,False,True,False,False,True,False
41694fa4-119b-416e-8288-16ff15d4bae6,0.8823529411764707,Male,0.9857142857142858,Fiber optic,Yes,Yes,1.0000000000000002,0.9999999999999999,No,No,False,False,False,True,False,False,False,False,True,False
bd4466d5-d72b-4343-88d2-363deb052b04,0.43137254901960786,Male,0.3142857142857143,Unknown,No,No,1.0000000000000002,0.39464639327664774,Yes,Yes,True,True,False,False,True,False,False,False,True,False
cb1c9cbe-cf58-46b5-b35f-4a5cb22f6111,0.607843137254902,Male,0.9857142857142858,Unknown,No,No,0.7936223417203303,0.9999999999999999,No,No,True,False,False,True,False,False,False,False,True,False
8eab61c8-0b84-4bde-89e2-afab214e6b43,0.3137254901960784,Male,0.5285714285714286,DSL,Yes,Yes,0.4755139525105668,0.38154657536315273,Yes,Yes,True,False,False,False,True,False,False,False,True,False
1bcd9919-c013-41bc-b8fa-5d80d357bcdd,0.9607843137254902,Male,0.014285714285714285,DSL,Yes,No,0.4997455132886322,0.0,Yes,Yes,False,False,True,False,True,False,False,False,True,False
3759134c-b967-4b32-9181-f316526319fc,0.9803921568627451,Female,0.5142857142857143,DSL,Yes,Yes,0.22434663303016228,0.23366193730145032,Yes,No,False,True,False,True,False,False,False,True,False,False
366bfbb0-ca93-471e-a8d1-81f386bc8da2,0.3137254901960784,Female,0.6857142857142857,Unknown,Yes,No,0.4185310584434266,0.463074225553995,Yes,Yes,False,False,False,True,False,False,False,False,False,True
0e750d24-ca2d-4175-9c8a-728524213c63,0.2549019607843137,Male,0.7285714285714286,Unknown,Yes,No,0.4169820088959703,0.49517151057897846,Yes,No,True,False,False,True,False,False,False,False,True,False
2686d399-5926-4ad0-863e-37df21818487,0.1568627450980392,Male,0.45714285714285713,Fiber optic,Yes,Yes,0.0,0.09030777342616628,Yes,No,False,True,False,False,False,True,True,False,False,False
e2179100-6db0-48b3-a57f-b4d59dd8fb02,0.7647058823529412,Female,0.3,Fiber optic,Yes,No,0.44121356967403563,0.19467254792904312,Yes,Yes,False,False,False,True,False,False,False,False,True,False
0d65f769-5fc7-4310-b526-d3bd620f8345,0.019607843137254943,Female,0.05714285714285714,Fiber optic,Yes,No,0.47064551107570435,0.019624343362389413,Yes,Yes,False,False,False,True,False,False,True,False,False,False
9afa04c9-247f-4633-8488-0be53d30cf5e,0.8627450980392156,Female,0.24285714285714283,Fiber optic,Yes,Yes,0.6764478080948904,0.21531833649984558,Yes,Yes,True,False,False,True,False,False,True,False,False,False
00cc7d07-ae01-47f2-a674-dc5ff3171bcf,0.47058823529411764,Male,0.5285714285714286,DSL,Yes,No,0.5112527384983072,0.40598703770286315,No,Yes,False,True,False,False,False,True,True,False,False,False
97b4f636-d3b6-49e0-a928-ea0b5b12abeb,0.7450980392156864,Female,0.5142857142857143,Fiber optic,No,No,0.8932040983425171,0.5956146937736825,No,Yes,True,False,False,True,False,False,True,False,False,False
4fad2190-aee7-4955-a71a-4727a1ec4529,0.1568627450980392,Male,0.9,DSL,No,Yes,0.34650025448671135,0.5467193101340924,No,Yes,True,True,False,True,False,False,False,False,True,False
f44200dd-d08a-4bf0-a45c-bb4233ecd4ef,0.4117647058823529,Male,0.12857142857142856,DSL,Yes,No,0.3930823873066454,0.06303496144437942,Yes,No,True,False,False,False,True,False,True,False,False,False
c05dacbb-b9d3-4d25-9268-848ed487ab72,0.823529411764706,Female,0.5857142857142857,Unknown,Yes,No,0.572108256434088,0.48593544813297873,No,No,True,True,False,False,True,False,False,False,True,False
41099080-6473-4d42-adf1-370a9bd789e1,0.8823529411764707,Female,0.6714285714285715,Fiber optic,Yes,Yes,0.16404434707561583,0.27649259042553354,Yes,Yes,False,False,False,True,False,False,False,False,True,False
15e11eda-284f-4837-9344-63eef066ebe5,0.05882352941176472,Male,0.6142857142857143,Fiber optic,Yes,Yes,0.37515767111465187,0.38579911620409235,Yes,Yes,True,True,False,False,False,True,False,True,False,False
f97d92bc-d1c6-438d-bb52-612b3fafa7b1,0.4901960784313726,Female,0.21428571428571427,Fiber optic,Yes,Yes,0.6990196729292528,0.1959883133044604,No,No,False,False,False,False,True,False,False,False,False,True
74c37b2f-9175-4ce0-9c3d-6a76a7697817,0.5490196078431373,Female,0.7571428571428571,Fiber optic,Yes,No,0.39540596162782987,0.49485180690412134,No,No,True,False,False,True,False,False,False,True,False,False
bab9eeaf-a8e5-462f-be67-ee9d951f6efa,0.8627450980392156,Male,0.4857142857142857,Fiber optic,No,No,0.9428843302573635,0.5861794189875706,No,Yes,True,False,False,True,False,False,False,False,True,False
be7b8089-918f-45ca-8c01-bfaac30956ac,0.6470588235294118,Female,0.3857142857142857,Fiber optic,Yes,Yes,0.6205713779902189,0.32882117382979614,No,No,True,True,False,False,False,True,False,False,False,True
30ce03dc-f7fb-46b7-9f44-19f5d3522416,0.43137254901960786,Male,0.014285714285714285,Fiber optic,No,No,0.10993825931089429,0.0,Yes,No,True,True,False,True,False,False,False,False,True,False
9bee8e51-06d7-4485-90d8-75158665b725,0.7058823529411765,Male,0.17142857142857143,Fiber optic,Yes,No,0.47905463719046665,0.10718941269952964,No,No,True,False,False,True,False,False,False,False,True,False
465e9d20-252e-417c-98b5-2c256cbd8ac6,0.1960784313725491,Female,0.5714285714285715,DSL,Yes,No,0.7859877403792961,0.6019830624527472,No,Yes,False,True,False,True,False,False,False,False,True,False
cbdc9dd4-54dc-4b96-b016-bb6619167f82,0.09803921568627455,Male,0.8285714285714286,Fiber optic,Yes,Yes,0.6515523689393437,0.7635940733686195,No,No,False,True,False,False,True,False,False,False,True,False
c3acc203-4e80-481f-91c9-2d5ac8e50aea,0.33333333333333337,Male,0.9714285714285714,Fiber optic,Yes,Yes,0.9193166478567794,0.9999999999999999,No,Yes,True,False,False,True,False,False,False,False,True,False
a08a443b-b190-4a9d-9f34-6bdad8da0c20,0.3921568627450981,Female,0.7428571428571429,Fiber optic,Yes,No,0.7696120737347585,0.7716445010807268,Yes,No,True,False,False,False,True,False,True,False,False,False
7ce04668-1bd0-4eb6-9116-0220ea6724a0,0.8039215686274509,Female,0.6285714285714286,Fiber optic,Yes,Yes,0.007922281971276202,0.15581650230042057,Yes,Yes,True,True,False,True,False,False,False,False,True,False
303ef22d-3ec9-4b3e-b9b3-20c64384f438,0.6862745098039217,Female,0.2714285714285714,Fiber optic,Yes,No,0.06424129766093523,0.06691156932091405,Yes,No,False,False,False,False,True,False,False,True,False,False
5b954e6f-1052-435e-ba88-2c768f8b1a3b,0.7843137254901961,Male,0.32857142857142857,DSL,Yes,No,0.6586337382991436,0.2935172127494612,Yes,No,False,False,False,False,True,False,False,False,True,False
9db3a8ab-5203-411f-a10e-4cc5245315cc,0.7254901960784313,Male,0.8571428571428572,Fiber optic,Yes,Yes,0.20354511053574992,0.39288561323823834,Yes,No,False,True,False,True,False,False,False,False,True,False
7fdf4b71-5054-4604-b437-1a7b57459f05,0.6470588235294118,Female,0.8142857142857143,Unknown,No,No,0.5901436190223286,0.6999746486231696,Yes,No,True,False,False,False,False,True,False,False,True,False
53dfed54-b143-4c70-99ce-e17dd7539a3d,0.3137254901960784,Male,0.3714285714285714,DSL,Yes,Yes,0.8163048529509396,0.3956392418749479,No,Yes,True,True,False,True,False,False,False,True,False,False
a830da6e-52da-4e0d-9378-28302ece6e9d,0.7058823529411765,Female,0.35714285714285715,Fiber optic,Yes,Yes,0.5780831618314193,0.2866235018509075,No,No,True,True,False,False,True,False,False,False,True,False
a56b50c0-1f26-4423-bb93-90479ec601cc,0.47058823529411764,Female,0.0857142857142857,Fiber optic,Yes,Yes,0.3994998782889641,0.03677106357219214,No,No,False,True,False,True,False,False,False,False,True,False
53e01be1-4573-4be3-bec6-c9cfe38f5c14,0.7254901960784313,Male,0.5857142857142857,DSL,No,Yes,0.6548717608267498,0.5355361077186106,Yes,Yes,True,True,False,True,False,False,True,False,False,False
7f6a927d-95b8-4986-aae1-650cf27b0e89,0.21568627450980393,Female,0.6571428571428571,Fiber optic,Yes,Yes,0.09865232689371312,0.2268742587774724,Yes,No,False,False,False,False,False,True,False,False,True,False
dec9c927-9411-41fe-8269-2f8e9dddfc7a,0.43137254901960786,Male,0.7428571428571429,Fiber optic,Yes,No,0.7399588395405963,0.7510195976746135,No,No,False,True,False,False,False,True,True,False,False,False
919f176c-0121-44ca-add6-7461680c7428,0.8039215686274509,Male,0.8285714285714286,Fiber optic,Yes,No,0.7109694837239151,0.8168624891838944,Yes,No,False,False,False,True,False,False,False,False,True,False
bc28954d-31f1-4b9d-abc4-77d2b8f9d370,0.4117647058823529,Female,0.5285714285714286,Unknown,Yes,Yes,0.5089291641771228,0.39980181585261104,No,No,True,False,False,True,False,False,False,False,False,True
c9f42cc6-f3c2-4aa5-be50-08d7b5decf26,0.3921568627450981,Male,0.9714285714285714,DSL,Yes,No,0.24824625461948707,0.4961531133193692,No,No,False,False,False,True,False,False,False,False,True,False
7e7d19d5-78f8-4da3-9ee7-95dbfa95c258,0.5098039215686275,Female,0.7428571428571429,DSL,No,Yes,0.8222797583482708,0.8147097106697807,Yes,No,True,False,False,False,False,True,False,False,False,True
5964f0a4-a3fa-4693-8052-d010e8de88f2,0.5882352941176471,Male,0.19999999999999998,Unknown,No,Yes,0.5047246011197415,0.135771563852214,No,No,False,False,False,True,False,False,True,False,False,False
0519810d-7fd5-476d-895b-e2f5d3f6d4c5,0.09803921568627455,Male,0.35714285714285715,Fiber optic,Yes,No,0.005266768461351268,0.07192240229518321,Yes,No,True,True,False,True,False,False,True,False,False,False
5697e5a1-7838-4582-ab2d-774bb8343492,0.5098039215686275,Male,0.6714285714285715,Fiber optic,Yes,No,0.9561618978069886,0.8227247942570294,No,No,True,False,False,True,False,False,False,False,False,True
222b6611-30f8-4c6b-a52c-8523bb58ce88,0.7647058823529412,Female,0.2571428571428571,Fiber optic,Yes,No,0.7891964858704552,0.2590759696259017,Yes,No,True,False,False,False,False,True,False,True,False,False
d626ed5d-896a-414a-83c6-526024aba856,0.6470588235294118,Male,0.11428571428571427,Fiber optic,Yes,Yes,0.5868242271349222,0.07964991323017348,Yes,Yes,False,True,True,True,False,False,False,False,True,False
39333f9d-5f2d-454a-a8cf-da22e9a5c4e5,0.21568627450980393,Female,0.9,Fiber optic,No,No,0.42306756068954837,0.6175617887597329,No,Yes,True,False,False,True,False,False,False,False,True,False
ef5c4f0b-ded9-46a2-b477-a91900f4cdbf,0.8627450980392156,Male,0.7571428571428571,DSL,Yes,No,1.0000000000000002,0.9693980927667604,No,No,False,False,False,True,False,False,True,False,False,False
f84bd514-3f0b-48e0-a0ac-9c1638c62ba6,0.11764705882352944,Male,0.7142857142857143,DSL,Yes,No,0.7972736727964771,0.7616019499674993,No,No,True,True,False,True,False,False,True,False,False,False
14cb842d-18f3-4f43-a177-278e7b768136,0.17647058823529416,Female,0.5428571428571429,DSL,Yes,Yes,0.5317223218039788,0.4259034520606749,Yes,Yes,True,False,False,False,True,False,False,False,True,False
0a70cb40-3412-406f-8302-83a6bc5382ca,0.8627450980392156,Female,0.04285714285714286,Unknown,No,Yes,0.6625063621677842,0.018443528281886744,No,Yes,False,True,True,False,False,True,True,False,False,False
36ea7b3b-0433-4a54-81c0-5335fb18f969,0.3137254901960784,Female,0.028571428571428574,DSL,Yes,No,0.2504591825444245,0.0,No,Yes,True,True,False,False,False,True,False,False,True,False
fecc3a1e-0740-412c-ae15-86bf180ee423,0.4901960784313726,Female,0.9,Fiber optic,Yes,No,0.15629909933833458,0.3730864771129119,No,No,False,False,False,True,False,False,True,False,False,False
03303902-0465-4bee-ae12-f80d6cd009f7,0.3921568627450981,Female,0.39999999999999997,Unknown,Yes,Yes,0.242160702825909,0.18588150014603547,No,No,False,False,False,False,False,True,False,True,False,False
772fa6b5-54f0-41b1-be95-7d442a646790,0.5294117647058824,Male,0.14285714285714285,Fiber optic,Yes,Yes,0.2640686892827901,0.05267913286081451,No,No,False,True,False,True,False,False,False,False,False,True
5a873993-0394-4e42-83f3-c6307af51433,0.8823529411764707,Male,0.8142857142857143,Fiber optic,No,Yes,0.7582154949213304,0.8394361391106197,No,Yes,True,False,False,True,False,False,False,False,True,False
9b7f5fa7-4cec-49b0-aeca-e2935a48c97b,0.019607843137254943,Female,0.3714285714285714,Fiber optic,Yes,Yes,0.09477970302507249,0.11134877357493292,No,Yes,False,False,False,False,False,True,True,False,False,False
3fe76472-55c7-4220-a2ed-332afca4f63c,0.823529411764706,Male,0.2857142857142857,Fiber optic,Yes,Yes,0.800150479098896,0.29601058010312126,Yes,Yes,False,False,False,True,False,False,True,False,False,False
444b0fb2-80d2-47e3-86db-23f94bf3d2c8,0.0,Male,0.5428571428571429,Fiber optic,Yes,Yes,0.5188873398393414,0.41976642674432085,Yes,Yes,False,True,False,True,False,False,False,False,True,False
e822ebb2-df9d-4301-b48a-b8997bea2553,0.9803921568627451,Male,0.6428571428571429,Fiber optic,No,Yes,0.36531014184868,0.3982049040294551,No,No,True,False,False,False,False,True,False,False,False,True
e41a50e1-49bb-40d9-922e-ada0edf5c210,0.6862745098039217,Female,0.9285714285714286,Unknown,Yes,Yes,0.27214587620881187,0.4948791182733302,No,Yes,False,False,False,True,False,False,False,True,False,False
e128989e-ce44-4727-918e-48b170f02bd7,0.9803921568627451,Male,0.49999999999999994,Unknown,Yes,Yes,0.5076014074221602,0.3769068556998988,No,Yes,False,False,False,False,True,False,False,False,True,False
71330044-a1c2-469f-aadc-3574a3e0d15f,0.4901960784313726,Male,0.9142857142857143,Unknown,Yes,Yes,0.29106640996702743,0.5039561321574664,Yes,Yes,False,False,False,False,False,True,False,False,True,False
069aeed3-c054-4ad6-a62a-2b46745b2ee1,0.5490196078431373,Male,0.8857142857142858,Unknown,Yes,Yes,0.4149903737635266,0.6034177126117798,Yes,Yes,False,False,False,True,False,False,False,False,True,False
8ede65a9-a0b2-458f-bd31-2c46e7170172,0.3921568627450981,Female,0.4857142857142857,Fiber optic,No,No,0.7574409701476024,0.48989238356601006,Yes,Yes,False,True,False,True,False,False,False,False,False,True
0d98d4cd-8eb3-48cd-85a5-cc9d7fe6f0a0,0.1960784313725491,Male,0.42857142857142855,Fiber optic,No,Yes,0.6324105423886344,0.37288244511941004,Yes,Yes,True,False,False,True,False,False,False,True,False,False
91494d59-ed33-49d3-b72b-15dca0fb407a,0.5030496196232563,Male,0.3857142857142857,Unknown,Yes,No,0.767399145809821,0.38827159839306324,Yes,Yes,True,True,False,True,False,False,True,False,False,False
694013b9-79de-4fbb-b6f2-ef602a58ba9a,0.1960784313725491,Female,0.0,Fiber optic,Yes,Yes,0.728672907123415,0.0,No,Yes,True,True,True,True,False,False,False,False,True,False
281328e5-4d69-4294-b15e-c36a8f13e49d,0.6862745098039217,Female,0.34285714285714286,Unknown,No,No,0.8416428776914737,0.37493240436120795,Yes,Yes,True,True,False,False,True,False,True,False,False,False
8561cda2-1c51-4070-8a1c-c666eba9ef35,0.9411764705882354,Male,0.6,Fiber optic,Yes,Yes,0.16293788311314705,0.24381534044264339,No,No,False,False,False,True,False,False,True,False,False,False
54c2cb1d-f9d3-4cb0-a563-4834452eca3b,0.7450980392156864,Male,0.9428571428571428,Fiber optic,Yes,Yes,1.0000000000000002,0.9999999999999999,Yes,No,False,True,False,True,False,False,False,False,True,False
7e409a60-7a97-476e-86ac-fac18dff0b5d,0.7647058823529412,Female,0.8857142857142858,Fiber optic,Yes,Yes,0.46621965522582937,0.6488750768333076,No,No,False,True,False,True,False,False,False,False,True,False
bc038045-c8be-4b80-93d0-0c24267e67af,0.6666666666666666,Female,0.7142857142857143,Unknown,Yes,No,0.7344265197282525,0.7197239816634678,No,No,False,True,False,True,False,False,False,False,True,False
7a331496-1b8a-492d-9046-f32cb53cf5b8,0.6470588235294118,Female,0.014285714285714285,DSL,Yes,Yes,0.6897253756445154,0.0,Yes,No,True,True,True,False,False,True,False,False,False,True
9272ae9c-dfd7-4745-a7bf-6b6e472503f2,0.9019607843137255,Female,0.9,Fiber optic,No,Yes,0.5662439974330038,0.756247315051424,No,Yes,True,False,False,True,False,False,False,False,True,False
af2957fa-a7e3-4d2a-a61d-772e3b24f063,0.4509803921568628,Female,0.9714285714285714,Fiber optic,No,Yes,1.0000000000000002,0.9999999999999999,No,Yes,False,False,False,False,False,True,False,False,False,True
f81c2302-9051-4863-9cbe-4ec48cea6fd4,0.4117647058823529,Female,0.11428571428571427,DSL,Yes,No,0.18019872092765937,0.024334751275360604,Yes,Yes,False,True,False,True,False,False,False,True,False,False
9396f727-93b6-45e6-b5a1-a00bb60f976f,0.07843137254901966,Female,0.014285714285714285,Fiber optic,Yes,Yes,0.40635995485627036,0.0,No,Yes,False,True,False,True,False,False,False,False,True,False
8fbdf330-a5a9-4fa1-8199-083d7ef0d6d8,0.6274509803921569,Male,0.4714285714285714,Fiber optic,Yes,Yes,0.0810595498904601,0.1440870725007607,Yes,No,False,False,False,True,False,False,False,True,False,False
1f56ab8e-aa35-4360-abed-9ce7961e1316,0.5030496196232563,Female,0.8428571428571429,Fiber optic,Yes,Yes,0.14091925026001906,0.3345822661817452,No,Yes,True,False,False,True,False,False,False,False,True,False
a5c071eb-8f33-47ce-8f7b-8f19989c98f1,0.9019607843137255,Female,0.8571428571428572,Fiber optic,Yes,Yes,0.728672907123415,0.8599453708353776,No,No,False,False,False,False,True,False,True,False,False,False
940b12b5-eca7-42bc-9af4-75d3b51d75e9,0.37254901960784315,Male,0.42857142857142855,Fiber optic,Yes,No,0.0,0.06647137431131167,No,Yes,False,True,False,True,False,False,False,False,True,False
de95ca28-92e4-4ec4-8bcb-d44ad9431946,0.3529411764705882,Female,0.12857142857142856,Fiber optic,No,Yes,0.9242957356878887,0.14215117838918828,Yes,No,True,False,True,False,False,True,False,False,True,False
8eb25168-36a6-4130-be48-445d1daff6b3,0.6666666666666666,Female,0.49999999999999994,Fiber optic,No,Yes,0.6403770829184092,0.4477878915526577,Yes,No,True,False,False,True,False,False,False,False,False,True
b8a68cd8-5a55-4bc5-93c5-0724b55781d5,1.0,Male,0.6857142857142857,DSL,Yes,No,0.42760406293567027,0.4693911845969019,Yes,No,False,False,False,False,False,True,False,False,False,True
af61555e-4a26-4d48-8c0f-93b895e73cc9,0.823529411764706,Female,0.9857142857142858,Unknown,Yes,No,0.3064462590453429,0.561422466075263,Yes,No,False,True,False,True,False,False,True,False,False,False
f82529cf-4269-434c-9e58-3dfd80b09e7e,0.3137254901960784,Male,0.6857142857142857,Fiber optic,Yes,Yes,0.07951050034300389,0.22150837800348747,Yes,Yes,True,True,False,True,False,False,True,False,False,False
f445080f-d829-4132-809a-8b06aa528447,0.8627450980392156,Male,0.028571428571428574,Fiber optic,No,No,0.9594812896943947,0.019866932583009686,Yes,No,False,False,True,True,False,False,False,False,False,True
6f65e06f-89f4-42bb-bd3e-2fb54a4ecb2a,0.823529411764706,Male,0.05714285714285714,Fiber optic,Yes,Yes,0.727898382349687,0.03707952138913977,No,Yes,False,True,True,True,False,False,False,True,False,False
c41cc1a9-34df-4c3f-83a1-8d9ee4dcb868,0.5030496196232563,Male,0.8571428571428572,Fiber optic,Yes,Yes,0.3119785788576866,0.4887372733035863,No,No,False,True,False,False,False,True,False,False,False,True
3f48a7b0-2421-49ca-b563-2a79f2d95495,0.1568627450980392,Female,0.35714285714285715,Fiber optic,Yes,No,0.01821239682223552,0.07743447922199226,Yes,Yes,False,False,False,True,False,False,False,False,True,False
06b51a3f-803f-42ae-86f0-9644d029aa6b,0.4901960784313726,Male,0.05714285714285714,Fiber optic,No,No,0.3001394144592711,0.007199276923467439,Yes,Yes,False,False,False,True,False,False,False,False,True,False
765821a4-adf9-426e-a5fa-3f3b3be64267,0.019607843137254943,Male,0.19999999999999998,Fiber optic,No,Yes,0.14401734935493155,0.05992146535456421,Yes,No,False,False,False,True,False,False,False,False,True,False
78ceeeee-48d5-428f-95ac-387a30a1dc74,0.1568627450980392,Female,0.21428571428571427,Fiber optic,Yes,Yes,0.8097767155723739,0.21671282288062968,Yes,Yes,True,False,False,True,False,False,True,False,False,False
35e7cc2b-f0e6-4c1b-8234-38dc5c5106fb,0.1568627450980392,Male,0.0,Fiber optic,No,Yes,0.7359755692757088,0.0,Yes,Yes,False,False,True,False,False,True,False,False,True,False
2836b8ab-bb39-4d56-b7c3-108746eb31dd,0.7647058823529412,Male,0.21428571428571427,DSL,Yes,Yes,0.49100444798512904,0.1440742200917212,Yes,Yes,True,False,False,False,True,False,False,False,True,False
b33b9d13-b86d-4a6f-9484-e27ce3f2ee91,0.3137254901960784,Male,0.5142857142857143,Fiber optic,Yes,Yes,0.9198698798380138,0.6101089980679615,No,No,True,False,False,False,True,False,False,False,True,False
b73470f3-c390-48e3-843c-35e5ac48ce6b,0.0,Male,0.028571428571428574,DSL,No,Yes,0.13970213990130342,0.0,No,No,False,False,False,True,False,False,False,False,False,True
8b8e358f-2ae9-4712-9fa3-3f4b30e91f0e,0.47058823529411764,Female,0.7285714285714286,DSL,No,No,0.4398858129190733,0.5098650272133696,Yes,No,False,False,False,False,False,True,False,False,True,False
1927b263-4998-4ad9-b01f-90b977a589d0,0.823529411764706,Male,0.6571428571428571,Unknown,Yes,No,0.7260173936134902,0.6511563794378163,No,No,False,True,False,False,True,False,False,False,True,False
6d472aa7-da21-4575-8979-99ac2960a474,0.7647058823529412,Female,0.17142857142857143,Fiber optic,Yes,Yes,0.014782358538582452,0.022408496470567814,Yes,Yes,True,False,False,True,False,False,False,False,False,True
26c6b151-eb42-40d5-9206-f14b5d1dd235,0.8039215686274509,Female,0.7714285714285715,Fiber optic,No,Yes,0.3521432206953021,0.4723986483121413,No,No,False,True,False,True,False,False,True,False,False,False
6187c146-b876-4aac-a521-f0532873c098,0.47058823529411764,Male,0.2857142857142857,Fiber optic,No,Yes,0.5723295492265819,0.22379450026138584,Yes,No,True,False,False,False,False,True,False,False,True,False
b372827b-83d3-4c33-bae0-577fee377068,0.7450980392156864,Male,0.9285714285714286,Unknown,No,Yes,0.34561508331673646,0.5641246850758147,Yes,No,True,True,False,True,False,False,False,False,False,True
00bad398-806a-4810-b1a4-2d2235b61ea6,0.6666666666666666,Male,0.7571428571428571,Fiber optic,Yes,Yes,0.4710880966606918,0.555809176427268,Yes,Yes,False,False,False,False,True,False,False,False,True,False
01e1b77e-7f2e-4f95-a0ee-46d242cc0baa,0.03921568627450983,Male,0.3714285714285714,Fiber optic,No,No,0.612604837460444,0.31552535667844905,Yes,Yes,True,True,False,True,False,False,False,True,False,False
7ba095a3-07af-42f6-81de-93af6a5798a4,0.9607843137254902,Female,0.5285714285714286,Fiber optic,No,Yes,0.34738542565668645,0.3112953075533286,No,Yes,False,False,False,True,False,False,False,False,True,False
7d94d26e-91da-4e78-89ea-bbe238a82753,0.7058823529411765,Female,0.8142857142857143,Unknown,Yes,No,0.057049281904888394,0.2518770140126602,No,Yes,False,True,False,False,True,False,False,True,False,False
80c0063a-b18a-4ba7-bed5-cd042922fd28,0.8431372549019608,Female,0.8714285714285714,Unknown,No,No,0.09400517825134436,0.3021620643796447,No,Yes,False,False,False,False,True,False,False,True,False,False
4b37a98d-a87b-4639-abfe-86678d9e070f,0.8431372549019608,Male,0.6428571428571429,Unknown,Yes,Yes,0.5228706101042291,0.5029905949283751,Yes,Yes,True,False,False,True,False,False,True,False,False,False
7efdad79-60fb-4390-958e-1fb8c625efc4,0.9803921568627451,Female,0.14285714285714285,DSL,Yes,Yes,0.13306335612649095,0.033154716978707095,No,Yes,True,True,False,False,True,False,False,False,True,False
4ca0b34b-cd80-403c-ba07-2eb8cfca1f2c,0.5686274509803921,Male,0.09999999999999999,DSL,Yes,No,0.9242957356878887,0.10457073435773459,No,Yes,False,True,True,True,False,False,False,False,False,True
4fbe6d52-4fa3-4ef7-af75-75d96b75f10b,0.7254901960784313,Male,1.0,DSL,Yes,No,0.8627763393746266,0.9999999999999999,No,No,False,False,False,False,True,False,False,False,True,False
93afc5ec-17dc-4b31-8189-9fa411425a74,0.6470588235294118,Male,0.9,DSL,Yes,No,0.3259200247847928,0.5288801663872874,No,No,False,False,False,False,False,True,False,True,False,False
d69b12b5-cde9-4a77-b907-9772a64a432f,0.21568627450980393,Male,0.2857142857142857,Unknown,No,Yes,0.8592356546947266,0.3131878247843927,No,Yes,True,True,False,False,False,True,True,False,False,False
41d73433-b934-497b-9ad5-f42feec25a30,0.3529411764705882,Male,0.8857142857142858,DSL,Yes,Yes,0.529730686671535,0.7087528439971376,No,No,False,True,False,True,False,False,False,True,False,False
7219376f-9b1e-4b2d-8654-2c355e986b07,0.7058823529411765,Female,0.9,DSL,Yes,Yes,0.11580251831197858,0.33343679522610115,No,No,True,False,False,True,False,False,True,False,False,False
a2320f02-fbcf-4721-aaa3-e51e3a0264be,0.8431372549019608,Female,0.2714285714285714,DSL,No,No,0.6193542676315034,0.22942867507407003,Yes,No,False,True,False,False,False,True,False,False,False,True
7c64ff3e-bcc2-461d-9125-f7d5d0c0045a,0.9411764705882354,Male,0.09999999999999999,DSL,Yes,No,0.6916063643807122,0.07599982906295977,Yes,No,False,False,True,True,False,False,False,False,False,True
7e126f59-206f-4c46-8b10-844486373ec8,0.3137254901960784,Female,0.8142857142857143,DSL,Yes,No,0.032596428334329186,0.22985119802124307,No,Yes,True,False,False,True,False,False,False,False,True,False
25d90680-e0b9-46a0-93b3-683f8417bf06,0.17647058823529416,Male,0.6428571428571429,Fiber optic,Yes,Yes,0.28774701807962116,0.3448882916802821,No,No,False,True,False,False,False,True,False,False,False,True
538f734c-c195-4b90-a613-cc77bfac8116,0.9411764705882354,Male,0.42857142857142855,Fiber optic,Yes,No,0.0,0.06950936249801992,Yes,Yes,False,False,False,True,False,False,True,False,False,False
ad5c61c6-fc47-4f6f-b1c5-e2e66c7d4e25,0.9019607843137255,Male,0.11428571428571427,DSL,Yes,Yes,0.2898492996083118,0.037347815427839014,No,Yes,False,False,False,True,False,False,False,True,False,False
b1ff30e1-d81e-4ff5-8a78-80a10052f5d6,0.21568627450980393,Female,0.19999999999999998,Fiber optic,No,Yes,0.3108721148952179,0.09475631350495797,Yes,No,False,False,False,True,False,False,False,False,False,True
8f4c0a9e-932c-4beb-9af0-993eb65d529d,0.2941176470588236,Male,0.35714285714285715,Fiber optic,Yes,Yes,0.6370576910310031,0.311435077501633,Yes,No,False,False,False,True,False,False,False,True,False,False
7960fa1b-7a3b-4f41-9442-1ba0418118be,0.4509803921568628,Male,0.12857142857142856,DSL,No,No,0.15995043041448143,0.0316076082405791,Yes,Yes,False,False,False,True,False,False,False,True,False,False
a9164a1a-0727-4a4b-af16-2be7ac15372f,0.3529411764705882,Female,0.39999999999999997,Fiber optic,Yes,No,0.0,0.0709215209412333,No,No,True,False,False,False,False,True,False,False,False,True
0a8b27e0-542f-4682-899b-df19d78dfdf4,0.13725490196078433,Female,0.49999999999999994,Fiber optic,Yes,Yes,0.2889641284383368,0.9999999999999999,Yes,Yes,True,False,False,True,False,False,False,False,True,False
cb052561-78a9-4368-bec0-1fe2a67e834b,0.5882352941176471,Female,0.5142857142857143,Fiber optic,Yes,No,0.8532607492973956,0.5733446820105151,Yes,No,True,True,False,True,False,False,True,False,False,False
5ee8658f-9f97-4334-a07d-f88762a24cca,0.3921568627450981,Male,1.0,Fiber optic,No,Yes,0.38135386930447673,0.648716028271444,Yes,Yes,True,True,False,False,False,True,False,False,False,True
56c2743c-c64a-4988-ab65-2fa41f310b1b,0.3137254901960784,Male,0.3142857142857143,DSL,Yes,Yes,0.39905729270397666,0.19174059211691064,No,Yes,False,False,False,False,True,False,False,False,True,False
b9571ee6-8285-4962-89de-3f21228fe45a,0.43137254901960786,Female,0.5714285714285715,Unknown,Yes,Yes,0.45869570028104195,0.40509218872348907,No,No,False,False,False,False,True,False,False,False,True,False
158d601f-5f8d-40c1-8238-dcc35768cd5c,0.7058823529411765,Male,0.3857142857142857,Unknown,Yes,Yes,0.7716037088672023,0.39000988671565356,Yes,Yes,False,True,False,True,False,False,False,True,False,False
97dd1e90-3daa-4648-9438-4201b7ecde83,0.2941176470588236,Female,0.6714285714285715,Unknown,Yes,Yes,0.47086680386819807,0.490094809008382,No,Yes,True,False,False,False,False,True,False,False,True,False
00a6fe25-9a68-4737-8118-a3d866d0af4d,0.09803921568627455,Female,0.5285714285714286,DSL,Yes,Yes,0.040784261656597876,0.1411470839329785,No,Yes,False,False,False,True,False,False,True,False,False,False
47ee3348-ec70-485e-ac10-f99eb9ac587b,0.13725490196078433,Male,0.42857142857142855,Unknown,Yes,No,0.16813826373675012,0.1656550214201462,Yes,Yes,False,True,False,True,False,False,False,True,False,False
f47fd307-4a73-470f-ac0c-5f344f0d29ed,0.47058823529411764,Male,0.1857142857142857,Unknown,Yes,Yes,0.1476686804310784,0.04979698013371003,No,No,True,True,False,True,False,False,False,False,True,False
eb072bb2-e6ee-4754-84ac-3b36210cb094,0.33333333333333337,Female,0.39999999999999997,Unknown,No,No,0.501737148421076,0.29316377150087536,Yes,Yes,False,True,False,True,False,False,False,False,False,True
6cd4370d-0f28-40c8-84b6-1430218dc2b7,0.47058823529411764,Female,0.7142857142857143,DSL,Yes,Yes,0.0,0.15421959047726455,Yes,No,False,False,False,True,False,False,False,False,True,False
200ce281-888b-4af9-8943-9b2b0c1872f3,0.21568627450980393,Female,0.6857142857142857,Fiber optic,Yes,No,0.25355728163933705,0.3464691379921388,No,Yes,False,False,False,False,True,False,False,False,False,True
fb473c86-9310-4c81-ae8b-5aeeb5f22d68,0.27450980392156865,Female,0.6,Unknown,Yes,No,0.6116090198942221,0.5237440224248832,No,Yes,False,True,False,True,False,False,False,False,True,False
9bb0d8eb-3e09-412e-951f-8c06f84adfff,0.4901960784313726,Male,0.05714285714285714,Fiber optic,Yes,No,0.3322268693708646,0.007957569056797037,Yes,Yes,False,False,False,False,True,False,False,True,False,False
7eb289cf-82cd-4362-965a-297b59df5cb6,0.7843137254901961,Female,0.5857142857142857,Fiber optic,No,Yes,0.7228086481223308,0.5778671234412838,Yes,No,False,False,False,True,False,False,False,False,False,True
5a6268f0-a0af-430b-b2ce-b164139beb32,0.8627450980392156,Female,0.0857142857142857,Unknown,Yes,No,0.3726128040009737,0.0305472844948216,No,Yes,True,False,False,True,False,False,True,False,False,False
e1787377-48d3-40a4-a130-bdc1d0cefb74,0.4901960784313726,Female,0.5857142857142857,Fiber optic,Yes,Yes,1.0000000000000002,0.7623184717714506,No,Yes,False,True,False,True,False,False,False,False,False,True
60765ef1-94d9-428a-ad45-a4663708b65f,0.9019607843137255,Male,0.49999999999999994,Fiber optic,No,No,1.0000000000000002,0.6397530795175334,Yes,Yes,False,False,False,False,False,True,False,False,True,False
39e6513a-7d49-470c-a051-b54d3e0fe5c7,0.607843137254902,Male,0.3714285714285714,Fiber optic,Yes,Yes,0.8247139790657021,0.39767634870770624,Yes,No,False,True,False,False,False,True,False,True,False,False
2da4dd10-b4e6-4ae0-bf7b-72675e5d4b8a,0.17647058823529416,Female,0.8142857142857143,Unknown,Yes,Yes,0.9957733076633695,0.9999999999999999,Yes,Yes,True,True,False,False,False,True,True,False,False,False
a68e954c-8c14-4f96-8c23-5aace2aa39e0,0.2941176470588236,Male,0.6428571428571429,DSL,Yes,Yes,0.16636792139680012,0.26501699570440357,Yes,No,False,True,False,False,True,False,False,False,True,False
df5600f2-e745-40e4-8daf-b2fb4cd9ad90,0.11764705882352944,Male,0.9285714285714286,Fiber optic,No,No,0.7706078913009804,0.9710833649020628,No,Yes,False,True,False,False,True,False,False,True,False,False
0a259b7e-ec0b-4cf6-befd-4364221c1687,0.3137254901960784,Male,0.34285714285714286,Fiber optic,No,Yes,0.29571355860939613,0.17189807911107596,No,Yes,True,False,False,False,True,False,True,False,False,False
63e5e3c2-7149-43f6-b379-f405666ff747,0.43137254901960786,Female,0.3714285714285714,Fiber optic,No,No,0.7422824138617807,0.36425044589826605,Yes,Yes,False,False,False,False,True,False,False,False,False,True
4156dd31-852e-4ad0-95f3-5635a97da423,0.4901960784313726,Female,0.0,Fiber optic,Yes,No,0.3534709774502645,0.0,No,Yes,False,False,False,True,False,False,True,False,False,False
e2eb0461-5577-43b6-8538-efbec24214ea,0.3921568627450981,Male,0.5857142857142857,Unknown,No,No,0.25997477262165575,0.29364252373759614,Yes,No,False,True,False,True,False,False,False,False,True,False
8818f37f-a722-447d-b7a5-96ea31c51adf,0.4117647058823529,Female,0.7285714285714286,Unknown,Yes,Yes,1.0000000000000002,0.9361328450703139,No,No,True,False,False,True,False,False,False,False,False,True
700928fa-ad36-475d-bd35-b894226346f7,0.11764705882352944,Female,0.34285714285714286,DSL,Yes,No,0.17201088760539074,0.12796693846298682,Yes,Yes,True,False,False,True,False,False,False,False,True,False
51697e72-42a2-4d33-bb3d-472fd3288a5d,0.2549019607843137,Male,0.7571428571428571,Fiber optic,No,Yes,0.7791276638119897,0.7947852635563193,Yes,Yes,False,True,False,True,False,False,False,False,False,True
4baf082b-b164-4f93-b703-cfa8e8e9c597,0.27450980392156865,Male,0.9428571428571428,DSL,Yes,Yes,0.6862953373608622,0.9079812496204522,Yes,Yes,False,True,False,True,False,False,False,False,True,False
e41e84c5-8583-4704-8d29-f33a24b34add,0.11764705882352944,Female,0.07142857142857142,Fiber optic,Yes,No,0.27557591449246505,0.015071377460151907,No,Yes,True,False,False,True,False,False,False,True,False,False
a7e85523-0bdd-4d0c-947c-42ba3e025ab8,0.1568627450980392,Male,0.8142857142857143,Fiber optic,Yes,No,0.44685653588262636,0.5793467570319545,Yes,Yes,True,True,False,True,False,False,True,False,False,False
80aa391b-f16e-49e0-a427-b4f89e541d41,0.5030496196232563,Female,0.9857142857142858,Unknown,Yes,No,0.09787780211998498,0.35175629776075684,Yes,No,True,False,False,False,False,True,False,False,True,False
451f7964-fad8-4955-8fc8-94bd793f002c,0.9215686274509803,Female,0.7428571428571429,Unknown,No,Yes,0.9590387041094073,0.9184318647206833,Yes,Yes,False,False,False,True,False,False,False,True,False,False
a38316b2-72fe-4b72-a68b-cdd3291c0fa2,0.13725490196078433,Male,0.9285714285714286,DSL,Yes,Yes,1.0000000000000002,0.9999999999999999,Yes,No,False,True,False,True,False,False,False,False,False,True
304c41e3-08b1-4a36-896b-3e3e19caf7d0,0.9607843137254902,Female,0.8142857142857143,DSL,Yes,Yes,0.7502489543915556,0.8343385523753338,Yes,Yes,False,False,False,False,False,True,True,False,False,False
fc691b7f-e634-487d-bc4e-b38bc8527266,0.43137254901960786,Female,0.014285714285714285,Fiber optic,Yes,Yes,0.8795945916041517,0.0,No,Yes,False,True,True,True,False,False,False,False,True,False
ccec2004-a8b1-4fbc-9b7b-76eb3ca7dff9,0.5490196078431373,Male,0.3,Fiber optic,No,Yes,0.03115802518311983,0.06508492068617724,Yes,Yes,False,True,False,True,False,False,False,True,False,False
3285b0c5-ecb1-4d41-a43b-52ef53d53d44,0.33333333333333337,Male,0.5142857142857143,DSL,No,Yes,0.3646462634711987,0.31389792038382425,No,Yes,False,True,False,True,False,False,False,True,False,False
900361d4-23e0-4a8a-a509-aa9a7d2effe9,0.5882352941176471,Male,0.2714285714285714,Unknown,Yes,No,0.3057823806678616,0.13623103747537557,No,Yes,True,False,False,True,False,False,False,False,True,False
4dc8034d-942a-4acf-961b-9db355147116,0.5686274509803921,Female,0.32857142857142857,Unknown,No,No,0.5649162406780412,0.2565456515962531,No,Yes,False,True,False,True,False,False,False,True,False,False
220ec42d-9614-4927-b9ce-46848cfbdd79,1.0,Male,0.9142857142857143,Fiber optic,No,No,0.1426895925999691,0.3668498456265019,No,Yes,False,False,False,True,False,False,False,False,True,False
20fc747c-53e4-4056-9287-508126360df0,0.7450980392156864,Male,0.9142857142857143,Unknown,Yes,No,0.5631458983380913,0.7635458768347214,No,No,False,True,False,True,False,False,False,True,False,False
0e6c77ff-4386-47ea-b2f8-a8e8b6e0f2d4,0.6666666666666666,Male,0.0,Fiber optic,Yes,Yes,0.6638341189227468,0.0,No,Yes,False,True,True,False,False,True,False,False,False,True
8e8273ee-f923-44bf-a352-a91c158b85c7,0.33333333333333337,Male,0.028571428571428574,Fiber optic,Yes,Yes,0.08625993051406322,0.0,Yes,No,True,True,False,True,False,False,False,False,True,False
a9ad7d82-83b5-4dcb-829b-c4523b4cd98f,0.8039215686274509,Female,0.6428571428571429,Fiber optic,No,No,0.08548540574033509,0.21036212626399425,No,Yes,True,False,False,False,True,False,True,False,False,False
201592d8-d7d1-4773-a3ca-1aabc8b69150,0.7450980392156864,Female,0.7714285714285715,DSL,Yes,Yes,0.0,0.16987061158509725,No,No,False,False,False,True,False,False,True,False,False,False
e56e1eff-e039-4f2b-949d-549e0b7f2796,0.3137254901960784,Male,0.9,Unknown,Yes,Yes,0.7816725309256678,0.952394355607522,Yes,Yes,True,False,False,True,False,False,False,False,True,False
05387913-8b96-4c0f-91b7-289d3eb1a73e,0.2549019607843137,Female,0.6285714285714286,Fiber optic,Yes,Yes,0.30600367346035545,0.3483520159164233,Yes,Yes,True,True,False,False,False,True,False,False,True,False
b7f213b5-df6b-41b0-bed9-e2e9799722e7,0.5882352941176471,Male,0.35714285714285715,Fiber optic,No,Yes,0.1891610790236562,0.1424853410242149,No,No,False,True,False,True,False,False,False,False,True,False
b892c374-326f-40af-87e5-dbd737dca049,0.4509803921568628,Male,0.9142857142857143,Fiber optic,Yes,No,0.8007037110801303,0.9855937347076414,No,Yes,False,False,False,False,False,True,False,False,True,False
2046757a-0a5f-421e-9a03-39eefaa92605,0.6666666666666666,Female,0.32857142857142857,DSL,No,No,0.09832038770497248,0.09848190557527864,Yes,No,True,True,False,True,False,False,False,False,True,False
c5f756fc-ecbe-438c-a1b6-3cc93296520e,0.8431372549019608,Female,0.4857142857142857,DSL,No,No,0.4124455066498484,0.3164202056578232,No,No,True,True,False,False,False,True,False,False,True,False
5db369a7-c38f-4be2-98c0-be2c4f25af80,0.8627450980392156,Male,0.32857142857142857,Fiber optic,Yes,Yes,0.7638584611299211,0.33080044482187676,Yes,Yes,True,True,False,True,False,False,False,False,True,False
8bc358f6-2a0e-4668-b689-28cc83cff978,0.6470588235294118,Male,0.3857142857142857,Fiber optic,Yes,Yes,0.5746531235477661,0.31412123099088535,Yes,No,False,False,False,True,False,False,False,True,False,False
5c71c2ee-5164-46de-935a-bc12693d95b8,0.03921568627450983,Female,0.21428571428571427,Fiber optic,Yes,No,0.5527451370908851,0.1610490393306208,No,No,False,False,False,False,True,False,True,False,False,False
0276c56c-e423-408f-8d69-7ebfb67501c1,0.7058823529411765,Male,0.8285714285714286,Fiber optic,No,Yes,0.11403217597202864,0.30669735821945293,No,No,True,True,False,False,True,False,False,False,True,False
fd804e21-8680-456a-b655-77d83939c096,0.823529411764706,Female,0.7571428571428571,Fiber optic,Yes,Yes,0.13992343269379726,0.2982902761564999,No,No,False,False,False,True,False,False,False,True,False,False
d61ab6e5-74ee-44cd-b0b1-7db595a313cb,0.7647058823529412,Male,0.21428571428571427,Fiber optic,Yes,No,0.5843900064174912,0.16431033812439008,Yes,Yes,True,False,False,False,False,True,True,False,False,False
a3ae6a4c-05ff-44e2-a6cc-6cf037e4cfca,0.4901960784313726,Male,0.19999999999999998,Fiber optic,Yes,No,0.0,0.01948617996521495,No,Yes,True,True,False,True,False,False,False,False,False,True
089ef4df-bd3f-4f4d-bf1e-6799d88ed9cb,0.43137254901960786,Female,0.14285714285714285,Unknown,Yes,No,0.9013919316647858,0.15282831719874032,Yes,No,False,True,True,True,False,False,False,False,False,True
c5de6db4-4749-49aa-8e49-808cf4a4c3bc,0.8431372549019608,Female,0.9142857142857143,Fiber optic,No,Yes,0.3275797207284959,0.5451834472538739,No,Yes,True,False,False,True,False,False,False,False,False,True
81382a7c-36a4-404b-85c4-f8ccd739d137,0.7450980392156864,Female,0.9571428571428572,Fiber optic,Yes,Yes,0.40071698864767974,0.6396438340406978,Yes,Yes,False,False,False,False,True,False,False,False,True,False
e8f615a2-1ed8-46a9-9abe-5176f5d0b979,0.27450980392156865,Female,0.6,DSL,No,No,0.22567438978512472,0.28399518420233283,Yes,Yes,False,True,False,False,False,True,False,False,True,False
e2491d69-b395-445c-9183-dc96362b059a,0.9411764705882354,Female,0.9714285714285714,Fiber optic,Yes,Yes,0.9098010577795483,0.9999999999999999,No,No,True,False,False,True,False,False,False,False,False,True
1d0b10b2-eef7-49a9-ac2c-6910b4701ba1,0.5030496196232563,Female,0.17142857142857143,DSL,Yes,No,0.6506671977693688,0.13677405175729382,Yes,Yes,False,False,False,True,False,False,False,False,False,True
fec6b00d-3468-408a-ae81-6bb6039399e1,0.5030496196232563,Female,0.12857142857142856,Fiber optic,No,Yes,0.43756223859788884,0.06820002332712238,No,No,False,False,False,False,True,False,True,False,False,False
48da55b4-8f48-4c77-a27c-b5f749c67c0d,0.4117647058823529,Male,0.5714285714285715,DSL,Yes,No,0.5873774591161567,0.4812137943620979,Yes,Yes,False,True,False,True,False,False,False,False,True,False
7e8382df-bbe5-4297-b955-af498b47b752,0.47058823529411764,Male,0.7000000000000001,Fiber optic,No,No,0.3606629932063113,0.4306443844451148,Yes,Yes,False,True,False,True,False,False,True,False,False,False
639a505e-7d7f-467f-bef9-14c4f084d926,0.23529411764705888,Male,1.0,Fiber optic,Yes,Yes,0.45493372280864824,0.7248456666657026,Yes,No,False,False,False,True,False,False,False,False,False,True
2e3d9c88-2cdb-409d-b242-df3991fdb8e6,0.33333333333333337,Female,0.8285714285714286,Fiber optic,Yes,Yes,0.33543561486202395,0.49438430052531,No,No,True,False,False,True,False,False,False,False,True,False
b1dd7345-8a48-4df3-82c2-1fa7c1eeea56,0.6274509803921569,Female,0.5428571428571429,DSL,Yes,No,0.39418885126911424,0.3434664939302891,Yes,Yes,False,True,False,True,False,False,False,False,True,False
e5367bb4-3d1e-47eb-b6de-4bfd3ded21d1,0.2941176470588236,Female,0.028571428571428574,DSL,No,No,0.2883002500608555,0.0,No,Yes,True,False,False,True,False,False,False,True,False,False
08d167ef-46e4-43fa-9065-ee4883f07d30,0.5030496196232563,Male,0.0857142857142857,Fiber optic,No,Yes,0.02562570537077613,0.0,No,Yes,True,False,False,False,True,False,False,True,False,False
34a83466-cc43-4954-bc77-09a11c8e4c5c,0.8039215686274509,Female,0.6857142857142857,DSL,Yes,No,0.0,0.15407339432444042,Yes,No,False,False,False,False,True,False,True,False,False,False
534cca8c-dc65-4734-9cb7-1fb0d95cbd45,0.8431372549019608,Female,0.35714285714285715,Fiber optic,Yes,Yes,0.13239947774900973,0.12226368195171541,Yes,Yes,True,True,False,True,False,False,True,False,False,False
32d31acb-7e72-4de6-9393-d82c9187fbcf,0.019607843137254943,Male,0.45714285714285713,Fiber optic,Yes,Yes,0.21815043484033725,0.20417690441374217,Yes,Yes,True,False,False,True,False,False,False,False,True,False
0ab0ca2c-9d1e-4ee7-9a35-6628947e8792,0.6666666666666666,Female,0.6714285714285715,Fiber optic,Yes,Yes,0.9250702604616168,0.8063427923850761,No,No,False,False,False,True,False,False,False,True,False,False
fec90ba5-5efe-443f-81ae-3f2beecf9210,0.8039215686274509,Male,0.014285714285714285,Fiber optic,No,No,0.6160348757440972,0.0,Yes,Yes,False,True,True,True,False,False,False,False,True,False
f7d0aa38-3377-4b63-a21b-bb97321430bc,0.6470588235294118,Male,1.0,Unknown,Yes,Yes,1.0000000000000002,0.9999999999999999,Yes,Yes,True,True,False,False,True,False,False,False,True,False
6fea596e-0635-4469-b3fc-8e253b8a896d,0.5686274509803921,Female,0.44285714285714284,DSL,No,Yes,0.3155192635375866,0.24182000393926337,Yes,No,True,True,False,False,False,True,False,False,True,False
00eda7cc-36bd-4dac-9b6b-45fa036a6217,0.23529411764705888,Female,0.04285714285714286,DSL,Yes,No,0.38423067560689556,0.002419787311909012,No,No,True,False,False,False,True,False,False,False,False,True
f35b5bf6-8204-492c-92a9-7c0e314a6b92,0.23529411764705888,Female,0.2714285714285714,DSL,No,Yes,0.7361968620682027,0.2627019555261663,No,No,True,True,False,False,True,False,True,False,False,False
7155658e-f702-42e9-900c-1a6c01dd5112,0.33333333333333337,Male,0.49999999999999994,DSL,Yes,Yes,0.579189625793888,0.41539500111976607,No,Yes,False,False,False,True,False,False,False,True,False,False
5f5da88a-5c20-434c-8a22-431ddb6d509b,0.607843137254902,Male,0.44285714285714284,DSL,Yes,Yes,0.523866427670451,0.33819218657071054,No,No,False,False,False,True,False,False,False,False,False,True
f732fa32-3760-42f5-9fd5-fd86ae65b3f1,0.5030496196232563,Male,0.3857142857142857,Fiber optic,No,No,0.5766447586802099,0.3129709403818514,Yes,No,False,False,False,False,False,True,False,True,False,False
77ec0b9e-d4a7-4df0-a77f-e17705b75be2,0.6666666666666666,Female,0.0,Fiber optic,Yes,Yes,0.5860497023611941,0.0,Yes,Yes,False,False,True,False,False,True,False,False,False,True
13440156-895c-4e81-91b3-bcb284a0ef45,0.7450980392156864,Female,0.8428571428571429,Fiber optic,No,No,0.7869835579455178,0.8963803439111871,No,No,False,False,False,True,False,False,False,False,True,False
bdd383dc-0e89-4701-adfd-481fda996556,0.8823529411764707,Female,0.7857142857142857,Fiber optic,No,No,0.6789926752085684,0.7460987315636207,No,Yes,False,True,False,True,False,False,False,False,True,False
15942e15-dabc-4fbd-9339-1eae600eb71b,1.0,Female,0.4857142857142857,Fiber optic,Yes,No,0.9989820531545288,0.6138586884052313,Yes,No,False,False,False,False,True,False,True,False,False,False
cd4327c7-8193-430a-b6ea-1cee7accc6dd,0.5030496196232563,Male,0.41428571428571426,Fiber optic,Yes,No,0.9886919383035695,0.5166510991862175,Yes,No,False,True,False,True,False,False,False,False,True,False
4a39a7fe-9369-4072-8aa6-d0c5b2b835f0,0.9411764705882354,Male,0.7571428571428571,DSL,Yes,Yes,0.4065812476487641,0.50336974099504,No,No,False,True,False,False,True,False,False,False,False,True
ae90bd73-c961-4c6e-8785-3aa35cbbe24f,0.5490196078431373,Male,0.49999999999999994,Fiber optic,Yes,Yes,0.0,0.10105399393430553,Yes,Yes,False,True,False,False,False,True,False,False,True,False
6f416e22-5df5-400d-8ad7-6eb5709b2344,0.8431372549019608,Male,0.7714285714285715,DSL,Yes,No,0.0,0.15151255182332307,Yes,No,False,False,False,True,False,False,False,False,False,True
e1479daf-549d-4714-83cd-e9ec53be3018,0.2941176470588236,Female,0.8142857142857143,DSL,Yes,No,0.07608046205935076,0.26595040191089614,No,Yes,False,True,False,False,False,True,True,False,False,False
3f94ade2-6807-4ad1-baef-d9300ecf243c,0.8431372549019608,Female,0.9142857142857143,Fiber optic,Yes,Yes,0.022638252672110448,0.25193324330220795,No,No,True,False,False,False,False,True,False,False,True,False
cf9de89b-12a2-484c-bc15-7410ac9e6768,0.9019607843137255,Female,0.9714285714285714,Unknown,Yes,Yes,0.35291774546903015,0.6036972525083886,Yes,No,False,False,False,False,False,True,False,False,True,False
ac4d31a5-25a1-46e3-9cbc-af11bc05e504,0.17647058823529416,Male,0.7142857142857143,Fiber optic,Yes,Yes,0.0,0.17362512157575674,Yes,Yes,False,True,False,True,False,False,False,False,True,False
b80bb6ee-7653-4225-a04c-ccd33e715b94,0.5686274509803921,Male,0.3,DSL,Yes,Yes,0.6311934320299188,0.2585120701792943,Yes,Yes,False,False,False,True,False,False,False,False,True,False
2b41eea4-33c8-4e49-a1d2-edb73234a0d1,0.47058823529411764,Female,0.7428571428571429,Unknown,Yes,Yes,0.15021354754475652,0.2980396541802299,No,No,False,False,False,True,False,False,False,False,True,False
3dd52b22-b1d6-4ef3-a8a5-a57c24b94059,0.7450980392156864,Female,0.49999999999999994,Fiber optic,Yes,Yes,0.5084865785921353,0.3781133755984804,No,Yes,False,True,False,True,False,False,False,False,False,True
601dbfcf-0bc2-467a-a8aa-13b3ebdc95e1,0.37254901960784315,Male,0.9571428571428572,Fiber optic,Yes,Yes,0.05384053641372899,0.2968315277305183,No,No,True,False,False,True,False,False,True,False,False,False
9c66d3b1-b53e-4fa6-a5ea-280430f461c9,0.07843137254901966,Female,0.49999999999999994,Unknown,Yes,Yes,0.8555843236185798,0.5597918166783783,Yes,Yes,False,False,False,True,False,False,False,False,True,False
2f7ee428-9000-498c-92e4-e0d70d69435e,0.0,Male,0.7285714285714286,Fiber optic,Yes,Yes,0.8028059926088209,0.7850463506066496,Yes,No,True,True,False,False,True,False,False,False,False,True
f625716d-bd7b-4738-99c1-c7e72ba7fa2c,0.5686274509803921,Male,0.7428571428571429,DSL,Yes,No,0.3674124233773706,0.4628718001116231,No,Yes,False,True,False,True,False,False,False,False,False,True
6dd41a45-9dac-431e-9602-86662415bb84,0.9411764705882354,Male,0.7000000000000001,Fiber optic,No,No,0.9473101861072386,0.8583323935009222,Yes,No,True,False,False,True,False,False,False,False,True,False
a3779a6b-fa79-4d78-84cf-1cfc904b51a0,0.03921568627450983,Female,0.5714285714285715,Fiber optic,Yes,No,0.14523445971364718,0.21937327155180306,No,No,True,False,False,True,False,False,False,False,False,True
e0b04a68-9e58-4d62-b6f1-7977d4a9cc43,0.8627450980392156,Female,0.24285714285714283,Fiber optic,Yes,Yes,0.8403151209365112,0.2553455579021912,No,No,True,False,False,False,True,False,False,False,True,False
ef7be0a2-22d0-4d52-9116-364d1e75ff50,0.2549019607843137,Male,0.3,Fiber optic,No,Yes,0.5437827789948881,0.2288197921958244,Yes,Yes,False,True,False,False,True,False,False,False,False,True
dc435952-3717-4c5f-88cd-a653ba02af5a,0.5030496196232563,Female,0.9285714285714286,Unknown,No,No,0.3044546239128992,0.524499101455953,No,No,True,False,False,True,False,False,False,False,True,False
d103b46e-2775-4dd9-a175-de6bc4a15e68,0.9607843137254902,Male,0.2857142857142857,Unknown,Yes,No,0.033149660315563545,0.060139956308235466,Yes,Yes,True,True,False,False,False,True,False,False,True,False
c59b9d98-b4ac-4a06-9e4c-043df9d6573c,0.05882352941176472,Male,0.6142857142857143,Unknown,Yes,Yes,0.1293013786540973,0.22725983104865696,No,No,True,False,False,True,False,False,True,False,False,False
e0af21e6-95ae-4da1-9458-2d39610a8965,0.33333333333333337,Male,0.6571428571428571,Unknown,Yes,Yes,0.8945318550974797,0.7652022310496851,Yes,No,True,False,False,True,False,False,False,False,False,True
0290509c-3432-4377-9535-66233daa8e12,0.7058823529411765,Male,0.5428571428571429,Unknown,Yes,Yes,0.6112770807054815,0.47053022934802613,No,Yes,True,False,False,False,True,False,False,False,True,False
074c74d9-007c-4e74-83c1-80517bbc8c1e,0.47058823529411764,Female,0.39999999999999997,DSL,No,Yes,0.2021067073845405,0.16880386163482,No,Yes,True,True,False,False,True,False,True,False,False,False
6755fb7a-2ae2-439d-a7e6-3f93a3c1b1b0,0.9215686274509803,Male,0.7571428571428571,DSL,Yes,Yes,0.4884595808714511,0.5699821704955599,Yes,Yes,False,False,False,True,False,False,False,False,False,True
5295ce22-50cc-4386-8454-956bd43099fb,0.0,Male,0.22857142857142856,Fiber optic,No,No,0.05904091703733211,0.048384821690496634,Yes,No,False,True,False,False,False,True,False,False,False,True
fe158888-5a4e-44f5-a547-649e8b362ce1,0.8823529411764707,Female,0.8428571428571429,Unknown,Yes,Yes,0.049082741375113426,0.25351248306293467,Yes,No,False,True,False,False,False,True,True,False,False,False
701f0f8e-0f10-43b6-a9a6-1fb9e6607156,0.27450980392156865,Male,0.42857142857142855,Fiber optic,No,No,0.9442120870123261,0.5166157550613589,Yes,Yes,False,False,False,True,False,False,False,True,False,False
015b52dd-7214-4ffe-bb03-0a3225a8c72b,0.5030496196232563,Male,0.6857142857142857,Fiber optic,Yes,No,0.4464139502976389,0.48228375741463503,No,Yes,False,False,False,True,False,False,False,True,False,False
f74ec8ed-8a9c-4fa1-b722-345f9cd24a8f,0.27450980392156865,Female,0.014285714285714285,DSL,Yes,No,0.3398614707118989,0.0,Yes,No,False,False,False,True,False,False,True,False,False,False
89ae10a8-762c-4017-95a3-090c39439c6e,0.9411764705882354,Female,0.6714285714285715,DSL,Yes,No,0.9899090486622852,0.8509920613882465,Yes,Yes,True,False,False,True,False,False,False,True,False,False
b43f1df9-1693-4334-b5fb-6ab2ed286139,0.4509803921568628,Female,0.1857142857142857,Fiber optic,Yes,No,0.38124322290822993,0.10097205982667884,Yes,Yes,False,True,False,True,False,False,False,False,True,False
359e316d-0d9b-4940-be4f-728652287aae,0.05882352941176472,Male,0.8285714285714286,DSL,Yes,Yes,0.3117572860651929,0.47179458508728545,No,Yes,True,False,False,False,True,False,False,False,False,True
7a4f85ec-e2ca-429e-b8e4-63efac8c55ec,0.21568627450980393,Female,0.8142857142857143,Fiber optic,No,No,0.24182876363716838,0.405440810318685,No,Yes,False,False,False,True,False,False,False,False,True,False
a262dc4c-6cd9-401f-9f76-ae70d7ac534b,0.7058823529411765,Female,0.8142857142857143,DSL,Yes,No,0.565026887074288,0.6778572592173461,Yes,No,False,True,False,False,True,False,False,False,True,False
5684ba2d-08dc-4839-b28e-ee1eb0556eb7,0.7058823529411765,Male,0.7142857142857143,Fiber optic,No,Yes,0.5576135785257474,0.5882084930646794,No,No,True,False,False,True,False,False,False,False,False,True
8b75a6e6-6a4e-4f01-b2f7-33c0b7921d92,0.823529411764706,Male,0.014285714285714285,Fiber optic,Yes,No,0.0,0.0,No,Yes,False,False,False,True,False,False,True,False,False,False
ec17ab96-e083-4269-8a4d-e14cbbbf5dc8,0.09803921568627455,Male,0.5714285714285715,Fiber optic,Yes,No,0.6635021797340062,0.9999999999999999,Yes,No,False,False,False,True,False,False,False,False,False,True
7cd553f2-4c58-40d6-adb3-facb678a8084,0.7450980392156864,Male,0.21428571428571427,Fiber optic,No,No,0.8119896434973113,0.21907605959276497,No,Yes,True,False,False,True,False,False,True,False,False,False
3fb96d6a-4cf1-43b4-a5e4-f06b549b7f3a,0.8823529411764707,Male,0.04285714285714286,DSL,Yes,Yes,0.621345902763947,0.016697207203646744,Yes,No,False,True,True,True,False,False,False,False,False,True
3967dc6e-62da-4f69-8669-647d38746d82,0.4509803921568628,Female,0.15714285714285714,Unknown,Yes,Yes,0.9022771028347607,0.16948985896730248,Yes,Yes,False,True,False,False,True,False,False,False,False,True
bd604c73-8d4b-4c1f-9c82-6b8816aa981b,0.1960784313725491,Female,0.39999999999999997,Fiber optic,Yes,Yes,0.24559074110956208,0.18654661231382882,No,No,True,True,False,False,True,False,False,False,True,False
f0e973ef-f2d5-4580-8900-1595745ee6eb,0.23529411764705888,Female,0.0857142857142857,Fiber optic,Yes,Yes,0.1522051826772003,0.0097649390779746,Yes,Yes,True,True,False,True,False,False,False,False,True,False
d485f47e-db1a-4b23-94d3-2d13bc4e725a,0.6470588235294118,Male,0.1857142857142857,Fiber optic,No,Yes,0.7113014229126557,0.16706557331222968,No,Yes,False,False,False,False,True,False,False,False,True,False
523d0b06-3161-4e0a-8ed8-ecb1ff52d511,0.47058823529411764,Male,0.15714285714285714,DSL,Yes,Yes,0.14844320520480653,0.04234418944193876,Yes,No,False,True,False,True,False,False,True,False,False,False
3dc582ca-d467-4419-8f03-3edcf0fa9f7e,0.11764705882352944,Male,0.05714285714285714,Unknown,Yes,No,0.0405629688641041,0.0,Yes,Yes,True,False,False,True,False,False,False,False,True,False
fb5b827d-d64c-4fee-bd44-002f330a211d,1.0,Female,0.44285714285714284,Fiber optic,No,Yes,0.04664852065768221,0.11952451227517522,No,No,False,True,False,True,False,False,False,False,True,False
accfba55-7ac2-41a4-88bc-8b3270d593f1,0.05882352941176472,Female,0.6,Fiber optic,Yes,Yes,0.7899710106441835,0.6307724587011934,No,No,True,False,False,False,True,False,True,False,False,False
b8bf2a68-2de4-41e1-89e9-677953a12d59,0.13725490196078433,Male,0.9714285714285714,DSL,Yes,Yes,0.0,0.22110513366987364,No,No,False,True,False,True,False,False,False,False,False,True
565f55c5-a5a2-47e4-ba2c-42ed2fad9386,0.37254901960784315,Female,0.6285714285714286,Unknown,No,Yes,0.26008541901790266,0.3193618007767353,Yes,Yes,False,False,False,True,False,False,False,False,False,True
67f7b98b-13f4-4faa-bf3a-082091b5e39b,0.5490196078431373,Male,0.11428571428571427,Fiber optic,Yes,Yes,0.08271924583416324,0.013305777768352678,No,Yes,False,True,False,True,False,False,False,False,True,False
0a7e08d0-ca34-4773-9130-ebeea1a86240,0.9803921568627451,Female,0.6857142857142857,DSL,No,Yes,0.7750337471508553,0.7181961515388993,No,No,False,True,False,False,False,True,False,False,False,True
5a413ba4-7859-4e99-a550-4f9610590973,0.8627450980392156,Female,0.45714285714285713,Fiber optic,Yes,Yes,0.4968687069862135,0.33805241662240615,Yes,Yes,True,False,False,False,True,False,False,False,True,False
a1d89650-64fd-4445-a139-3aed6c34304a,0.8823529411764707,Female,0.24285714285714283,Unknown,No,Yes,0.1671424461705282,0.08059295874344566,No,No,True,False,False,False,True,False,False,True,False,False
a7b9530a-6ba4-414f-b137-bdce7f6bcee1,0.17647058823529416,Male,0.11428571428571427,Fiber optic,No,Yes,0.7700546593197461,0.1047924384136657,No,No,False,False,True,False,True,False,True,False,False,False
5344325d-e4cf-4b90-96e1-7c35053952a9,0.823529411764706,Female,0.8714285714285714,Fiber optic,Yes,Yes,0.7700546593197461,0.9104730104229823,Yes,No,True,False,False,True,False,False,False,False,True,False
f241ca0f-37ff-4446-9329-b8cab7ed92a6,0.6470588235294118,Female,0.8,Fiber optic,Yes,Yes,0.518444754254354,0.625541528222123,Yes,No,False,False,False,False,True,False,True,False,False,False
2af560ab-c935-480f-af76-c1b2581eab8b,0.4901960784313726,Male,0.39999999999999997,Fiber optic,Yes,Yes,0.2449268627320808,0.18634900652484676,Yes,Yes,False,False,False,False,False,True,False,False,True,False
1c660b2f-abae-462b-a133-c3895658a8ed,0.7843137254901961,Female,0.34285714285714286,Fiber optic,No,Yes,0.5884839230786254,0.2802374611094135,No,No,True,False,False,True,False,False,False,False,True,False
215f26c1-6dd1-4f8e-898c-6de5ee629d13,0.9411764705882354,Male,0.19999999999999998,DSL,Yes,No,0.9726482108477728,0.23821008355029802,Yes,No,False,True,False,True,False,False,False,False,True,False
3cbbd7a4-c0d0-4b4c-8444-135bf78c9023,0.03921568627450983,Male,0.07142857142857142,Fiber optic,Yes,No,0.0,0.0,No,Yes,True,False,False,True,False,False,False,False,True,False
1629f82a-b5be-4fc7-b524-0f4004521497,0.09803921568627455,Male,0.5857142857142857,Unknown,Yes,Yes,0.23507933346610904,0.2822552893286126,Yes,Yes,False,False,False,True,False,False,True,False,False,False
d5d2acad-3345-454c-9c56-2ad6251dbc43,0.07843137254901966,Male,0.39999999999999997,Fiber optic,No,Yes,0.2551063311867933,0.1917486248725603,No,No,True,False,False,False,False,True,True,False,False,False
45d084b7-549c-4f37-8cd8-c1fc26ffb110,0.07843137254901966,Male,0.04285714285714286,Fiber optic,Yes,No,0.6388280333709533,0.017124549804209604,Yes,No,True,False,True,True,False,False,True,False,False,False
5f030ebf-1b8e-4c2e-a2c4-e6843a666126,0.9019607843137255,Female,0.8,Fiber optic,Yes,Yes,0.6602934342428468,0.7433643815404704,No,Yes,False,True,False,True,False,False,False,False,True,False
8d30588a-c16c-42b6-9c61-0ecbba613abb,0.43137254901960786,Male,0.6857142857142857,Fiber optic,Yes,No,0.16802761734050325,0.28426990444555184,Yes,No,False,False,False,False,False,True,False,False,False,True
c5bcd89b-1eac-47a6-b3a1-604680977b3c,0.9411764705882354,Male,0.6142857142857143,Unknown,Yes,No,0.17887096417269693,0.25856669291771206,No,Yes,False,False,False,True,False,False,True,False,False,False
18ba54af-f2d5-4abb-a431-2d0b8905d426,0.1568627450980392,Male,0.1857142857142857,Fiber optic,Yes,No,0.9667839518466883,0.21797396551762913,No,No,False,False,False,True,False,False,True,False,False,False
c909eacc-b1b6-4915-aa91-09251bc25ca5,0.6666666666666666,Male,0.028571428571428574,DSL,Yes,No,0.7765827966983117,0.009369727500010437,No,No,False,False,True,False,False,True,True,False,False,False
2afa0a8e-13a5-44a0-8496-3fb8e1d38b7c,0.37254901960784315,Female,0.8714285714285714,Unknown,No,No,0.9735333820177479,0.9999999999999999,Yes,Yes,False,True,False,True,False,False,False,False,True,False
aee60b4d-710f-419d-bafb-e780b8037099,0.9411764705882354,Male,0.9,Fiber optic,No,No,0.8577972515435173,0.9999999999999999,Yes,Yes,True,True,False,False,True,False,True,False,False,False
57815f5a-0ca3-4957-892e-32e11d4475b1,0.8039215686274509,Female,0.6285714285714286,Unknown,Yes,No,0.384673261191883,0.3988073607031809,No,No,True,False,False,True,False,False,False,False,False,True
06fbb909-75f3-471a-80be-1fa1a91caf0c,0.6666666666666666,Male,0.8142857142857143,Fiber optic,Yes,No,0.07464205890814135,0.26577528783773313,Yes,No,True,True,False,True,False,False,True,False,False,False
622b7ca5-9331-4584-b10a-5df62d2d9512,0.9607843137254902,Female,0.2714285714285714,Unknown,Yes,No,0.6363938126535218,0.23297112031557807,Yes,Yes,True,False,False,True,False,False,False,False,False,True
62c34900-4bbb-48a2-984c-5d42145f3f51,0.33333333333333337,Male,0.8142857142857143,DSL,Yes,Yes,0.3292394166721991,0.4790079996606963,No,No,True,False,False,True,False,False,False,True,False,False
6298125c-7727-4997-80f3-b8a776940b42,0.3137254901960784,Male,0.8,Fiber optic,Yes,Yes,0.4104538715174047,0.5406112027380772,Yes,Yes,True,True,False,False,False,True,False,False,True,False
4b35abc7-8b4f-473c-8d49-52b207b5aaef,0.5030496196232563,Female,0.9571428571428572,Unknown,Yes,No,0.41100710349863917,0.6523773582965673,Yes,Yes,False,True,False,False,False,True,True,False,False,False
92294952-67e5-41ec-a607-c3cef490c72c,0.03921568627450983,Male,0.7285714285714286,DSL,Yes,Yes,0.9759676027351791,0.9152878441593993,No,No,True,False,False,False,False,True,False,False,False,True
cbf706a5-3214-4b8b-92b9-7232da65a256,0.607843137254902,Female,0.5142857142857143,DSL,No,No,0.01599946889729803,0.12413692056922035,Yes,Yes,False,True,False,True,False,False,False,False,True,False
17f615e6-0ba6-4469-a8ef-8ca1b4b37974,0.6666666666666666,Male,0.09999999999999999,Fiber optic,No,No,0.15342229303591587,0.016004783666644498,Yes,No,False,True,False,False,False,True,False,False,True,False
dfd26d9e-aee7-4987-982e-68b9bc619492,0.7254901960784313,Female,0.6142857142857143,Unknown,Yes,No,0.6123835446679502,0.5341737523604252,No,No,False,False,False,False,True,False,True,False,False,False
4b2c73fb-cd7c-496d-9a27-32e4cc772ef1,0.23529411764705888,Male,0.05714285714285714,DSL,Yes,No,0.9176569519130762,0.050707894624383514,Yes,No,True,False,True,True,False,False,False,False,True,False
fc150042-f807-4ef0-b3b5-ad865816dd69,0.5030496196232563,Male,0.9714285714285714,Unknown,No,No,0.9553873730332605,0.9999999999999999,No,Yes,False,False,False,False,True,False,False,False,True,False
b0d63afc-76b3-4089-b0ad-dfe2d1ce0e19,0.47058823529411764,Female,0.42857142857142855,Fiber optic,No,Yes,0.5579455177144881,0.34189689347634206,Yes,No,False,False,False,True,False,False,False,True,False,False
3f3d91ab-4276-4121-9948-84c56cadd467,0.1568627450980392,Male,0.6285714285714286,Fiber optic,Yes,No,0.0,0.13267252672256818,No,No,False,False,False,True,False,False,True,False,False,False
4b725cfd-bb40-4ea5-84ff-058490b9c50e,0.05882352941176472,Male,0.11428571428571427,Unknown,Yes,Yes,0.3412998738631083,0.04744177617722444,Yes,Yes,True,False,False,False,False,True,False,False,True,False
96d86dc1-e134-4f20-b7b6-1c7816fe4da9,0.2549019607843137,Male,0.44285714285714284,Fiber optic,Yes,Yes,0.9563831905994822,0.5390175040171811,Yes,Yes,True,False,False,False,True,False,False,False,False,True
71075115-4864-44a8-8c2b-f525dfaba923,0.5030496196232563,Male,0.45714285714285713,DSL,Yes,Yes,0.49288543672132595,0.3365551109693061,Yes,No,True,False,False,True,False,False,False,False,False,True
59b1a276-903c-40ed-a9a3-07637219a3e7,0.6470588235294118,Male,0.9428571428571428,DSL,Yes,Yes,0.7437208170129899,0.9636337873125514,Yes,Yes,True,False,False,True,False,False,False,True,False,False
a2fe8d84-bf8e-4c5b-9a45-d0f3b93e82be,0.1960784313725491,Male,0.41428571428571426,Fiber optic,Yes,Yes,0.23762420057978711,0.1930692099013674,No,No,False,True,False,False,False,True,True,False,False,False
cf37f7ba-8ddc-42a5-b626-d159d3761a73,0.7843137254901961,Female,0.39999999999999997,Fiber optic,Yes,Yes,0.0,0.0693101501579079,Yes,No,False,False,False,False,True,False,False,True,False,False
55381c52-61d5-4d14-a040-edea62de3c5b,0.03921568627450983,Female,0.028571428571428574,Unknown,Yes,No,0.5797428577751222,0.0030656208661431206,No,Yes,True,True,True,True,False,False,False,False,True,False
bfd69041-052b-4df3-b84e-db5c7a105b95,0.5294117647058824,Female,0.8,Fiber optic,Yes,No,0.8636615105446017,0.9133856876215556,No,Yes,True,True,False,True,False,False,True,False,False,False
b5d8e8c7-afdb-42d9-8366-d20fa14bd3df,0.5490196078431373,Male,0.41428571428571426,Fiber optic,No,Yes,1.0000000000000002,0.5407766775044605,No,Yes,True,False,False,True,False,False,False,False,True,False
9d6f4385-d57a-48ad-8251-c3b8a07c1af4,0.1568627450980392,Female,0.11428571428571427,Fiber optic,Yes,Yes,0.8764964925092391,0.11763681469750087,Yes,Yes,True,True,True,False,False,True,False,False,True,False
f8063281-7e00-4d26-9420-3cfa151308db,0.03921568627450983,Male,0.35714285714285715,DSL,Yes,No,0.5527451370908851,0.28209142111335916,Yes,No,False,True,False,True,False,False,True,False,False,False
cdfeadc3-7a7b-4636-bc41-5ca54e747d54,0.47058823529411764,Male,0.014285714285714285,DSL,Yes,No,0.6132687158379253,0.0,No,Yes,False,True,True,True,False,False,False,False,True,False
64e73379-d8ac-44c4-8e1e-cf0c186b040c,0.6470588235294118,Male,0.8714285714285714,Unknown,Yes,No,0.8517116997499392,0.9841494452418292,No,Yes,True,False,False,True,False,False,False,False,False,True
19f9a630-472d-4e31-bec0-be85e61f7f48,0.21568627450980393,Male,0.028571428571428574,DSL,Yes,Yes,0.0,0.0,No,Yes,True,False,False,False,False,True,False,True,False,False
4a6b5f82-9e71-46a9-85a4-b7b3947601f9,0.8039215686274509,Female,0.6428571428571429,DSL,Yes,No,0.9926752085684569,0.8170311770525377,Yes,No,False,False,False,False,True,False,False,False,True,False
a938297b-c81a-4ce8-afb3-e3cd65ed9e6e,0.1568627450980392,Male,0.9571428571428572,Fiber optic,Yes,Yes,0.5275177587465978,0.7636519092092972,No,Yes,True,False,False,False,True,False,False,False,True,False
9db28d0d-7810-4aff-99e0-ed9bc3fe78fd,0.27450980392156865,Female,0.34285714285714286,Fiber optic,Yes,No,0.9932284405496914,0.4270151854425904,No,No,False,False,False,True,False,False,True,False,False,False
b2c6d9f6-abee-431f-9e8c-7d226c339b4a,0.7647058823529412,Male,0.7142857142857143,Unknown,Yes,Yes,0.7856558011905554,0.756571838379671,Yes,No,False,False,False,True,False,False,False,True,False,False
3d1d0d1b-d8a5-48f9-91b2-212e5474329a,0.47058823529411764,Female,0.17142857142857143,DSL,No,Yes,0.1082785633671911,0.03544726544112519,No,Yes,False,True,False,False,False,True,True,False,False,False
10f8ee2f-b0fc-4ffa-99d1-e1905dbbced6,0.07843137254901966,Female,0.6142857142857143,DSL,Yes,Yes,0.12266259487928483,0.22454636619019572,Yes,Yes,True,False,False,False,False,True,False,False,False,True
12a4876e-0b0e-435b-bafd-37cccb53b68d,0.1960784313725491,Female,0.4857142857142857,Fiber optic,Yes,Yes,0.33100975901214896,0.276481344567624,Yes,No,True,True,False,False,False,True,False,False,True,False
70ac31ea-0693-4e21-acc2-bb6dd63c7852,0.6470588235294118,Female,0.7714285714285715,Fiber optic,Yes,Yes,0.2318705879749497,0.374256046335505,No,No,False,True,False,False,False,True,False,False,True,False
12e37824-0954-498b-92c0-5139c1e99d84,0.4509803921568628,Female,0.11428571428571427,Fiber optic,Yes,No,0.4258337205957203,0.05829242250880951,Yes,Yes,True,False,False,False,False,True,True,False,False,False
0a15c6f2-34c6-4105-b7b0-661e44b6746d,0.27450980392156865,Female,0.014285714285714285,Fiber optic,Yes,No,0.6079576888180753,0.0,No,No,True,False,True,False,True,False,False,False,True,False
6530d9ec-c2d9-4425-bf80-429dd561637e,0.7254901960784313,Male,0.8571428571428572,Unknown,Yes,Yes,0.42284626789705465,0.5889619655446192,Yes,Yes,False,False,False,False,False,True,False,True,False,False
811a08ca-5b3e-4b5d-b3d3-53d490660c89,0.5030496196232563,Female,0.5714285714285715,Unknown,No,Yes,0.00216866936643878,0.13386298110985048,Yes,Yes,False,True,False,False,True,False,False,False,False,True
b21e9d84-d023-438b-b0ba-7a42f34e903c,0.07843137254901966,Male,0.6142857142857143,DSL,No,Yes,1.0000000000000002,0.7972577457452903,Yes,No,False,True,False,True,False,False,False,False,False,True
33eb436e-c842-4e4e-8a7d-0fa7789b9337,0.9215686274509803,Female,0.9,Fiber optic,Yes,No,0.41012193232866406,0.608028514354695,No,Yes,True,True,False,True,False,False,True,False,False,False
3a270dc4-62d2-4745-a5ce-3f3f034c06ab,0.4901960784313726,Male,0.42857142857142855,Fiber optic,No,Yes,0.8814755803403485,0.4854631221007776,Yes,No,False,False,False,False,False,True,True,False,False,False
1c7e5472-1909-4679-8dff-a7c1e6ea95f3,0.33333333333333337,Female,0.6571428571428571,Unknown,Yes,Yes,0.02164243510588859,0.16970513681871388,Yes,No,True,False,False,True,False,False,True,False,False,False
7fcae9a7-890e-4994-ac16-dcdfebb225be,0.09803921568627455,Female,0.014285714285714285,Unknown,No,Yes,0.8361105578791301,0.0,No,No,True,False,True,False,False,True,False,True,False,False
d1aa6b76-ee29-4620-9ce1-668f1ad94a4e,0.7058823529411765,Male,0.9714285714285714,DSL,Yes,No,0.13162495297528165,0.3797054677682466,Yes,Yes,False,False,False,True,False,False,False,True,False,False
24f2f2db-9d67-491a-98d2-749491b9e83f,0.9215686274509803,Female,0.8142857142857143,Fiber optic,Yes,Yes,0.6914957179844652,0.7853692673837668,Yes,Yes,True,False,False,True,False,False,False,True,False,False
55280c4b-c095-4769-bce3-c0502563725f,0.23529411764705888,Female,0.6142857142857143,Fiber optic,Yes,Yes,0.6720219522450155,0.5769240779280116,Yes,Yes,True,True,False,True,False,False,False,True,False,False
92b1d371-5fe0-42a2-8717-1ba46e5bcd62,0.5294117647058824,Female,0.7857142857142857,DSL,Yes,No,0.9464250149372637,0.961873007274142,Yes,Yes,True,False,False,True,False,False,False,False,True,False
b253c005-d5ac-46d1-97e0-7a22107176fd,0.07843137254901966,Male,0.6,DSL,No,No,0.2946070946469274,0.3268611814512747,Yes,Yes,False,False,False,True,False,False,False,False,True,False
2efbccf1-1933-44c2-aec3-3137bd4b1ed5,0.23529411764705888,Female,0.4714285714285714,Fiber optic,No,No,0.0603686737922946,0.13072056709969646,Yes,No,False,False,False,True,False,False,False,False,True,False
d2a6fc21-3b67-48b6-b7db-00b7fad76e49,0.3137254901960784,Male,0.41428571428571426,Fiber optic,Yes,Yes,0.8964128438336765,0.4781790192776496,Yes,Yes,False,True,False,False,False,True,False,False,True,False
539baf58-38de-4bfb-ae83-df9f0ec58393,0.9607843137254902,Female,1.0,DSL,No,Yes,0.3066675518378366,0.5718136387836865,No,No,False,False,False,True,False,False,False,False,True,False
520f4122-8894-4837-b820-a2c17a1f70e1,0.7647058823529412,Female,0.9857142857142858,Fiber optic,No,No,0.1970169731571843,0.45182194143992604,Yes,No,False,True,False,True,False,False,False,False,True,False
2901160b-375d-476c-bef9-02479656e2f2,0.8627450980392156,Male,0.7714285714285715,DSL,Yes,No,0.4777268804355043,0.5708802325771939,No,No,False,False,False,True,False,False,False,False,False,True
94839585-14ef-4baa-b61f-95f200404fcb,0.607843137254902,Female,0.9428571428571428,Fiber optic,Yes,Yes,0.10141848679988497,0.33777769637918714,No,No,True,False,False,False,True,False,False,False,True,False
769d0c01-53a3-48cc-940f-56ac210ee8e3,0.5490196078431373,Female,0.17142857142857143,Fiber optic,Yes,Yes,0.26838389873641827,0.06686497933814592,Yes,Yes,True,True,False,False,True,False,False,True,False,False
0d18d34c-8c1d-4bb2-acaa-bc1a88cd7535,0.9803921568627451,Male,0.028571428571428574,DSL,Yes,Yes,0.3660846666224082,0.0,No,Yes,False,True,False,False,True,False,False,True,False,False
c2a76da7-ea2c-4948-95b8-4a5d4bb8cc9b,0.03921568627450983,Female,0.35714285714285715,Fiber optic,Yes,Yes,0.24658655867578388,0.16482122138370964,Yes,No,True,False,False,True,False,False,False,False,True,False
f625aa0d-aa85-4c3f-9968-865163c7b1c1,0.7647058823529412,Male,0.8,DSL,Yes,No,0.4380048241828764,0.5611332868718746,Yes,No,True,False,False,True,False,False,False,False,True,False
d7e80923-86a0-4f8f-903e-61c21951e88e,0.6470588235294118,Male,0.32857142857142857,Fiber optic,Yes,No,0.3654207882449269,0.19004568067482858,Yes,Yes,False,False,False,False,True,False,False,True,False,False
1f41f39a-7415-44be-9da8-1da6a6e7b796,0.7647058823529412,Male,0.7428571428571429,DSL,Yes,Yes,0.7968310872114897,0.7943675602625361,No,No,False,False,False,False,False,True,False,True,False,False
4f242fcb-1e8b-4dd7-81d6-0a2d7f5106f3,0.5098039215686275,Female,0.9857142857142858,Fiber optic,No,Yes,0.9559406050144947,0.9999999999999999,Yes,No,False,False,False,True,False,False,False,True,False,False
15955ba6-e14a-4dd6-a3f8-a47b273d2abd,0.23529411764705888,Male,0.6,DSL,Yes,No,0.05140631569629778,0.17547104882405276,Yes,Yes,False,True,False,True,False,False,False,True,False,False
2d70ce1b-830f-4b91-96a3-d7b3e697a3e4,0.8627450980392156,Male,0.8428571428571429,Fiber optic,Yes,Yes,0.8507158821837173,0.94920053196121,Yes,Yes,False,False,False,True,False,False,False,True,False,False
9572f44a-eb4e-49d1-9117-487cc4ce10ab,0.6274509803921569,Female,0.8142857142857143,Fiber optic,Yes,No,0.970767222111576,0.9999999999999999,No,No,False,False,False,True,False,False,False,False,False,True
8d33b40f-25f5-4e2b-a3d3-5f9c330e849d,0.09803921568627455,Male,0.6857142857142857,DSL,Yes,No,0.6994622585142403,0.6634175776614848,Yes,Yes,True,True,False,False,True,False,False,False,True,False
29969976-02af-42ff-b156-5f862aa41ae5,0.4509803921568628,Female,0.5857142857142857,Fiber optic,Yes,No,1.0000000000000002,0.7717890906824211,Yes,Yes,False,True,False,True,False,False,True,False,False,False
8d061822-f8dd-499f-838d-3430cf3324f9,0.3529411764705882,Female,0.9285714285714286,DSL,Yes,Yes,0.31042952931023043,0.5325222177988513,Yes,Yes,True,True,False,True,False,False,False,False,True,False
c5a57872-ac80-424f-9888-9a515dc6a8ff,0.2941176470588236,Female,0.14285714285714285,Fiber optic,Yes,Yes,0.8584611299209985,0.14708650346035046,No,No,True,True,True,True,False,False,False,True,False,False
6e987fc9-7981-46fb-820c-59cb5e0b6b71,0.7647058823529412,Female,0.24285714285714283,DSL,Yes,Yes,0.6851888733983935,0.21870494628174988,Yes,No,False,False,False,False,False,True,False,False,False,True
495bc651-8b20-48a9-8775-a57864dcac9e,0.5294117647058824,Male,0.7285714285714286,Fiber optic,Yes,Yes,0.29759454734559304,0.40184213578762934,Yes,Yes,True,True,False,False,False,True,True,False,False,False
8db78ff8-77e9-4a46-b7c3-a35de57cb223,0.6274509803921569,Male,0.6428571428571429,Fiber optic,Yes,Yes,0.7194892562349244,0.6316946190497763,No,Yes,True,False,False,False,False,True,False,False,True,False
5c1daa61-a5f6-4ecf-ab3a-aa20c105aeef,0.9215686274509803,Male,0.6142857142857143,Unknown,Yes,No,0.5036181371572728,0.46538444607884244,Yes,Yes,False,False,False,True,False,False,False,False,False,True
d5a56cf7-fee1-4fe8-8a98-48ff780956e4,0.7843137254901961,Male,0.3,Fiber optic,Yes,No,0.14888579078979397,0.10228139899757635,No,Yes,True,True,False,False,True,False,False,False,False,True
b97b4310-7b52-409d-9537-037dcdf7c9c6,0.23529411764705888,Male,0.7428571428571429,Fiber optic,Yes,No,0.132178184956516,0.2813989975763569,No,Yes,False,True,False,True,False,False,False,True,False,False
cd31c652-e09d-4289-997a-bf531a515716,0.823529411764706,Female,0.8285714285714286,Fiber optic,Yes,Yes,0.7291154927084027,0.830770402315747,No,Yes,True,False,False,True,False,False,False,False,True,False
ea2909f2-1cec-460a-aafe-180a8d1dd84a,0.8627450980392156,Male,0.41428571428571426,Unknown,No,No,0.7274557967646995,0.40465199371388666,Yes,Yes,True,True,False,True,False,False,False,True,False,False
6b5b356f-d9d8-4665-b10a-bbd931ea84bf,0.47058823529411764,Male,0.09999999999999999,Fiber optic,Yes,No,0.5270751731616101,0.0584000614345152,Yes,No,False,True,True,True,False,False,False,True,False,False
5fc35cd5-1d13-49c3-becf-e503127dcaf9,0.5030496196232563,Male,0.8,DSL,No,Yes,0.49454513266502914,0.6076814993106289,Yes,Yes,False,True,False,True,False,False,True,False,False,False
496041b1-7988-48ce-8608-69145cf3e50d,0.6862745098039217,Female,0.2714285714285714,Unknown,No,No,0.13892761512757534,0.08455471382986687,No,Yes,False,True,False,False,False,True,True,False,False,False
75837318-ea5a-405c-9456-8111c42ec116,0.5098039215686275,Female,0.34285714285714286,Fiber optic,Yes,Yes,0.41476908097103277,0.21626941476876746,No,Yes,False,True,False,True,False,False,True,False,False,False
ff55fb06-2712-4c65-b96f-bc629b384182,0.7254901960784313,Male,0.2571428571428571,Unknown,Yes,Yes,0.9039367987784639,0.290252700853432,Yes,No,False,True,False,True,False,False,False,False,True,False
d0020778-f0bc-4a9e-a30b-4f6d901f80f5,0.11764705882352944,Female,0.05714285714285714,Unknown,Yes,Yes,0.8854588506052359,0.05118504030997439,No,Yes,False,False,True,True,False,False,False,False,True,False
1df2affe-0522-4bc4-a22d-374625af30bd,0.07843137254901966,Male,0.3714285714285714,DSL,Yes,No,0.6710261346787936,0.3421860726797304,No,No,True,True,False,True,False,False,False,True,False,False
8787f14d-4b5b-4976-98fd-855efa4ee07f,0.823529411764706,Male,0.5571428571428572,Fiber optic,Yes,No,1.0000000000000002,0.7331081591269615,Yes,No,True,False,False,True,False,False,True,False,False,False
22ee52c1-6635-4413-b7cd-b18678a4ee60,0.8627450980392156,Female,0.35714285714285715,DSL,Yes,Yes,0.9280577131602825,0.4213055027267991,Yes,No,True,True,False,True,False,False,False,False,True,False
56099a7f-9876-4a05-9579-bb54be196a65,0.9803921568627451,Female,0.3714285714285714,DSL,Yes,Yes,0.10042266923366311,0.11367345305994975,Yes,No,True,True,False,True,False,False,True,False,False,False
83650010-62b0-4294-ba63-97ec04921fa3,0.5882352941176471,Male,0.8714285714285714,DSL,Yes,Yes,0.38135386930447673,0.562145414083734,Yes,Yes,True,False,False,True,False,False,False,False,False,True
9037ea52-d131-439a-91bd-8b9e4a8a49ac,0.43137254901960786,Male,0.7000000000000001,Fiber optic,No,Yes,0.0857066985328288,0.23068017840428987,No,Yes,True,True,False,True,False,False,False,False,True,False
417a5045-b09e-43c1-b62e-e13cb3d403db,0.8039215686274509,Female,0.5857142857142857,DSL,Yes,Yes,0.4554869547898825,0.4149564126612936,No,No,False,True,False,True,False,False,False,False,False,True
708b2eb2-7a6a-48cf-972b-261e0153a5f1,0.17647058823529416,Male,0.39999999999999997,DSL,No,Yes,0.7988227223439335,0.4210227497279305,Yes,Yes,False,False,False,True,False,False,False,False,True,False
a14313c9-7632-453b-8a0c-ce9e4decc946,0.607843137254902,Female,0.5428571428571429,Fiber optic,No,Yes,0.11215118723583173,0.18601163078756028,Yes,Yes,True,True,False,True,False,False,False,False,True,False
eda58752-39e1-4897-bd5b-8c5ce66e937a,0.823529411764706,Male,0.8428571428571429,DSL,No,No,0.9138949744406826,0.9999999999999999,Yes,No,False,False,False,True,False,False,False,False,False,True
1ce84317-07a2-4274-bbe4-ba0e89d5cb6d,0.5686274509803921,Female,0.5714285714285715,DSL,No,Yes,0.5694527429241629,0.468763023105097,No,No,False,True,False,False,False,True,False,False,False,True
46aca788-59b1-4061-82c0-36e6a3ecc843,0.7450980392156864,Male,0.45714285714285713,DSL,Yes,No,0.768394963376043,0.46770751901272933,No,No,True,True,False,True,False,False,False,False,True,False
cd74ebf9-93a1-4e30-9f01-6b66a47cfe49,0.5882352941176471,Male,0.21428571428571427,Fiber optic,Yes,Yes,0.0,0.02755749284201143,No,No,False,True,False,True,False,False,False,False,False,True
aed14f87-937e-4fe7-b620-45cde326c85b,0.33333333333333337,Female,0.3142857142857143,Fiber optic,Yes,Yes,0.043550421562769726,0.07324298732399026,No,No,True,False,False,False,False,True,False,False,True,False
0e46dce9-86da-4150-9b2c-d7260e577eef,0.6862745098039217,Male,0.0857142857142857,DSL,Yes,Yes,0.626767576180044,0.056865805105426694,Yes,No,False,False,True,False,False,True,False,False,True,False
d2234e98-875e-4b4b-97ae-7829ea81c1d6,0.019607843137254943,Male,0.35714285714285715,Unknown,No,Yes,0.8672021952245015,0.3979141182749367,Yes,Yes,True,False,False,False,False,True,False,False,True,False
b7ccb655-c218-4730-9c7c-0f57267b5207,0.2549019607843137,Female,0.15714285714285714,Fiber optic,No,Yes,0.9067029586846358,0.1716554898904557,No,No,False,False,False,False,True,False,False,False,True,False
02f0a162-9d8b-4915-a19a-268230899c14,0.23529411764705888,Male,0.05714285714285714,Fiber optic,Yes,No,0.7014538936466841,0.03679516183914117,Yes,Yes,False,False,True,True,False,False,False,False,True,False
49fb3f0b-4ea8-4c08-8728-ff1356ea4d09,0.5490196078431373,Male,0.9714285714285714,Fiber optic,Yes,No,0.16205271194317206,0.40988292419295697,No,No,False,False,False,True,False,False,False,True,False,False
0cb64ac3-0f01-4f86-80a7-876ef3036119,0.21568627450980393,Male,0.6857142857142857,Fiber optic,Yes,Yes,0.15552457456460644,0.276182526057456,Yes,Yes,False,False,False,False,True,False,False,False,False,True
4dad5432-7a48-4e04-bab1-e7ab73b3c856,0.7450980392156864,Female,0.35714285714285715,Fiber optic,Yes,Yes,0.9150014384031513,0.41583198302710855,No,Yes,False,False,False,False,False,True,False,False,True,False
b892a8df-26a3-458a-9310-ee0168486824,0.019607843137254943,Female,0.05714285714285714,DSL,Yes,No,0.0650158224346633,0.0,No,No,True,True,False,False,True,False,False,False,True,False
0c3a2e35-4138-4430-86a9-7ef51d009804,0.607843137254902,Female,0.3,DSL,Yes,Yes,0.6989090265330058,0.2806840823235356,No,Yes,False,False,False,False,False,True,False,False,True,False
5a0d1347-b8a7-4d7a-8bd4-9b865e00f530,0.23529411764705888,Male,0.17142857142857143,Unknown,No,No,0.5300626258602756,0.11617324661812953,No,No,False,False,False,True,False,False,True,False,False,False
a4073583-47cf-4637-8a8c-267060ac0033,0.8823529411764707,Male,0.3857142857142857,DSL,Yes,No,0.4060280156675297,0.2448403200635423,Yes,No,False,True,False,True,False,False,False,False,True,False
bbdfde63-c0ff-465f-a48b-e475f92f1488,0.5098039215686275,Male,0.45714285714285713,Fiber optic,No,No,0.426940184558189,0.3037605827539306,No,No,False,False,False,False,False,True,False,False,True,False
2ad9168e-c389-4c89-b940-ff9152f00a83,0.9411764705882354,Male,0.3142857142857143,Unknown,Yes,Yes,0.985593839208657,0.3896966092453161,Yes,Yes,True,False,False,False,True,False,False,False,False,True
d584ba14-46ad-426f-a334-b78cf7a9df34,0.7843137254901961,Female,0.24285714285714283,Fiber optic,No,Yes,0.8928721591537765,0.2719637227902451,No,Yes,True,True,False,False,False,True,False,False,False,True
ecf08cfc-1c2c-4e2a-9d23-1d6029ef19af,0.3137254901960784,Male,0.41428571428571426,Fiber optic,Yes,Yes,0.8968554294186639,0.4784280347027896,Yes,No,False,False,False,False,True,False,False,False,True,False
ba5a038d-1d5f-4a3d-a45a-2d0641e52066,0.7647058823529412,Male,0.35714285714285715,Fiber optic,No,No,0.38965234902299234,0.21922386229671906,No,Yes,True,False,False,True,False,False,True,False,False,False
fa63f13b-e4d5-4b69-9b87-b41e564b26e0,0.5882352941176471,Male,0.21428571428571427,DSL,Yes,No,0.05815574586735711,0.043484840744193044,Yes,Yes,True,False,False,True,False,False,False,False,True,False
4c1dabce-1390-404b-a22d-808644750c55,0.6470588235294118,Female,0.5428571428571429,Fiber optic,Yes,No,1.0000000000000002,0.7182314956637577,Yes,Yes,False,True,False,False,False,True,False,False,True,False
53c91173-0358-47e0-93ff-28607c3c7de2,0.4509803921568628,Male,0.45714285714285713,Fiber optic,Yes,No,0.10053331562990997,0.14893403725977641,Yes,No,True,True,False,True,False,False,True,False,False,False
4b457710-7e72-4889-b331-fb31df094c8c,0.8627450980392156,Male,0.35714285714285715,Unknown,No,No,0.5102569209320853,0.26545558416287596,No,No,True,True,False,True,False,False,True,False,False,False
a330fff2-2106-493d-85cb-04df6f22af26,0.6666666666666666,Male,0.6714285714285715,Unknown,Yes,No,0.23253446635243097,0.3229685080634407,Yes,Yes,False,True,False,True,False,False,True,False,False,False
2877a0be-4a90-41cc-aa6a-0872ade63cb7,0.9215686274509803,Male,0.9142857142857143,Unknown,Yes,No,0.5048352475159883,0.7070065229188977,Yes,No,True,False,False,True,False,False,False,False,True,False
7b93811e-87cc-49f6-b467-741a7822fe93,0.09803921568627455,Male,0.5285714285714286,Unknown,Yes,No,0.2771249640399213,0.27459043388768983,Yes,No,True,False,False,True,False,False,False,False,False,True
9c470393-3cbe-44b5-83c4-0dea64d0c498,0.3529411764705882,Female,0.014285714285714285,Fiber optic,Yes,Yes,0.9321516298214167,0.001436578020388421,Yes,No,True,False,True,False,True,False,False,False,True,False
11bf4c4b-76b5-4032-99b5-180b30f30963,0.5686274509803921,Male,0.07142857142857142,Fiber optic,No,Yes,1.0000000000000002,0.07565924022341342,Yes,Yes,False,True,True,True,False,False,True,False,False,False
a6e15cb3-af22-4b28-b7d9-63409ddbe10d,0.11764705882352944,Male,0.6428571428571429,Fiber optic,Yes,No,0.39352497289163296,0.4161275884350167,No,No,False,True,False,True,False,False,False,False,False,True
97e3938b-c6fc-47a7-b9d7-9c6561d27bae,0.17647058823529416,Male,0.7000000000000001,Fiber optic,Yes,Yes,0.017437872048507386,0.18285636436836675,Yes,Yes,True,False,False,False,False,True,False,False,True,False
5d827f3f-9650-4a2c-86da-0578a4571bbc,0.7843137254901961,Male,0.5285714285714286,Unknown,No,Yes,0.6736816481887185,0.4918764742114805,No,No,True,False,False,True,False,False,True,False,False,False
ef3c928b-f055-4c5b-aa29-804afa6394bf,0.607843137254902,Male,0.24285714285714283,DSL,No,No,0.35645843014893003,0.13239941303047917,Yes,No,False,False,False,False,False,True,True,False,False,False
adee157f-6bd3-4c31-9c73-0b14b2a90b48,0.6470588235294118,Male,0.3714285714285714,Unknown,No,No,1.0000000000000002,0.4793582278070223,Yes,No,True,False,False,True,False,False,False,False,True,False
0b4eed8d-63e3-4cd9-bfa1-e772a458f529,0.5294117647058824,Male,0.5714285714285715,Unknown,Yes,No,0.038681980127907245,0.15206359886089096,No,Yes,False,False,False,False,False,True,False,True,False,False
b14f6614-6f14-4d9d-858a-9e3ee15b65f1,0.27450980392156865,Male,0.22857142857142856,Unknown,Yes,Yes,0.07154395981322892,0.05009419209274812,Yes,No,False,True,False,True,False,False,False,True,False,False
abfcf47f-e3b1-4f97-92c2-7ecbf2ab8283,0.5686274509803921,Male,0.8714285714285714,Unknown,Yes,No,0.7136249972338402,0.8624740823138962,Yes,Yes,True,False,False,True,False,False,False,False,True,False
671180d4-62ca-47b9-b647-48f6cb7d0ab9,0.7058823529411765,Male,0.39999999999999997,DSL,No,Yes,0.7791276638119897,0.4112693778180914,Yes,Yes,False,True,False,False,False,True,False,True,False,False
323858dd-6a62-43ac-a1ac-84a85e5e0869,0.5490196078431373,Female,0.8142857142857143,DSL,Yes,No,0.4610192746022262,0.5906857949070401,Yes,No,True,False,False,False,True,False,False,False,False,True
d1f03a07-e428-4abe-99fe-70d4d5c6563d,0.4117647058823529,Female,0.9857142857142858,DSL,Yes,Yes,0.24658655867578388,0.5018081732967424,No,No,True,False,False,True,False,False,True,False,False,False
aeeae84d-324d-4e0b-98a6-a95e992cee04,0.05882352941176472,Female,0.3,DSL,Yes,No,0.2825466374560181,0.14390874532533784,No,Yes,True,False,False,False,False,True,False,True,False,False
ec640da3-37d2-4abf-8ad2-1f85e9f932db,0.37254901960784315,Female,0.07142857142857142,Fiber optic,Yes,No,0.3137489211976366,0.016159012575118308,No,Yes,False,True,False,True,False,False,False,False,False,True
9353fc5e-3bb0-4467-a2d3-cc057f15c224,0.607843137254902,Male,0.35714285714285715,Unknown,No,Yes,0.1890504326274094,0.14322756764624514,Yes,Yes,True,False,False,False,False,True,False,False,True,False
526f80e5-994f-4e20-ac4a-297062c04bc7,0.6862745098039217,Female,0.5428571428571429,Unknown,Yes,No,0.880922348359114,0.6240008456885147,Yes,No,True,True,False,True,False,False,False,True,False,False
c561d249-3e0c-4768-a562-51afbcaa02bf,0.5030496196232563,Female,0.15714285714285714,Fiber optic,Yes,No,0.011794905839916825,0.019672539896287485,Yes,No,True,True,False,True,False,False,False,False,True,False
38fa5aff-eba2-4a49-a0bb-d1dcf43c1f37,0.5030496196232563,Male,0.1857142857142857,DSL,No,Yes,1.0000000000000002,0.10087406020775277,No,No,False,False,False,True,False,False,False,False,True,False
73f15a8d-7591-4c5a-a3b4-ea84b040ae39,0.5098039215686275,Female,0.3,DSL,Yes,Yes,0.7669565602248336,0.3026552755765349,Yes,Yes,True,False,False,True,False,False,False,False,True,False
6fdafadc-4710-4280-b77b-37ced80c0287,0.3137254901960784,Female,0.7142857142857143,DSL,Yes,Yes,0.0,0.13064987884997928,Yes,No,True,False,False,True,False,False,False,True,False,False
dd693027-dcaa-470d-9f3c-e487f2320653,0.21568627450980393,Male,0.3142857142857143,Fiber optic,No,Yes,0.9112394609307575,0.36416369213724953,No,No,False,False,False,True,False,False,False,True,False,False
fa7ffdb0-fc12-4ee5-b540-66ae3858e388,0.4117647058823529,Male,0.6714285714285715,Fiber optic,No,No,0.7212595985748744,0.6642240663287126,Yes,No,False,True,False,True,False,False,False,False,True,False
49462a36-74c6-454e-b1fa-e69b55d4e53c,0.3137254901960784,Male,1.0,DSL,Yes,No,0.02097855672840737,0.2767014420724252,No,No,False,True,False,True,False,False,False,True,False,False
90dce071-5dfa-4b72-acee-70bff69e703f,0.17647058823529416,Female,0.7000000000000001,Fiber optic,Yes,Yes,0.9300493482927261,0.8446269058114415,Yes,No,True,True,False,True,False,False,False,False,True,False
887396b0-f021-4487-a7c1-6a3b7da04494,0.0,Female,0.17142857142857143,DSL,Yes,Yes,0.47894399079421995,0.10759265703314347,No,No,False,False,False,False,False,True,False,True,False,False
9de7574b-8315-4872-8c33-3564d4efafad,0.4117647058823529,Male,0.12857142857142856,Fiber optic,No,Yes,0.6613998982053155,0.10341241099305101,Yes,No,False,True,True,True,False,False,False,False,False,True
2d20ab6a-46b4-4c55-be85-7db528076030,0.4901960784313726,Male,0.7714285714285715,Fiber optic,No,Yes,0.9156653167806326,0.9197540563006202,No,Yes,True,False,False,False,True,False,False,False,True,False
af0e23f3-6015-42e3-88d9-23eea1de5b79,0.33333333333333337,Female,0.11428571428571427,Fiber optic,Yes,Yes,0.9147801456106577,0.12189096208957037,Yes,No,False,False,True,False,False,True,False,False,True,False
78183ed2-4856-424d-bdd9-ece65c054422,0.9607843137254902,Male,0.7285714285714286,Fiber optic,Yes,Yes,0.3919759233441767,0.474776343984446,Yes,No,False,False,False,False,True,False,False,False,True,False
4c90e426-d839-4bd9-be7a-a00de8571135,0.2549019607843137,Female,0.014285714285714285,Unknown,Yes,Yes,0.20277058576202178,0.0,Yes,No,False,False,False,False,False,True,False,False,True,False
de8d2dd6-ca41-4db3-9435-8ccec01e68db,0.9019607843137255,Male,0.34285714285714286,DSL,Yes,No,0.224567925822656,0.15032049088491084,No,Yes,False,True,False,True,False,False,True,False,False,False
d2f888e1-6dbb-4e0d-add6-4711366980bc,0.5490196078431373,Male,0.17142857142857143,Fiber optic,Yes,No,0.7872048507380116,0.16769855445742432,No,Yes,False,False,False,True,False,False,False,False,True,False
e87f3920-57b7-488f-ac2b-d51fbd539056,0.21568627450980393,Female,0.7142857142857143,Fiber optic,No,Yes,0.9681117086016509,0.8893886333937074,Yes,No,True,False,False,True,False,False,False,True,False,False
b503d746-9880-4422-9db2-0ce502a6405b,0.6862745098039217,Male,0.8142857142857143,Fiber optic,Yes,No,0.019650799973444877,0.21742291848006126,No,No,False,False,False,True,False,False,True,False,False,False
221ab433-398d-4dae-85f0-431f9156840b,0.6666666666666666,Male,0.4714285714285714,Unknown,Yes,No,0.0,0.08065882733977303,No,No,True,True,False,False,False,True,True,False,False,False
ad294010-397e-4462-bd3a-3c4ba9d84c79,1.0,Male,0.4857142857142857,Fiber optic,Yes,No,0.8502732965987299,0.5382367201680324,Yes,Yes,False,True,False,True,False,False,False,False,True,False
4806c611-d0bb-4b6e-b93b-509dcd2d853c,0.21568627450980393,Female,0.028571428571428574,Fiber optic,Yes,Yes,0.36752306977361743,0.0,Yes,Yes,True,False,False,True,False,False,False,True,False,False
55285a20-4a36-4b20-8559-d79bb997441d,0.11764705882352944,Male,0.8285714285714286,DSL,Yes,No,0.24559074110956208,0.41544480420479407,No,Yes,True,True,False,False,True,False,True,False,False,False
26949d57-a784-49f2-a047-fbf884107ece,0.5490196078431373,Male,0.9857142857142858,Fiber optic,Yes,No,0.1482219124123128,0.4037651774901622,Yes,Yes,False,False,False,True,False,False,False,False,True,False
b6adf7d0-39c2-4065-bba1-8800e43d38f8,0.1960784313725491,Male,0.6714285714285715,DSL,Yes,Yes,0.3231538648786209,0.3855501007789523,Yes,Yes,False,True,False,True,False,False,False,True,False,False
00ec9191-95a0-417f-bbd1-5ed577f01bde,0.6274509803921569,Male,0.9,DSL,Yes,Yes,1.0000000000000002,0.9999999999999999,Yes,No,False,False,False,True,False,False,False,False,True,False
19c55aed-07da-47a8-ac6b-ad63584f2a4b,0.09803921568627455,Male,0.2571428571428571,Fiber optic,Yes,No,1.0000000000000002,0.3239276190880123,Yes,No,False,False,False,False,False,True,False,False,True,False
ee594b82-052a-4843-886b-4f407d7779e3,0.9019607843137255,Male,0.9428571428571428,Fiber optic,No,No,0.3065569054415898,0.5348950938177663,No,Yes,True,False,False,False,False,True,False,True,False,False
cc303b70-c334-49fa-acf6-0d2f4c7d2c15,0.27450980392156865,Female,0.05714285714285714,DSL,Yes,No,1.0000000000000002,0.06027651315427999,Yes,No,False,False,True,True,False,False,False,True,False,False
ffdfc837-6155-4459-ae17-9c7cf99ead0f,0.607843137254902,Female,0.9428571428571428,Fiber optic,Yes,No,0.2715926442275776,0.5042533441165045,Yes,No,False,False,False,True,False,False,False,False,False,True
4884f54a-3280-4efb-b616-9dd61e7d9362,0.9803921568627451,Male,0.14285714285714285,Fiber optic,No,No,0.8852375578127423,0.15270461276173528,Yes,No,False,False,True,True,False,False,False,False,True,False
da1d46bc-79d8-4f6e-906f-900d5f720139,0.1960784313725491,Female,0.9571428571428572,DSL,Yes,Yes,0.1743344619265751,0.41609706396354795,Yes,No,False,False,False,True,False,False,True,False,False,False
358185ef-c3da-444d-9b82-7a1fe355933f,0.43137254901960786,Female,0.9714285714285714,Fiber optic,No,Yes,0.8542565668636175,0.9999999999999999,Yes,Yes,True,True,False,False,True,False,False,False,True,False
99eb3483-a6f6-4ebf-88d2-32249e565851,0.4901960784313726,Male,0.0,Fiber optic,Yes,No,0.3311204054083959,0.0,No,Yes,False,True,False,True,False,False,False,False,True,False
49bd054a-00df-4326-80e1-cddb17f1d289,0.6470588235294118,Female,0.8857142857142858,Fiber optic,No,Yes,0.15629909933833458,0.3662747003219849,Yes,Yes,False,True,False,True,False,False,False,False,False,True
220acd9f-3496-430f-9201-a27e634e9f40,0.8823529411764707,Female,0.39999999999999997,Fiber optic,No,Yes,0.9740866139989821,0.49623183432473594,No,No,True,True,False,False,False,True,False,False,True,False
2f87efde-f275-4791-b6b1-2d22cdf4c1a7,0.6470588235294118,Female,0.15714285714285714,Fiber optic,No,No,0.17676868264400636,0.045521947576951376,Yes,No,False,False,False,False,False,True,False,False,False,True
b3fd738f-e4c6-42ad-a996-65e5abfce3fa,0.5490196078431373,Female,0.5714285714285715,Fiber optic,Yes,No,1.0000000000000002,0.7516429395130285,Yes,Yes,True,False,False,False,True,False,False,True,False,False
dc380bb6-23d1-4578-8894-ff30565e6a52,0.05882352941176472,Female,0.014285714285714285,Unknown,Yes,Yes,0.059926088207307104,0.0,Yes,No,False,False,False,True,False,False,False,True,False,False
89b95174-5c7b-497a-8b6a-a34221063cd4,0.3137254901960784,Female,0.5142857142857143,Fiber optic,Yes,Yes,0.0,0.09164281741514277,No,Yes,False,True,False,True,False,False,False,True,False,False
48e67313-f470-4575-bf58-4086cca1514c,0.6666666666666666,Female,0.6285714285714286,DSL,Yes,Yes,0.9032729204009826,0.7385093840258049,No,No,True,True,False,True,False,False,False,True,False,False
d832e7af-8a20-4ddb-af17-00419bb2771c,0.23529411764705888,Female,0.6714285714285715,Fiber optic,No,Yes,0.588815862267366,0.5720176707771883,Yes,Yes,True,False,False,False,True,False,False,False,True,False
df2ae7f7-8fe5-4c32-bfee-485d893351f5,0.7843137254901961,Male,0.32857142857142857,Unknown,Yes,No,0.40624930846002344,0.2041335275332339,Yes,Yes,False,False,False,True,False,False,False,True,False,False
53da5008-8a50-41df-a4d4-e44f24b71fe2,0.7450980392156864,Male,0.3,DSL,Yes,Yes,0.030494146805638556,0.06614845753419463,No,Yes,False,False,False,False,False,True,False,True,False,False
423873e5-ce14-42e1-95fc-8a7a0d55b896,0.27450980392156865,Female,0.14285714285714285,Unknown,Yes,No,0.5758702339064816,0.10344132891338986,Yes,Yes,False,False,True,False,False,True,False,True,False,False
c39d2867-ff7b-42a1-a847-b51e3498ba24,0.5490196078431373,Female,0.8142857142857143,Unknown,Yes,No,0.3753789639071456,0.5158863808483681,No,No,True,False,False,True,False,False,True,False,False,False
7f2b135a-8e3e-4e25-b68d-ae908b74adc7,0.5490196078431373,Male,0.6428571428571429,DSL,No,No,0.4748500741330855,0.4723681238406725,Yes,Yes,True,False,False,True,False,False,False,False,True,False
e79b4313-2c45-4799-96f6-76a2d662bb34,0.1960784313725491,Female,0.39999999999999997,Unknown,No,Yes,0.6372789838234969,0.35575018386977675,No,No,False,False,False,False,True,False,False,False,True,False
c67e48b9-4750-4719-8f05-a91711da28bc,1.0,Female,0.4857142857142857,Fiber optic,Yes,Yes,0.6477903914669498,0.43674927873887015,No,Yes,True,False,False,False,False,True,False,False,True,False
885b4d9c-382c-493c-8450-c1f1ba28ace7,0.607843137254902,Male,0.19999999999999998,Unknown,Yes,Yes,1.0000000000000002,0.24453025569546474,Yes,Yes,False,True,False,False,False,True,False,True,False,False
72b1a380-957e-40bc-bc5a-c0d6c5298b78,0.019607843137254943,Male,0.8428571428571429,Fiber optic,Yes,Yes,1.0000000000000002,0.7912974410532291,No,No,True,False,False,True,False,False,False,False,True,False
900dbb21-f592-405a-988e-4a407c560053,0.9019607843137255,Male,0.5857142857142857,Fiber optic,Yes,No,0.31529797074509286,0.32911838578883423,Yes,No,False,False,False,True,False,False,False,True,False,False
6fd38ed4-8dfd-432d-a182-ecbf5f4501e0,0.2549019607843137,Female,0.6,Fiber optic,No,Yes,0.3044546239128992,0.33090005099193276,Yes,Yes,True,True,False,False,True,False,False,False,False,True
e59257cc-e1e3-4620-a38c-2ad22841418b,0.37254901960784315,Female,0.6857142857142857,Fiber optic,No,No,0.4677687047732855,0.5011960773162369,Yes,No,False,True,False,False,True,False,True,False,False,False
51c562e2-da01-469e-ba38-7fdd937ad6c7,0.4117647058823529,Male,0.9,DSL,Yes,Yes,0.22667020735134663,0.4351234489953753,Yes,No,False,False,False,True,False,False,False,False,True,False
2cd6b474-032d-4876-b888-b44fec1591f9,0.1960784313725491,Male,0.44285714285714284,Fiber optic,Yes,Yes,0.3562371373564363,0.2601073754513203,Yes,Yes,False,False,False,True,False,False,False,False,True,False
f6be1902-b5ab-4f52-ab64-e348b66da853,0.5098039215686275,Female,0.9,DSL,Yes,No,0.8715174046781298,0.9999999999999999,No,No,True,False,False,False,True,False,False,False,False,True
84b8e9ba-9c68-4e7d-80d8-c385e58558fd,0.03921568627450983,Male,0.014285714285714285,Fiber optic,Yes,Yes,0.8911018168138265,0.0,No,Yes,True,True,True,True,False,False,True,False,False,False
c8505f9b-df57-4182-b375-567f99198921,0.3137254901960784,Female,0.32857142857142857,Fiber optic,Yes,Yes,0.6344021775210782,0.2836272839935776,Yes,Yes,True,False,False,False,False,True,False,False,True,False
edbb1b8f-f69a-446f-a94b-91f28577c299,0.8431372549019608,Female,0.9285714285714286,Fiber optic,Yes,Yes,0.5846112992099848,0.7944575271258124,No,No,False,True,False,True,False,False,True,False,False,False
7d31e1bd-a534-48bf-9967-1cc895843d94,0.5294117647058824,Male,0.5285714285714286,Fiber optic,Yes,Yes,0.4123348602536016,0.34943322482686995,Yes,Yes,False,False,False,False,True,False,False,False,True,False
ad6aa2a8-64cf-4db6-85ef-81870782e49f,0.5490196078431373,Male,0.42857142857142855,DSL,Yes,No,0.643364535617075,0.3824671291606059,No,Yes,False,False,False,False,True,False,False,True,False,False
1ed86448-f9df-49fc-afc5-5a425b1e3a50,0.3921568627450981,Female,0.35714285714285715,DSL,Yes,Yes,0.831684702029255,0.3825972598021307,Yes,Yes,True,False,False,True,False,False,False,False,True,False
fc01807c-833f-4d8a-a4dd-b5b439188f9c,0.9019607843137255,Male,0.39999999999999997,DSL,No,Yes,0.7561132133926398,0.4008573199449788,No,No,False,True,False,False,True,False,True,False,False,False
67648629-299b-4dc6-b980-404a1768cf6d,0.5030496196232563,Male,0.9428571428571428,Fiber optic,No,Yes,0.0,0.2174309512357109,No,No,True,True,False,False,True,False,False,False,True,False
ba4d7c65-f77e-4daa-af34-dd699627475d,0.7058823529411765,Male,0.34285714285714286,Unknown,Yes,No,0.7486999048440994,0.33866611915404154,No,Yes,True,True,False,False,False,True,True,False,False,False
fb4f723f-87fd-4993-b84a-e43bdb02cabf,0.5030496196232563,Male,0.6714285714285715,DSL,Yes,Yes,0.7363075084644493,0.6726616728631343,Yes,No,False,False,False,True,False,False,False,False,False,True
8a903cec-31aa-42f6-a536-d29e832a93d2,0.09803921568627455,Female,0.9142857142857143,Unknown,Yes,Yes,0.04930403416760715,0.2780091746921928,Yes,Yes,True,True,False,False,True,False,True,False,False,False
69056505-af97-49cf-a089-6dce3b8cd2d3,0.3529411764705882,Female,0.7428571428571429,Fiber optic,Yes,Yes,0.10595498904600681,0.2621203840171296,Yes,No,False,True,False,False,True,False,False,True,False,False
bfcbe9af-979a-4fb1-99d2-e11cdc5b8a4d,0.07843137254901966,Female,0.9428571428571428,Fiber optic,Yes,Yes,0.8115470579123241,0.9999999999999999,Yes,No,False,False,False,True,False,False,False,False,True,False
c2ca064a-14c1-41a0-930c-2e6c0539c977,0.03921568627450983,Female,0.24285714285714283,Fiber optic,No,Yes,0.5582774569032287,0.1845319971968896,Yes,No,False,False,False,False,False,True,False,False,True,False
135527f3-9d8a-403f-aee7-25886e499e97,0.0,Male,0.11428571428571427,Unknown,Yes,Yes,0.8488348934475205,0.11119936431984892,No,No,False,True,True,True,False,False,True,False,False,False
12a393fd-103a-4ceb-acca-68d12ab81000,0.7254901960784313,Male,0.5285714285714286,DSL,Yes,Yes,0.1441279957511784,0.20213497792759402,No,No,True,True,False,True,False,False,True,False,False,False
030dccec-4822-40b2-a163-84a6ba848079,0.27450980392156865,Female,0.2857142857142857,Fiber optic,Yes,Yes,0.0,0.04512673599898722,Yes,Yes,False,False,False,True,False,False,False,False,True,False
613ed5a4-fabf-4c82-9366-22b31593120b,0.6470588235294118,Female,0.9142857142857143,Fiber optic,No,Yes,0.11890061740689106,0.34343275635656045,Yes,No,True,False,False,True,False,False,False,False,False,True
0af69da9-07ab-4ff6-927d-d4c61344f74f,0.6666666666666666,Male,0.2857142857142857,Fiber optic,No,No,0.4405496912965546,0.18483724191157733,No,Yes,True,False,False,False,False,True,False,False,True,False
5123203d-75e6-4949-913b-a3d0ff095a39,0.9411764705882354,Female,0.3714285714285714,Unknown,Yes,No,0.5187766934430946,0.2770982602015193,No,Yes,False,True,False,False,True,False,False,False,True,False
84680ff5-013e-415b-bf20-64d404a84976,0.47058823529411764,Female,0.9857142857142858,DSL,Yes,Yes,0.888778242492642,0.9999999999999999,Yes,Yes,False,False,False,True,False,False,False,False,False,True
9dee5ba7-7e92-443f-b90b-828408ff3429,0.4509803921568628,Male,0.6142857142857143,Fiber optic,Yes,Yes,0.732213591803315,0.6140177369670949,Yes,Yes,True,False,False,False,False,True,False,True,False,False
380f6257-38fa-4b78-8215-a7fbc9f78f16,0.21568627450980393,Female,0.3857142857142857,Fiber optic,Yes,No,1.0000000000000002,0.49922483907980597,No,No,True,False,False,True,False,False,False,False,False,True
545924fb-d0d3-4f2a-8267-4dded8a0e1a7,0.33333333333333337,Male,0.6285714285714286,Fiber optic,Yes,No,1.0000000000000002,0.16543171081308516,No,No,False,True,False,True,False,False,False,False,False,True
c322fbd3-61ea-49c9-bd18-992902ccaf77,0.27450980392156865,Male,0.22857142857142856,Fiber optic,Yes,Yes,0.08382570979663201,0.05596613647266275,Yes,Yes,True,True,False,True,False,False,False,True,False,False
65bed857-3acb-45f0-9ba4-013c292e2d68,0.8431372549019608,Female,0.5571428571428572,Fiber optic,Yes,No,0.033149660315563545,0.14592336044227708,No,Yes,False,False,False,True,False,False,False,False,True,False
f7ac2f99-6314-473a-8414-733b22418e6d,0.2941176470588236,Male,0.028571428571428574,Unknown,Yes,Yes,0.5355949456726194,0.0,No,Yes,True,False,True,True,False,False,True,False,False,False
2682b24c-3a82-46f6-a7e2-fcb9dd6ec05d,0.5098039215686275,Female,0.9285714285714286,Fiber optic,Yes,Yes,0.23507933346610904,0.4584425386463907,Yes,No,True,False,False,False,True,False,False,True,False,False
a6cda3fd-5ac6-40e5-880c-18562610296b,0.13725490196078433,Male,0.6428571428571429,Unknown,No,No,0.6961428666268341,0.6164227440086084,No,Yes,False,True,False,True,False,False,False,False,True,False
e5ee9e15-b07f-43df-bf9f-0fc1d3df336e,0.8823529411764707,Female,0.41428571428571426,Fiber optic,Yes,No,0.08659186970280386,0.12424295294379609,Yes,Yes,False,False,False,True,False,False,False,False,True,False
24ddf4dc-aed5-49af-a2f6-613268bc14d5,0.47058823529411764,Female,0.9714285714285714,DSL,Yes,No,0.053951182809975906,0.30260868559376675,No,No,False,True,False,True,False,False,False,True,False,False
b331f0d6-8f81-4396-87e3-5597dd5dd1b8,0.3137254901960784,Female,0.11428571428571427,DSL,Yes,Yes,0.4489588174113169,0.05768835928395372,No,No,False,True,False,True,False,False,False,True,False,False
b8af9632-6d1b-4d77-9feb-f685f301d1d2,0.5490196078431373,Male,0.14285714285714285,DSL,Yes,Yes,0.35568390537520206,0.06751884564802971,Yes,Yes,True,False,False,False,False,True,False,False,True,False
9a68e951-39af-4751-ac74-d16f3efe31f4,0.13725490196078433,Male,0.9714285714285714,Fiber optic,Yes,No,0.857244019562283,0.9999999999999999,No,Yes,False,True,False,True,False,False,False,False,True,False
569f74e3-6f76-4abb-8626-a4463f831415,0.27450980392156865,Female,0.9285714285714286,Fiber optic,Yes,Yes,0.8665383168470204,0.9999999999999999,No,No,True,True,False,False,False,True,False,False,True,False
3c93600d-94f8-4259-9d89-de116cd21174,0.5098039215686275,Male,0.42857142857142855,Fiber optic,Yes,Yes,0.06966297107703201,0.12353767699775436,No,Yes,False,False,False,True,False,False,False,False,True,False
56d12d2c-e432-447c-a3be-fa82e3f3091e,0.8823529411764707,Female,0.45714285714285713,Fiber optic,Yes,Yes,0.8385447785965612,0.5011237825153899,Yes,Yes,False,True,False,False,True,False,False,False,False,True
e9168dc1-0d9b-4b31-a552-f8e5ae81fb38,0.9607843137254902,Female,0.5428571428571429,DSL,Yes,Yes,0.5640310695080661,0.4425537479713275,Yes,No,True,False,False,True,False,False,True,False,False,False
daab9ef9-83dd-4340-9adc-27ecc205351b,1.0,Male,0.6428571428571429,DSL,Yes,Yes,0.4969793533824604,0.4866101996075516,No,No,True,False,False,False,False,True,False,True,False,False
9fd710b3-5da9-41cc-bd21-3df4e9276a82,0.11764705882352944,Female,0.5142857142857143,DSL,No,No,0.0446568855252385,0.14108442843891106,No,Yes,False,False,False,True,False,False,False,False,True,False
5af7b9fe-93e5-4e4f-9cf0-1b9c3e1147d9,0.03921568627450983,Male,0.8428571428571429,Fiber optic,Yes,No,0.7581048485250836,0.8699670367839158,No,Yes,True,False,False,True,False,False,False,True,False,False
29e6ac98-aec7-4389-afd5-a76cdc69208f,0.5490196078431373,Female,0.42857142857142855,DSL,Yes,Yes,0.005709354046338766,0.09579896518828618,Yes,Yes,False,False,False,False,False,True,False,False,True,False
e692a76c-7c35-4bcd-8e9f-0b731b85588c,0.8431372549019608,Male,0.14285714285714285,DSL,Yes,No,0.24702914426077155,0.04875272189925189,Yes,No,True,True,False,False,False,True,False,False,True,False
b3d0f591-871a-4b4d-8938-f9a92bc169c1,0.4509803921568628,Female,0.014285714285714285,Unknown,No,Yes,0.04532076390271972,0.0,Yes,Yes,True,False,False,True,False,False,False,False,False,True
d5dcb9c5-dc59-479d-a115-0bb1f7f74fa4,0.5030496196232563,Female,0.3714285714285714,Unknown,Yes,No,0.5270751731616101,0.28107768735036975,No,No,True,False,False,False,False,True,False,False,True,False
af544da4-4818-4f3a-9a29-aced32334194,0.37254901960784315,Male,0.014285714285714285,DSL,No,Yes,0.6536546504680343,0.0,No,No,True,True,True,False,True,False,False,False,True,False
0a510f07-069f-4cbf-822c-d167ec2fb3d7,0.8823529411764707,Female,0.2857142857142857,Fiber optic,No,No,0.9255128460466044,0.3314960814611389,No,No,False,False,False,True,False,False,False,True,False,False
853f90a8-da46-487b-86f5-b5ac6bb8c001,0.27450980392156865,Female,0.8142857142857143,Fiber optic,Yes,No,0.7517980039390117,0.8347771408338064,Yes,No,False,True,False,True,False,False,False,False,True,False
c9544a09-dadf-4e2c-952d-b8c9b6438175,0.47058823529411764,Male,0.05714285714285714,Fiber optic,Yes,Yes,1.0000000000000002,0.057265836336780666,Yes,Yes,False,True,True,True,False,False,True,False,False,False
ea145b7d-a7c7-498c-bb81-0bdb128e2bc3,0.5686274509803921,Female,0.7285714285714286,Fiber optic,Yes,Yes,0.7816725309256678,0.7682161209694442,No,Yes,True,True,False,True,False,False,False,False,True,False
5757b3dd-0dbc-492e-8ca7-029f1ecc79c9,0.5030496196232563,Male,0.6285714285714286,DSL,No,No,0.2696010090951338,0.3257735463363083,No,Yes,False,True,False,False,True,False,False,False,True,False
bdec675d-03f1-4d31-95c8-6b6efec10522,0.11764705882352944,Female,0.2714285714285714,Fiber optic,Yes,Yes,0.5456637677310852,0.2034876939789998,No,No,True,False,False,True,False,False,False,False,True,False
38f60b7d-ceaa-4247-ad69-f57bc6dd6bba,0.3137254901960784,Male,0.8571428571428572,Fiber optic,Yes,No,0.4464139502976389,0.6104415541518582,Yes,No,False,False,False,True,False,False,False,True,False,False
8e3c4481-b9fc-48d6-9e7b-77ac403b1b9c,0.8431372549019608,Female,0.5285714285714286,DSL,Yes,No,0.5660227046405097,0.43031182836121823,Yes,No,True,False,False,False,False,True,False,False,False,True
9ba8c126-adc2-446f-9858-c2da22191a9b,0.37254901960784315,Female,0.2714285714285714,Fiber optic,Yes,Yes,0.5727721348115691,0.21665498703995198,Yes,Yes,False,False,False,True,False,False,True,False,False,False
99b9132a-d172-49c0-be3b-38cd2f5af5f7,0.6862745098039217,Female,0.34285714285714286,Fiber optic,Yes,No,0.7166124499325057,0.3265462974298073,No,No,False,False,False,False,False,True,False,True,False,False
2e77365d-f9c3-418b-a340-6b6fcb4479b2,0.1568627450980392,Male,0.014285714285714285,Fiber optic,Yes,No,0.03160061076810733,0.0,Yes,No,True,False,False,False,False,True,True,False,False,False
1ec543b4-5209-4a8e-851e-272f2f620389,0.7254901960784313,Male,0.44285714285714284,DSL,Yes,No,0.7659607426586117,0.4520677437628061,No,No,True,False,False,False,False,True,False,False,True,False
03bf6aab-8076-4d89-96a9-5a911d9efa16,0.9215686274509803,Male,0.35714285714285715,Fiber optic,Yes,Yes,0.09876297328995992,0.10900320892522691,No,No,False,True,False,False,False,True,True,False,False,False
7571e794-b69f-439f-8a83-8af5e7588714,0.4117647058823529,Male,0.9857142857142858,DSL,Yes,Yes,0.0,0.21755786877497582,Yes,No,True,False,False,True,False,False,False,False,False,True
bb2abec7-91ac-4926-b898-1e2794e0361f,0.019607843137254943,Female,0.5714285714285715,Fiber optic,No,Yes,0.5139082520082321,0.43993346307840253,Yes,No,False,False,False,True,False,False,True,False,False,False
3e9dcabc-677a-4c6d-9a60-6f1a00d2f6a9,0.4509803921568628,Female,0.9428571428571428,DSL,Yes,No,0.5831728960587754,0.8063267268737767,No,Yes,False,False,False,True,False,False,False,False,False,True
e5397d0f-99f2-4498-9c11-9b9d7ef15a2b,0.13725490196078433,Male,0.0,DSL,No,No,0.0,0.0,Yes,Yes,False,False,False,True,False,False,False,False,True,False
69ebf054-da2c-4c98-901d-4bb9c3abba1b,0.1960784313725491,Male,0.7142857142857143,Fiber optic,Yes,No,0.5100356281395917,0.5510602112871783,Yes,Yes,False,False,False,False,True,False,False,False,False,True
b9876350-0e99-42e5-a78d-9112e095d06a,0.23529411764705888,Male,0.05714285714285714,Fiber optic,Yes,Yes,0.5312797362189914,0.024267276127903317,No,Yes,True,False,True,True,False,False,False,False,False,True
df80d80b-d7fd-4a7e-9132-bed39a01bf0e,0.5030496196232563,Female,0.17142857142857143,Unknown,No,Yes,0.0,0.01635983146636026,No,No,True,False,False,False,False,True,False,False,False,True
81cc72b9-9b0a-488b-a89c-af80b6716af6,0.13725490196078433,Male,0.2571428571428571,Fiber optic,Yes,No,0.7271238575759589,0.24306508106496347,No,No,True,False,False,False,False,True,False,True,False,False
a0b83ff5-8f15-4230-99ae-8b2f9b3a4c76,0.3921568627450981,Male,0.15714285714285714,DSL,No,No,0.17245347319037824,0.04347520143741342,Yes,No,False,True,False,True,False,False,False,True,False,False
c1c0053a-45ce-446a-9c7e-0a8a11928be7,0.33333333333333337,Female,0.6714285714285715,Fiber optic,No,No,0.8188497200646176,0.7308188237668032,No,Yes,False,True,False,True,False,False,False,False,False,True
c8fe2743-976b-452c-82ba-fad9bed905ee,0.5686274509803921,Female,0.34285714285714286,Fiber optic,Yes,No,0.2836531014184868,0.17042326517379508,Yes,Yes,False,False,False,True,False,False,False,False,False,True
3ea3da45-c23b-48b7-8087-b65347262dcf,0.33333333333333337,Male,0.8,DSL,Yes,No,0.4685432295470137,0.5864091557991514,Yes,Yes,False,True,False,False,False,True,False,False,False,True
2f08e6fa-d13f-4a23-98ca-5716ef4d8e89,0.8823529411764707,Female,0.4857142857142857,Unknown,Yes,No,0.9266193100090732,0.5794206583839315,Yes,Yes,False,True,False,False,True,False,False,False,False,True
7e8aa0dc-13c9-41bb-a5b4-7f7d9aeda0b1,0.9019607843137255,Male,0.05714285714285714,DSL,Yes,No,0.8317953484255018,0.04571152061028378,Yes,No,False,False,True,True,False,False,False,True,False,False
6ed9f033-41f0-46a9-b0c2-232196cbb6ac,0.5882352941176471,Female,0.3,Unknown,Yes,Yes,0.8049082741375115,0.3127540559793101,No,Yes,True,False,False,True,False,False,True,False,False,False
efe375a9-f55e-4b5c-8eab-a5574dea7d4d,0.7254901960784313,Male,0.8,Unknown,Yes,No,0.11724092146318799,0.29546917237233294,No,Yes,False,False,False,True,False,False,False,False,True,False
5a7f6314-159a-4d76-acde-2b1ea64b3a8a,0.607843137254902,Male,0.6571428571428571,Fiber optic,Yes,No,0.0,0.15254235109761177,No,Yes,False,False,False,False,False,True,False,False,False,True
d998a09e-9bc0-4d94-a916-9712863552ac,0.1960784313725491,Male,0.7571428571428571,Unknown,Yes,Yes,0.6100599703467657,0.6643782952371863,No,No,True,False,False,True,False,False,True,False,False,False
f6d02394-09f3-45fe-8d87-51e2a90d8419,0.8627450980392156,Male,0.028571428571428574,Fiber optic,No,Yes,0.39418885126911424,0.0,Yes,No,True,False,False,True,False,False,True,False,False,False
6cb79f28-6cb5-4038-afd4-5b3cb51b120f,0.47058823529411764,Female,0.7428571428571429,DSL,No,Yes,0.9456504901635354,0.9074816122190422,Yes,Yes,True,False,False,False,False,True,False,False,False,True
0077612c-d60a-4e3f-ab66-51555a982f66,0.5030496196232563,Female,0.42857142857142855,Fiber optic,Yes,Yes,0.3265839031622741,0.23825506698193624,No,No,False,False,False,False,False,True,False,False,True,False
bac6fb12-b6bc-4a5d-aef5-951d53bc5777,0.7254901960784313,Female,0.9714285714285714,DSL,No,Yes,0.3939675584766204,0.6423444464901195,No,No,False,True,False,False,False,True,False,False,True,False
dee36416-59d3-40fe-b1ba-5c69ed95a47e,0.7843137254901961,Female,0.45714285714285713,Fiber optic,Yes,Yes,0.5217641461417601,0.3474041507497613,Yes,Yes,True,False,False,True,False,False,False,False,True,False
deb563cf-e2a9-4aef-89b9-092733c21a2d,0.13725490196078433,Male,0.7000000000000001,Fiber optic,Yes,Yes,0.8209520015933083,0.7676554346250968,Yes,Yes,False,False,False,False,True,False,False,False,False,True
7ec21fd9-b47f-4dac-80bd-1e9d0837e737,0.1960784313725491,Male,0.21428571428571427,Fiber optic,Yes,Yes,0.2366283830135653,0.08583513508042556,Yes,Yes,True,True,False,True,False,False,False,False,True,False
6311e7d6-8459-42a1-8e28-959a1de481c2,0.4117647058823529,Female,0.5428571428571429,Fiber optic,Yes,No,0.9818318617362634,0.6819877021724106,Yes,Yes,False,False,False,True,False,False,False,True,False,False
54d257c0-9afd-46b4-a170-b33176104843,0.9803921568627451,Female,0.6428571428571429,Fiber optic,Yes,Yes,0.5371439952200756,0.5136452420221079,Yes,No,False,False,False,True,False,False,False,False,True,False
0ca0498f-3ceb-4fad-afa2-ae6daa4f0af4,0.4509803921568628,Female,0.6571428571428571,Unknown,No,Yes,0.870300294319414,0.7517489718876043,Yes,Yes,False,True,False,True,False,False,False,True,False,False
8100ef35-1cdb-4b32-a564-5dd6886a5072,0.7843137254901961,Female,0.6142857142857143,DSL,No,Yes,0.5213215605567727,0.474376312753092,Yes,Yes,True,False,False,True,False,False,False,False,True,False
20badb04-1813-4af5-937d-c84723ed91f4,0.3137254901960784,Female,0.11428571428571427,Fiber optic,Yes,Yes,0.7939542809090709,0.10582866389247417,Yes,Yes,False,True,True,False,False,True,False,False,True,False
922a8c57-76d3-4baf-ace4-72632b5865ad,0.5030496196232563,Male,0.7000000000000001,DSL,No,Yes,0.0,0.1673338673509289,Yes,Yes,True,True,False,True,False,False,False,False,False,True
fcd5c3d3-fa38-436a-98e6-0d539bea3445,0.8823529411764707,Male,0.8428571428571429,Fiber optic,Yes,No,0.8240501006882208,0.9264630138192314,No,No,False,False,False,False,False,True,False,False,True,False
9b3ddbdb-fa6c-4e75-9cd8-597cfadb7c9e,0.607843137254902,Male,0.19999999999999998,DSL,Yes,No,0.5195512182168227,0.13664552766689894,No,Yes,False,False,False,True,False,False,False,True,False,False
d40e8152-c3f0-45dc-b8e3-bb6b82b1256b,0.27450980392156865,Female,0.49999999999999994,Fiber optic,No,Yes,0.4370090066166545,0.34137797746137283,No,Yes,False,True,False,True,False,False,False,False,True,False
56c6621f-7ae8-4be3-9d3a-e832b1543d4b,0.2941176470588236,Female,0.8857142857142858,DSL,Yes,No,0.06324548009471337,0.2784220583325862,No,No,False,False,False,False,True,False,False,False,True,False
32e0bccd-14d9-4912-812d-d186f351768d,0.5030496196232563,Female,0.9714285714285714,DSL,Yes,Yes,0.7603177764500211,0.9999999999999999,No,Yes,False,True,False,False,True,False,False,True,False,False
3ed20a98-d092-42c3-bb4b-5cf6364cea14,0.5294117647058824,Female,0.5714285714285715,Unknown,Yes,No,0.08493217375910067,0.18362911546186575,Yes,Yes,False,True,False,True,False,False,False,False,True,False
cfcef6bc-c8e0-4c0c-96ab-1e40998d3ea4,0.37254901960784315,Male,0.32857142857142857,DSL,Yes,No,0.15253712186594082,0.11848186059184701,Yes,Yes,True,True,False,False,False,True,False,False,True,False
71666835-a6b1-4132-bbd4-cf26d490be15,0.6274509803921569,Male,0.6857142857142857,Fiber optic,Yes,Yes,0.07962114673925075,0.222044966080886,No,Yes,True,True,False,True,False,False,False,False,True,False
04a00b3e-8c1a-4c6b-95c2-7d84b6bf9267,0.17647058823529416,Female,0.24285714285714283,DSL,Yes,No,0.0,0.026002351348233768,No,Yes,False,True,False,False,False,True,False,False,False,True
32ace959-69df-4649-90f3-4d4c32e5c895,0.7647058823529412,Male,0.0857142857142857,Fiber optic,Yes,No,0.6721325986412623,0.06206299801076839,Yes,Yes,True,False,True,True,False,False,False,False,True,False
c3e55fbc-fb4c-427e-b5e9-c60d667edbc3,0.607843137254902,Male,0.04285714285714286,Fiber optic,Yes,No,0.2393945429197371,0.0,No,Yes,False,True,False,False,False,True,False,False,False,True
792b3a06-6f86-483a-ab30-52579c8ea4ae,0.9607843137254902,Female,0.9714285714285714,Fiber optic,Yes,No,0.10518046427227873,0.34920348801528917,Yes,No,False,True,False,True,False,False,False,True,False,False
638f7e34-9aa8-4fa3-9795-a5c60d4c3d09,0.6274509803921569,Female,0.8428571428571429,DSL,Yes,No,0.2938325698731992,0.4677203714217688,Yes,Yes,False,False,False,False,False,True,False,True,False,False
3cd9083f-aadb-4a79-893e-bff5a01f58e3,0.019607843137254943,Female,0.7714285714285715,Fiber optic,No,Yes,0.49200026555135096,0.5838515264002939,Yes,No,False,True,False,False,True,False,False,False,True,False
2cb761ce-949e-4a3e-964d-b7e37753a861,0.6274509803921569,Female,0.21428571428571427,Fiber optic,Yes,No,0.4967580605899667,0.14561008297193967,Yes,Yes,False,False,False,True,False,False,False,False,True,False
7a4c7997-1482-452b-8866-2a32ab753269,0.6274509803921569,Female,0.39999999999999997,Fiber optic,Yes,No,0.3460576689017239,0.2286511043271812,Yes,No,True,False,False,False,False,True,False,False,True,False
c02d0cbd-20f3-497e-a6dc-a57c10ef7532,0.7843137254901961,Female,0.3142857142857143,Fiber optic,Yes,No,0.48735311690898225,0.22133969013484425,No,No,False,True,False,True,False,False,False,False,False,True
6a3e70e3-eed7-4b57-a9fa-a7397ae4be84,0.23529411764705888,Male,0.1857142857142857,Fiber optic,Yes,No,0.41255615304609533,0.10659498878145346,Yes,Yes,False,False,False,True,False,False,False,False,True,False
54e272b7-3044-4761-830d-35c027c75b81,0.5686274509803921,Male,0.6857142857142857,DSL,Yes,Yes,0.850052003806236,0.7720798764369394,Yes,No,False,True,False,False,False,True,False,False,True,False
8cbeb1e5-074e-4543-b7c0-f8cf40f8652b,0.6274509803921569,Female,0.45714285714285713,DSL,Yes,Yes,0.0,0.08591706918805225,Yes,No,True,True,False,True,False,False,True,False,False,False
a4b8967d-92cc-4b2c-bda8-2b3fb624d9b1,0.23529411764705888,Male,0.34285714285714286,DSL,No,Yes,0.9001748213060701,0.39126460314813327,No,Yes,False,True,False,True,False,False,False,False,True,False
ce87d998-343e-4792-938b-770e9f082fe2,1.0,Female,0.2857142857142857,DSL,Yes,Yes,0.20963066232932798,0.11880317081783412,No,No,True,False,False,True,False,False,False,False,True,False
45ed8788-8b1f-47a0-8b72-c625dcd3b5bf,0.5030496196232563,Female,0.22857142857142856,DSL,Yes,Yes,0.7384097899931401,0.2178856052054827,Yes,Yes,True,False,False,False,False,True,False,False,True,False
44ca000d-f247-4a50-823f-091659b346da,0.4117647058823529,Female,0.3142857142857143,Fiber optic,Yes,No,0.38788200668304235,0.18797322971721164,Yes,Yes,False,False,False,True,False,False,False,False,True,False
f3c94e90-399c-4a18-bccc-3327ebd155f4,0.7450980392156864,Female,0.8,Fiber optic,Yes,No,0.26539644603775253,0.41960737818245725,Yes,No,True,False,False,True,False,False,False,False,True,False
86130047-0223-446a-a2e4-d215a4d9513f,0.019607843137254943,Male,0.8142857142857143,Unknown,Yes,No,0.6205713779902189,0.7262465792510064,No,Yes,False,False,False,False,True,False,False,False,True,False
26c0d327-779b-4b71-8739-dc8e473973d1,0.7254901960784313,Female,0.1857142857142857,DSL,Yes,Yes,0.7905242426254178,0.18376245920565043,Yes,No,False,True,False,False,False,True,True,False,False,False
e4035f7b-04c7-48f6-839c-842b5a748e51,0.7450980392156864,Male,0.2714285714285714,Fiber optic,No,No,0.43756223859788884,0.17310299245852767,Yes,No,True,False,False,False,False,True,False,False,False,True
61544f05-cc88-406a-9fad-7afe78d86645,0.4901960784313726,Female,0.41428571428571426,Unknown,Yes,No,0.45604018677111685,0.2873994660466664,Yes,No,False,False,False,False,True,False,False,False,True,False
5adfaff4-7d64-4f7c-b855-41e67a8217b2,0.8823529411764707,Female,0.2571428571428571,Fiber optic,No,No,0.00493482927261063,0.04582879884276909,Yes,Yes,True,False,False,False,True,False,False,True,False,False
9757b1ef-5854-4233-bf5c-f72d9fe91ea4,0.9607843137254902,Female,0.7428571428571429,DSL,Yes,Yes,0.9621368032043198,0.9193411726602269,No,No,False,True,False,True,False,False,False,False,False,True
326bca71-d1d6-4338-ba8e-573fc6af8635,0.27450980392156865,Male,0.7857142857142857,DSL,Yes,Yes,0.8768284316979797,0.9072727605721506,Yes,Yes,True,False,False,True,False,False,False,False,True,False
7f028591-2d09-4719-a7ec-fffacf16cda7,0.6470588235294118,Female,0.3142857142857143,DSL,Yes,No,0.3801367589457611,0.18649359612654096,Yes,Yes,True,True,False,False,True,False,False,False,True,False
0c1db767-43f4-43ca-aaeb-83f03acbad28,0.8039215686274509,Female,0.8714285714285714,Fiber optic,Yes,Yes,0.7862090331717897,0.9266766851195128,No,No,False,False,False,False,False,True,False,False,False,True
6e3b1e21-c296-472b-a917-9932ee462e85,0.8431372549019608,Female,0.45714285714285713,Fiber optic,No,No,0.2864192613246587,0.23725579217911627,No,No,False,True,False,False,True,False,False,True,False,False
1c8fb3a4-669a-42eb-bb69-d02595ffe796,0.9411764705882354,Male,0.24285714285714283,DSL,Yes,No,0.7479253800703713,0.2360075019511563,Yes,Yes,False,False,False,True,False,False,False,False,False,True
dc5ad415-4f50-4eeb-bb6c-8ae9e65111ce,0.7647058823529412,Male,0.45714285714285713,DSL,Yes,No,0.5114740312908008,0.34467783348226055,No,No,True,True,False,True,False,False,False,True,False,False
7d22bba6-2e23-4212-8bf6-d39f99af5ad9,0.1960784313725491,Male,0.44285714285714284,Fiber optic,No,No,0.44962269578879815,0.3047598575567506,No,Yes,True,False,False,False,True,False,False,False,False,True
e349bcaf-a16f-4e83-b4be-14459b4de84b,0.03921568627450983,Female,0.8571428571428572,Fiber optic,No,No,0.002279315762685641,0.21692649418091112,Yes,No,False,True,False,False,True,False,False,False,False,True
0f4c57b6-5237-45cf-a572-84b1cdd4ecc5,0.09803921568627455,Male,0.7571428571428571,Fiber optic,No,No,1.0000000000000002,0.9757921662639043,Yes,No,False,False,False,False,True,False,False,False,False,True
658d0f68-2504-4350-a29f-7fb7f38f3130,0.1568627450980392,Female,0.22857142857142856,Fiber optic,No,Yes,0.8663170240545266,0.24615126578556976,Yes,Yes,True,False,False,True,False,False,True,False,False,False
215480e6-9bf7-4862-a3e0-4d27730a7cc9,0.09803921568627455,Male,0.2571428571428571,Fiber optic,Yes,Yes,0.8176326097059021,0.26862370299110894,Yes,Yes,False,True,False,True,False,False,False,False,True,False
27e0ec23-25b9-4c90-938e-d2bb4aa4fbc1,0.1568627450980392,Male,0.9857142857142858,DSL,No,Yes,0.2771249640399213,0.5332146413358536,Yes,No,True,False,False,False,False,True,False,True,False,False
c3f14ce6-20c8-4951-aa3b-7422b03c1769,0.7450980392156864,Female,0.4714285714285714,Fiber optic,Yes,Yes,0.26019606541414947,0.2318963376096511,No,Yes,True,True,False,False,True,False,False,False,True,False
87a5534d-28e7-469e-acc5-8e6fcd4d7266,0.5882352941176471,Male,0.34285714285714286,Fiber optic,No,Yes,0.5739892451702848,0.275384070145878,No,No,False,False,False,True,False,False,False,False,False,True
97daccbd-d90e-48d0-b6bc-ca3cb56a011d,0.607843137254902,Female,0.9571428571428572,Unknown,No,Yes,0.8760539069242517,0.9999999999999999,Yes,Yes,True,False,False,True,False,False,False,False,False,True
4c203e32-759f-4fee-ab59-ccec5b070a8d,0.7843137254901961,Female,0.14285714285714285,DSL,Yes,No,0.9738653212064883,0.16749773556618236,Yes,Yes,True,True,True,False,False,True,True,False,False,False
24bb893f-48e4-45c6-abc0-778df090914e,0.9607843137254902,Male,0.21428571428571427,Fiber optic,No,Yes,0.23729226139104648,0.08702719601883777,Yes,Yes,True,False,False,False,False,True,False,False,True,False
c38b8e0d-a163-46fb-a46d-a9a3f79b612d,0.21568627450980393,Female,0.8571428571428572,Fiber optic,Yes,Yes,0.6118303126867157,0.7541491592757281,No,Yes,False,True,False,True,False,False,False,False,False,True
95dd41fc-ea89-439c-a604-aaf9dd0377a1,0.13725490196078433,Female,0.0857142857142857,Fiber optic,Yes,No,0.7407333643143243,0.0678658606920958,No,No,True,True,True,True,False,False,False,False,False,True
f2c94f95-f60b-4dfa-8c01-88da2785d391,0.13725490196078433,Male,0.21428571428571427,DSL,Yes,No,0.19026754298612497,0.07698303835448037,Yes,Yes,False,True,False,True,False,False,True,False,False,False
beaae0ca-27b6-46e8-baf9-4a2c4236c4ce,0.9607843137254902,Male,0.21428571428571427,Fiber optic,No,No,0.39064816658921425,0.11935100475314217,No,No,False,True,False,True,False,False,True,False,False,False
8eaf8eed-66d2-44bf-b495-044b1664b4c9,0.5294117647058824,Female,0.5571428571428572,Unknown,Yes,No,0.1472260948460909,0.21483315805860503,Yes,No,True,False,False,False,True,False,True,False,False,False
7a4e77fa-626b-4e01-b0e8-051fe9f87c70,0.37254901960784315,Male,0.15714285714285714,Fiber optic,Yes,Yes,0.7130717652526057,0.13755483560644252,No,Yes,False,False,False,True,False,False,False,False,True,False
55318f4e-30fc-4f0a-bf16-8df730232389,0.9019607843137255,Female,0.4857142857142857,Fiber optic,Yes,Yes,0.8955276726637014,0.5638756696506747,Yes,No,False,False,False,False,True,False,False,True,False,False
bc65fb7d-ca91-43c6-a4de-0393b3d8a07e,0.11764705882352944,Female,0.2857142857142857,DSL,No,Yes,0.9106862289495232,0.3286524859611529,Yes,No,True,True,False,False,True,False,False,True,False,False
6f6afac9-dec7-4a1f-8d64-be4f0b5a07c3,0.1960784313725491,Male,0.7000000000000001,DSL,Yes,Yes,0.6812056031335061,0.6635252165871905,Yes,No,True,False,False,True,False,False,False,False,True,False
5469fa0d-3131-45b9-bc36-3d86813bebcf,0.37254901960784315,Male,0.6,Fiber optic,No,Yes,0.323928389652349,0.34368980453735015,No,No,True,True,False,True,False,False,False,False,True,False
13dc05e0-1b6d-49c3-b7b0-86101076ee2c,0.2941176470588236,Male,0.22857142857142856,Unknown,No,No,0.6711367810750404,0.19940866066009327,No,Yes,False,True,False,True,False,False,False,False,True,False
75bc5252-bfea-4874-8808-005aafdb5c0c,0.05882352941176472,Male,0.44285714285714284,Unknown,Yes,Yes,0.8960809046449358,0.5093364718916207,No,No,False,False,False,True,False,False,False,False,False,True
cbe7dff8-423d-4579-9a71-fd9381bff1e2,0.09803921568627455,Female,0.5714285714285715,Fiber optic,Yes,Yes,0.6322998959923876,0.5075676590975616,Yes,Yes,True,False,False,True,False,False,False,True,False,False
1412038e-4f3e-4463-a7c4-6c35123182ee,0.4117647058823529,Female,0.07142857142857142,Fiber optic,No,Yes,0.3966230719865454,0.022445447146556337,Yes,Yes,False,False,False,False,True,False,True,False,False,False
9b9c636c-46b9-4bd6-bced-f2f0f906ac74,0.4901960784313726,Male,0.3714285714285714,Unknown,No,No,0.9574896545619511,0.9999999999999999,Yes,No,False,False,False,False,False,True,False,True,False,False
738d7fac-80c7-4fbe-b4b5-4e96e96c8091,0.03921568627450983,Male,0.2714285714285714,Fiber optic,No,Yes,0.8638828033370953,0.298262964787291,No,Yes,True,True,False,False,True,False,False,False,True,False
c7993cca-ef28-450f-9087-f8e8c3ab8d4f,0.7843137254901961,Female,0.34285714285714286,Fiber optic,Yes,Yes,0.91610790236562,0.399504603893573,No,No,False,True,False,False,False,True,False,False,False,True
5095d08e-6356-49d5-8773-4bad50667465,0.8039215686274509,Female,0.9285714285714286,DSL,No,Yes,0.9391223527849699,0.9999999999999999,No,Yes,True,False,False,False,True,False,False,False,True,False
0b816ecf-b1f7-48c5-a027-2c0dbe5486b5,0.2549019607843137,Female,0.11428571428571427,Fiber optic,Yes,Yes,0.3754896103033925,0.05174412010319198,No,Yes,False,False,False,False,True,False,False,False,True,False
efbc3880-dfb6-4faf-9d02-b506caa69946,0.1960784313725491,Female,0.7428571428571429,Fiber optic,Yes,Yes,0.8908805240213327,0.8684841900909852,No,Yes,True,True,False,True,False,False,True,False,False,False
6336e2e4-9b5e-4aab-9ede-8d81ea9032a6,0.33333333333333337,Male,0.8571428571428572,Unknown,No,Yes,0.5707804996791255,0.720594732375893,No,No,False,False,False,False,False,True,False,False,True,False
28a4a0fb-6096-4883-9dc9-7f4b53881dc9,0.21568627450980393,Female,0.5285714285714286,Fiber optic,Yes,Yes,0.0,0.1088939634483913,Yes,Yes,True,False,False,True,False,False,False,False,True,False
fca44c5e-3b2d-44f2-b5ba-ebea0d545391,0.43137254901960786,Female,0.028571428571428574,DSL,No,No,0.6432538892208282,0.006264264165844913,No,Yes,False,False,True,True,False,False,True,False,False,False
7432e49c-50be-42b3-a21e-79d20c449031,0.21568627450980393,Male,0.9857142857142858,Fiber optic,Yes,Yes,0.46046604262099194,0.7195536872436947,No,No,True,True,False,True,False,False,False,True,False,False
08041b93-98fc-46cc-bfae-4802f042d2ba,0.23529411764705888,Female,0.7714285714285715,Unknown,No,No,0.24426298435459964,0.38845635177300586,Yes,Yes,False,False,False,False,False,True,False,False,True,False
48c5e32f-231e-42c0-be39-c05574d15323,0.47058823529411764,Female,0.0,Fiber optic,Yes,Yes,1.0000000000000002,0.0,No,Yes,True,True,True,False,False,True,True,False,False,False
1ca916a5-2a7d-4408-92c5-5929c9f62821,0.8627450980392156,Male,0.9857142857142858,DSL,Yes,Yes,0.0007302662152294248,0.25254694583384335,Yes,No,True,True,False,False,True,False,False,True,False,False
2ec9632b-ce79-4e2e-b881-40666115b55b,0.9803921568627451,Male,0.6285714285714286,DSL,No,Yes,0.9863683639823853,0.793323302028078,Yes,No,True,False,False,False,True,False,False,True,False,False
454b523b-7d63-47ff-9914-189b1512041b,0.3529411764705882,Male,0.6571428571428571,Fiber optic,Yes,Yes,0.11602381110447235,0.9999999999999999,No,Yes,True,False,False,True,False,False,True,False,False,False
39447955-58be-4297-91d7-ba7f7e5a157c,0.8823529411764707,Female,0.35714285714285715,Fiber optic,Yes,Yes,0.3569010157339176,0.20603407751994773,Yes,No,False,False,False,False,False,True,True,False,False,False
886968cd-dccf-4b64-b00c-6e758a4dbf82,0.6862745098039217,Female,0.1857142857142857,Fiber optic,No,Yes,0.401380867025161,0.10316982177243075,Yes,Yes,False,True,False,False,True,False,False,False,False,True
d8aec55f-a134-49c2-9b53-55fb070034e7,0.8627450980392156,Male,0.7571428571428571,DSL,Yes,No,0.7485892584478524,0.773011676092302,No,Yes,False,False,False,False,False,True,True,False,False,False
e8fe71e8-88b6-4e48-bb90-bb82114d6bdb,0.13725490196078433,Male,1.0,Unknown,No,No,0.17831773219146257,0.4401037574981757,Yes,No,False,True,False,True,False,False,True,False,False,False
aa8531c4-6cba-42ef-888d-7627c2c698dd,0.5490196078431373,Female,0.6428571428571429,DSL,Yes,No,1.0000000000000002,0.8409189858035502,Yes,No,True,False,False,True,False,False,True,False,False,False
1eb6428c-56fe-4bab-8959-2e202e15e79f,0.607843137254902,Male,0.42857142857142855,DSL,Yes,Yes,0.76850560977229,0.439024155138859,No,Yes,True,True,False,False,False,True,True,False,False,False
6f939f67-8112-41af-a2f2-0b34e6d50a09,0.9803921568627451,Male,0.8285714285714286,Fiber optic,No,No,0.8138706322335083,0.9045833939806385,Yes,Yes,False,True,False,True,False,False,False,False,False,True
60208e46-91df-4886-a932-b4cc40867881,0.8431372549019608,Male,0.39999999999999997,Fiber optic,Yes,Yes,0.05749186748987589,0.10638774368569176,Yes,Yes,False,True,False,False,False,True,False,False,True,False
1a5eebe2-71cf-4910-8b50-e2cd907a0a0d,0.33333333333333337,Female,0.22857142857142856,DSL,Yes,No,0.4667728872070636,0.14820787614904551,Yes,Yes,False,True,False,True,False,False,False,False,False,True
fac44c2d-1c80-40d4-8a66-0f36af4dd1e7,0.09803921568627455,Female,0.1857142857142857,DSL,Yes,Yes,0.9860364247936446,0.22343463280828027,Yes,No,True,False,False,False,False,True,False,False,True,False
6939deec-f498-473b-a74c-79b1960a229b,0.5030496196232563,Female,0.49999999999999994,DSL,No,Yes,0.23862001814600903,0.23599143643985696,Yes,No,True,False,False,True,False,False,False,False,True,False
8017f460-046c-4193-99ed-675cb5e1f2db,0.3529411764705882,Female,0.8142857142857143,Fiber optic,Yes,No,0.10064396202615683,0.285212949958824,No,Yes,True,True,False,False,True,False,False,False,True,False
672149f9-0898-4c88-bf8f-d3b7308bc809,0.4117647058823529,Female,0.32857142857142857,Fiber optic,Yes,No,0.4768417092655293,0.2320794844384638,Yes,No,True,False,False,True,False,False,False,False,True,False
2d96b069-1f6a-42f7-a972-183b0d890d96,0.7058823529411765,Female,0.8857142857142858,Fiber optic,Yes,Yes,0.9692181725641198,0.9999999999999999,Yes,No,False,False,False,False,True,False,False,True,False,False
b345e54f-ae58-42a5-be09-a52dfde0f2a5,0.607843137254902,Male,0.34285714285714286,Fiber optic,Yes,Yes,0.4783907588129856,0.2384462465663986,No,Yes,True,False,False,True,False,False,False,False,False,True
df88f0f2-ea1d-4bb9-84f0-d5076f36c1ad,0.7843137254901961,Female,0.8285714285714286,Fiber optic,Yes,Yes,0.3876607138905486,0.5370591181897896,No,No,False,True,False,False,False,True,False,False,True,False
ddce4276-7f88-4817-a369-e107a03daedd,0.03921568627450983,Female,0.44285714285714284,DSL,Yes,No,0.6592976166766249,0.4025586575915806,Yes,No,False,False,False,False,True,False,False,False,False,True
a899f67b-712f-4c02-ba42-d46901efd973,0.5294117647058824,Male,0.24285714285714283,Unknown,Yes,Yes,0.9764101883201666,0.2939365225943744,No,Yes,False,True,False,True,False,False,False,False,True,False
26fcedf2-9fc8-4cf1-a97d-5e2e04b8a9d7,0.17647058823529416,Female,0.5142857142857143,Unknown,Yes,No,0.0,0.11615236145344038,No,No,False,False,False,False,False,True,False,False,False,True
37ef3fd6-aa78-48ce-a9ae-7bedc5fad994,0.9803921568627451,Female,0.35714285714285715,DSL,Yes,Yes,0.1094956737259068,0.11143231423368957,No,No,True,False,False,True,False,False,False,False,False,True
8f632493-d6fc-4c70-a0a1-6782e4a7fdce,0.6666666666666666,Male,0.11428571428571427,DSL,Yes,Yes,0.08670251609905072,0.013548366988972951,No,Yes,False,True,False,True,False,False,False,True,False,False
7e9e0c63-f2b5-4c52-8769-0d540df0e3dc,0.5490196078431373,Male,0.9,DSL,Yes,No,0.0341454778817854,0.2602053750702464,Yes,Yes,True,False,False,True,False,False,False,False,True,False
aac51424-548e-47dd-b20f-5c292dcaa493,0.5030496196232563,Male,0.2714285714285714,DSL,No,Yes,0.2740268649450088,0.12532094875198288,Yes,No,False,True,False,False,False,True,True,False,False,False
26ae5dbe-5b27-4b71-9425-201073e97971,0.6274509803921569,Female,0.7571428571428571,Fiber optic,Yes,Yes,0.19347628847728432,0.9999999999999999,Yes,No,True,True,False,True,False,False,False,True,False,False
a463e52e-a766-44a9-98e2-f8ecfd67027e,0.11764705882352944,Male,0.41428571428571426,Fiber optic,Yes,Yes,0.5468808780898007,0.32295404910327136,No,No,False,True,False,True,False,False,False,True,False,False
37dc08be-8e13-47ca-b406-0c63615d52fb,0.21568627450980393,Female,0.7428571428571429,Fiber optic,Yes,No,0.301909756799221,0.41685696264800753,No,Yes,True,False,False,False,False,True,False,False,True,False
19799830-39ad-4cda-b4a5-664b57fb2a15,0.9411764705882354,Female,0.8857142857142858,Fiber optic,Yes,No,0.3881032994755362,0.5791877084700909,Yes,No,True,False,False,False,False,True,False,False,False,True
4df0f712-0810-42fc-90d8-9a9b5af22fac,0.5686274509803921,Female,0.14285714285714285,Fiber optic,No,No,0.9819425081325102,0.16575302103907227,Yes,Yes,False,True,True,True,False,False,False,False,True,False
980cf78c-413e-41ca-af79-82e7f957c7fa,0.3921568627450981,Female,0.42857142857142855,Fiber optic,No,No,0.11204054083958487,0.1435328123609329,No,Yes,False,True,False,False,True,False,False,False,False,True
d10bf5f1-f6cb-4b11-93b3-d8405fd95797,0.5882352941176471,Male,0.6857142857142857,DSL,Yes,No,0.36962535130230817,0.4304323196959634,Yes,Yes,False,True,False,False,False,True,False,False,True,False
d6ff778a-5f25-4a97-a4de-f1539ce55eef,0.4509803921568628,Male,0.2571428571428571,Fiber optic,Yes,Yes,0.22423598663391536,0.10250631615576733,Yes,No,False,False,False,True,False,False,False,True,False,False
af88476a-5771-45d8-a413-29280309cd3a,0.37254901960784315,Female,0.15714285714285714,Fiber optic,Yes,Yes,0.5474341100710352,0.10852124358624624,No,Yes,False,False,False,False,False,True,False,False,True,False
d28fffc1-40fb-4dc3-872a-a40d29c5f265,0.7058823529411765,Male,0.19999999999999998,DSL,Yes,No,0.7544535174489369,0.1928442927431764,Yes,Yes,True,False,False,True,False,False,False,False,False,True
253b110a-2861-4ce1-a1a0-9b3f05c839e4,0.05882352941176472,Female,0.42857142857142855,DSL,No,No,0.8437451592201644,0.471654815138981,Yes,Yes,False,False,False,False,True,False,False,False,False,True
98505bf2-0797-449f-9e70-f27ed171729d,0.5294117647058824,Female,0.6,Unknown,Yes,Yes,0.5099249817433447,0.45989164776559255,Yes,Yes,False,False,False,True,False,False,False,True,False,False
8e42877b-de23-41e5-9ee7-011e1f56e1ce,0.8431372549019608,Female,0.5142857142857143,Fiber optic,Yes,Yes,0.8856801433977295,0.5922200512361285,No,Yes,False,True,False,False,True,False,True,False,False,False
999922d5-5a3c-46af-9e91-20b639225516,0.37254901960784315,Male,0.39999999999999997,DSL,Yes,Yes,0.8084489588174115,0.4254391587841235,Yes,No,False,True,False,True,False,False,False,False,True,False
07247101-b1dc-4a4e-8da8-2a1202faac74,0.4509803921568628,Female,0.35714285714285715,Fiber optic,No,Yes,0.11347894399079428,0.1149940380887568,No,No,False,False,False,False,True,False,False,False,True,False
e5e36d3f-3c6d-47b9-981b-646093b39c04,0.9607843137254902,Female,0.014285714285714285,Fiber optic,Yes,Yes,0.21129035827303105,0.0,Yes,No,False,False,False,True,False,False,False,False,True,False
8d3e9e42-7828-477a-ab1e-982989391804,0.9411764705882354,Male,0.19999999999999998,Fiber optic,No,No,0.6829759454734561,0.1717374239980824,No,Yes,False,False,False,True,False,False,True,False,False,False
cac3eddd-1142-44c2-bbf6-ecad7a8adfa3,0.9803921568627451,Male,0.04285714285714286,DSL,Yes,Yes,1.0000000000000002,0.041573044899569665,Yes,Yes,False,True,True,True,False,False,True,False,False,False
68ed6947-8f7e-42bc-97ea-d3e0e6c5666c,0.607843137254902,Male,0.7000000000000001,Unknown,Yes,No,0.35590519816769567,0.42898803023015125,Yes,No,False,True,False,False,False,True,True,False,False,False
05e2c2b5-66db-4e3a-a0f0-dc194993be7f,0.7843137254901961,Male,0.5285714285714286,Fiber optic,No,No,0.19402952045851868,0.22544603482295963,No,Yes,False,False,False,True,False,False,False,False,True,False
a13317f0-67cf-4d13-9646-7d18af981b3b,0.6862745098039217,Female,0.3142857142857143,DSL,Yes,No,0.9013919316647858,0.3582066005474483,Yes,No,True,False,False,True,False,False,True,False,False,False
2119e002-ab4c-4c5d-8ba1-3aaa5dd5c594,0.6470588235294118,Male,0.8285714285714286,Fiber optic,Yes,Yes,0.1606143087919627,0.34464891556192173,No,No,True,False,False,True,False,False,True,False,False,False
4ce45f38-1f8b-48e0-bf51-d5e9fb39d5e9,0.6862745098039217,Female,0.3857142857142857,Fiber optic,Yes,Yes,0.7114120693089026,0.36904278791886397,Yes,No,True,True,False,False,True,False,False,True,False,False
f0c79526-81ea-4f17-bc7f-f8e8622827ba,0.019607843137254943,Male,0.9285714285714286,DSL,Yes,Yes,0.0,0.21020468425326055,Yes,Yes,False,False,False,True,False,False,False,False,False,True
66f1ab16-826f-429f-9d9d-f1a6e210699f,0.27450980392156865,Male,0.09999999999999999,DSL,Yes,Yes,0.0,0.0,No,Yes,True,False,False,False,True,False,False,False,True,False
ada94212-f11b-4e42-b328-86e37e284cd6,0.6470588235294118,Male,0.39999999999999997,DSL,No,Yes,0.43944322733408575,0.2691345862504285,No,Yes,False,True,False,True,False,False,False,False,True,False
6e3fe00c-0e1f-455a-976b-529a990aab72,0.6862745098039217,Male,0.14285714285714285,Unknown,Yes,No,0.6661576932439313,0.11749865130032641,Yes,No,False,True,True,True,False,False,False,False,True,False
7bd6bf97-6911-4a37-88db-135fd97f69d3,0.09803921568627455,Male,0.24285714285714283,DSL,No,Yes,0.09732457013875062,0.06312653485878575,No,No,False,False,False,True,False,False,True,False,False,False
3086eefa-2239-4637-94de-43d90a8f7cb3,0.7450980392156864,Male,0.7714285714285715,Fiber optic,Yes,No,0.7849919228130742,0.8165186872420881,Yes,No,True,False,False,False,False,True,True,False,False,False
d5f0be8c-7402-4805-b394-45df32c78907,0.8039215686274509,Female,0.7000000000000001,Unknown,Yes,No,0.08216601385292882,0.22767432124018036,Yes,Yes,True,False,False,True,False,False,False,False,True,False
b2ad9bb0-6488-42e4-bcb5-a002cb66d873,0.9803921568627451,Male,0.1857142857142857,DSL,Yes,No,0.5302839186527695,0.1321985941392372,Yes,No,False,False,False,True,False,False,False,False,True,False
abeaa998-efac-4018-a7a9-30fdd60ceddd,0.9803921568627451,Male,0.11428571428571427,Unknown,No,No,0.2808869415123149,0.03882584246737978,Yes,No,False,True,False,True,False,False,False,False,True,False
52290c89-3247-4ded-997e-2c8b7f8652b4,0.21568627450980393,Male,0.14285714285714285,Unknown,No,Yes,0.7721569408484368,0.13226767583782442,Yes,Yes,False,True,True,False,True,False,False,True,False,False
bdcef7d1-ee73-47d8-93d4-b1e885ffcd4a,0.03921568627450983,Male,0.8857142857142858,Unknown,No,No,0.8294717741043176,0.979469561800327,No,Yes,False,False,False,True,False,False,False,False,True,False
41270c74-547b-4d76-8ec5-e1c55547d0d1,0.8627450980392156,Female,0.9428571428571428,DSL,Yes,Yes,0.012901369802385543,0.24944148249967787,Yes,No,False,False,False,False,False,True,False,False,True,False
90cfdbde-ae04-43a1-85bf-f0c34abe0822,0.33333333333333337,Male,0.7428571428571429,Fiber optic,Yes,No,0.15286906105468145,0.30224881814066124,Yes,Yes,True,False,False,True,False,False,False,False,True,False
ea100e68-ea6e-4a59-849f-70f43efc9329,0.7647058823529412,Male,0.5428571428571429,Fiber optic,Yes,Yes,0.9273938347828012,0.6493441897632488,No,Yes,False,True,False,True,False,False,False,False,False,True
2347b671-3bdb-4af4-8905-0d5b49fb2bc3,0.3921568627450981,Male,0.7857142857142857,Unknown,No,Yes,0.399610524685211,0.5182431913559837,Yes,Yes,False,True,False,True,False,False,True,False,False,False
6802af5c-4bb0-4eff-9c4e-e43607437adc,0.27450980392156865,Male,0.3857142857142857,DSL,Yes,Yes,0.4672154727920513,0.2691104879834795,Yes,No,True,True,False,False,True,False,False,True,False,False
f570c172-12c1-4513-988c-6354be39bd79,0.5030496196232563,Female,0.5428571428571429,Fiber optic,Yes,Yes,0.1256500475779504,0.19460989243497565,Yes,Yes,False,True,False,False,True,False,False,False,True,False
9ab856cb-697b-48fc-b55d-5f797e2ac23c,0.6666666666666666,Male,0.34285714285714286,Fiber optic,Yes,Yes,1.0000000000000002,0.44479488679758766,Yes,Yes,False,False,False,True,False,False,True,False,False,False
94f70fb7-4b70-4bde-aa03-8b3067cdaf27,0.4901960784313726,Female,0.2857142857142857,DSL,Yes,Yes,0.9610303392418509,0.3439789837407386,Yes,No,True,False,False,False,False,True,False,False,True,False
c03adcde-5119-4b06-8504-3090952ce639,0.13725490196078433,Male,0.12857142857142856,Fiber optic,Yes,No,0.0,0.0,Yes,No,False,True,False,True,False,False,False,True,False,False
e815d2f8-d4ae-40a7-b689-4117835584fb,0.6862745098039217,Female,0.6,Fiber optic,No,Yes,0.5490938060147381,0.4816170386957118,No,No,False,False,False,False,True,False,False,False,True,False
6d9fa824-2044-4ab8-b8cd-84e4f601988f,0.9215686274509803,Female,0.19999999999999998,Fiber optic,Yes,Yes,0.9049326163446858,0.22488856158087198,No,Yes,False,False,False,True,False,False,False,False,True,False
47e64557-6da0-43d5-b549-180dc16ae8f2,0.5686274509803921,Male,0.6714285714285715,Fiber optic,No,Yes,0.4160968377259953,0.4503680126673343,No,No,True,True,False,True,False,False,False,False,False,True
da359334-3105-4b28-942d-09959e70d9d1,0.5030496196232563,Male,0.2857142857142857,Unknown,No,Yes,0.42306756068954837,0.17883195378787806,No,No,True,False,False,False,False,True,False,False,True,False
573b1374-f30e-4798-b073-02f4d7f1eb11,0.8039215686274509,Female,0.8428571428571429,Fiber optic,Yes,Yes,0.35944588284759565,0.5223238312260202,Yes,No,True,True,False,False,False,True,False,False,True,False
17d16189-c14f-4b7c-b192-787cbacf59f8,0.8431372549019608,Female,0.7000000000000001,Fiber optic,Yes,No,0.0,0.14714915895441796,Yes,Yes,True,False,False,True,False,False,True,False,False,False
90143803-bf79-40ba-8179-88b09cd850d4,0.2549019607843137,Male,0.3142857142857143,Fiber optic,Yes,Yes,0.8142025714222489,0.33140290149560264,No,Yes,True,True,False,True,False,False,True,False,False,False
d096960e-6fa7-40ac-b16e-b2fc6251ae41,0.2549019607843137,Female,0.17142857142857143,Fiber optic,No,Yes,0.4451968399389233,0.10366142641819104,Yes,Yes,False,True,False,True,False,False,False,False,False,True
804e2119-9a5d-46b0-bc11-d788ec563053,0.019607843137254943,Female,0.9714285714285714,Fiber optic,Yes,Yes,0.5274071123503508,0.7743274414677193,Yes,No,False,False,False,False,True,False,True,False,False,False
bcc833a5-1d40-4ac7-afdf-3036602d47f8,0.7058823529411765,Female,0.04285714285714286,Unknown,Yes,Yes,0.2226869370864591,0.0,No,No,False,True,False,True,False,False,False,False,False,True
7ebda346-4e40-4b47-a9a6-173bb1f2ab34,0.07843137254901966,Male,0.11428571428571427,Fiber optic,Yes,Yes,0.8073424948549426,0.10569050049529971,Yes,Yes,False,True,True,False,False,True,True,False,False,False
c0854eb5-28ce-4c6d-bdcc-69cdec865b8e,0.7254901960784313,Female,0.4857142857142857,Fiber optic,Yes,No,0.8179645488946428,0.5230805168082198,No,Yes,True,True,False,True,False,False,False,False,False,True
1b4d78e4-5993-41c7-9220-93ba3c457bb2,0.8627450980392156,Female,0.2857142857142857,DSL,Yes,Yes,0.5515280267321694,0.2170823296405149,Yes,Yes,False,False,False,True,False,False,True,False,False,False
b18b35b4-3a7b-42b1-8891-ff28abb62f72,0.7843137254901961,Female,0.8142857142857143,DSL,Yes,Yes,0.9406714023324261,0.9933533766652302,No,Yes,False,False,False,True,False,False,False,False,True,False
0056ee11-2f98-4130-a660-bdd796133f38,0.9019607843137255,Male,0.24285714285714283,Fiber optic,No,No,0.06800327513332893,0.055514695605150856,No,No,False,True,False,True,False,False,False,False,True,False
332dde21-734f-4bc4-9431-5fa512675c24,0.2549019607843137,Male,0.6,DSL,No,Yes,0.8101086547611145,0.6465857414731494,Yes,No,True,True,False,True,False,False,False,False,False,True
1eca7c7c-245e-4e09-9663-f73a58bbe0bb,0.7450980392156864,Female,0.07142857142857142,DSL,Yes,No,0.5578348713182413,0.03583605081456962,No,Yes,False,False,True,True,False,False,False,False,False,True
4012ce5e-123c-4f9b-bcda-6a95b62af74e,0.47058823529411764,Male,0.9428571428571428,Fiber optic,Yes,Yes,0.19535727721348123,0.4299053709253445,No,Yes,True,True,False,False,True,False,True,False,False,False
d365859c-9b8f-4c52-aea8-71e1bd73f4aa,0.37254901960784315,Female,0.15714285714285714,DSL,No,Yes,0.08614928411781625,0.031781115762612146,No,Yes,False,False,False,True,False,False,False,False,True,False
50a77d90-d102-46a8-a671-da0352d678f9,0.019607843137254943,Male,0.15714285714285714,DSL,Yes,No,0.27280975458629314,0.0639314169748835,Yes,No,False,True,False,False,True,False,False,False,True,False
3228dab8-d3b6-4321-b5c4-c21d6d922ea8,0.7450980392156864,Male,0.9285714285714286,Fiber optic,No,Yes,0.8872291929451859,0.9999999999999999,Yes,Yes,True,False,False,True,False,False,False,False,True,False
22ddfb10-a97f-4da8-bf93-f44c2d0f0f14,0.09803921568627455,Female,0.014285714285714285,Fiber optic,Yes,No,0.8112151187235834,0.0,Yes,No,True,False,True,False,False,True,False,False,True,False
68d04347-6f05-4c79-b679-5e05a3fce86b,0.3137254901960784,Male,0.19999999999999998,Unknown,Yes,Yes,0.6535440040717875,0.16958785858622857,Yes,No,False,True,False,False,False,True,True,False,False,False
7d062751-ade1-43b1-a86e-68f08426e9fc,0.47058823529411764,Male,0.3142857142857143,Fiber optic,Yes,No,0.03967779769412916,0.07224692562343019,No,No,False,False,False,False,False,True,False,False,False,True
44995c4a-9e2f-4ce9-b956-bd81a0d16ea7,0.5294117647058824,Male,0.39999999999999997,Fiber optic,Yes,No,0.9962158932483571,0.5033552820348705,Yes,No,False,False,False,False,True,False,True,False,False,False
f26f8ebb-a86a-4157-b2e9-b5048a55c2ef,0.019607843137254943,Female,0.0857142857142857,Unknown,No,No,0.27767819602115557,0.022983641775084766,Yes,No,True,True,False,True,False,False,False,False,False,True
92913d29-633e-4fe0-a600-1b03e7a63d13,0.6666666666666666,Male,0.3857142857142857,Fiber optic,Yes,No,0.6113877271017283,0.32948467944645954,Yes,Yes,True,True,False,False,True,False,False,False,True,False
ebe8e223-f7af-41a0-a5fd-3a939c0c3860,0.7058823529411765,Male,0.1857142857142857,DSL,Yes,No,0.8283653101418489,0.18935968334234607,No,No,True,True,False,False,False,True,False,True,False,False
734c7cff-2b84-4de2-9ee2-6c0d4ededb53,0.07843137254901966,Female,0.6142857142857143,DSL,Yes,Yes,0.08681316249529752,0.20157268503211656,No,No,False,False,False,True,False,False,True,False,False,False
e8767d09-9d82-40fc-a863-dfd2ea3f264c,0.0,Male,0.41428571428571426,Fiber optic,No,Yes,0.6613998982053155,0.3784571775402867,No,Yes,True,True,False,True,False,False,False,True,False,False
9c628668-932d-40b9-84bb-f0af9c8f7fe7,0.7647058823529412,Male,0.44285714285714284,Fiber optic,Yes,Yes,0.0,0.08589136436997327,No,Yes,True,False,False,True,False,False,False,False,False,True
acb42b3a-e7dc-41d4-bb46-cffb6dbfe637,0.21568627450980393,Male,0.9857142857142858,Fiber optic,No,Yes,0.052402133262519635,0.3069174557242541,No,Yes,False,False,False,True,False,False,False,True,False,False
0cbdd928-0cfd-4cef-9575-9276456ff81e,0.6862745098039217,Male,0.07142857142857142,Fiber optic,Yes,No,0.7398481931443495,0.8133409291070756,No,Yes,False,False,True,True,False,False,False,True,False,False
db89df66-f0c8-4496-84d2-4cb7c8a6142f,0.8627450980392156,Male,0.3714285714285714,Fiber optic,Yes,Yes,0.11137666246210359,0.12003860863675461,Yes,Yes,False,False,False,True,False,False,False,True,False,False
4cebd517-9fd6-4115-98e8-4f9dc2b56d9b,0.43137254901960786,Female,0.32857142857142857,Unknown,No,Yes,0.43048086923808887,0.21358968748403487,Yes,No,False,False,False,True,False,False,True,False,False,False
2b9ab153-703c-46bb-adb5-93d9c31b9bf1,0.9019607843137255,Female,0.4714285714285714,Fiber optic,Yes,No,0.2144991037641904,0.2115734658159657,No,No,False,False,False,False,False,True,True,False,False,False
3edac706-5b54-4f8b-919f-bd0cb17fe3a7,0.5882352941176471,Male,0.5571428571428572,DSL,Yes,Yes,0.405806722875036,0.3624366496725688,Yes,No,True,False,False,True,False,False,False,False,False,True
46e109ae-f1ec-4194-b7de-602cf01ef0fa,0.1960784313725491,Male,0.6571428571428571,Unknown,Yes,Yes,0.025183119785788577,0.17354479401925996,No,No,False,True,False,False,False,True,False,False,True,False
be663d43-1118-46cd-b129-59f6677b5e00,0.17647058823529416,Male,0.32857142857142857,DSL,Yes,Yes,0.7750337471508553,0.3346802658006713,Yes,No,False,True,False,True,False,False,False,False,True,False
45bc3470-eb96-4b16-9833-5a831911df84,0.03921568627450983,Female,0.9142857142857143,Fiber optic,Yes,Yes,0.027174754918232347,0.2546949046945673,No,No,False,True,False,True,False,False,False,True,False,False
1eca8d8e-b36d-4dec-aeb7-9053582bef65,0.2549019607843137,Female,0.24285714285714283,Unknown,Yes,No,0.8668702560357611,0.2655776820487511,Yes,Yes,False,False,False,True,False,False,False,False,True,False
ee97d0f5-1cff-4cbc-b445-4cc6970ae761,0.2941176470588236,Male,0.6142857142857143,Fiber optic,Yes,Yes,0.6729071234149904,0.5747793321695476,Yes,No,False,True,False,True,False,False,False,False,False,True
4f7c5f46-9384-4f12-9182-8b8bf08a91f5,0.17647058823529416,Male,0.8,Fiber optic,Yes,Yes,0.40071698864767974,0.5293765906864374,No,Yes,False,True,False,True,False,False,False,False,True,False
68739bb0-b220-44ac-b1de-47a821ebccf4,0.5490196078431373,Female,0.3857142857142857,Fiber optic,Yes,No,0.8985151253623671,0.4457186536973006,Yes,No,False,False,False,True,False,False,False,False,True,False
dfe25d5e-c8df-4bd0-a8c2-0310e45dd7f6,0.17647058823529416,Male,1.0,Fiber optic,Yes,Yes,0.14567704529863462,0.40366235821784635,No,No,False,False,False,True,False,False,False,True,False,False
4b3fead7-99d5-4c7f-a566-604713777e8a,0.21568627450980393,Female,0.3142857142857143,Fiber optic,No,No,0.23253446635243097,0.1354695322397861,No,No,False,False,False,False,True,False,False,True,False,False
3dce7985-d30f-4ef0-a6c8-44955ce1a1c9,0.5686274509803921,Female,0.4714285714285714,Fiber optic,No,No,0.09146031113766628,0.1489597420778554,No,Yes,True,False,False,True,False,False,False,False,False,True
3dbfe692-fb3a-4d7b-8f5e-a09d963de1a0,0.7843137254901961,Male,0.14285714285714285,Fiber optic,Yes,Yes,0.36199074996127373,0.06590104866018454,No,Yes,False,True,False,True,False,False,False,False,True,False
efd0a1d4-d6a9-4214-95bd-89e1872e2100,0.0,Female,0.4857142857142857,Fiber optic,Yes,Yes,1.0000000000000002,0.6343004449825319,Yes,Yes,False,False,False,False,True,False,False,False,False,True
3acd00fc-1002-4aac-9d7c-6969d7f25780,0.07843137254901966,Male,0.5857142857142857,DSL,No,Yes,0.1179047998406692,0.20735144944649492,No,Yes,True,False,False,True,False,False,False,False,False,True
afc40449-b9c7-4423-8981-9aef7c03b3ab,0.37254901960784315,Male,0.3857142857142857,Fiber optic,Yes,No,0.8592356546947266,0.430091730856417,Yes,Yes,True,False,False,True,False,False,False,False,True,False
6d30b6d1-89de-43a9-bfc8-3c9cca078ce7,0.13725490196078433,Male,0.32857142857142857,Fiber optic,Yes,Yes,0.6610679590165749,0.2921114805107675,Yes,Yes,False,False,False,True,False,False,False,False,True,False
818fb5f4-e0a5-4e07-977b-39ece074c48e,0.823529411764706,Male,0.09999999999999999,Fiber optic,No,Yes,0.0,0.0,No,No,True,True,False,True,False,False,False,False,False,True
e6f82184-fd79-4dfc-8a7d-82741857b4ea,0.21568627450980393,Male,0.7428571428571429,Fiber optic,Yes,No,0.9852619000199163,0.9373152667019464,No,Yes,False,True,False,True,False,False,False,False,True,False
4f3a5ce7-8a5c-4a6b-b17f-7472ad4ffb1b,0.0,Male,0.04285714285714286,Fiber optic,Yes,Yes,1.0000000000000002,0.042570713151259675,Yes,No,True,False,True,True,False,False,True,False,False,False
95ee7773-0acc-4b5d-9246-afa53d78d1c2,0.37254901960784315,Female,0.05714285714285714,Fiber optic,No,Yes,0.9631326207705415,0.05723370531418195,Yes,Yes,False,True,True,True,False,False,False,False,True,False
06fe684b-ad94-4d38-b505-7a701abaa129,0.5294117647058824,Female,0.6857142857142857,Fiber optic,Yes,No,0.4948770718537698,0.5165466733627717,No,Yes,False,True,False,False,True,False,False,False,False,True
c5f066d9-1879-4bf8-960e-8f9ca81934d5,0.823529411764706,Female,0.41428571428571426,Unknown,Yes,Yes,0.1836287592113125,0.16634101875262872,Yes,No,False,False,False,True,False,False,False,False,True,False
1df595ba-be07-4dee-a69a-4dcf46cfac6d,0.7058823529411765,Female,0.8857142857142858,DSL,Yes,No,0.3727234503972206,0.5642564222684694,No,No,True,True,False,True,False,False,False,True,False,False
facd1b82-332f-4731-83e7-f140dd0e08c8,0.5030496196232563,Male,0.6571428571428571,Unknown,Yes,No,0.6193542676315034,0.5773835515511733,No,Yes,True,False,False,False,False,True,False,False,False,True
da598397-f64b-492a-9bb5-7af2b35d8efe,0.7058823529411765,Female,0.35714285714285715,DSL,No,Yes,0.3588926508663613,0.2068726972097741,Yes,No,True,True,False,False,True,False,False,False,True,False
5afed9c4-9aaa-43ee-a87d-8ed50651fb20,0.21568627450980393,Female,0.8,DSL,Yes,No,0.7233618801035651,0.7954214578037738,Yes,No,False,True,False,True,False,False,False,False,True,False
efbb687d-79d0-4dc5-b6e3-12c182b45909,0.7058823529411765,Female,0.5142857142857143,Unknown,Yes,Yes,0.8200668304233332,0.5564501903281123,Yes,No,True,False,False,False,False,True,False,True,False,False
223531f0-8331-4c99-83f0-53a49727244a,0.9411764705882354,Male,0.0857142857142857,DSL,No,No,0.17145765562415632,0.010055724832492938,No,No,False,True,False,True,False,False,True,False,False,False
ecd7e992-88ee-4ae9-84f7-5cba127624f3,0.9411764705882354,Female,0.5571428571428572,Fiber optic,Yes,Yes,0.38777136028679554,0.35248888507600745,No,No,False,False,False,True,False,False,True,False,False,False
a9178278-5f6d-44bb-b169-6771b78fdd11,0.8431372549019608,Male,0.5428571428571429,Unknown,Yes,Yes,0.9994246387395163,0.693151625974333,No,No,True,False,False,False,False,True,False,False,True,False
6ede9e36-1af2-4396-8136-371e1a279dd3,0.5294117647058824,Female,0.8714285714285714,Unknown,Yes,Yes,0.21615879970789353,0.4143330708228787,Yes,No,True,False,False,False,False,True,True,False,False,False
4de7c0db-edd8-4f57-b933-4a413fc95f39,0.9019607843137255,Male,0.7428571428571429,Unknown,Yes,Yes,0.3230432184823741,0.4279164606264842,No,No,True,True,False,True,False,False,True,False,False,False
497d0136-6919-42a9-b9de-f818ff8fb846,0.27450980392156865,Male,0.04285714285714286,DSL,Yes,No,0.0,0.0,Yes,No,False,False,False,False,True,False,False,False,False,True
b22659df-0414-4b7b-bda4-ead428f59604,0.09803921568627455,Female,0.34285714285714286,Fiber optic,No,No,0.3075527230078117,0.18025857119126085,No,No,True,True,False,False,True,False,False,True,False,False
a819bcab-4c47-4dc5-a173-7880666ac513,0.8431372549019608,Male,0.0857142857142857,DSL,No,No,0.35015158556285825,0.030809152329001104,Yes,Yes,True,False,False,True,False,False,False,False,True,False
f46ea2db-7ce5-4476-8910-831e05a78dd8,0.37254901960784315,Male,0.3857142857142857,Fiber optic,Yes,Yes,0.0501892053375822,0.09768505621483059,No,Yes,True,True,False,True,False,False,False,False,True,False
78f5412e-7ef4-4789-9573-680c3b315949,0.9607843137254902,Female,0.9714285714285714,Unknown,Yes,Yes,0.0,0.1894287650409333,No,No,False,True,False,True,False,False,False,True,False,False
f1523d21-2d04-4306-88a2-7f040fa78845,0.2549019607843137,Female,0.9428571428571428,Fiber optic,Yes,No,0.5764234658877161,0.800107767449796,Yes,No,False,False,False,False,False,True,True,False,False,False
7cda75d3-a57c-4189-a3b5-1c66f0111245,0.019607843137254943,Female,0.2714285714285714,Fiber optic,Yes,Yes,0.2733629865675275,0.12306695751668323,No,Yes,False,False,False,True,False,False,False,False,True,False
9da5f389-fcdb-4c76-8a42-1c540d84e70f,0.5030496196232563,Male,0.14285714285714285,Fiber optic,Yes,No,0.0,0.0028921133441100755,Yes,Yes,True,False,False,False,True,False,False,False,True,False
c9534543-a1b7-44fa-b8aa-4ac572572a17,0.7058823529411765,Male,0.9428571428571428,Fiber optic,No,No,0.8912124632100733,0.9999999999999999,Yes,No,True,False,False,True,False,False,False,True,False,False
ff36c3ed-0b70-4e31-81b6-94ca0482c521,0.37254901960784315,Male,0.0857142857142857,Unknown,Yes,Yes,0.5863816415499348,0.05333942537521804,Yes,Yes,True,True,True,True,False,False,False,False,True,False
42fcccbb-c8cf-4b01-95c3-1f4e6d3b94d7,0.4901960784313726,Female,0.3142857142857143,DSL,Yes,No,0.12919073225785038,0.10008845670521424,No,Yes,False,True,False,False,True,False,False,False,True,False
ac213a83-b753-4b70-bf6a-563e0de3ebe1,0.5490196078431373,Male,0.8571428571428572,Fiber optic,Yes,No,0.8970767222111578,0.9999999999999999,No,Yes,True,False,False,False,True,False,False,False,True,False
ee44acca-dc16-422b-b66f-1cbaa8063049,0.0,Male,1.0,Unknown,Yes,No,0.22036336276527474,0.4814483508270685,No,No,False,True,False,True,False,False,False,True,False,False
47c39ddf-6ca0-4310-842f-f157ceded0f8,0.6666666666666666,Male,0.4714285714285714,Fiber optic,Yes,Yes,0.19137400694859374,0.19764627407055393,No,Yes,True,True,False,True,False,False,False,True,False,False
3e251211-f06b-4fd3-a357-17020a9cce0c,0.09803921568627455,Male,0.2571428571428571,DSL,Yes,Yes,0.9296067627077387,0.298336866139268,Yes,No,False,False,False,True,False,False,False,False,False,True
1199cfdc-a519-41f9-a186-a612a6c39438,0.7058823529411765,Male,0.8142857142857143,Fiber optic,Yes,Yes,0.13837438314634098,0.31845409938832164,Yes,No,True,True,False,True,False,False,False,False,False,True
d6a277d0-387f-4e0e-bdd2-b0387de0a437,0.5030496196232563,Male,0.11428571428571427,Fiber optic,Yes,Yes,0.9123459248932264,0.12156001255680363,Yes,No,False,False,True,True,False,False,False,False,True,False
698f5122-0330-48a9-9c01-21f36d852b60,0.6274509803921569,Male,0.6714285714285715,DSL,Yes,Yes,0.8282546637456019,0.7413577991791809,No,Yes,False,False,False,False,True,False,False,False,True,False
a5fb6994-dafe-49ed-98e6-bd66e9b699c3,0.9411764705882354,Female,0.5714285714285715,Unknown,Yes,No,0.2825466374560181,0.3022472115895313,No,Yes,False,False,False,True,False,False,False,True,False,False
ccc5882f-275f-41a0-9c4c-b9eae068de1e,0.9803921568627451,Female,0.6714285714285715,Fiber optic,Yes,No,0.0,0.14792191004791697,Yes,No,False,True,False,True,False,False,False,False,True,False
daa47fca-67e6-49e2-9541-52e2c0c292f0,0.2549019607843137,Female,0.6285714285714286,Unknown,No,Yes,0.03115802518311983,0.1685821575788889,No,No,False,True,False,True,False,False,False,False,False,True
05eecfc1-c398-4315-a7bf-63ac6e88ae66,0.21568627450980393,Male,0.34285714285714286,Unknown,Yes,Yes,0.06092190577352896,0.08774371782278906,No,Yes,False,False,False,False,False,True,True,False,False,False
0f3a2179-52a5-42e6-b494-4e94dbd394f2,0.8039215686274509,Male,0.34285714285714286,Fiber optic,Yes,No,0.9254021996503574,0.4044431420669951,Yes,Yes,True,True,False,True,False,False,False,False,True,False
925529b8-91a8-42ec-99f1-ae3e5bb353f0,0.37254901960784315,Female,0.2571428571428571,DSL,Yes,Yes,0.38677554272057363,0.14939190433180807,No,No,True,False,False,False,True,False,False,False,False,True
b86ce36e-7678-4291-9aef-d50881d56896,0.9607843137254902,Male,0.5428571428571429,Fiber optic,No,No,0.0,0.11189660751024094,No,No,False,False,False,True,False,False,False,False,False,True
42de917c-765a-450d-939c-3acbc23692d5,0.4509803921568628,Female,0.3714285714285714,DSL,Yes,No,0.5555112969970568,0.29177892442687087,Yes,Yes,False,False,False,True,False,False,True,False,False,False
d190547e-7bb8-420a-8084-64274089cefb,0.823529411764706,Male,0.8857142857142858,Unknown,Yes,No,0.16990860607670005,0.37904035560045324,No,Yes,False,False,False,True,False,False,False,False,True,False
004e2d0d-b82a-4349-b2d8-1c37a2cad6b5,0.6470588235294118,Male,0.9571428571428572,DSL,Yes,No,0.19989377945960302,0.440095724742526,Yes,Yes,False,True,False,True,False,False,False,False,True,False
b6c2c88f-e2b5-4f33-9aff-5779e8fa3775,0.47058823529411764,Female,0.2571428571428571,DSL,Yes,No,0.11768350704817543,0.07444147446692223,Yes,Yes,False,False,False,False,False,True,False,False,False,True
7c763b3e-25bb-49f5-ad3c-30404fb4ef53,0.9607843137254902,Female,0.3857142857142857,Fiber optic,Yes,Yes,0.7828896412843835,0.39720080957324533,Yes,Yes,True,True,False,True,False,False,False,True,False,False
af1b760b-7f88-4a01-91c0-e58298c12bab,0.5490196078431373,Female,0.45714285714285713,DSL,Yes,Yes,0.0,0.07218748323162258,No,Yes,False,False,False,False,True,False,False,False,True,False
35ed7b70-6e3b-4b59-954e-7d13d55addaa,0.5030496196232563,Female,0.12857142857142856,DSL,No,Yes,0.42550178140697964,0.06895188925593226,Yes,No,False,True,False,True,False,False,False,True,False,False
0bff4b0f-2230-46b8-9c63-9f72f5b7ab4a,0.5882352941176471,Female,0.41428571428571426,Fiber optic,Yes,Yes,0.035915820221735395,0.10273765951847805,No,Yes,False,False,False,True,False,False,True,False,False,False
a0454dda-fcdf-43aa-82f1-d11f0175f02e,0.9019607843137255,Male,0.3,DSL,Yes,No,0.5509747947509349,0.23153165050315574,No,No,True,False,False,True,False,False,False,True,False,False
05120dcf-503c-4d06-89ca-b6afde8160dd,0.823529411764706,Male,0.028571428571428574,DSL,Yes,Yes,0.32260063289738655,0.0,Yes,No,False,True,False,False,True,False,False,False,True,False
96d2d235-ba31-41b5-a70b-d0276ea0767c,0.9607843137254902,Male,0.6714285714285715,Fiber optic,Yes,No,0.0,0.14236484968946972,No,No,True,False,False,False,False,True,False,False,True,False
5698b514-edc5-468a-a9d7-94d09c8685b5,0.43137254901960786,Female,0.014285714285714285,Fiber optic,Yes,Yes,0.4498439885812919,0.0,Yes,No,True,True,False,False,False,True,False,False,True,False
a02f68d7-b020-41a0-89c2-78d176a9fff9,0.8431372549019608,Female,0.7571428571428571,Fiber optic,No,Yes,0.5711124388678661,0.6364837479681145,No,No,False,True,False,True,False,False,False,False,True,False
994e267c-f9ab-4be7-81d3-e0629ed7c02d,0.7254901960784313,Female,0.07142857142857142,Fiber optic,No,No,0.21383522538670924,0.007457931655387072,Yes,No,False,True,False,False,True,False,False,True,False,False
64ca3a21-a1af-4cbd-af4f-ecaca03ee9bc,0.37254901960784315,Female,0.5571428571428572,Fiber optic,Yes,Yes,0.7867622651530239,0.5878454125093139,No,Yes,False,False,False,True,False,False,False,False,True,False
e8d45f1a-bc67-41e2-9de7-eeaf84729c0a,0.43137254901960786,Female,0.014285714285714285,Fiber optic,Yes,No,0.35026223195910516,0.0,No,Yes,False,True,False,False,True,False,False,False,False,True
a1dd613b-40e9-45fb-8d3a-2d01d4d2950c,0.8627450980392156,Female,0.014285714285714285,Unknown,Yes,No,0.7688375489610306,0.0,No,No,True,False,True,False,False,True,False,False,True,False
f5bfb577-1c91-4c7b-b56c-fadef44762af,1.0,Male,0.7714285714285715,DSL,Yes,Yes,0.5804067361526035,0.6523323748649291,Yes,No,True,True,False,True,False,False,True,False,False,False
4e17c2a9-7753-4f56-b57b-b01d0e2f1928,0.2941176470588236,Male,0.8428571428571429,Fiber optic,Yes,Yes,0.9016132244572796,0.996529528249113,No,Yes,False,False,False,True,False,False,False,False,True,False
a6a1a963-0cab-4b28-96d1-6dec553ec3e7,0.9607843137254902,Male,0.07142857142857142,Unknown,No,Yes,0.5448892429573569,0.0382089268334845,Yes,No,True,False,True,False,True,False,False,False,True,False
90ee18f2-bcb3-4cdb-b791-f9656f945f51,0.8039215686274509,Male,0.2571428571428571,Unknown,No,No,0.14512381331740032,0.08111990751406453,Yes,Yes,False,False,False,False,True,False,False,False,True,False
5dd5f3b4-563e-49b1-bf64-988775671865,0.13725490196078433,Male,0.3714285714285714,DSL,Yes,No,0.8499413574099892,0.4073943764926868,Yes,No,False,True,False,True,False,False,True,False,False,False
5411edba-3803-4e23-b4e7-9cf13551390c,0.5030496196232563,Female,0.0,DSL,Yes,Yes,0.8061253844962271,0.0,Yes,Yes,True,False,True,False,False,True,False,False,True,False
a3a2d249-ec1a-4880-ace5-2ddb7378ed1f,0.3921568627450981,Female,0.45714285714285713,Fiber optic,Yes,No,1.0000000000000002,0.5852251276163889,No,No,False,True,False,False,True,False,False,False,True,False
43295f69-054f-4aac-8df0-5ef1ddd23d7d,0.0,Female,0.5571428571428572,DSL,Yes,Yes,0.04332912877027595,0.1507028500538355,No,Yes,True,True,False,True,False,False,False,False,True,False
6158f982-b2a1-4ad4-85b4-25abf368e585,0.13725490196078433,Female,0.44285714285714284,Unknown,Yes,No,0.5939055964947222,0.3682379058027662,Yes,No,False,False,False,True,False,False,False,True,False,False
93a53948-21ea-47f0-bac2-4bd97bb9c6c1,0.5490196078431373,Female,0.9714285714285714,Fiber optic,Yes,No,0.4838124322290824,0.731199576384598,No,Yes,False,True,False,False,True,False,False,False,False,True
39fcb4ed-8ecf-4694-a14b-8261fd2c3121,0.607843137254902,Female,0.22857142857142856,Fiber optic,Yes,No,0.682090774303481,0.20330936680357692,Yes,No,False,True,False,True,False,False,False,False,True,False
6f5a122e-b531-49af-87e8-55633f7fd34e,0.7254901960784313,Male,0.09999999999999999,DSL,Yes,No,1.0000000000000002,0.11778783050371483,No,Yes,True,True,True,True,False,False,True,False,False,False
6d2b6c92-463d-41ca-8da7-9bb7ae356b85,0.07843137254901966,Female,0.8,Fiber optic,Yes,Yes,0.5287348691053133,0.6334537925370558,No,No,True,True,False,True,False,False,False,False,True,False
31d63ad7-cb57-4f3f-af41-ac8f2d0cdd32,0.9019607843137255,Female,0.5857142857142857,Fiber optic,No,No,0.6984664409480184,0.5605163712379793,No,Yes,True,True,False,False,True,False,False,False,False,True
7ec0cfd8-ce3b-4216-80f7-2221ce4355ec,0.4117647058823529,Female,0.11428571428571427,Unknown,Yes,Yes,0.323928389652349,0.04332097252893961,Yes,No,False,False,False,False,True,False,False,False,True,False
f2240dd6-730b-4057-b50e-129325d388c1,0.9019607843137255,Female,0.4857142857142857,DSL,Yes,No,0.2705968266613557,0.24563877597512027,No,No,False,True,False,True,False,False,False,False,False,True
5b5a79f3-6c86-40ee-b01a-6e6894a0379c,0.6470588235294118,Male,1.0,DSL,Yes,Yes,0.31076146849897107,0.5772614536652981,Yes,No,True,False,False,False,True,False,False,False,False,True
1cec6ffe-9734-4e4d-928d-352bff3ec2e6,0.0,Male,0.7428571428571429,Fiber optic,Yes,No,0.0,0.16936454797916753,No,Yes,False,False,False,False,False,True,False,False,False,True
c5783e37-4c5e-4734-9a16-9c527fc42e18,0.4901960784313726,Female,0.7571428571428571,DSL,Yes,No,0.2547743919980527,0.38495407030974615,No,No,False,False,False,True,False,False,False,False,True,False
fadd6092-d7d1-4521-8769-041f6cbac3c0,0.823529411764706,Male,0.34285714285714286,Fiber optic,Yes,No,0.13107172099404724,0.11539888897350059,No,Yes,False,False,False,False,True,False,False,False,True,False
7e4ccb7c-420f-4249-b761-5156c672f4d1,0.17647058823529416,Male,0.9428571428571428,Unknown,Yes,Yes,0.44586071831640445,0.6713121699139885,Yes,Yes,True,False,False,False,False,True,True,False,False,False
23b31e4f-1226-4f9b-9b3b-3669dd2ba905,0.5686274509803921,Female,0.8714285714285714,Fiber optic,Yes,No,0.44962269578879815,0.6233662579921901,No,Yes,False,False,False,False,True,False,True,False,False,False
72be2703-5852-471b-a207-1107fc1b4a90,0.9607843137254902,Female,0.7714285714285715,Unknown,No,No,0.7864303259642833,0.8178039281460366,No,Yes,True,True,False,False,True,False,False,False,True,False
8de7c301-637d-4d16-91c0-8a9706337167,0.33333333333333337,Female,0.6428571428571429,DSL,Yes,No,0.49554095023125105,0.4863145941996434,No,No,False,False,False,True,False,False,False,False,True,False
6dcc08b9-c61e-4dcc-889f-bc0df1b3c123,0.3137254901960784,Female,0.32857142857142857,DSL,Yes,Yes,0.45216756290247634,0.22151641075913717,No,Yes,True,False,False,True,False,False,False,True,False,False
eb665491-1a1b-498b-8067-4363b6d3329d,0.4901960784313726,Female,0.6428571428571429,DSL,Yes,Yes,0.1960211555909624,0.282769385690192,No,Yes,False,False,False,True,False,False,True,False,False,False
d2d5b7f9-5422-4081-ad9a-367d00172293,0.13725490196078433,Male,0.3,Fiber optic,Yes,Yes,0.8830246298878046,0.3358241302051854,No,No,False,True,False,False,True,False,False,True,False,False
cadfad56-546c-4395-ae27-c3ecb5b9c76f,0.9019607843137255,Female,0.14285714285714285,Unknown,No,Yes,0.04045232246785724,0.015940521621447067,Yes,No,False,False,False,False,False,True,False,False,True,False
9f2834b0-dd96-46bf-8a9c-fa9d1589a86a,0.7647058823529412,Female,0.6714285714285715,DSL,Yes,Yes,1.0000000000000002,0.8742613479542337,No,No,False,False,False,True,False,False,False,False,False,True
c1409657-9b7f-430f-adc1-669718ed2f05,0.9411764705882354,Female,0.09999999999999999,Fiber optic,Yes,Yes,0.46655159441457,0.05157543223454875,Yes,No,True,False,False,True,False,False,False,False,True,False
58a6c327-e50d-4f81-ab5a-fbd9387b6899,0.21568627450980393,Male,0.5428571428571429,Fiber optic,Yes,Yes,0.14556639890238782,0.2066686652162723,No,No,False,False,False,True,False,False,True,False,False,False
153b9a14-4c3d-44da-8ff2-f5b8495c9fec,0.5098039215686275,Female,0.4857142857142857,Unknown,Yes,Yes,0.33178428378587715,0.27747901281931403,No,No,False,False,False,False,True,False,False,False,True,False
69503166-94fe-42cf-bb07-c02fac0a98a5,0.13725490196078433,Female,0.6857142857142857,DSL,No,Yes,0.0,0.13559805633018093,Yes,No,True,False,False,True,False,False,False,False,True,False
6a865043-2c4e-41fd-9dc9-44432dcf1e7b,0.47058823529411764,Female,0.6428571428571429,DSL,Yes,No,0.12399035163424726,0.23605730503618436,No,No,False,True,False,False,True,False,False,False,True,False
c18ec149-5f4f-40b5-8840-961760cf5f81,0.8823529411764707,Male,0.5285714285714286,DSL,Yes,Yes,0.31076146849897107,0.2892261146814032,No,Yes,False,False,False,True,False,False,True,False,False,False
1c4fbcc4-72e2-491a-a2c7-985d81de8ae6,0.05882352941176472,Female,0.09999999999999999,Fiber optic,No,Yes,0.5531877226758726,0.06004677634269919,No,No,False,True,True,True,False,False,False,False,False,True
c0f010fa-7754-42f7-af22-b719b0606195,0.6274509803921569,Female,0.7571428571428571,DSL,No,Yes,0.08305118502290387,0.24993148059430823,Yes,No,False,False,False,True,False,False,True,False,False,False
15d09927-e83e-4be6-b82a-9471885c48d5,0.0,Female,0.5142857142857143,Unknown,Yes,No,0.6877337405120716,0.4868126250499235,Yes,Yes,True,True,False,False,False,True,False,True,False,False
a26bdefb-2da9-40f1-aa07-f55e0f38df13,0.3529411764705882,Male,0.5571428571428572,Fiber optic,Yes,No,0.873951625395561,0.6371327946246084,No,No,False,True,False,True,False,False,True,False,False,False
8a64515f-e6ca-42f8-9ca7-88c73354034f,0.5882352941176471,Female,0.4714285714285714,Fiber optic,Yes,Yes,0.5729934276040631,0.3865011790478742,Yes,No,False,True,False,False,False,True,False,False,False,True
adbb0931-2578-4a8c-8bc0-ada382c738d9,0.2941176470588236,Female,0.22857142857142856,Fiber optic,Yes,Yes,0.26827325234017124,0.10455145574417538,No,No,True,False,False,True,False,False,False,True,False,False
e19312d8-0034-4fb9-8d06-ad6ca30a6416,0.2549019607843137,Female,0.45714285714285713,DSL,No,No,0.07408882692690705,0.13795326028666655,Yes,Yes,False,False,False,True,False,False,False,False,False,True
b6202398-768d-472a-b78d-c5f89d4ca5e0,0.9215686274509803,Male,0.6571428571428571,Fiber optic,Yes,Yes,0.0,0.1297614560751249,Yes,No,True,True,False,True,False,False,False,False,True,False
bf4f3d07-5300-45c4-86c0-3fff569739bd,0.07843137254901966,Female,0.7285714285714286,Unknown,Yes,Yes,0.7494744296178275,0.7446078521150405,No,Yes,True,False,False,False,False,True,False,True,False,False
a92b1ae8-0568-45f5-bb69-f2407e3e7d11,0.7843137254901961,Female,0.11428571428571427,Unknown,No,Yes,0.6351767022948063,0.0855796934507658,Yes,Yes,True,False,True,False,True,False,False,False,True,False
f40edb21-ca80-4d05-9281-13aa626eb5c1,0.4901960784313726,Female,0.45714285714285713,Unknown,Yes,Yes,0.4667728872070636,0.3242184048425306,No,No,False,False,False,True,False,False,False,False,False,True
9959d67f-7a6f-44e7-965a-dbce77aa0bf9,0.5294117647058824,Male,0.8428571428571429,Unknown,Yes,No,0.05262342605501341,0.25325704143327493,No,No,False,False,False,False,True,False,False,False,True,False
4ddd7219-6657-4c4d-909d-1e4eaa426a51,0.5030496196232563,Male,0.2857142857142857,DSL,No,Yes,0.1688021421142314,0.10067324131651081,No,No,True,True,False,True,False,False,False,False,False,True
ed05f713-935f-42cb-a4b7-89e7c100268c,0.9607843137254902,Female,0.8142857142857143,DSL,No,No,0.8417535240877205,0.9106561572517949,Yes,No,False,True,False,True,False,False,False,False,True,False
9d43bcb2-100c-4614-9011-d3b09aa301ba,0.09803921568627455,Male,0.9714285714285714,DSL,No,No,0.47075615747195115,0.7189383781609294,No,No,True,True,False,True,False,False,False,False,True,False
612971bb-942c-481e-b470-cb482d17809d,0.1568627450980392,Male,0.12857142857142856,Fiber optic,Yes,Yes,1.0000000000000002,0.15166035452727714,Yes,No,False,False,True,False,False,True,False,False,False,True
8aa5838b-9c75-48d1-9c3e-abeaa882aa89,0.6274509803921569,Male,0.07142857142857142,DSL,No,Yes,1.0000000000000002,0.08115846474118299,No,Yes,False,True,True,True,False,False,True,False,False,False
956dd9a0-10f9-4e28-8caf-0831b3b24ef3,0.7843137254901961,Female,0.17142857142857143,Fiber optic,Yes,Yes,0.8257097966319238,0.17066906749667524,Yes,No,False,False,False,True,False,False,False,False,True,False
eadeaf27-816a-4ce9-a0e3-a15713a7826c,0.47058823529411764,Female,0.9142857142857143,Fiber optic,Yes,Yes,0.225453096992631,0.44434183937894584,Yes,No,False,True,False,True,False,False,False,False,True,False
a685b2c7-6cb2-4d73-a9e0-177d3f4405e8,0.9215686274509803,Male,0.2714285714285714,Unknown,No,Yes,1.0000000000000002,0.10366624607158084,No,No,False,True,False,True,False,False,False,False,True,False
0b1c6412-f5d7-43d1-93a0-811888a23e5e,0.23529411764705888,Male,0.8,Fiber optic,Yes,No,0.22036336276527474,0.38012638416428973,No,Yes,False,False,False,True,False,False,False,True,False,False
8cfd4516-771e-47f6-a0ae-3c412db89241,0.1568627450980392,Male,0.6428571428571429,Unknown,No,Yes,1.0000000000000002,0.8436003196394127,Yes,Yes,False,False,False,True,False,False,True,False,False,False
37ea7081-d9da-4424-a6ac-3112b5e7f423,0.23529411764705888,Female,0.09999999999999999,DSL,Yes,No,0.31076146849897107,0.032168294584926614,Yes,Yes,False,True,False,True,False,False,False,True,False,False
72008d27-7169-4ae4-a952-73c7f80fac59,0.5882352941176471,Female,0.12857142857142856,DSL,Yes,Yes,0.7213702449711215,0.11028684327804547,No,No,False,False,True,False,False,True,False,False,True,False
f22ad860-8593-48c4-b3da-9e6a5a35341a,0.7843137254901961,Male,0.9428571428571428,Fiber optic,No,No,1.0000000000000002,0.9999999999999999,Yes,No,False,False,False,True,False,False,False,False,True,False
ebe39eda-587e-4cd4-b800-a51cf7d8a290,0.1960784313725491,Male,0.14285714285714285,DSL,Yes,No,0.8466219655225831,0.14386376189369965,Yes,No,False,False,True,True,False,False,False,False,True,False
9799efb4-3494-4d58-805c-626229d1d577,0.05882352941176472,Male,0.15714285714285714,DSL,Yes,Yes,0.6009869658545222,0.11559810131361259,Yes,Yes,False,True,False,True,False,False,False,False,True,False
a5e684da-5508-44d2-b266-47fcc9164a5c,0.6470588235294118,Male,0.12857142857142856,Fiber optic,Yes,Yes,0.12675651154041911,0.02247918472028499,Yes,Yes,False,True,False,True,False,False,False,False,False,True
423b5fb5-65ca-4d37-a5a4-072c96efb401,0.7254901960784313,Female,0.34285714285714286,DSL,No,Yes,0.13328464891898478,0.11551938030824574,Yes,Yes,True,False,False,False,False,True,False,True,False,False
db98c89f-5daa-412b-bea9-4004c2e660d1,0.8823529411764707,Male,0.6857142857142857,Fiber optic,Yes,Yes,0.48458695700281046,0.5097140114071556,Yes,Yes,False,False,False,True,False,False,False,False,True,False
04566795-5a22-4a89-af3f-418e3f467a51,0.05882352941176472,Female,0.6857142857142857,Fiber optic,Yes,Yes,0.9930071477571976,0.8718081443788221,No,No,False,False,False,False,False,True,False,True,False,False
98e14af0-dec5-4d89-8017-702021137b9b,0.7254901960784313,Male,0.14285714285714285,Fiber optic,Yes,Yes,0.9405607559361793,0.15917901381537575,Yes,No,False,False,True,False,True,False,False,False,True,False
7f84863a-ad54-449d-8d2a-c51fbc0818e5,0.3529411764705882,Male,0.8714285714285714,Fiber optic,No,Yes,0.12365841244550663,0.3276998011411011,No,Yes,False,False,False,False,True,False,False,True,False,False
5a2efaf0-ceeb-4f72-8238-b6f8193f6a92,0.09803921568627455,Male,0.49999999999999994,Fiber optic,No,No,0.25809378388545895,0.2473352939683323,No,Yes,True,True,False,True,False,False,False,False,True,False
158fa1d2-61b9-42f7-8adf-2ed6bbf77adf,0.6470588235294118,Male,0.5428571428571429,DSL,No,Yes,0.5912500829847971,0.459008044644128,No,Yes,True,True,False,True,False,False,False,True,False,False
f18263e8-911e-481a-9435-989f567f9e2a,0.33333333333333337,Male,0.7428571428571429,DSL,Yes,Yes,0.46798999756577925,0.5428619808711169,No,Yes,False,True,False,True,False,False,False,False,True,False
706b761b-e6c8-4d83-8832-9a3be54b7758,0.23529411764705888,Female,0.7857142857142857,Fiber optic,Yes,Yes,0.07187589900196956,0.25120226253808725,Yes,No,True,False,False,False,False,True,False,True,False,False
70fc79fa-73d0-4564-88c2-31bb5a6e38ca,0.7843137254901961,Male,0.0,Fiber optic,Yes,Yes,0.34838124322290825,0.0,Yes,No,True,False,False,True,False,False,False,False,True,False
ba455b83-f4b8-4a27-869b-548c26ddb32f,0.43137254901960786,Male,0.7857142857142857,Fiber optic,Yes,Yes,0.9961052468521101,0.9997137125886454,No,No,True,False,False,True,False,False,False,False,True,False
68a66028-d7c4-416b-8f01-8648284b7300,0.3529411764705882,Male,0.04285714285714286,Fiber optic,Yes,No,0.9924539157759633,0.03839689331568697,Yes,No,False,False,True,True,False,False,False,False,False,True
2a5e4f1b-e849-46b8-938d-c347b1ef0cc9,0.8627450980392156,Female,0.41428571428571426,DSL,No,Yes,0.5587200424882162,0.3312599184450384,Yes,Yes,False,False,False,False,True,False,False,False,True,False
798ca4cb-fadf-4963-851b-ff2a2dac862e,0.1960784313725491,Female,0.15714285714285714,Fiber optic,No,Yes,0.6427006572395937,0.12571134067655723,No,Yes,False,True,False,False,True,False,False,False,True,False
63a0d60c-15d4-4118-813c-831d36ad8c79,0.0,Female,0.4857142857142857,Fiber optic,Yes,Yes,0.18528845515501563,0.20137347269200453,Yes,Yes,True,True,False,True,False,False,False,True,False,False
15896277-f186-4601-94c1-008361f9ab8c,0.4509803921568628,Female,0.7285714285714286,Fiber optic,Yes,Yes,0.7607603620350087,0.7494467841184066,No,No,False,False,False,True,False,False,True,False,False,False
2ba14c51-3471-4372-83aa-b9fed99469e2,0.11764705882352944,Male,0.42857142857142855,Fiber optic,No,Yes,0.0,0.08776781608973808,No,No,True,False,False,True,False,False,True,False,False,False
3fc14ae4-6e33-41a2-bb1e-f07e86c7ca45,0.47058823529411764,Male,0.9571428571428572,Fiber optic,Yes,No,0.18396069840005314,0.42523512679062164,No,No,True,False,False,True,False,False,False,False,True,False
2b755b41-3b19-48df-b407-99102e5a6ce6,0.3921568627450981,Male,0.7285714285714286,Fiber optic,Yes,Yes,0.0,0.13669372420079706,No,Yes,False,True,False,False,True,False,True,False,False,False
09188ea7-1912-451d-80f6-5e1f6f52ccdb,0.27450980392156865,Female,0.0857142857142857,Fiber optic,Yes,Yes,0.3665272522073956,0.03033200664341023,Yes,No,True,False,False,False,False,True,False,False,False,True
fbe90294-e4ea-43fd-978f-575d61836f56,0.0,Male,0.3,DSL,Yes,No,0.8805904091703733,0.3337918430258169,No,Yes,True,False,False,False,True,False,False,True,False,False
360b3c6a-d910-4448-9598-4a6d2101f2b2,0.21568627450980393,Male,0.7857142857142857,Fiber optic,No,Yes,1.0000000000000002,0.9999999999999999,Yes,Yes,True,True,False,True,False,False,False,False,True,False
461bbdcf-2f34-4ab1-91b1-d98f50e99ece,0.11764705882352944,Female,0.8142857142857143,DSL,Yes,Yes,0.6786607360198278,0.7737378372030329,No,Yes,True,False,False,False,True,False,True,False,False,False
732613df-5c8a-493b-bdb4-f7e60145fdc9,0.27450980392156865,Female,0.9,DSL,Yes,No,0.7639691075261679,0.9370469726632472,Yes,Yes,False,True,False,False,False,True,False,False,True,False
3a49554b-a7cc-481c-8d98-d0a5169adccb,0.3921568627450981,Female,0.15714285714285714,Unknown,Yes,Yes,0.23043218482374034,0.053988472031712025,No,No,True,False,False,False,False,True,False,False,True,False
2b367aad-63b3-45ba-8126-e3ec4b660ee1,0.3529411764705882,Male,0.0857142857142857,Unknown,No,No,0.5154573015556885,0.048269150009141275,No,No,False,False,True,False,False,True,False,False,True,False
8bfbd8c6-3ef0-4d58-b252-3b3f341fabc6,0.5490196078431373,Male,0.7714285714285715,DSL,Yes,Yes,0.7547854566376775,0.7917087181424927,Yes,Yes,False,True,False,True,False,False,False,False,True,False
172c1fdb-2003-4b78-a6e2-a665d02a23ab,0.47058823529411764,Female,0.8714285714285714,Fiber optic,Yes,Yes,0.49000863041890735,0.6616712565832448,Yes,Yes,True,False,False,False,True,False,False,False,True,False
d33d8c2f-4530-4d23-9cd7-9dd6532cf9c3,0.6274509803921569,Male,0.7714285714285715,DSL,No,Yes,0.03768616256168539,0.2203179236162052,Yes,Yes,False,True,False,False,False,True,False,False,True,False
95807673-d34d-49ff-8f83-379b0c7f11e9,0.9411764705882354,Female,0.49999999999999994,Fiber optic,No,Yes,0.759543251676293,0.5094007339368182,Yes,Yes,False,True,False,False,True,False,False,True,False,False
95235f2f-032f-4cfa-be6c-342306f24101,0.607843137254902,Female,0.32857142857142857,Unknown,No,Yes,0.18274358804133756,0.12833483867174209,Yes,Yes,False,False,False,True,False,False,False,False,True,False
1fcb2258-b312-4587-9ab8-ec51eda766d5,0.9411764705882354,Male,0.6142857142857143,Unknown,No,Yes,0.04786563101639779,0.17448623298140226,No,No,False,False,False,False,False,True,False,True,False,False
e9003e06-dac9-437d-af2b-de07a6e6ccfd,0.6666666666666666,Female,0.22857142857142856,Fiber optic,Yes,No,0.46876452233950744,0.14971964076231492,Yes,Yes,False,True,False,True,False,False,False,False,True,False
5db81cfc-0e2f-4ed8-a4c7-e3d21ebb888e,0.8431372549019608,Female,0.014285714285714285,Fiber optic,Yes,No,0.022306313483369866,0.0,Yes,No,True,True,False,True,False,False,False,False,True,False
0f663584-5fbb-4376-9d7a-e1e3fffa1dd3,0.7254901960784313,Female,0.17142857142857143,Fiber optic,Yes,Yes,0.6361725198610282,0.13977348271688358,No,Yes,False,False,False,True,False,False,False,False,False,True
6d358808-1699-4011-ba07-bba2b9751ae9,0.4901960784313726,Male,0.42857142857142855,Fiber optic,Yes,Yes,0.6484542698444311,0.384184532318507,Yes,Yes,False,True,False,False,True,False,False,False,False,True
321f0df2-1512-4bc9-8869-a142846cc4fc,0.1960784313725491,Female,0.3857142857142857,Unknown,No,No,0.22379340104892792,0.17225312691079173,Yes,Yes,False,True,False,True,False,False,False,False,False,True
cc12ce9d-2858-4716-ad86-ee52cd635508,0.6666666666666666,Female,0.8428571428571429,Unknown,No,No,1.0000000000000002,0.9999999999999999,No,No,False,True,False,True,False,False,False,False,False,True
51f2ab25-99d3-4a9b-85d2-b5e502e5c4b9,0.13725490196078433,Female,0.3714285714285714,Fiber optic,No,Yes,0.8520436389386798,0.41121796818193346,No,No,False,False,False,False,True,False,False,False,True,False
425f4864-bf49-4543-bed0-cb366b98077d,0.8823529411764707,Female,0.19999999999999998,Fiber optic,Yes,No,0.06103255216977588,0.038457942258624526,Yes,Yes,True,False,False,False,True,False,True,False,False,False
10653afe-7107-4bb3-a997-1a23feaa893d,0.2549019607843137,Female,0.45714285714285713,DSL,No,Yes,0.7679523777910553,0.4694940038692177,Yes,No,False,True,False,False,True,False,False,False,False,True
28fa96be-32f9-403a-9502-7d26acc7ce65,0.17647058823529416,Female,0.2714285714285714,DSL,No,Yes,0.3304565270309147,0.14212708012223926,Yes,Yes,False,False,False,True,False,False,False,False,True,False
5f35c98b-af7f-4955-a70e-cea24f47dace,0.019607843137254943,Female,0.5857142857142857,Unknown,Yes,Yes,0.7699440129234991,0.6062709474185454,Yes,No,True,True,False,False,True,False,False,True,False,False
8bafac20-8c5f-4235-aab5-4ee6cc8c6f58,0.8823529411764707,Male,0.15714285714285714,Fiber optic,No,No,0.8258204430281706,0.15915973520181656,Yes,Yes,True,False,False,True,False,False,True,False,False,False
85f3f407-592f-418e-b5f0-fbcb661e0d36,0.1568627450980392,Male,0.3142857142857143,Fiber optic,Yes,No,0.1072827458009693,0.09863452793262253,No,No,False,True,False,True,False,False,False,False,True,False
8dc9816c-db84-4aca-be26-b89443468a81,0.5030496196232563,Female,0.1857142857142857,Fiber optic,Yes,No,0.6720219522450155,0.16020078033401483,No,No,False,True,False,True,False,False,False,True,False,False
72c246cb-e368-45df-8e4e-6aef16d4a64a,0.3921568627450981,Male,0.34285714285714286,Unknown,Yes,Yes,0.8943105623049858,0.3933386606568801,Yes,No,True,False,False,False,False,True,False,True,False,False
dbd02d7d-73fb-4cb4-a764-40caf66373f4,0.4901960784313726,Male,0.42857142857142855,DSL,Yes,No,0.29759454734559304,0.2248435781492338,No,Yes,True,True,False,True,False,False,False,False,False,True
52c044a2-bfb1-4dd4-968b-870409812f79,0.13725490196078433,Female,0.7571428571428571,Unknown,Yes,Yes,0.028613158069441702,0.20847282213518997,Yes,Yes,False,True,False,True,False,False,False,False,True,False
51b3e0af-2164-4945-b1d9-8d8e2e701c4c,0.9215686274509803,Male,0.05714285714285714,Unknown,Yes,Yes,0.0,0.0,No,No,True,False,False,True,False,False,False,True,False,False
ffa16c20-5fce-408b-99c2-06117d21752d,0.019607843137254943,Female,0.17142857142857143,Unknown,No,Yes,0.061475137754763376,0.032055836005831125,No,No,True,False,False,True,False,False,False,False,True,False
85d4843a-2d44-47de-9db2-55c092aa46e4,0.09803921568627455,Female,0.3857142857142857,Fiber optic,Yes,Yes,0.0,0.056671412418704485,No,No,False,True,False,False,False,True,False,False,True,False
b99262f7-5ec6-493d-9ca3-7c6031954268,0.5294117647058824,Female,0.6,DSL,No,No,0.30146717121423355,0.33117637778628173,Yes,Yes,False,False,False,False,False,True,False,False,True,False
5b1296f3-b127-4ab5-8580-17e3d4c612c3,0.5490196078431373,Female,0.6571428571428571,Fiber optic,Yes,Yes,0.27092876585009634,0.3399690321204193,Yes,Yes,False,False,False,True,False,False,True,False,False,False
9270111d-47d1-4f7f-a1e8-239f97ecaaca,0.4901960784313726,Female,1.0,Fiber optic,Yes,No,0.061807076943504013,0.32124146559875993,No,No,False,False,False,True,False,False,False,True,False,False
3d5edb98-f13a-481c-9dc9-b6156d739b81,0.47058823529411764,Male,0.5285714285714286,DSL,Yes,Yes,0.6601827878465998,0.4832541142971162,Yes,Yes,False,False,False,True,False,False,True,False,False,False
6bf52c27-a1da-482f-81d1-7c075233e536,0.21568627450980393,Female,0.9428571428571428,Fiber optic,Yes,Yes,1.0000000000000002,0.9999999999999999,Yes,Yes,False,False,False,False,True,False,False,True,False,False
96551e4a-29ed-4972-899c-b2806e169f45,0.07843137254901966,Male,0.8714285714285714,Fiber optic,Yes,No,0.9365774856712918,0.9999999999999999,Yes,No,True,False,False,True,False,False,False,False,True,False
8d95ed24-e2d5-41f5-b5e0-97d046a4852c,0.6470588235294118,Female,0.5428571428571429,Unknown,Yes,Yes,0.21958883799154666,0.24980938270843314,No,Yes,True,True,False,True,False,False,False,False,True,False
c96dd68d-8c3a-4bc5-b899-bce558934fd2,0.9215686274509803,Female,0.5142857142857143,DSL,Yes,No,0.7917413529841335,0.5400938932742378,Yes,Yes,True,False,False,True,False,False,True,False,False,False
408c7101-c15f-4fc6-856e-1455190d15f5,0.7058823529411765,Female,0.09999999999999999,Fiber optic,Yes,No,0.9764101883201666,0.11283322681899341,No,Yes,False,False,True,True,False,False,False,True,False,False
8550bd85-9ec9-416b-bdf5-10acb704530b,0.27450980392156865,Male,0.7285714285714286,Fiber optic,No,Yes,0.9426630374648699,0.8907011856668647,Yes,No,False,True,False,True,False,False,False,False,False,True
dee9abf5-3f5e-4ba9-87cb-77687eb93163,0.8431372549019608,Female,0.45714285714285713,Fiber optic,Yes,No,0.9184314766868045,0.5390448153863899,Yes,Yes,False,True,False,True,False,False,False,False,True,False
d3f9bf2c-5ed1-4c68-af5b-82586270c42d,0.6862745098039217,Female,0.5857142857142857,Unknown,Yes,Yes,0.8099980083648677,0.9999999999999999,No,No,False,True,False,True,False,False,False,False,True,False
1bc0f326-7a07-4b97-9fdf-deff0c977399,0.27450980392156865,Female,0.3714285714285714,Fiber optic,Yes,No,0.2639580428865432,0.18041922630425442,Yes,Yes,False,True,False,True,False,False,False,False,True,False
1d02429c-1a47-465c-9df2-9fa017765fc1,0.823529411764706,Female,0.09999999999999999,Unknown,Yes,Yes,0.03226448914558855,1.638682152534099e-05,Yes,Yes,False,True,False,False,False,True,False,False,True,False
14c14686-1a7e-4a07-898c-2725f2ff5ccd,0.9215686274509803,Male,0.3142857142857143,Fiber optic,Yes,Yes,0.4794972227754543,0.21753537705915674,Yes,No,True,True,False,True,False,False,False,False,True,False
ef0e2fd8-8888-4a0c-ad2b-c80b62d17338,0.43137254901960786,Female,0.9,Fiber optic,No,Yes,0.00039832702648878726,0.22531269107917498,Yes,No,False,True,False,True,False,False,False,True,False,False
4172ddf0-a6e3-4659-9d47-9eb9996d2c6a,0.09803921568627455,Male,0.2714285714285714,DSL,No,Yes,1.0000000000000002,0.3481913608034297,No,Yes,False,False,False,False,False,True,False,False,False,True
ed3e1141-a14b-452b-b5f8-f2fdb2961e27,0.8823529411764707,Female,0.21428571428571427,DSL,Yes,No,0.33621013963575214,0.10683115179755398,Yes,Yes,False,False,False,False,False,True,True,False,False,False
925cc425-a681-4b07-9520-fe2e4e338edc,0.9607843137254902,Male,0.22857142857142856,DSL,Yes,No,1.0000000000000002,0.2828834508204174,No,Yes,True,True,False,True,False,False,False,False,True,False
58335b55-f4b8-4fbb-bad3-4614bdf86b75,0.8431372549019608,Male,0.2571428571428571,DSL,Yes,No,0.7951713912677865,0.2629798888716452,No,No,False,False,False,False,True,False,False,False,True,False
960b7fcf-be2f-460a-aa26-9dd073dc84a5,0.823529411764706,Female,0.09999999999999999,DSL,No,Yes,0.3948527296465955,0.04089186722047696,Yes,Yes,False,False,False,True,False,False,False,False,False,True
d88b3a58-f6d9-4794-bbf5-f73d1adcda3b,0.8627450980392156,Female,0.5285714285714286,DSL,Yes,No,0.07065878864325392,0.15854924577244103,Yes,No,False,False,False,False,True,False,False,True,False,False
30c2d7f1-3b67-4152-9411-d0a0888c303b,0.3921568627450981,Male,0.5285714285714286,DSL,Yes,Yes,0.20221735378078737,0.2300953937929933,Yes,No,False,False,False,False,False,True,False,False,False,True
48ed8018-e7f3-46d3-8ec1-3ea7fe33cbcd,0.43137254901960786,Female,0.7428571428571429,Unknown,No,Yes,0.6844143486246652,0.709769790862387,Yes,No,True,True,False,True,False,False,False,True,False,False
314e5500-bc20-4685-acf9-a0ea74a48054,0.823529411764706,Female,0.42857142857142855,DSL,No,Yes,0.8580185443360111,0.4772488261734169,No,No,True,False,False,True,False,False,False,True,False,False
c71840be-c87d-4afc-9c3d-52ba649c701a,0.2941176470588236,Female,0.6142857142857143,Fiber optic,No,Yes,1.0000000000000002,0.7962665036981199,Yes,No,False,False,False,True,False,False,False,False,True,False
a0d101ec-8fe3-411f-aef7-afd010438e52,0.9019607843137255,Male,0.8428571428571429,DSL,No,No,0.08603863772156944,0.28554068638933094,No,Yes,False,True,False,False,True,False,False,False,True,False
edd89531-749f-4e31-8ebc-e1d503273c49,0.27450980392156865,Female,0.22857142857142856,Unknown,No,Yes,0.11226183363207864,0.06322453447771184,Yes,Yes,False,True,False,True,False,False,True,False,False,False
bc943445-12c5-4176-898b-20f66879b6d2,0.47058823529411764,Female,0.5428571428571429,Unknown,Yes,Yes,0.0,0.11539406932011079,Yes,Yes,False,False,False,False,True,False,False,False,False,True
cddbb379-fbe0-4fce-ae60-d846353cd2f5,0.6862745098039217,Female,0.5857142857142857,Fiber optic,Yes,No,0.22788731771006215,0.2752796443224322,Yes,No,False,True,False,True,False,False,False,False,True,False
71aa8d31-b988-45c7-9a53-2669a91bedc3,0.1960784313725491,Male,0.6714285714285715,Fiber optic,No,No,0.8482816614662863,0.7510163845723538,Yes,No,True,False,False,True,False,False,False,False,False,True
d3f4e7a5-0a3d-4506-9658-0021e081db3e,0.9803921568627451,Female,0.15714285714285714,DSL,Yes,No,0.1591759056407533,0.04383506889051899,No,Yes,False,False,False,True,False,False,False,False,False,True
7dfef1c0-09e1-4f04-87d3-01824755c350,0.27450980392156865,Male,0.24285714285714283,Unknown,No,Yes,0.5459957069198258,0.18063450415566581,No,No,False,False,False,True,False,False,False,True,False,False
9c08761e-3fc1-44dc-8614-f92e2d200bcc,0.05882352941176472,Female,0.07142857142857142,Unknown,Yes,No,0.43368961472924833,0.02619835058608591,Yes,No,False,True,False,True,False,False,False,False,True,False
a9b3cbd2-9ae6-4b63-a06b-36ea270a5542,0.3921568627450981,Male,0.6,Unknown,Yes,Yes,0.3002500608555179,0.32819943854251105,No,Yes,True,False,False,True,False,False,False,False,True,False
f808731e-9aac-455c-968b-ebae660cd429,0.23529411764705888,Female,0.4857142857142857,Fiber optic,Yes,Yes,0.623890769877625,0.42483991521265746,No,Yes,True,True,False,False,True,False,False,False,False,True
53016648-fde6-4af4-9310-eb534bebed15,0.4117647058823529,Female,0.7571428571428571,Fiber optic,Yes,No,0.49554095023125105,0.5754267722749117,No,Yes,True,True,False,False,True,False,True,False,False,False
a9708965-b57e-40ce-87ad-6fa235a8c065,0.3529411764705882,Male,0.8714285714285714,Unknown,Yes,No,0.3102082365177366,0.4996971651120071,No,No,False,False,False,False,False,True,True,False,False,False
4024292f-9309-4a19-a7aa-ce1b7f85637d,0.6470588235294118,Male,0.9714285714285714,DSL,No,No,0.7020071256279183,0.9523798966473526,No,Yes,False,True,False,True,False,False,False,True,False,False
f02781e8-1545-485b-905e-1b32b5d997e9,0.2549019607843137,Male,0.21428571428571427,Fiber optic,Yes,Yes,0.2495740113744495,0.08781922572589601,No,Yes,False,False,False,False,False,True,True,False,False,False
b337de3c-d2c0-4253-aa52-a8ca9041afd4,0.05882352941176472,Female,0.09999999999999999,DSL,No,No,0.6514417225430968,0.07391131259404349,Yes,No,True,False,True,False,True,False,False,False,False,True
66092f0a-73f9-48ce-ad3d-b5adfb517a47,0.9215686274509803,Female,0.42857142857142855,Unknown,Yes,No,0.998871406758282,0.5437616495038808,Yes,No,True,True,False,True,False,False,False,False,True,False
906d7606-1ba0-4ae7-8b39-9e0f7456b30e,1.0,Female,0.12857142857142856,DSL,Yes,Yes,0.746376330522915,0.11675160502490636,No,No,False,False,True,True,False,False,False,False,False,True
27e0ce70-9be2-4904-b2e3-d19f62a42414,0.5030496196232563,Female,0.7857142857142857,DSL,Yes,Yes,0.40270862378012356,0.5199975451898734,No,No,False,False,False,True,False,False,True,False,False,False
ce0b9fc2-0f8a-4535-93d5-ca5f2f002542,0.5098039215686275,Male,0.9857142857142858,Fiber optic,Yes,No,0.7669565602248336,0.9999999999999999,No,Yes,False,False,False,False,False,True,False,True,False,False
99f4984c-1100-4dce-a960-eb7cdadfd597,0.5490196078431373,Female,0.2714285714285714,Fiber optic,No,Yes,0.8351147403129082,0.2899956526726424,No,No,True,False,False,True,False,False,False,True,False,False
3c7c3be9-ccbd-4e70-8a8f-73bfa9e1eafa,0.9019607843137255,Female,0.05714285714285714,Fiber optic,No,No,0.3002500608555179,0.008773697030804335,Yes,No,True,False,False,True,False,False,True,False,False,False
8c608f6e-bde9-4165-8f2c-ec4b500c4093,0.5294117647058824,Female,0.3142857142857143,DSL,No,Yes,0.7199318418199121,0.30148891945620165,No,No,False,False,False,True,False,False,False,False,False,True
cb5aea41-71de-48e4-a517-c058fc7e2cd2,0.6666666666666666,Female,0.11428571428571427,DSL,No,No,0.4204120471796234,0.05510502506701726,No,Yes,True,False,False,False,False,True,False,False,True,False
2cf154bb-0552-41c5-914a-7da910cc342e,0.13725490196078433,Female,0.8142857142857143,Fiber optic,Yes,No,0.8454048551638673,0.9129776236345519,No,Yes,False,False,False,True,False,False,False,False,True,False
1b976fe6-4eae-426c-8d2c-956ceec7de58,0.2941176470588236,Female,0.8285714285714286,Unknown,No,Yes,0.26661355639646817,0.4360809534688169,No,Yes,True,False,False,True,False,False,False,False,True,False
3f42abb4-9af5-4046-9ffe-99a9dd825a8c,0.8039215686274509,Female,0.7571428571428571,Unknown,No,No,0.9774060058863885,0.952371863891703,Yes,No,True,False,False,True,False,False,False,False,True,False
ce8bbebf-7854-4829-a733-63372b33909a,0.6862745098039217,Male,0.6428571428571429,Fiber optic,No,Yes,0.5757595875102348,0.5340596872301997,Yes,Yes,False,True,False,True,False,False,False,False,False,True
5b458330-f96e-44ec-bd11-7957058f7a2a,0.5686274509803921,Female,0.3,Unknown,Yes,Yes,0.3306778198234083,0.15793233013854574,No,No,False,True,False,True,False,False,False,False,True,False
a10a3950-40a8-4738-859a-fb46150412d6,0.33333333333333337,Female,0.9,Fiber optic,No,Yes,0.4038150877425923,0.6029775176021773,Yes,No,True,False,False,True,False,False,True,False,False,False
1a513c09-f76e-4b6e-a3e8-ce075bab7fcc,0.019607843137254943,Female,0.09999999999999999,Fiber optic,Yes,Yes,0.32459226802983027,0.036803194594790846,Yes,Yes,False,True,False,False,False,True,False,False,False,True
576faac5-620c-45ea-bbd1-b438b58b3426,0.9411764705882354,Female,0.2714285714285714,Fiber optic,No,No,0.10152913319613183,0.0741201642409351,Yes,No,False,False,False,False,False,True,False,False,False,True
50fb2518-032b-47c2-b1c1-2b923f775422,0.23529411764705888,Male,0.7142857142857143,Fiber optic,Yes,No,0.015556883312310532,0.18680848014800833,Yes,Yes,True,False,False,False,True,False,False,False,False,True
b2b13660-875f-44c2-9e97-6499c6693a94,0.05882352941176472,Male,0.5428571428571429,Fiber optic,Yes,Yes,0.29582420500564305,0.29166967895003526,No,No,True,True,False,True,False,False,False,False,True,False
11e5d153-b249-43ae-b026-785306b3b7ab,0.4901960784313726,Male,0.5142857142857143,Fiber optic,Yes,Yes,0.4472991214676139,0.3549549410604586,No,Yes,False,False,False,False,True,False,False,True,False,False
5ca3f574-38a4-49fd-b678-b9af60c3a7bc,0.47058823529411764,Male,0.7000000000000001,Fiber optic,Yes,Yes,0.34008276350439265,0.4154303452446247,No,Yes,True,True,False,True,False,False,False,False,True,False
cc784939-7415-4d21-b0a2-98ddba952858,0.5686274509803921,Male,0.4714285714285714,DSL,Yes,No,0.0,0.07992302692226252,Yes,Yes,False,False,False,True,False,False,False,True,False,False
6cd385b3-536c-4c95-aab7-f5e496e804ce,0.1960784313725491,Male,0.45714285714285713,DSL,No,No,0.5804067361526035,0.3770562649549828,No,No,False,True,False,False,False,True,False,False,True,False
5a7aefdd-0f79-4949-b525-bd4ebc1850ed,0.11764705882352944,Female,0.42857142857142855,Fiber optic,Yes,No,0.09998008364867556,0.13376819459318431,No,No,True,False,False,False,False,True,False,False,False,True
d737a91c-f5b5-40ce-ad1b-e4605932e23c,0.5882352941176471,Male,0.7571428571428571,DSL,Yes,No,0.17322799796410637,0.32148887447277,No,Yes,True,False,False,True,False,False,False,False,True,False
a66865cd-5e1a-4fc1-b9b2-87189e5c3845,0.8431372549019608,Male,0.6142857142857143,DSL,Yes,Yes,0.07331430215317891,0.19269006383470258,No,Yes,True,False,False,False,False,True,False,False,True,False
dbd879b9-3179-47ab-b157-2c4a058d2ec6,0.17647058823529416,Female,0.4714285714285714,Fiber optic,Yes,Yes,0.5155679479519353,0.3563879846683612,No,No,True,True,False,False,False,True,False,False,False,True
23860110-353d-44ef-bef7-4147f7d81121,0.7450980392156864,Male,1.0,Fiber optic,Yes,No,0.04509947111022594,0.3017973772731493,Yes,Yes,True,False,False,False,True,False,True,False,False,False
12ee37ca-1814-4a67-ae8e-92b80ce37fc4,0.23529411764705888,Female,0.8714285714285714,Fiber optic,Yes,No,0.22346146186018728,0.4183590879544973,Yes,No,False,True,False,False,True,False,False,False,True,False
a047ab12-f910-4eaf-9e8f-9b911b786202,0.5882352941176471,Female,0.3142857142857143,Fiber optic,Yes,No,0.43955387373033267,0.20693213960158172,No,No,False,True,False,False,True,False,False,False,False,True
caac3513-25db-4e69-a454-7730f4617af7,0.5030496196232563,Male,0.6428571428571429,Unknown,Yes,No,0.12531810838920981,0.23306751338337414,No,No,False,False,False,True,False,False,False,False,True,False
e53158dd-8a63-4a29-8b17-90f5f1c01071,0.9411764705882354,Female,0.7857142857142857,Unknown,Yes,No,0.4334683219367546,0.5475595363750486,No,No,False,True,False,True,False,False,False,False,True,False
b1a1364a-35ea-4705-9fbb-a96afcf44b17,0.8039215686274509,Male,0.0857142857142857,Unknown,Yes,No,0.31894930182123976,0.02316036239937768,Yes,Yes,True,False,False,False,True,False,False,True,False,False
2e6e26d4-0c9c-4792-8b00-b2d9cb0f55dc,0.8039215686274509,Male,0.8571428571428572,Fiber optic,Yes,No,0.8919869879838016,0.9999999999999999,No,Yes,True,False,False,True,False,False,False,True,False,False
0db85167-9297-435a-8c00-27c71d18351d,0.6862745098039217,Female,0.028571428571428574,Fiber optic,No,No,0.8192923056496051,0.011861488302540565,Yes,Yes,True,False,True,True,False,False,False,False,False,True
71910967-4c63-43bf-9068-01c7c3718079,0.37254901960784315,Female,0.5285714285714286,Unknown,Yes,Yes,1.0000000000000002,0.6927226768226402,Yes,Yes,True,False,False,True,False,False,False,False,True,False
5bdfe923-70d3-4946-b301-84048129819c,0.05882352941176472,Male,0.4714285714285714,DSL,Yes,Yes,0.5249728916329195,0.3607385251282268,Yes,No,True,True,False,True,False,False,False,False,True,False
f20f30a7-360a-462c-a5df-a7e71eae0f93,0.11764705882352944,Female,0.6142857142857143,DSL,Yes,Yes,0.5764234658877161,0.5158333646610803,No,Yes,False,False,False,False,False,True,False,True,False,False
bf989399-b18a-4fb8-ba4e-4c05c516b178,0.0,Female,0.41428571428571426,Fiber optic,Yes,No,1.0000000000000002,0.5156036278494994,Yes,No,False,False,False,False,True,False,False,False,True,False
3a784cdb-a357-4064-ab6a-0115705a9ed4,0.8431372549019608,Male,0.22857142857142856,DSL,Yes,Yes,0.3819071012857112,0.12686805749011087,No,No,False,False,False,True,False,False,False,True,False,False
68451358-3eb6-45ed-a054-ea1fbf41bcb0,0.8627450980392156,Male,0.8285714285714286,Unknown,Yes,Yes,1.0000000000000002,0.6842352672031904,Yes,Yes,True,False,False,False,False,True,False,False,True,False
7cbe6578-98d9-4ec3-8ec0-4f5482f8754a,0.8039215686274509,Female,0.12857142857142856,Fiber optic,Yes,Yes,0.35922459005510193,0.05860409342801703,No,Yes,False,False,False,False,False,True,False,True,False,False
e33e2a5d-ab6e-43fd-a448-6b2bd5050ea2,0.9019607843137255,Male,0.24285714285714283,Fiber optic,Yes,No,0.5437827789948881,0.17873395416895196,No,Yes,False,False,False,True,False,False,False,False,True,False
1d757c98-4650-4e0d-8f08-29686c5f5fb7,0.23529411764705888,Male,0.6285714285714286,Fiber optic,Yes,Yes,0.02916639005067606,0.16784635716137836,No,Yes,True,False,False,False,False,True,False,False,True,False
2514640f-39ca-4c5f-b716-f75103100110,0.4117647058823529,Male,0.8285714285714286,Fiber optic,Yes,Yes,0.807010555666202,0.8971804063738952,Yes,Yes,True,False,False,True,False,False,True,False,False,False
b1edf1ec-886e-4ce3-bf9f-e4fe5aee03ab,0.3921568627450981,Male,0.8714285714285714,DSL,No,Yes,1.0000000000000002,0.9999999999999999,Yes,Yes,False,False,False,True,False,False,False,True,False,False
ae8d16a6-aa24-4117-911c-c6aac06818c1,0.4117647058823529,Male,0.8285714285714286,Fiber optic,Yes,No,0.012458784217398045,0.2156798105040811,No,No,False,False,False,True,False,False,False,True,False,False
578f1394-3626-4c86-8b28-41515fc06c21,0.5294117647058824,Male,0.6857142857142857,Fiber optic,Yes,Yes,0.8260417358206644,0.753005294871214,Yes,No,False,True,False,False,True,False,True,False,False,False
c67b0c34-ebdc-45d1-9da2-3e0d1d04b782,0.1568627450980392,Male,0.8857142857142858,Fiber optic,No,Yes,0.20719644161189676,0.9999999999999999,Yes,Yes,False,False,False,True,False,False,True,False,False,False
8eb5f420-6b95-43ba-b24c-72a8ddcf3aa9,0.4901960784313726,Female,0.44285714285714284,Fiber optic,No,No,0.1582907344707783,0.16909946704272813,No,Yes,True,True,False,False,True,False,False,False,False,True
8e1fceeb-85e4-405d-8e2d-d125d2868f99,0.1568627450980392,Male,0.12857142857142856,DSL,Yes,Yes,0.7069862134590277,0.10839593259811126,No,No,True,False,True,False,True,False,True,False,False,False
e5cdbccd-008e-4c6c-b4cf-a32320f1bdaf,0.27450980392156865,Female,0.14285714285714285,DSL,No,Yes,0.0,0.006877966697480316,Yes,Yes,False,False,False,True,False,False,False,True,False,False
336032b1-1232-4181-8b3a-e29690886855,0.17647058823529416,Female,0.9857142857142858,DSL,Yes,No,1.0000000000000002,0.712635878078192,Yes,Yes,True,False,False,True,False,False,False,False,False,True
2dfa0473-cce9-430f-a6fd-b4b96816e9d6,0.4509803921568628,Female,0.8714285714285714,Fiber optic,Yes,Yes,0.0,0.16710573709047807,No,No,True,False,False,True,False,False,True,False,False,False
0ba68260-7b83-4311-ba05-49899fb0219b,0.8039215686274509,Male,0.6571428571428571,Unknown,Yes,No,0.5531877226758726,0.5359489913590041,No,No,False,False,False,True,False,False,False,False,False,True
c4d04d59-859a-493a-9a3a-e3f3f2de51cd,0.13725490196078433,Male,0.4714285714285714,Unknown,Yes,Yes,0.4510610989400075,0.3268868862693537,Yes,No,True,True,False,False,True,False,False,False,False,True
64e6b7aa-709c-47ec-8f92-25f5d70dc157,0.4509803921568628,Female,0.22857142857142856,Fiber optic,Yes,Yes,0.9527318595233354,0.26713924974704845,Yes,Yes,True,True,False,True,False,False,False,True,False,False
4c5cefa9-3941-47f5-bdc9-48c95ac5ae5a,0.2941176470588236,Male,0.7571428571428571,Fiber optic,Yes,No,0.7367500940494369,0.7651909851917755,No,No,False,False,False,True,False,False,False,False,True,False
82b5531b-27a5-4855-bb47-d2019dd26cc3,0.9411764705882354,Female,0.5571428571428572,Fiber optic,Yes,No,0.07917856115426325,0.17463564223648623,Yes,Yes,True,False,False,True,False,False,False,False,True,False
54d3bd02-9924-4547-a641-a340c46ecdd3,0.4901960784313726,Male,0.2571428571428571,DSL,Yes,Yes,0.3320055765783709,0.13381157147369258,No,No,False,True,False,False,True,False,False,False,False,True
ab8f1252-65aa-415e-b089-b70e429399cd,0.5098039215686275,Male,0.9428571428571428,DSL,Yes,Yes,0.9705459293190821,0.9999999999999999,No,Yes,True,False,False,False,False,True,False,False,True,False
d7ca8cda-db85-4579-bc4f-5c61b56d0e36,0.7058823529411765,Female,0.7428571428571429,Unknown,Yes,No,0.7422824138617807,0.7532768020121731,Yes,Yes,False,True,False,False,False,True,False,False,False,True
10ecdcf5-f1d1-46a5-a5f8-88c76a4bd7cc,0.05882352941176472,Female,0.9,Fiber optic,Yes,No,0.5973356347783754,0.7800258783256009,No,No,True,False,False,False,False,True,False,True,False,False
7fafef26-4045-4af6-b082-d0fe61a8f8cd,0.9607843137254902,Female,0.6571428571428571,Unknown,Yes,Yes,0.5583881032994755,0.5377145910508032,Yes,No,True,True,False,True,False,False,True,False,False,False
6b02ec70-1bbb-41c5-878d-749e37edcc19,0.4509803921568628,Male,0.07142857142857142,Fiber optic,No,No,0.3802474053420081,0.01964362197594864,Yes,No,False,False,False,True,False,False,False,True,False,False
f0cf56ee-b2b8-4745-b73c-0f75162822c0,0.3529411764705882,Female,0.21428571428571427,Fiber optic,Yes,Yes,0.5872668127199097,0.16702219643172142,No,Yes,True,True,False,False,True,False,False,False,True,False
9bbb2f28-737a-4019-b9e1-a8a99057e88e,0.6862745098039217,Male,0.24285714285714283,DSL,Yes,Yes,0.7936223417203303,0.24818194641380834,No,Yes,True,True,False,False,False,True,False,True,False,False
f1e713a6-7d52-457a-aada-2a6d8039fa32,0.7450980392156864,Male,0.7285714285714286,DSL,No,Yes,0.08083825709796633,0.23576009307714627,Yes,No,False,False,False,True,False,False,False,False,True,False
5c8cfb12-0751-48d4-89ca-1e24d5510021,0.17647058823529416,Male,0.6714285714285715,Fiber optic,Yes,Yes,1.0000000000000002,0.867341932237601,Yes,No,True,False,False,True,False,False,False,False,True,False
673b155f-3472-4afc-af2c-8eda40420450,0.5030496196232563,Female,0.6,Fiber optic,No,Yes,0.20465157449821858,0.26966796122556713,Yes,Yes,True,False,False,True,False,False,True,False,False,False
9cb4b820-4e0e-487a-a923-5cba70730936,0.33333333333333337,Female,0.5428571428571429,DSL,Yes,Yes,0.4351280178804577,0.3721803822756282,Yes,Yes,False,False,False,False,True,False,False,True,False,False
2fd4c556-bb69-400c-87b8-dd92d9de6e1e,0.3529411764705882,Female,0.6857142857142857,DSL,Yes,Yes,0.0,0.13916299328750806,No,No,False,False,False,True,False,False,False,False,True,False
b2bdc3ca-5779-4f4a-8426-81e4860ebea5,0.6862745098039217,Male,0.15714285714285714,DSL,Yes,Yes,0.5486512204297507,0.10792681966817008,No,No,False,False,False,True,False,False,False,False,False,True
5d98609c-e2bf-415a-8e4d-ab7be6cf3f33,0.17647058823529416,Male,0.12857142857142856,Fiber optic,Yes,Yes,0.36232268915001437,0.05759196621615759,Yes,No,False,False,False,False,False,True,False,True,False,False
3992fd63-da12-4ce2-a2f8-713b495ce7a0,0.6274509803921569,Female,1.0,Fiber optic,Yes,Yes,0.21615879970789353,0.48002815962820544,Yes,Yes,False,False,False,True,False,False,False,False,True,False
d1b83eb0-1c68-4096-aee9-e862b4903195,0.9607843137254902,Male,0.7714285714285715,DSL,No,No,1.0000000000000002,0.9999999999999999,Yes,No,False,True,False,True,False,False,True,False,False,False
5c269f67-366b-4b76-b6a0-91086276235c,0.07843137254901966,Male,0.0,DSL,No,Yes,0.4134413242160703,0.0,Yes,No,True,True,False,True,False,False,False,False,False,True
a2084f5f-3b77-49d5-a856-2b2b54d1927a,0.9019607843137255,Female,0.6857142857142857,DSL,Yes,No,0.39817212153400167,0.4478955304783634,Yes,Yes,True,False,False,True,False,False,False,False,True,False
8248a49f-76a3-49fd-a8e6-a16b5d509688,0.9411764705882354,Female,0.49999999999999994,Fiber optic,No,Yes,0.45216756290247634,0.34699126710936784,Yes,No,False,False,False,True,False,False,True,False,False,False
4c36d7ac-e08d-4527-8d82-0b57d824fa10,0.5030496196232563,Female,0.2857142857142857,DSL,Yes,Yes,0.06833521432206957,0.0716605344610037,Yes,Yes,False,True,False,True,False,False,False,False,True,False
1049add1-4a9e-44f8-832a-74eaa5c065b4,0.8431372549019608,Male,0.5142857142857143,Fiber optic,Yes,Yes,0.3747150855296643,0.31987589713831466,No,Yes,False,True,False,True,False,False,True,False,False,False
9572807f-d05d-4a05-b2f0-a8c16d9d5a14,0.6470588235294118,Male,0.32857142857142857,DSL,Yes,No,0.3119785788576866,0.16993648018142457,No,No,True,True,False,False,True,False,False,False,True,False
55cd3091-83f7-4164-aa2d-38c9dc929551,0.6274509803921569,Male,0.7714285714285715,DSL,No,Yes,0.4543804908274139,0.5524996810996007,Yes,No,True,False,False,False,True,False,False,False,True,False
79c4c4bd-fcc1-4b06-b6c3-7ee0d7fe0a71,0.3921568627450981,Male,0.34285714285714286,Unknown,Yes,Yes,0.8875611321339265,0.38940743004192774,No,No,False,True,False,True,False,False,False,False,False,True
5f25aacc-c839-4c48-88a3-df2b2d420c3c,0.3137254901960784,Male,0.0857142857142857,Fiber optic,Yes,No,0.15309035384717523,0.008685336718657871,No,Yes,False,False,False,True,False,False,False,False,True,False
0684484e-80c4-46fd-bdb5-6309b008ea5c,0.4117647058823529,Female,1.0,DSL,No,No,0.6121622518754564,0.8838187206262207,No,Yes,False,False,False,False,False,True,False,False,True,False
f35a34bc-41f0-451b-8caf-867e6f9afcac,0.9215686274509803,Male,1.0,Unknown,Yes,No,0.0,0.23504357127319495,No,No,True,False,False,True,False,False,False,True,False,False
442e28fc-2f6f-4b21-9330-609f254bf6bb,0.7058823529411765,Male,0.32857142857142857,Fiber optic,Yes,Yes,0.29029188519329924,0.16329339125914086,No,Yes,True,True,False,True,False,False,False,True,False,False
4ec16586-462b-49b7-8753-a51b658ba273,0.27450980392156865,Male,0.14285714285714285,Unknown,Yes,Yes,0.4627896169421762,0.0849483188567011,No,No,True,False,False,True,False,False,False,True,False,False
8680859f-b1a2-467a-9b4b-22cfb0b19a3a,0.5030496196232563,Female,0.15714285714285714,Fiber optic,Yes,No,0.02197437429462923,0.01860578994601024,Yes,Yes,False,False,False,False,True,False,False,False,False,True
43ad6120-6325-449a-9df5-ebbac55e3712,0.5294117647058824,Female,0.4857142857142857,Fiber optic,Yes,Yes,0.5416804974661977,0.3809023483600486,No,No,False,True,False,True,False,False,False,True,False,False
2b4259b8-3eb7-41e5-af32-a18f5ffe3996,0.11764705882352944,Female,0.8857142857142858,Unknown,No,No,0.28309986943725246,0.4809165824030598,No,No,False,False,False,False,True,False,False,True,False,False
8eeb3697-8a1d-43f4-b690-8af4f0c1f45c,0.607843137254902,Male,0.9571428571428572,DSL,Yes,No,1.0000000000000002,0.9999999999999999,No,Yes,False,False,False,False,True,False,False,False,True,False
32fdfcd0-9bc4-4125-a256-6a712b83f990,0.1960784313725491,Female,0.8,Fiber optic,Yes,No,0.6379428622009782,0.7291656826540995,No,No,False,False,False,False,False,True,False,False,True,False
106a47f9-e95d-4280-a713-c032a1480257,0.17647058823529416,Female,0.17142857142857143,Fiber optic,Yes,Yes,0.20996260151806861,0.05829081595767958,Yes,Yes,False,True,False,True,False,False,False,False,True,False
fc074b28-1d85-414b-93e1-8b43a5d2ce14,0.1568627450980392,Female,0.3142857142857143,DSL,Yes,Yes,0.05339795082874155,0.07516924212878306,No,Yes,True,True,False,False,True,False,False,False,False,True
eb29f373-46b9-4048-99e5-60a6dd66a730,0.5030496196232563,Male,0.5428571428571429,DSL,Yes,No,0.0,0.11461328547096206,Yes,Yes,True,False,False,True,False,False,False,True,False,False
24946487-77ef-45fb-874f-61fa64ed2680,0.23529411764705888,Female,0.15714285714285714,DSL,No,Yes,0.04023102967536346,0.020503126830464194,No,No,False,False,False,True,False,False,False,False,False,True
8682ad19-2f98-4fdf-8417-0af5877fee6c,0.47058823529411764,Male,0.4714285714285714,Fiber optic,Yes,Yes,0.6922702427581935,0.4463660938026647,No,Yes,True,False,False,True,False,False,True,False,False,False
a5a793b3-c002-4f39-9e6f-41a6ea240fa8,0.019607843137254943,Male,1.0,Fiber optic,Yes,Yes,0.8857907897939765,0.9999999999999999,No,No,False,True,False,True,False,False,False,False,True,False
d9aa45df-1170-472a-a2ed-246d66875bee,0.6666666666666666,Female,0.42857142857142855,Fiber optic,Yes,Yes,0.11314700480205364,0.1430187159993535,No,Yes,False,True,False,False,False,True,False,False,True,False
e0331a55-d514-47ca-88fc-4e92eaa60b2d,0.11764705882352944,Male,0.8714285714285714,DSL,Yes,Yes,0.384673261191883,0.564441175648412,Yes,Yes,True,False,False,True,False,False,False,False,False,True
7955a9ca-173d-46fd-9a54-87da21655001,0.3921568627450981,Female,0.17142857142857143,Fiber optic,No,No,0.33167363738963024,0.08057689323214631,No,No,True,False,False,True,False,False,False,True,False,False
7a583bcc-d354-4969-aebe-5939f83c9623,0.33333333333333337,Male,0.42857142857142855,Unknown,No,Yes,0.6528801256943062,0.3854296094442071,Yes,No,True,False,False,True,False,False,False,False,True,False
5245d6b1-1fde-4733-99de-7d481822dc30,0.03921568627450983,Female,0.014285714285714285,Fiber optic,Yes,Yes,0.14191506782624097,0.0,No,No,False,False,False,False,True,False,False,True,False,False
a3147119-290b-4ce1-9314-89e85a67f706,0.8039215686274509,Female,0.19999999999999998,Fiber optic,No,Yes,0.9945561973046539,0.24287711458276098,Yes,No,True,True,False,True,False,False,False,False,True,False
6d8eb2a6-c1c3-4c17-b0da-7cac88f4babf,0.7450980392156864,Female,0.8,Fiber optic,Yes,Yes,0.7459337449379275,0.8144735476536802,Yes,No,False,False,False,False,False,True,True,False,False,False
c65a821d-ee9d-4427-849c-1d5bd3a0b9ea,0.7843137254901961,Male,0.4714285714285714,Fiber optic,Yes,No,0.9965478324370978,0.5933414239248236,No,Yes,True,True,False,False,False,True,True,False,False,False
ad853e3e-ccd8-40f5-9b98-680b42fd3d7d,0.9411764705882354,Female,0.9571428571428572,Fiber optic,Yes,No,0.2466972050720309,0.49047234852391686,No,Yes,False,False,False,False,False,True,False,True,False,False
fdae15ce-1676-4a32-acba-c0f682032b5f,0.1960784313725491,Male,0.39999999999999997,Unknown,Yes,Yes,0.5900329726260816,0.33253873314446714,Yes,No,True,False,False,True,False,False,False,False,True,False
ee1a83c7-a0c2-4389-b2d9-1608ca45e629,0.7450980392156864,Female,0.9285714285714286,Fiber optic,No,No,0.750027661599062,0.9536105148128833,No,No,False,False,False,False,True,False,False,False,True,False
580889b4-c46c-4c16-ab09-a2dff966cc51,0.4509803921568628,Male,0.21428571428571427,Unknown,Yes,Yes,0.7264599791984776,0.19862466370868473,No,No,False,False,False,True,False,False,False,False,True,False
ec09b07e-9373-4171-875e-d4979939d6a9,0.8823529411764707,Male,0.5428571428571429,DSL,Yes,No,0.0,0.10487919217468222,Yes,No,False,True,False,False,False,True,False,True,False,False
f756094c-0aef-4689-a29c-4bab12628675,0.3529411764705882,Female,0.5142857142857143,DSL,No,Yes,1.0000000000000002,0.6754811700961713,No,Yes,False,True,False,False,True,False,False,False,True,False
075e6ac7-2233-489f-8e8d-90f323b84725,0.05882352941176472,Female,0.2857142857142857,DSL,Yes,Yes,0.9666733054504417,0.34514052020768204,Yes,Yes,False,False,False,True,False,False,False,False,True,False
c9af48e5-b42e-4dda-b44c-fb28c2a82965,0.4901960784313726,Female,0.6142857142857143,Fiber optic,No,Yes,0.07231848458695705,0.18958138739827718,No,No,True,False,False,False,True,False,False,False,False,True
0d0ce553-f57b-42a8-935b-dcd742159ab8,0.7254901960784313,Female,0.2571428571428571,Fiber optic,Yes,No,0.5412379118812101,0.19318970123611254,Yes,Yes,False,False,False,True,False,False,False,False,False,True
363ad072-f86c-4e38-931b-27c5e8219aa5,0.8039215686274509,Female,1.0,DSL,Yes,Yes,0.2878576644758681,0.5507003438340727,No,Yes,False,False,False,True,False,False,False,True,False,False
ade8e643-4a4d-4472-a81f-3e1a09902da4,0.607843137254902,Male,0.09999999999999999,DSL,No,No,0.9122352784969794,0.10548325539953801,Yes,Yes,False,False,True,True,False,False,False,True,False,False
9de286cb-2805-4c21-93b8-c096bb6d1611,0.7450980392156864,Female,0.9285714285714286,Unknown,Yes,Yes,0.7115227157051496,0.9165313147339695,Yes,Yes,True,True,False,False,False,True,False,False,False,True
27e16f33-4a29-4daa-9b0c-504867b39a82,0.8627450980392156,Female,0.5714285714285715,Unknown,No,No,0.18705879749496562,0.245246777499416,No,No,True,True,False,False,False,True,False,True,False,False
a27344d4-454f-4fcc-a14d-aebcb202004e,0.8823529411764707,Male,0.9857142857142858,Fiber optic,Yes,Yes,0.0,0.22873303843480788,No,Yes,True,True,False,False,True,False,True,False,False,False
d7f1281c-2e27-4634-a1e8-2f31314196f7,0.6862745098039217,Female,0.8571428571428572,Fiber optic,No,No,0.2625196397353338,0.4486152653845745,No,No,True,False,False,False,False,True,False,False,True,False
875dcaf9-ee40-45bd-9b3a-d3e5d3ed638b,0.7647058823529412,Female,0.35714285714285715,Fiber optic,Yes,Yes,0.0,0.06300283042178073,No,No,False,False,False,True,False,False,False,True,False,False
c9b108fc-a8f1-4df2-ad6b-82fcc033a699,0.7058823529411765,Male,1.0,Fiber optic,Yes,Yes,0.09610745978003504,0.35580962626158436,No,Yes,True,True,False,False,False,True,True,False,False,False
57aa52c5-932a-42d3-a5be-6a0a3f16e83b,0.6274509803921569,Female,0.9857142857142858,Unknown,No,No,0.6435858284095688,0.9023229765408189,Yes,Yes,True,False,False,True,False,False,False,False,False,True
125573a7-2eab-4d95-8387-3df7dd2d2597,0.6862745098039217,Female,0.39999999999999997,DSL,Yes,No,0.7641904003186617,0.405440810318685,Yes,Yes,False,True,False,False,True,False,True,False,False,False
6ba70297-e681-428d-b7e6-0ba74cca3dce,0.03921568627450983,Female,0.9285714285714286,Fiber optic,No,No,0.4575892363185731,0.672468886727542,Yes,No,False,True,False,False,True,False,False,False,False,True
0c22b420-d671-4454-bdb7-86b08be57a01,0.1568627450980392,Male,0.2571428571428571,Fiber optic,No,Yes,0.6039744185531877,0.2070799423055358,Yes,Yes,False,False,False,True,False,False,False,False,True,False
26fb76ce-a90e-4781-a844-64ea34d701ff,0.13725490196078433,Female,0.9571428571428572,Fiber optic,No,Yes,0.11226183363207864,0.3524181968262903,No,Yes,True,False,False,True,False,False,True,False,False,False
be88dbda-e39d-4346-8c91-add40fcaf039,0.6274509803921569,Male,0.8142857142857143,Fiber optic,No,Yes,0.29029188519329924,0.44557406409560646,Yes,Yes,True,False,False,True,False,False,False,True,False,False
54af758b-765e-4514-b492-cf9c565220b8,0.09803921568627455,Female,0.9857142857142858,Fiber optic,Yes,Yes,0.7285622607271682,0.9913676794686298,Yes,No,False,False,False,False,False,True,True,False,False,False
de52e0dd-bd1d-4f06-a893-b218bb479cb4,0.7843137254901961,Male,0.8,DSL,Yes,Yes,0.34351280178804583,0.48150458011661623,Yes,No,True,True,False,True,False,False,False,False,True,False
20f1c093-9bed-4f5b-b4ff-fc66510e97e2,0.7450980392156864,Female,0.5142857142857143,Fiber optic,Yes,Yes,1.0000000000000002,0.2913981718090761,Yes,No,True,False,False,True,False,False,False,True,False,False
84e4a220-3062-471c-b65e-120c2122d80c,0.05882352941176472,Male,0.8571428571428572,DSL,Yes,No,0.15441811060213773,0.34983486260935387,Yes,No,True,False,False,False,True,False,False,False,True,False
7fa48b59-90df-42d6-9af2-5ee3febad5e5,0.23529411764705888,Male,0.41428571428571426,DSL,Yes,No,0.5978888667596098,0.3473495280113435,No,Yes,False,False,False,True,False,False,False,False,True,False
873af705-dfb0-4f2b-ad9f-efaa68bae0bc,0.9411764705882354,Male,1.0,DSL,Yes,Yes,0.8354466795016489,0.9999999999999999,Yes,No,True,True,False,True,False,False,False,False,True,False
2fd7478a-cc5d-4520-b2a8-df6474453898,0.019607843137254943,Male,0.34285714285714286,Fiber optic,Yes,Yes,0.4591382858660294,0.2341985253788488,No,Yes,False,True,False,False,True,False,False,False,True,False
cbbc8fb3-3681-4523-b21c-4d904c6ec9fd,0.07843137254901966,Male,0.9142857142857143,Fiber optic,Yes,Yes,0.06756068954834143,0.29587723635933655,No,No,False,True,False,True,False,False,False,False,False,True
c6933dd4-26cb-4d81-ba6a-fc1d8c8d0763,0.8431372549019608,Male,0.07142857142857142,Fiber optic,Yes,No,0.8674234880169955,0.0665163577429499,No,No,False,True,True,False,True,False,True,False,False,False
a40b77b0-3532-4aa0-b87d-4ae63f37193e,0.5098039215686275,Female,0.24285714285714283,Fiber optic,No,Yes,0.01876562880346988,0.04391378989588584,No,Yes,True,False,False,True,False,False,False,True,False,False
65c30a8f-c9b5-4bd4-a065-3aee458033f9,0.5030496196232563,Female,0.12857142857142856,Fiber optic,Yes,No,0.46168315297970747,0.07365265786212385,No,Yes,True,True,False,True,False,False,False,True,False,False
b0bb7524-8a45-4edb-af5b-50e092779b8f,0.3921568627450981,Male,0.14285714285714285,Fiber optic,Yes,Yes,0.22866184248379035,0.04703692529248065,Yes,No,False,False,False,True,False,False,False,True,False,False
adfbe6b8-285a-41d6-945a-ec7a7f8ddf0b,0.13725490196078433,Male,0.9142857142857143,Fiber optic,No,Yes,0.9757463099426853,0.9999999999999999,Yes,Yes,True,False,False,True,False,False,False,False,False,True
da538ed8-88f1-4b32-bbf3-806cb9d73b25,0.7254901960784313,Male,0.9142857142857143,Fiber optic,Yes,No,1.0000000000000002,0.9454893988510589,No,Yes,False,False,False,False,False,True,True,False,False,False
02a5143d-7bdd-4906-ab11-02ab4726a169,0.13725490196078433,Male,0.7285714285714286,Fiber optic,No,No,0.5664652902254974,0.6038370224566929,Yes,No,False,True,False,False,False,True,False,True,False,False
0e63b1d2-eb36-47d6-beea-ec73a550653e,0.9607843137254902,Female,0.9428571428571428,Fiber optic,Yes,Yes,0.6786607360198278,0.8958501820383084,Yes,No,True,False,False,True,False,False,False,False,False,True
95da3654-38fc-4711-8a2b-755d6823649d,0.03921568627450983,Male,0.42857142857142855,Unknown,Yes,Yes,0.5291774546903008,0.32828458575239766,Yes,No,False,True,False,True,False,False,True,False,False,False
88f71e5a-ce6a-4a6d-8e48-46642089f293,0.8431372549019608,Female,0.22857142857142856,Unknown,Yes,No,0.10307818274358804,0.06223811208393137,No,No,False,True,False,True,False,False,False,False,False,True
b9a4d359-33fa-445d-bbe6-331c64573799,0.5030496196232563,Female,0.7714285714285715,DSL,No,Yes,0.724357697669787,0.7678594666185986,Yes,Yes,False,True,False,True,False,False,False,False,True,False
f3041891-b176-4424-89fe-aa8f63422405,0.4117647058823529,Male,0.49999999999999994,DSL,Yes,No,0.484918896191551,0.36611886486238115,No,Yes,False,False,False,True,False,False,False,False,False,True
f2f47dea-a6e6-4c9d-895e-9ebb667adb27,0.09803921568627455,Male,0.35714285714285715,Fiber optic,No,No,0.6415941932771252,0.3130994644722463,No,No,False,True,False,False,False,True,True,False,False,False
b1d9bb58-e430-4128-a150-e8b1cfa16b11,0.019607843137254943,Female,0.7428571428571429,Fiber optic,Yes,No,0.0,0.17473364185541232,Yes,No,False,False,False,True,False,False,True,False,False,False
d2009075-82ad-44ce-b4a8-0e44af31f277,0.43137254901960786,Female,0.22857142857142856,DSL,Yes,Yes,0.09688198455376312,0.05856874930315844,Yes,Yes,False,True,False,True,False,False,False,False,True,False
17dc12cb-5252-496c-868a-37467a0e6112,0.8431372549019608,Male,0.34285714285714286,Unknown,Yes,Yes,0.5919139613622784,0.28199181494330317,No,Yes,False,False,False,True,False,False,False,False,False,True
b18878e8-3084-4361-8868-8026a63cb9e4,0.019607843137254943,Male,0.014285714285714285,DSL,Yes,No,0.4480736462413419,0.0,Yes,Yes,True,False,False,True,False,False,False,True,False,False
b7cc1c7c-ffa8-4008-8585-90a00034cfd6,0.7254901960784313,Male,0.05714285714285714,Unknown,Yes,Yes,0.19082077496735933,0.0,Yes,No,True,False,False,False,True,False,False,True,False,False
35e49a79-4d01-4ef8-821f-20a08c29f02d,0.3137254901960784,Female,0.04285714285714286,Fiber optic,No,Yes,0.20620062404567485,0.0,Yes,Yes,True,True,False,True,False,False,False,False,True,False
7587836e-2a00-4497-8a87-9fe948f56df9,0.6666666666666666,Female,0.49999999999999994,Fiber optic,Yes,No,0.6387173869747063,0.4457893419470178,No,No,True,False,False,True,False,False,False,False,True,False
f6c6a25c-1fad-43b0-94fc-89bad451f641,0.6470588235294118,Male,0.07142857142857142,DSL,Yes,Yes,0.005045475668857491,0.0,No,No,True,False,False,True,False,False,True,False,False,False
e26a8e7b-6468-4f29-9e64-848ee4897928,0.43137254901960786,Female,0.2857142857142857,DSL,Yes,No,0.4203014007833766,0.17773146626387215,Yes,No,False,True,False,False,False,True,False,False,False,True
5ed736eb-3a1e-4ab6-a325-dd4a91c09394,0.5686274509803921,Female,0.35714285714285715,Fiber optic,No,No,0.5185554006506008,0.2667440381690843,No,No,True,False,False,True,False,False,False,False,True,False
994965d1-f857-4032-b612-58480ece5b10,1.0,Male,0.7714285714285715,DSL,No,No,0.2806656487198213,0.4131394033333365,No,Yes,False,False,False,False,False,True,False,False,True,False
3ba90e07-3ad9-4cc8-afe7-a8183f46608b,0.13725490196078433,Male,0.5428571428571429,Fiber optic,No,No,0.847617783088805,0.6062645212140256,Yes,Yes,False,False,False,True,False,False,False,True,False,False
d48e25af-7020-4608-a721-7d88cbb0975e,0.4117647058823529,Female,0.45714285714285713,Fiber optic,No,Yes,0.002611254951426223,0.09848993833092831,Yes,No,False,False,False,False,False,True,True,False,False,False
fd6f4b79-cc86-487d-a47a-939c0dcb25a2,0.8431372549019608,Female,0.1857142857142857,DSL,No,Yes,0.897740600588639,0.20619473263294127,No,Yes,False,True,False,False,True,False,False,False,False,True
06279ac7-8ca7-4dcd-84e0-07b4f1ca5830,0.5030496196232563,Male,0.7857142857142857,DSL,No,No,0.7400694859368431,0.7929120249388144,No,Yes,True,True,False,True,False,False,False,False,True,False
9b8fd909-5985-405b-8573-e811c9c15a65,0.07843137254901966,Male,0.2857142857142857,Fiber optic,No,Yes,0.4335789683330014,0.18395845844350256,No,No,False,False,False,False,False,True,False,False,False,True
6a74279e-1ffa-4b86-9cf4-596728f1f6d5,0.23529411764705888,Male,0.6428571428571429,DSL,Yes,No,0.9626900351855541,0.7947242146133817,Yes,Yes,False,True,False,False,True,False,False,False,True,False
2d8dc785-1634-4908-b933-937a59059181,0.5490196078431373,Male,0.21428571428571427,DSL,Yes,No,0.7167230963287525,0.19786797812648504,No,No,False,False,False,True,False,False,False,False,False,True
492975db-0517-49d5-9acf-5588417ce30a,0.5882352941176471,Male,0.21428571428571427,Fiber optic,Yes,Yes,0.9698820509416008,0.25557690126490196,No,Yes,True,False,False,True,False,False,False,False,True,False
0f7912fa-0259-4388-be86-6ce154f3351b,0.9019607843137255,Female,0.39999999999999997,Unknown,Yes,No,0.4626789705459294,0.27611344435886875,Yes,Yes,False,False,False,False,True,False,False,False,False,True
e2594294-9dff-47fe-ae32-1da99d20e85c,0.2941176470588236,Female,0.09999999999999999,Fiber optic,Yes,Yes,0.440992276881542,0.05115933549189542,No,Yes,False,False,False,False,True,False,False,False,True,False
fd5e5bfd-a127-4a03-875e-fda5a1c30b00,0.8039215686274509,Female,0.028571428571428574,DSL,Yes,Yes,0.5269645267653633,0.0015152990257552568,Yes,No,False,False,True,False,True,False,True,False,False,False
bea72fe3-3159-4dcc-8676-1674e0cde7ae,0.5686274509803921,Female,0.2571428571428571,Fiber optic,No,No,0.012126845028657407,0.04686984397496736,Yes,No,True,True,False,False,True,False,True,False,False,False
9f007485-bffd-459a-a346-8caec6d81306,0.2941176470588236,Male,0.9285714285714286,Unknown,Yes,No,0.9449866117860541,0.9999999999999999,Yes,Yes,False,True,False,False,True,False,False,False,True,False
a6dc34e7-e00e-4d9e-b1d5-a9f6b6b8b78e,0.21568627450980393,Male,0.3,Fiber optic,No,Yes,0.678550089623581,0.2730336858427822,No,Yes,False,False,False,False,True,False,False,False,True,False
35e4b944-7409-4a53-b502-b3721dd826c7,0.3137254901960784,Male,0.6428571428571429,Fiber optic,No,Yes,0.6231162451038972,0.5672060501430312,No,No,False,False,False,True,False,False,False,False,True,False
77a03533-57d9-473d-bd92-6c5c8fb40ae6,0.2941176470588236,Female,0.17142857142857143,Fiber optic,No,Yes,0.9649029631104917,0.19674178578440019,No,Yes,False,False,False,True,False,False,True,False,False,False
adc01a38-21b9-4ca6-a2d4-7d83649c1ae6,0.21568627450980393,Female,0.45714285714285713,Fiber optic,No,Yes,1.0000000000000002,0.5953415800815934,No,Yes,True,False,False,False,False,True,False,False,True,False
1bfc3e4a-cedf-47f8-8e5f-9ee228d3bc45,0.13725490196078433,Female,0.05714285714285714,DSL,No,Yes,0.12056031335059425,0.0,Yes,Yes,True,False,False,True,False,False,False,False,True,False
bf6cc3fe-ad55-4767-8a27-78a4848a7c77,0.37254901960784315,Male,0.3714285714285714,Fiber optic,Yes,Yes,0.76850560977229,0.3754834513987758,No,No,True,False,False,True,False,False,True,False,False,False
63a6099e-2e92-4fa5-aa91-3c0789c8dcd8,0.03921568627450983,Female,0.32857142857142857,Fiber optic,Yes,No,0.5814025537188254,0.26505876603378187,No,Yes,True,True,False,False,True,False,True,False,False,False
668b6169-c1a7-4aaa-963f-a760dd8d6cc1,0.2941176470588236,Male,0.9428571428571428,Unknown,Yes,No,0.4498439885812919,0.6759165454523839,No,Yes,True,False,False,True,False,False,False,False,True,False
17745a4b-574c-4855-9c56-0fc0e1573e46,0.5686274509803921,Male,0.8857142857142858,DSL,No,Yes,1.0000000000000002,0.9999999999999999,Yes,No,True,False,False,True,False,False,False,False,False,True
8f010074-edf1-4d15-bdb1-b61188819c2d,0.8627450980392156,Male,0.6714285714285715,DSL,No,Yes,0.8805904091703733,0.7715834521377892,No,Yes,True,False,False,True,False,False,False,True,False,False
50a704eb-8f06-4624-803e-9382a6f28c5c,0.43137254901960786,Male,0.8857142857142858,Fiber optic,No,No,0.7106375445351745,0.872932730169777,Yes,No,False,True,False,False,True,False,False,True,False,False
5ae7c449-a62c-497b-bf1a-2c7fecbe78c7,0.5294117647058824,Male,0.15714285714285714,Fiber optic,Yes,No,0.3632078603199895,0.07696054663866125,No,No,False,False,False,False,False,True,False,False,True,False
189ab745-f7aa-4d92-9efb-ea8bacd42fcf,0.5030496196232563,Male,0.3857142857142857,Fiber optic,Yes,No,0.6766691008873842,0.3534881598788275,No,Yes,True,False,False,True,False,False,False,True,False,False
a2495397-4021-456f-aa5e-bdccb0b01515,0.7647058823529412,Female,0.6142857142857143,DSL,Yes,Yes,0.528070990727832,0.4845216831386353,No,Yes,True,True,False,True,False,False,False,False,False,True
b204f89e-8db2-47ce-a44b-a68da69efb5d,0.07843137254901966,Male,0.6,DSL,Yes,Yes,0.21571621412290604,0.27511416955604884,Yes,No,False,False,False,True,False,False,False,True,False,False
f0e4a650-e4e3-4529-bc15-30db8fd0a688,0.37254901960784315,Male,0.22857142857142856,Fiber optic,Yes,Yes,0.4381154705791233,0.14277773332986318,Yes,Yes,False,False,False,True,False,False,False,False,False,True
defc1078-da5b-4d85-bedd-22269e69baa7,0.5030496196232563,Female,0.5571428571428572,Fiber optic,Yes,No,0.1745557547190688,0.23121676648168835,Yes,Yes,True,False,False,True,False,False,True,False,False,False
acecb6a5-4021-4c98-aa5e-0607a371e210,0.8431372549019608,Male,0.6857142857142857,Unknown,No,Yes,0.4934386687025604,0.5140179618842531,No,No,False,False,False,True,False,False,True,False,False,False
ba9b85a1-b06c-439b-9fdb-21e53a62f99d,0.0,Female,0.8,Fiber optic,Yes,Yes,0.7366394476531899,0.8076714101695328,No,No,True,True,False,True,False,False,False,False,False,True
919a44df-dc81-4a1e-a584-11fae34a25e2,0.5686274509803921,Female,0.9,Fiber optic,Yes,Yes,0.0,0.20959419482388505,No,Yes,False,False,False,True,False,False,True,False,False,False
c6667090-713c-4192-9db5-5b37f6a773e2,0.3921568627450981,Female,0.8,Fiber optic,No,Yes,0.7866516187567774,0.8489533480043582,Yes,Yes,False,True,False,True,False,False,False,False,True,False
a1f71a9c-c89b-447f-ba79-e04896a18b6a,0.37254901960784315,Male,0.9857142857142858,Fiber optic,Yes,No,0.0,0.21036533936625412,Yes,Yes,True,False,False,False,True,False,False,False,True,False
f1f8093c-b93f-4530-b8f1-ea969745327a,0.09803921568627455,Male,0.6,Fiber optic,Yes,Yes,0.5121379096682821,0.45979846780005634,Yes,No,False,True,False,False,False,True,False,False,False,True
baa74ee2-0832-47a4-9173-739a1aa5584a,0.4117647058823529,Female,0.3142857142857143,Unknown,Yes,No,0.5743211843590255,0.2511669184132287,Yes,No,True,True,False,False,False,True,False,True,False,False
99b3a8fd-f4b4-4387-a32e-935de55e9071,0.33333333333333337,Male,0.3714285714285714,DSL,Yes,Yes,0.7820044701144084,0.37860337369311076,No,No,False,True,False,False,True,False,False,False,False,True
6374a8d0-f4fa-4e79-a7ff-66c4159a0a3a,0.13725490196078433,Male,0.8142857142857143,Fiber optic,Yes,Yes,0.7817831773219146,0.8583356066031822,No,No,False,True,False,True,False,False,True,False,False,False
7f863a23-bdf8-4428-8388-9f5c238e58ba,0.7450980392156864,Female,0.5142857142857143,DSL,Yes,Yes,0.40171280621390165,0.3352779028210073,No,No,False,False,False,False,True,False,True,False,False,False
35e93b4e-90ee-4dc3-be73-f689780aa0c6,0.607843137254902,Female,0.07142857142857142,Fiber optic,Yes,Yes,0.01323330899112618,0.0,Yes,Yes,True,False,False,True,False,False,False,False,True,False
dd07ead4-a282-489e-a169-8f672d61197d,0.6274509803921569,Male,0.9142857142857143,Fiber optic,Yes,Yes,0.7070968598552745,0.9004770492925229,Yes,Yes,False,False,False,False,True,False,False,False,True,False
9825cc50-29b4-4c8c-84cf-99abcebfa8cd,0.2941176470588236,Female,0.07142857142857142,DSL,Yes,No,0.5051671867047289,0.03497654596005407,Yes,No,False,True,True,False,True,False,True,False,False,False
61e96fef-718f-4bac-b296-f0dd04261972,0.21568627450980393,Female,0.7000000000000001,Unknown,No,No,0.3083272477815398,0.3939089863080073,No,Yes,False,False,False,False,True,False,False,True,False,False
7179c51c-a7b7-42e2-a8d2-edaae5376ab5,0.7254901960784313,Female,0.3,DSL,Yes,Yes,0.1996724866671093,0.1182649761893057,No,Yes,True,False,False,False,False,True,False,False,True,False
5a76634d-01c9-4318-a2c9-33199d7fff9f,1.0,Male,0.34285714285714286,Fiber optic,No,Yes,0.07231848458695705,0.09410566029733405,Yes,Yes,True,False,False,False,True,False,False,False,False,True
d22b0683-af28-4f6b-9279-d9e0e8454df7,0.6470588235294118,Male,0.7142857142857143,Unknown,Yes,No,0.26628161720772753,0.37303506747675397,Yes,No,False,False,False,False,True,False,False,False,True,False
e4bf2c83-835b-4427-bc7d-848b77bae504,0.2549019607843137,Male,0.6714285714285715,DSL,Yes,Yes,0.4470778286751201,0.47417549386185,No,Yes,False,True,False,True,False,False,False,False,True,False
b820b460-cf28-46c9-b89f-2fb84eadcff8,0.6862745098039217,Female,0.9857142857142858,Fiber optic,No,Yes,0.4682112903582731,0.7273374274682327,No,Yes,False,True,False,False,False,True,False,False,True,False
ec14306b-cd3d-444c-8f1f-34ebffa27fd5,0.6274509803921569,Male,0.9142857142857143,DSL,Yes,Yes,0.5845006528137378,0.7821143947945172,Yes,No,False,False,False,True,False,False,False,False,False,True
f73786f1-323a-4b97-983b-a47e1e82ac35,0.43137254901960786,Female,0.8428571428571429,DSL,Yes,No,0.34085728827812084,0.5080608702944518,No,Yes,True,False,False,False,False,True,False,False,True,False
85dfc59e-e14c-4e41-9c59-5239f9ad316d,0.9607843137254902,Male,0.6428571428571429,Fiber optic,Yes,Yes,0.9576003009581979,0.7918163570681983,Yes,No,False,False,False,True,False,False,False,False,True,False
dfa24849-0609-4616-94c3-e320462ea0e2,0.8627450980392156,Male,0.49999999999999994,Unknown,Yes,Yes,0.4884595808714511,0.3683294792171725,No,Yes,True,True,False,True,False,False,True,False,False,False
0e2eab77-0530-4bf0-8678-6196d80ccb59,0.5030496196232563,Female,0.8142857142857143,DSL,No,Yes,0.4085728827812078,0.5450918738394676,Yes,No,False,False,False,False,False,True,False,True,False,False
8c1227cf-f32d-4ebe-8d21-45febd00a427,0.7843137254901961,Male,0.5285714285714286,Fiber optic,No,Yes,0.0,0.11600455874948629,Yes,Yes,False,False,False,True,False,False,False,False,True,False
f64b1ca2-357d-44af-8ff8-bee74a4a26c4,0.3921568627450981,Female,0.14285714285714285,Fiber optic,Yes,Yes,0.6025360154019785,0.1045980457269435,Yes,No,False,False,True,False,False,True,True,False,False,False
d9f0c157-220f-4226-9a16-f41184942706,0.5030496196232563,Male,0.15714285714285714,Unknown,Yes,No,0.6068512248556066,0.119130907248341,Yes,No,True,False,False,True,False,False,False,False,True,False
a3ecce6c-7a3b-4c72-b053-f07640b3b97a,0.5098039215686275,Male,0.5857142857142857,DSL,Yes,No,0.585164531191219,0.49248375053859617,No,No,False,True,False,False,False,True,False,True,False,False
1636c1d0-b95e-4ef5-ada1-01145c549bc1,0.1568627450980392,Female,0.5428571428571429,Fiber optic,No,Yes,0.9218615149704577,0.6492092394683344,No,No,True,True,False,False,True,False,True,False,False,False
9f7e76ca-4b41-4391-aac0-f64faa118a67,0.0,Female,1.0,Fiber optic,No,Yes,0.7838854588506055,0.9999999999999999,Yes,Yes,True,False,False,False,True,False,False,True,False,False
9574aab2-dd3b-4e2f-aec5-c1c226fefed7,0.1960784313725491,Female,0.14285714285714285,Fiber optic,No,No,0.8995109429285888,0.15429991803376134,No,No,True,False,True,True,False,False,False,False,True,False
e8cf09b3-2be7-4f4b-b337-fe77d259c670,0.03921568627450983,Male,0.49999999999999994,Unknown,Yes,No,0.005488061253844989,0.1135545682763345,Yes,No,True,True,False,True,False,False,False,False,False,True
ae63bb04-72d0-46f6-bf4b-385af6c1886b,1.0,Male,0.7285714285714286,Unknown,No,Yes,0.2917302883445087,0.39794946239979534,Yes,No,False,True,False,False,False,True,False,False,False,True
5c862549-04ec-431b-a012-58747fd1f872,0.43137254901960786,Male,0.42857142857142855,DSL,Yes,Yes,0.29239416672198987,0.22384430334641384,No,No,False,False,False,True,False,False,False,False,True,False
8f80d09d-0c99-4b26-bd53-2866f3bbe9a2,0.4901960784313726,Female,0.45714285714285713,Fiber optic,Yes,Yes,0.6667109252251655,0.41642480039405483,No,Yes,False,True,False,True,False,False,False,False,True,False
6df77729-e20c-4755-8855-8c08cc142173,0.05882352941176472,Female,0.17142857142857143,Fiber optic,No,Yes,0.4361238354466795,0.09826502117273733,Yes,No,True,False,False,False,True,False,False,False,False,True
4ea7c2ab-976e-4ded-a898-d654f4912a3c,0.33333333333333337,Female,0.24285714285714283,Fiber optic,Yes,Yes,0.800039832702649,0.24618821646155828,Yes,Yes,True,False,False,True,False,False,True,False,False,False
973c2d03-25e9-40da-bb72-0d6c2b118b34,0.5030496196232563,Male,0.5714285714285715,Fiber optic,No,No,0.36508884905618627,0.3478925422932618,No,No,True,False,False,True,False,False,False,False,True,False
d5495a42-0e0c-4326-9854-15492806a804,0.6666666666666666,Male,0.8142857142857143,Fiber optic,Yes,Yes,0.184956515966275,0.3580314864742853,Yes,Yes,True,False,False,True,False,False,False,False,False,True
1f2eda85-4067-4ba2-af51-63c7e104fa6e,0.4117647058823529,Female,0.7857142857142857,Fiber optic,No,No,0.26174511496160574,0.4071774920901455,No,Yes,False,True,False,True,False,False,False,False,True,False
dc6d2344-12ed-4f45-b182-273041ac05be,0.823529411764706,Male,0.32857142857142857,Unknown,Yes,No,0.1416937750337472,0.11082343135544398,No,No,True,False,False,False,False,True,False,False,True,False
34886665-e3f9-4f85-b75a-e8a4319f9b7c,0.27450980392156865,Female,0.42857142857142855,DSL,Yes,No,0.1587333200557658,0.16341548914501597,Yes,No,False,True,False,True,False,False,True,False,False,False
d1c8f598-162b-4741-b92b-d64a1c8455c2,0.4117647058823529,Male,0.7714285714285715,Unknown,Yes,Yes,0.179645488946425,0.3326544048258225,Yes,No,True,False,False,False,False,True,False,False,True,False
dbc689b0-86ae-44c2-a4ac-3645b9d17952,0.7058823529411765,Male,0.12857142857142856,Fiber optic,Yes,Yes,0.0,0.0,No,No,True,False,False,True,False,False,False,False,False,True
14e1e15e-6fbd-490b-ba97-39632812c00f,1.0,Female,0.8428571428571429,Fiber optic,Yes,No,0.7321029454070682,0.8470977814492825,Yes,No,True,True,False,True,False,False,False,False,True,False
715349f0-70f2-4a68-b4b5-b0dab079d792,0.8039215686274509,Male,0.014285714285714285,Unknown,Yes,No,0.3819071012857112,0.0,Yes,No,False,True,False,True,False,False,True,False,False,False
ce32e7d1-7ad0-46ec-aa10-c457cdfb353c,0.21568627450980393,Male,0.19999999999999998,Fiber optic,Yes,No,0.0,0.02134335307142051,No,Yes,True,True,False,True,False,False,False,False,False,True
a02658b5-a72a-4ec3-904f-ed3a438c344d,0.9019607843137255,Female,0.028571428571428574,Fiber optic,Yes,Yes,0.34915576799663633,0.0,No,No,False,False,False,False,True,False,False,True,False,False
4cb48e05-85d2-469c-9b17-592526005b2e,0.9411764705882354,Female,0.6,Fiber optic,Yes,Yes,0.9415565735024012,0.7309168233857293,Yes,No,False,True,False,False,False,True,False,False,True,False
86c523e5-ae66-4498-ab40-67caa0c4d3ef,0.5030496196232563,Male,0.42857142857142855,Fiber optic,Yes,No,0.5053884794972228,0.31699535096234016,No,No,True,False,False,True,False,False,True,False,False,False
35c5f751-fcc0-4b80-9465-1401e1757870,0.7254901960784313,Female,0.9857142857142858,Unknown,No,Yes,1.0000000000000002,0.9999999999999999,No,No,False,False,False,False,True,False,False,False,True,False
b8e9f44b-0d4d-4271-8586-f0cf21ed152c,0.33333333333333337,Male,0.9428571428571428,Unknown,No,Yes,0.5372546416163226,0.7624855530889639,Yes,No,True,False,False,True,False,False,False,False,True,False
0d86083a-6830-41f9-9c2a-cbb2c6c35bcb,0.8627450980392156,Female,0.7857142857142857,DSL,Yes,Yes,1.0000000000000002,0.9999999999999999,Yes,Yes,True,False,False,True,False,False,False,False,False,True
e664115e-63e7-4bd9-addd-a4f9b4ff5dc7,0.6666666666666666,Male,0.8857142857142858,DSL,Yes,Yes,0.1630485295093939,0.3727667734380547,No,No,False,True,False,True,False,False,False,False,True,False
3983762a-34a2-4dca-a5dc-2fb8f228d6f4,0.5686274509803921,Male,0.19999999999999998,Fiber optic,No,Yes,0.2605280046028901,0.08145888980248095,Yes,Yes,False,False,False,False,False,True,False,False,False,True
fd1407c0-8000-49bf-ae1e-c6a68d793b28,0.4509803921568628,Female,0.12857142857142856,DSL,Yes,Yes,0.7142888756113215,0.10894055343115944,Yes,No,False,True,True,True,False,False,False,False,True,False
d6591e51-81eb-464a-a494-94dcd2571976,0.8039215686274509,Male,0.5285714285714286,Fiber optic,Yes,Yes,1.0000000000000002,0.6901136377876248,No,Yes,True,True,False,False,False,True,False,False,True,False
f0a435d5-e6be-4849-b8c0-630bfa10b36f,0.5686274509803921,Male,0.6571428571428571,DSL,Yes,No,0.852928810108655,0.7389672510978367,No,No,True,False,False,True,False,False,False,False,True,False
11496916-6687-45bb-acf6-9f289865a317,0.2549019607843137,Female,0.8,Fiber optic,Yes,Yes,0.5524131979021445,0.6539549915061641,No,No,True,False,False,True,False,False,True,False,False,False
6db7863b-b887-434d-ab23-a3ccef944898,0.09803921568627455,Female,0.7000000000000001,DSL,Yes,Yes,0.03403483148553854,0.19367809277961295,No,No,False,True,False,True,False,False,True,False,False,False
67c01c2b-3e4e-40cb-8459-98cb9a92c2aa,0.03921568627450983,Male,1.0,Fiber optic,Yes,No,0.34295956980681136,0.6088109047549736,Yes,No,False,False,False,False,False,True,False,False,True,False
75d0ad46-8caf-4e9f-b0cc-897f48c4251f,0.2941176470588236,Female,0.19999999999999998,Fiber optic,Yes,Yes,0.035362588240501036,0.03232413004453038,Yes,Yes,False,True,False,False,True,False,False,False,False,True
4bb809a3-72f5-4012-a3b8-904d574b6726,0.11764705882352944,Female,0.24285714285714283,Fiber optic,Yes,Yes,0.2842063333997212,0.11448958103395704,No,No,False,False,False,True,False,False,False,False,True,False
d52330e5-facf-4a62-9440-01cafeed0edf,1.0,Male,0.014285714285714285,Unknown,Yes,No,0.22611697537011227,0.0,No,No,True,False,False,False,False,True,False,False,True,False
4c3ea47f-94a1-4b9c-8e7f-2db25c63bb98,0.2549019607843137,Male,0.6,Unknown,Yes,No,0.369735997698555,0.37154740113043355,No,Yes,True,False,False,True,False,False,False,False,True,False
6c2cc30d-8d0c-4808-9028-da5416ac5bf7,0.1568627450980392,Female,0.35714285714285715,Fiber optic,Yes,Yes,0.8662063776582798,0.39999620853933326,Yes,Yes,True,False,False,False,False,True,True,False,False,False
1c3a0d9f-c979-44f8-8fd2-36350fad5dd7,0.27450980392156865,Female,1.0,DSL,Yes,Yes,0.10617628183850053,0.36453319889713476,No,Yes,False,False,False,False,False,True,False,False,True,False
00107267-6164-4234-9490-bdbe4fc457f2,0.3921568627450981,Female,0.5285714285714286,Unknown,No,No,0.27845272079488376,0.2755929217927696,Yes,No,False,False,False,False,True,False,False,False,True,False
76003f6a-e1a2-4c13-a6cf-d21c47d8891d,0.6666666666666666,Male,0.5857142857142857,Unknown,Yes,Yes,0.22866184248379035,0.27452456529136243,Yes,No,True,False,False,False,False,True,False,True,False,False
b60be6b1-22fe-420d-b229-98d1474eb586,0.019607843137254943,Male,0.05714285714285714,Unknown,Yes,No,0.26738808117019636,0.0055959388957916995,Yes,No,True,False,False,True,False,False,False,False,True,False
18a466f9-d59b-4ebf-a8c3-1a3fcb4018df,0.5098039215686275,Male,0.14285714285714285,DSL,Yes,No,0.3387550067494302,0.06546727985510192,Yes,No,False,True,False,False,True,False,False,False,True,False
9c06faa7-f179-4f3a-972c-12ac31b2088d,0.019607843137254943,Male,0.9142857142857143,Unknown,Yes,No,0.21007324791431548,0.4276802976103837,No,Yes,False,True,False,True,False,False,True,False,False,False
df6b8660-c69d-4d2c-a311-edb9ba1a1cc1,0.6666666666666666,Male,0.4714285714285714,DSL,Yes,Yes,0.9827170329062385,0.5888832445392523,Yes,No,False,True,False,True,False,False,False,False,False,True
3f265b6e-a094-464c-8fd7-0ec89bfd9617,0.33333333333333337,Male,0.0,Fiber optic,Yes,Yes,0.40458961251632036,0.0,Yes,Yes,True,False,False,True,False,False,False,False,False,True
84681cfa-fdec-488c-bcd9-29488bce7029,0.2549019607843137,Male,0.014285714285714285,Unknown,No,No,0.06601164000088522,0.0,Yes,Yes,False,True,False,True,False,False,False,False,True,False
838deda1-da9c-4138-9b8f-8d3f8e17d5f3,0.37254901960784315,Female,0.2714285714285714,DSL,Yes,Yes,0.4572572971298325,0.18035175115679714,No,Yes,False,True,False,True,False,False,False,False,True,False
9fb32e15-a58c-4948-b109-4091ca484d38,0.33333333333333337,Female,0.8571428571428572,Unknown,No,Yes,0.14379605656243777,0.34029676855092617,No,Yes,True,True,False,True,False,False,True,False,False,False
5a0591e9-d80e-4cb7-8558-9fcff45902ce,0.17647058823529416,Male,0.2857142857142857,Fiber optic,Yes,No,0.17887096417269693,0.10533545269558395,No,Yes,False,False,False,True,False,False,False,False,True,False
261b50b1-e8e3-4216-b4e7-a7032c1b21f4,0.47058823529411764,Male,0.9571428571428572,Unknown,No,Yes,0.2551063311867933,0.49744638697896726,Yes,Yes,True,False,False,True,False,False,True,False,False,False
371d298b-4018-48af-bbcc-5e55625bc78f,0.019607843137254943,Male,0.15714285714285714,DSL,No,Yes,0.0778508043993007,0.029360043209799187,No,Yes,True,False,False,False,False,True,False,True,False,False
08f2eebb-7dbc-446d-a87e-b8725fb273ec,0.47058823529411764,Female,0.3,Unknown,No,No,0.7376352652194118,0.2918801371480568,Yes,Yes,False,True,False,True,False,False,False,False,False,True
6c1956fc-c257-4bcb-afb4-efe1472c357a,0.6274509803921569,Male,0.2714285714285714,DSL,Yes,Yes,0.8159729137621989,0.2834473502670248,Yes,No,False,False,False,False,True,False,True,False,False,False
18ac983f-aee9-43da-bc67-25f95510c661,0.6862745098039217,Female,0.0,Fiber optic,Yes,Yes,0.37604284228462687,0.0,No,Yes,False,False,False,True,False,False,False,True,False,False
09498ce3-61e7-49be-8a96-aad95fe8deeb,0.5882352941176471,Female,0.41428571428571426,Fiber optic,No,Yes,0.7021177720241654,0.3951717354961367,Yes,Yes,True,False,False,True,False,False,False,False,True,False
c5bf7928-324f-4c20-977b-3dadbc23d494,0.2549019607843137,Female,0.32857142857142857,Fiber optic,No,No,0.37017858328354253,0.19221131159798177,Yes,Yes,False,False,False,True,False,False,True,False,False,False
546c9709-ee6b-4c7e-ab5d-fca2ec0d4a1a,0.0,Female,0.1857142857142857,DSL,No,Yes,0.12133483812432228,0.0472955800244003,Yes,No,True,False,False,True,False,False,False,True,False,False
96621cfa-b1ab-4168-80dd-1a69ae2a3069,0.8823529411764707,Female,0.49999999999999994,Fiber optic,Yes,Yes,1.0000000000000002,0.3097080350369522,Yes,No,True,False,False,False,True,False,False,False,False,True
17882c32-e892-4c83-b222-af8e453c8b26,0.5030496196232563,Male,0.9714285714285714,DSL,No,No,0.5560645289782913,0.8048310277718066,Yes,No,True,False,False,False,True,False,False,False,True,False
f8fde2c3-084c-4e8d-9351-0b6344f6463c,0.8823529411764707,Male,0.32857142857142857,Fiber optic,Yes,No,0.0,0.05892540365400415,Yes,No,False,False,False,True,False,False,False,False,True,False
259411d4-3682-4f6c-90c7-25e5a0d811fc,1.0,Female,0.8428571428571429,DSL,Yes,Yes,0.6639447653189936,0.7898579712408068,Yes,Yes,True,True,False,True,False,False,False,False,True,False
d3f0a485-5805-409f-8f8f-751557bba678,0.03921568627450983,Male,0.7714285714285715,Unknown,Yes,No,0.76142424041249,0.7976433180164747,No,Yes,False,True,False,False,False,True,False,False,True,False
611a699c-a439-49e7-9aa9-be4eae904871,0.6666666666666666,Female,0.32857142857142857,DSL,Yes,Yes,0.8913231096063203,0.37138835256857,No,Yes,True,False,False,True,False,False,False,False,False,True
7c3bf47a-db14-4929-9461-fcaf6f018660,0.7843137254901961,Female,0.32857142857142857,DSL,No,No,0.05350859722498841,0.08218987056660165,No,No,False,False,False,True,False,False,False,False,True,False
872e26e4-40d7-470b-a235-906273c60bfb,0.09803921568627455,Male,0.7571428571428571,DSL,Yes,Yes,0.0,0.13977990892140332,No,No,False,False,False,False,True,False,False,False,True,False
e01c7a70-ca5c-4742-9c24-ba28d6289e2f,0.47058823529411764,Male,0.35714285714285715,Fiber optic,Yes,Yes,0.02086791033216051,0.07763529811323422,No,Yes,False,False,False,True,False,False,False,False,False,True
3c03c4bf-11c0-4084-b33d-1143d62d2a80,0.23529411764705888,Male,0.9285714285714286,DSL,Yes,No,0.9622474496005666,0.9999999999999999,Yes,Yes,False,False,False,False,False,True,False,False,False,True
4f847f16-9d0d-479a-8724-c3eb1f8ad31d,0.6470588235294118,Male,0.5285714285714286,Fiber optic,Yes,Yes,0.786872911549271,0.5566927795487325,Yes,Yes,True,True,False,False,True,False,False,False,False,True
1820d4f6-a823-4b9b-b55f-2a2b2f43538d,0.13725490196078433,Male,0.9142857142857143,Unknown,Yes,Yes,0.8641040961295892,0.9999999999999999,No,Yes,False,True,False,True,False,False,True,False,False,False
e71f32ed-e6d1-41e2-8eb9-b2ace67b384a,0.3921568627450981,Female,0.7142857142857143,Fiber optic,Yes,Yes,0.5118059704795415,0.5520610926411282,Yes,No,False,False,False,True,False,False,False,False,True,False
914474ba-1f8d-4dac-881f-98264f7d00f9,0.6470588235294118,Male,0.4857142857142857,Fiber optic,Yes,No,0.5225386709154884,0.3760569901521629,Yes,No,True,False,False,True,False,False,False,False,True,False
ea79712f-7f7d-4e28-abe5-414b6226cac9,0.05882352941176472,Male,0.6,DSL,No,Yes,0.27004359468012135,0.3096759040143535,Yes,No,False,False,False,True,False,False,False,False,True,False
313f75e3-2c87-41a0-9928-1d668e4b8c56,0.47058823529411764,Male,0.39999999999999997,Fiber optic,No,Yes,0.8722919294518579,0.45004509589021724,No,Yes,True,False,False,False,False,True,False,False,False,True
498c8398-6503-4395-a17b-f0d30bc602cc,0.27450980392156865,Female,0.5142857142857143,DSL,Yes,Yes,0.8579078979397643,0.5771763064554115,No,Yes,True,False,False,False,True,False,False,False,True,False
7a602f3a-99d1-41f0-b37f-1338fc85b287,0.05882352941176472,Male,0.8142857142857143,Fiber optic,Yes,Yes,0.3737192679634424,0.5181885686175659,Yes,No,False,False,False,True,False,False,True,False,False,False
93dded50-43b5-4127-9e79-b542718fa4b8,0.8627450980392156,Female,0.7571428571428571,DSL,Yes,Yes,0.30412268472415854,0.42390972210842476,No,No,False,True,False,True,False,False,False,False,True,False
e99dcc84-5ea4-43cd-83aa-69a7a16597a2,0.21568627450980393,Male,0.5428571428571429,Fiber optic,No,Yes,0.7567770917701211,0.5539696753834916,No,Yes,True,False,False,True,False,False,False,True,False,False
3e85446d-9164-4427-a546-fef9e7d64159,0.607843137254902,Male,0.5857142857142857,Fiber optic,Yes,Yes,0.0,0.11805612454241407,Yes,No,False,True,False,True,False,False,False,False,False,True
e1718012-8e4f-4495-86db-1801b49d2a3e,0.607843137254902,Female,0.3857142857142857,Unknown,Yes,Yes,0.8912124632100733,0.4423384701199161,Yes,No,False,False,False,False,True,False,False,False,False,True
5a394240-d211-44f6-a738-da1d3455494c,0.5294117647058824,Male,0.39999999999999997,DSL,Yes,No,0.4334683219367546,0.26717780697416693,Yes,Yes,False,False,False,False,True,False,True,False,False,False
f3ce2348-e7c8-4e45-ae6d-722320501841,0.23529411764705888,Male,0.6,Fiber optic,No,No,0.4280466485206577,0.40759680193505865,No,No,False,False,False,True,False,False,True,False,False,False
51e5da56-e0d6-44aa-8cf2-a50b283553a8,0.5882352941176471,Female,0.028571428571428574,DSL,Yes,No,0.6800991391710371,0.005419218271498785,Yes,Yes,True,False,True,True,False,False,True,False,False,False
887e5966-53bc-4e1f-b478-04c758955f91,0.2549019607843137,Male,0.12857142857142856,Fiber optic,Yes,Yes,0.6542078824492685,0.10167733577272056,Yes,No,False,False,True,False,True,False,False,True,False,False
e6511f5d-a16f-470f-8607-6cafbd4e9dc0,0.37254901960784315,Female,0.8285714285714286,Unknown,No,No,0.23408351589988724,0.40654290439382085,Yes,Yes,True,False,False,True,False,False,False,False,False,True
202e3db5-a8df-47d8-b079-7f1b726a3452,0.33333333333333337,Female,0.1857142857142857,Fiber optic,Yes,Yes,0.9834915576799665,0.22147785353201874,No,No,False,True,False,False,True,False,False,True,False,False
8b1cc2bc-a693-4533-a2eb-df878563ce5c,0.5490196078431373,Female,0.6571428571428571,Fiber optic,No,No,1.0000000000000002,0.8616451019308494,No,Yes,True,False,False,True,False,False,False,False,True,False
a0cd2e1a-845b-4b0c-a703-258150d82c58,0.09803921568627455,Female,0.5857142857142857,Unknown,Yes,Yes,0.5217641461417601,0.4569709378113696,Yes,Yes,False,True,False,False,True,False,False,False,True,False
f3bc7620-94b2-4740-9467-2e4ed83ec73c,0.607843137254902,Female,0.44285714285714284,Fiber optic,No,Yes,0.5609329704131536,0.35623375575988736,No,No,True,False,False,False,False,True,False,False,True,False
6b3d885d-66bc-4fa3-9976-d6b0e73a4728,0.5490196078431373,Male,0.44285714285714284,Fiber optic,Yes,Yes,0.5530770762796258,0.3528455394268532,Yes,No,False,False,False,False,False,True,False,False,True,False
06989536-56eb-4a04-9048-634f1542094b,0.823529411764706,Male,0.5857142857142857,Fiber optic,No,Yes,0.47728429485051677,0.42589541930502517,Yes,No,True,False,False,False,False,True,False,False,True,False
b407497f-c6a0-46ab-a64b-924cbc72071f,0.019607843137254943,Male,0.44285714285714284,Fiber optic,Yes,No,0.985593839208657,0.5534346938572231,No,No,False,False,False,False,False,True,False,False,True,False
f0ad8b00-8266-4bfd-aa79-fc936e0973c2,0.5030496196232563,Female,0.35714285714285715,DSL,No,No,0.21062647989554978,0.15119927435298564,No,No,True,True,False,False,True,False,False,False,True,False
92a9ee1c-b106-45f6-8ade-8ec8380173c0,0.3529411764705882,Female,0.0,Unknown,Yes,No,0.059262209829825885,0.0,Yes,No,False,True,False,False,False,True,False,False,True,False
6eb9e517-7acc-4003-be31-cf63725d8dcb,0.5882352941176471,Female,0.7857142857142857,Fiber optic,Yes,No,0.9682223549978979,0.9806439506763097,Yes,Yes,True,False,False,False,False,True,True,False,False,False
27356f3c-1510-49ac-a711-88bb9d950eef,0.5030496196232563,Female,0.014285714285714285,DSL,No,Yes,0.1754409258890438,0.0,No,Yes,False,False,False,False,True,False,False,True,False,False
164db9e9-6321-4acd-9d70-d6200852188f,0.07843137254901966,Male,0.41428571428571426,Fiber optic,Yes,Yes,0.7687269025647836,0.42262448120447627,No,Yes,False,True,False,True,False,False,True,False,False,False
ff3bf8b6-b24b-4a30-abdd-fd162cf87e3e,0.3529411764705882,Male,1.0,Fiber optic,Yes,No,0.16537210383057827,0.42991822333438395,No,Yes,False,True,False,True,False,False,False,True,False,False
685bdb09-b6fe-4fba-8270-23d89acdf611,0.6470588235294118,Female,0.7285714285714286,DSL,Yes,Yes,1.0000000000000002,0.9346226870081743,No,Yes,False,False,False,False,False,True,False,False,False,True
33e3af71-9cc5-4bee-8426-02994b4ba0fd,0.17647058823529416,Female,0.11428571428571427,Fiber optic,No,No,0.8150877425922238,0.10393935976366989,No,No,True,True,True,True,False,False,False,False,True,False
7ab8db01-13fe-4e81-9c1a-19851454a2fa,0.47058823529411764,Male,0.3,Unknown,Yes,Yes,0.9562725442032354,0.3586580414149602,No,No,True,True,False,False,False,True,False,False,True,False
8a85d64a-8d04-4b95-8445-6be84a58cdad,0.019607843137254943,Female,0.4714285714285714,Unknown,No,Yes,0.9920113301909756,0.5946122058686026,No,No,False,False,False,True,False,False,False,False,False,True
0bacb605-952b-4698-8412-d0f0b15279c6,0.1960784313725491,Female,0.6857142857142857,Unknown,Yes,No,0.033149660315563545,0.18789932836523462,No,No,False,False,False,True,False,False,False,False,True,False
a11ab899-759f-4b8f-a297-3d6e99f523ae,0.9607843137254902,Female,0.0,Unknown,Yes,Yes,0.41930558321715466,0.0,Yes,Yes,False,False,False,False,True,False,False,False,True,False
09db7136-9908-44f3-af02-5e14346ed895,0.5882352941176471,Male,0.7428571428571429,DSL,Yes,Yes,0.6568633959591936,0.6851927716766321,Yes,Yes,True,False,False,False,False,True,False,False,False,True
c0f9b635-131b-4ab7-aba1-428bf6aa9c24,0.27450980392156865,Male,0.5571428571428572,Fiber optic,Yes,Yes,0.8277014317643676,0.6085104796936756,Yes,No,False,False,False,True,False,False,True,False,False,False
ab23f7f9-952f-46f8-8cc8-a0c0c18bf75b,0.1568627450980392,Female,0.6285714285714286,Unknown,Yes,No,0.206975148819403,0.2845430181376409,No,No,False,False,False,False,False,True,False,False,True,False
38a1c9c0-da65-422f-8313-6da3f3f079dd,0.43137254901960786,Male,0.9571428571428572,Fiber optic,Yes,Yes,0.9517360419571135,0.9999999999999999,Yes,Yes,True,True,False,False,True,False,False,True,False,False
58cbd8bc-555a-4bcf-847b-c812b8950c3a,0.3529411764705882,Female,0.11428571428571427,Fiber optic,Yes,Yes,0.18429263758879377,0.02428334163920267,Yes,No,True,True,False,True,False,False,True,False,False,False
ae743274-5b69-4af8-9874-7952757239cc,0.1568627450980392,Female,0.3,Fiber optic,No,Yes,0.8981831861736265,0.34318213438029055,Yes,Yes,False,True,False,True,False,False,True,False,False,False
37f94e82-e307-4890-b10d-f62648ea81c9,0.6666666666666666,Male,0.24285714285714283,Fiber optic,Yes,Yes,0.507048175440926,0.16923441733764275,Yes,Yes,True,True,False,True,False,False,False,True,False,False
c1bf70af-71c4-48cd-be5b-9078dd5272fc,0.3921568627450981,Female,0.6,Unknown,Yes,Yes,0.5100356281395917,0.45996394256643963,No,Yes,False,False,False,True,False,False,False,False,True,False
12a38b71-0d86-4a8e-8548-e2346d6e15f7,0.1568627450980392,Female,0.5428571428571429,Fiber optic,Yes,Yes,0.3535816238465113,0.3252337451566499,Yes,Yes,False,False,False,True,False,False,True,False,False,False
a56309e1-d296-4906-a47c-4d4012266966,0.5294117647058824,Male,0.07142857142857142,Fiber optic,Yes,No,0.054283121998716544,0.0,Yes,No,False,False,False,True,False,False,False,True,False,False
e8f7c6a6-8f13-4c3b-8f28-c30309fd5e58,0.8823529411764707,Female,0.6714285714285715,Unknown,Yes,No,0.3238177432561022,0.3852512822687843,No,Yes,False,False,False,True,False,False,False,False,False,True
f8f6ffbe-97b3-4d94-942d-1beec9d25e99,0.9803921568627451,Female,0.0857142857142857,Fiber optic,Yes,Yes,0.41189227466861406,0.03614129552925737,No,No,False,False,False,False,False,True,True,False,False,False
60cfcdae-3a82-4d6b-b44e-c92d0cb21c7c,0.11764705882352944,Female,0.9714285714285714,DSL,No,No,0.46976033990572935,0.7168354027318438,Yes,Yes,True,False,False,True,False,False,False,False,False,True
ac74d786-d86c-4ad5-b53a-26d91e799bb8,0.2941176470588236,Male,0.21428571428571427,Fiber optic,Yes,Yes,0.7575516165438492,0.20613850334339356,Yes,No,True,True,False,False,True,False,False,False,False,True
30cc186c-ecb4-4a70-ae14-81a14f11daa7,0.2941176470588236,Female,0.0,Unknown,Yes,Yes,0.3293500630684459,0.0,No,No,False,False,False,True,False,False,False,False,True,False
a4e3b4ab-92b2-4bd7-b157-e0c1610b679e,0.6274509803921569,Male,0.5142857142857143,Fiber optic,Yes,Yes,0.38965234902299234,0.3263968881747233,Yes,No,False,False,False,False,False,True,False,True,False,False
9ee890ea-e038-4047-8fd1-40694846330b,0.05882352941176472,Female,0.5142857142857143,Fiber optic,Yes,Yes,0.9423310982761293,0.6210704964275121,No,Yes,False,True,False,False,False,True,False,True,False,False
13a69f5e-710f-4a9f-b70e-999da0f7f90c,0.05882352941176472,Female,0.9,Fiber optic,Yes,Yes,0.7724888800371774,0.9444194357985217,Yes,No,False,True,False,True,False,False,False,True,False,False
0c369655-b5d9-4f21-b66a-53958e14c6f6,0.7450980392156864,Female,0.8714285714285714,DSL,Yes,Yes,0.0,0.185569829226828,Yes,No,True,True,False,False,False,True,True,False,False,False
a06b47cd-f43e-4a40-b00d-7dea8e61d02a,0.7647058823529412,Female,0.8571428571428572,Unknown,Yes,No,0.8383234858040673,0.9583016441122952,Yes,Yes,True,False,False,False,False,True,False,False,True,False
fa9e6aec-babb-4c9a-bd06-558f5ce615d8,0.3137254901960784,Male,0.45714285714285713,Unknown,Yes,Yes,1.0000000000000002,0.5983586831036125,Yes,Yes,True,True,False,False,True,False,False,False,True,False
6f11896e-7c7c-496e-b1b3-cb2db5c66d5c,0.7058823529411765,Male,0.9285714285714286,DSL,No,No,0.9796189338113259,0.9999999999999999,No,Yes,False,False,False,False,True,False,False,True,False,False
e7e74eba-87ff-433c-b973-10ce342ad819,0.7450980392156864,Female,0.41428571428571426,DSL,Yes,Yes,0.8647679745070704,0.4643160895774352,No,Yes,False,False,False,True,False,False,False,False,True,False
b8513c1d-9197-4825-9085-88771bf96d74,1.0,Female,0.2714285714285714,Unknown,Yes,Yes,0.6359512270685344,0.23295344825314876,No,Yes,True,True,False,True,False,False,False,False,True,False
51b6dcef-1efa-4953-ac8b-7325e31165e4,0.5490196078431373,Female,0.8428571428571429,Unknown,Yes,Yes,0.2475823762420058,0.4260400089067194,No,No,False,False,False,True,False,False,False,False,False,True
4a68ffc6-18c7-49c3-b7ee-4e8516dcc1cc,1.0,Female,0.32857142857142857,Unknown,Yes,Yes,0.6638341189227468,0.2953856317135763,No,Yes,False,False,False,True,False,False,False,False,False,True
ad5fbc8f-f64e-4823-903f-40d8a41befee,0.6862745098039217,Female,0.04285714285714286,Unknown,Yes,No,0.709420434176459,0.022686429816046676,No,No,False,True,True,True,False,False,True,False,False,False
a28742e6-4a3f-43b0-962d-b9b9e66086f1,0.7254901960784313,Female,0.5142857142857143,Fiber optic,Yes,No,0.2513443537143995,0.24962623587962043,No,No,False,False,False,False,False,True,False,False,False,True
a4d287b3-55ac-40b0-988f-1b826f9b0ba3,0.7450980392156864,Female,0.04285714285714286,Fiber optic,No,Yes,0.22224435150147165,0.0,Yes,No,True,True,False,True,False,False,True,False,False,False
1ed2dab7-e5fe-4fb0-accd-e286fb415ed9,0.9607843137254902,Female,0.24285714285714283,Fiber optic,Yes,No,0.3789196485870456,0.13947145110445572,Yes,Yes,False,False,False,False,False,True,False,True,False,False
ad9a4ed9-1a91-45eb-9dba-649713f28fd2,0.7058823529411765,Male,0.9285714285714286,DSL,Yes,No,0.6491181482219124,0.8573925610899098,No,No,False,False,False,True,False,False,False,False,True,False
ac48abec-9b45-4b5c-a654-5e3e4606fe62,1.0,Male,0.6714285714285715,Fiber optic,Yes,No,0.2640686892827901,0.34791021435569097,No,Yes,False,True,False,True,False,False,False,False,True,False
c181bd1c-caf2-43b4-8ce3-6c5d047d16bc,0.5030496196232563,Male,0.45714285714285713,Fiber optic,Yes,Yes,0.5546261258270817,0.36284632021070234,No,Yes,False,False,False,True,False,False,False,False,False,True
89c65c46-2a95-4943-a99a-8a3f34a3d4a4,0.11764705882352944,Female,0.8142857142857143,Fiber optic,Yes,No,0.934696496935095,0.9898928655313489,No,Yes,False,True,False,True,False,False,False,True,False,False
ea94c352-4ba0-4e00-acae-f929ea6c3fa0,0.5098039215686275,Female,0.3857142857142857,Fiber optic,Yes,Yes,0.26628161720772753,0.1867217263869918,Yes,No,False,True,False,False,False,True,False,False,True,False
abb72321-2166-48b5-be5a-a696a7730135,0.5294117647058824,Female,0.4857142857142857,Fiber optic,Yes,No,1.0000000000000002,0.6192759788153741,No,No,False,True,False,False,False,True,False,False,True,False
708b9e4c-d34a-4ec7-9e6e-7e5bc71e251b,0.4117647058823529,Male,0.12857142857142856,DSL,Yes,Yes,0.46345349531965746,0.07536202826437532,No,Yes,True,True,False,True,False,False,True,False,False,False
54ca3d4f-1607-488b-a369-45a9b665d7c2,0.2549019607843137,Female,0.9142857142857143,DSL,Yes,Yes,0.05140631569629778,0.2788574336887988,Yes,Yes,True,False,False,False,False,True,False,False,False,True
adc9cd5f-71e0-45e7-9eff-8e175fdd52bd,0.11764705882352944,Male,0.5857142857142857,DSL,No,Yes,0.0006196198189825086,0.13654592149684297,No,Yes,True,False,False,False,True,False,False,True,False,False
559bef7b-578b-4b71-ab80-020bffe535d1,0.7058823529411765,Female,0.11428571428571427,DSL,Yes,Yes,0.31452344597136467,0.0434928734998427,No,No,True,False,False,True,False,False,False,True,False,False
e5298c8c-3ed7-4591-8fe7-03f3c248afec,0.4117647058823529,Male,0.8428571428571429,Unknown,Yes,No,0.22611697537011227,0.40384229194439913,No,No,True,True,False,False,True,False,False,False,False,True
9e02838f-c9c5-4e21-bd14-c658bed14960,0.07843137254901966,Male,0.19999999999999998,DSL,No,Yes,0.8732877470180798,0.21874029040660845,No,Yes,False,False,False,False,True,False,True,False,False,False
4181c46c-8598-4389-8ddf-627353d41917,0.019607843137254943,Male,0.8,DSL,No,Yes,0.7558919206001462,0.82670100830362,Yes,Yes,True,True,False,True,False,False,False,False,True,False
b62bc04a-654e-44bd-adb2-42daf146b99a,0.5098039215686275,Female,0.9714285714285714,Fiber optic,No,No,0.9184314766868045,0.9999999999999999,Yes,No,False,False,False,False,True,False,True,False,False,False
ca03498a-9ea4-4600-8e9e-4e21ecfa7dd8,0.3921568627450981,Male,0.3,Fiber optic,Yes,Yes,0.5918033149660318,0.2446828780528086,No,Yes,False,False,False,True,False,False,True,False,False,False
c731b9b1-1c45-4f47-9f33-66680b1c279d,0.7254901960784313,Female,0.9,DSL,No,Yes,0.421629157538339,0.6181176554506905,Yes,Yes,False,True,False,True,False,False,False,False,True,False
17ba6bd6-aa5d-42f8-a8b8-601af894801b,0.27450980392156865,Female,0.5714285714285715,Fiber optic,Yes,Yes,0.2391732501272434,0.2733003733303515,Yes,No,False,False,False,True,False,False,False,False,True,False
2c661ee0-ba39-4949-be53-a17a008a3580,0.3921568627450981,Female,1.0,Fiber optic,Yes,Yes,0.5849432383987254,0.8602120583229469,Yes,Yes,True,False,False,False,False,True,False,False,True,False
c12df032-7cd4-4b61-9124-8192b973fcb1,0.17647058823529416,Female,0.7857142857142857,DSL,Yes,Yes,0.6235588306888844,0.7024503439144003,No,No,False,False,False,False,True,False,False,False,False,True
137d8f47-a97b-4ff5-a51e-36f39a2d0872,0.43137254901960786,Female,0.3142857142857143,DSL,No,Yes,0.3744937927371706,0.1848533074228767,Yes,Yes,True,False,False,True,False,False,True,False,False,False
67ec9d3b-7aa3-4a85-8558-2eaf95c46b93,0.7450980392156864,Male,0.34285714285714286,Unknown,Yes,No,0.9760782491314259,0.42208789312707784,Yes,No,False,False,False,True,False,False,False,False,True,False
95e93176-1e67-4544-aae1-518ab9abc39f,0.07843137254901966,Female,0.07142857142857142,Unknown,Yes,No,0.6479010378631969,0.04650355031734204,No,No,False,False,True,True,False,False,False,False,False,True
d7145a9b-98c2-479e-8bba-eee0466e577c,0.0,Female,0.4714285714285714,Fiber optic,Yes,Yes,0.8664276704507736,0.5309156666689158,No,No,True,False,False,False,True,False,False,True,False,False
01082984-d682-4dc5-8e6e-3905f52d4877,0.23529411764705888,Female,0.8857142857142858,DSL,Yes,Yes,0.6262143441988095,0.7994169504639236,No,No,True,True,False,True,False,False,False,False,True,False
ce37a6ec-af7c-4103-9813-2a206dd67d3c,0.3921568627450981,Female,0.11428571428571427,Fiber optic,No,Yes,0.2899599460045586,0.039270857130371935,No,Yes,False,False,False,False,False,True,True,False,False,False
3d4e51e4-927b-49b0-ad04-66cae1d2e914,0.4901960784313726,Female,0.8428571428571429,Fiber optic,Yes,No,0.7547854566376775,0.8671812771246076,Yes,Yes,False,True,False,False,False,True,False,False,True,False
f3cf7b3e-33b6-417c-89a5-8120f68afbad,0.9607843137254902,Male,0.6857142857142857,DSL,Yes,Yes,0.1945827524397531,0.3055872313886674,Yes,Yes,False,False,False,False,True,False,False,False,False,True
b2ce369b-e718-4bb2-acd9-a5de4b975b09,0.8627450980392156,Male,0.7142857142857143,Fiber optic,No,No,0.5998805018920534,0.6176903128501277,Yes,Yes,True,False,False,True,False,False,False,True,False,False
6cccc8b1-4a8b-451e-acca-840a915b7e65,0.3921568627450981,Female,0.8428571428571429,Fiber optic,Yes,Yes,0.38500520038062364,0.5456911174109336,No,Yes,False,False,False,True,False,False,False,False,False,True
2cb48180-1b4f-48c8-9a76-af45cb42be25,0.33333333333333337,Male,0.9857142857142858,Fiber optic,Yes,No,0.10562304985726617,0.9999999999999999,Yes,No,True,False,False,True,False,False,False,True,False,False
af9e6049-6c02-44e9-9b25-9be4deb6d53a,0.7058823529411765,Male,0.5142857142857143,Fiber optic,No,Yes,0.39695501117528603,0.3306413962600132,No,Yes,False,False,False,False,True,False,False,True,False,False
d65fb40c-4c6e-48f3-9423-6208b57eb98b,0.8627450980392156,Female,0.42857142857142855,Unknown,No,No,0.28309986943725246,0.2203661201501033,Yes,Yes,False,True,False,False,True,False,False,True,False,False
109e0a4a-29c6-4010-874e-7ce374c4f399,0.607843137254902,Male,0.5714285714285715,Fiber optic,No,Yes,0.06390935847219459,0.16841346971024562,Yes,No,True,False,False,True,False,False,False,True,False,False
82a93aa8-bf0a-46d0-b4e2-7c745f7ca83a,0.6862745098039217,Female,0.8714285714285714,Unknown,Yes,No,0.8512691141649518,0.9854619975149866,No,No,True,False,False,True,False,False,False,False,True,False
adca5fda-f5dc-4258-b742-ec5a118b076d,0.3137254901960784,Male,0.8142857142857143,DSL,Yes,Yes,0.4914470335701167,0.61438885027811,No,Yes,False,False,False,False,False,True,False,True,False,False
151c5919-bbac-4551-9516-6bd7288e1a35,0.6666666666666666,Male,0.1857142857142857,Unknown,Yes,Yes,0.3230432184823741,0.08721355594991029,Yes,Yes,True,True,False,True,False,False,False,False,True,False
8bdb498b-f4cf-45ff-967b-09981bcc7be5,0.9411764705882354,Male,0.49999999999999994,DSL,Yes,Yes,0.49852840292991657,0.37307523125500236,Yes,Yes,False,False,False,True,False,False,False,False,True,False
4d393a66-8939-447c-9063-cc5a2eaa601d,0.1960784313725491,Female,0.49999999999999994,DSL,Yes,No,0.7747018079621146,0.5170929007469498,Yes,Yes,False,False,False,False,True,False,False,False,True,False
1212525b-4a68-4de3-83cb-45b1440800cd,0.3921568627450981,Male,0.09999999999999999,Fiber optic,Yes,No,0.0,0.0,Yes,No,True,True,False,True,False,False,False,False,True,False
98dbfcf8-e8cf-4c7c-a2e1-781084ccbb7f,1.0,Male,0.35714285714285715,Fiber optic,No,Yes,1.0000000000000002,0.9999999999999999,No,Yes,True,True,False,False,True,False,False,False,True,False
483135f1-6857-4ca9-bd22-3baafbf3bb8b,0.4901960784313726,Female,0.49999999999999994,Unknown,Yes,Yes,0.4699816326982231,0.35922997361721726,Yes,No,False,True,False,False,False,True,False,False,False,True
cdf5993f-d4ed-4173-b216-9b55170ece7a,0.05882352941176472,Female,0.6714285714285715,Fiber optic,Yes,Yes,0.9279470667640357,0.8058286960234966,Yes,No,False,True,False,False,True,False,False,False,True,False
13f4f8c1-d90c-480d-a5d3-25fbb27e0ffb,0.6470588235294118,Male,0.3857142857142857,DSL,Yes,No,0.5549580650158223,0.30892082498328377,No,No,False,False,False,True,False,False,False,False,False,True
564c4df4-7c10-4937-b70e-df031e2f3e1b,1.0,Female,0.9571428571428572,Fiber optic,Yes,No,0.09168160393016,0.3334946310667788,No,Yes,True,False,False,True,False,False,False,False,False,True
5a22ddd9-057e-4ff8-8f73-db583ba7b372,0.9215686274509803,Male,0.8714285714285714,Fiber optic,No,No,0.3698466440948019,0.5533800711188054,Yes,No,True,True,False,True,False,False,True,False,False,False
5351bbd2-a7fb-4897-b688-8aad84f7b32c,0.33333333333333337,Male,0.7142857142857143,Fiber optic,Yes,Yes,0.6269888689725376,0.6337718896607831,Yes,No,False,False,False,True,False,False,False,False,True,False
d235b210-0976-4ce7-8196-12d9d2962710,0.7647058823529412,Female,0.5857142857142857,Fiber optic,Yes,No,0.0,0.13054545302653348,Yes,No,False,False,False,False,False,True,False,False,True,False
6032e5d7-c9c7-4399-807f-96f2182c07cb,0.6666666666666666,Female,0.39999999999999997,Fiber optic,Yes,No,0.9185421230830513,0.4680175833808069,Yes,No,True,True,False,False,True,False,False,False,True,False
abd96e5e-1f9d-4ca1-985a-25dfb1a324c7,0.7843137254901961,Female,0.12857142857142856,Unknown,Yes,No,0.014782358538582452,0.006690000215277846,No,No,True,False,False,True,False,False,False,False,True,False
943880b5-b9d9-417e-9717-e35092d624f7,0.5490196078431373,Male,0.5428571428571429,Unknown,Yes,Yes,0.0,0.1096153049057324,No,No,False,False,False,False,False,True,False,False,True,False
1ac490ed-b41e-4b2d-a541-bf4125564af6,1.0,Female,0.0,DSL,No,No,0.0,0.0,Yes,No,False,True,False,False,True,False,False,False,True,False
9010b631-90db-454a-a4cb-13e5883aed1d,0.5490196078431373,Male,0.5428571428571429,Fiber optic,Yes,Yes,0.6962535130230809,0.5208474107376093,No,No,True,True,False,True,False,False,False,False,True,False
1f43508f-25df-4389-8eed-db8d962811be,0.7254901960784313,Female,0.2857142857142857,Fiber optic,Yes,Yes,0.44420102237270137,0.1891765365135334,Yes,No,False,False,False,True,False,False,False,False,True,False
f6d8f158-8df4-4ac7-b919-7909d29200b8,0.8039215686274509,Male,0.9142857142857143,Fiber optic,Yes,Yes,0.05350859722498841,0.2796976599297551,Yes,No,True,False,False,True,False,False,False,False,True,False
cd2fa450-409c-4904-ae9e-b1347a0e0b1f,0.3921568627450981,Female,0.19999999999999998,Fiber optic,No,Yes,0.8871185465489391,0.2187917000427664,No,No,True,False,False,False,False,True,False,True,False,False
4449f561-7ac9-41e5-a96c-e45ac057eb5b,0.8039215686274509,Male,0.04285714285714286,Unknown,No,Yes,0.16404434707561583,0.0,Yes,No,False,False,False,True,False,False,False,False,True,False
e51aa693-1715-4420-89d7-b32d58c46e5c,0.23529411764705888,Female,0.8428571428571429,Fiber optic,Yes,Yes,0.3008032928367524,0.4742236903957481,Yes,Yes,False,False,False,False,False,True,False,True,False,False
9b32ea26-30aa-4203-96cd-ed9d7ae663ad,0.9411764705882354,Male,0.8571428571428572,Unknown,Yes,Yes,0.13638274801389727,0.3354498037919104,No,No,True,False,False,True,False,False,True,False,False,False
6aabe26e-affb-4cb8-9e1a-b851a0671cad,0.7843137254901961,Female,0.2714285714285714,Unknown,No,No,0.9652349022992324,0.327153573756923,Yes,No,True,True,False,False,False,True,False,False,True,False
5cfdb9e4-d973-43ea-b916-f2284217f806,0.3137254901960784,Female,0.12857142857142856,Unknown,No,Yes,0.7785744318307555,0.11947470919014722,Yes,No,True,False,True,True,False,False,False,True,False,False
c8c635cb-ace2-414e-8070-11297e4c1023,0.1568627450980392,Male,0.4714285714285714,Unknown,No,Yes,0.7408440107105714,0.4692642670576368,No,No,False,False,False,False,False,True,True,False,False,False
4add6eeb-4043-4d5f-9e9e-b270d8b094e3,0.7843137254901961,Female,0.6714285714285715,Fiber optic,No,Yes,0.0,0.1518338620493102,No,Yes,True,True,False,False,False,True,True,False,False,False
b5045ef7-b958-4b26-a2d4-33ed92e639ae,0.0,Male,0.45714285714285713,DSL,Yes,No,0.5181128150656134,0.3482797211155762,No,Yes,True,False,False,True,False,False,False,False,False,True
75090697-1c68-4c2d-b454-439050996e42,0.019607843137254943,Male,0.8571428571428572,Fiber optic,Yes,No,0.5765341122839629,0.7246078970984722,Yes,No,True,False,False,False,True,False,False,False,True,False
59a44913-e12b-4116-b0d3-4ddb60d1fc80,0.9215686274509803,Female,0.12857142857142856,DSL,No,Yes,0.36298656752749564,0.05918887803931359,Yes,No,False,True,False,False,True,False,False,False,True,False
d8aec1a9-4709-40bc-91f2-f81862a73e3b,0.5490196078431373,Male,0.7571428571428571,Fiber optic,No,No,0.29582420500564305,0.41510903501863755,Yes,Yes,False,False,False,False,False,True,False,False,True,False
0da67c63-17f2-4bbc-9710-809b35ba5f32,0.6274509803921569,Female,0.9142857142857143,Fiber optic,Yes,Yes,0.8823607515103233,0.9999999999999999,No,No,True,True,False,True,False,False,False,True,False,False
e5da424f-fb43-4885-b39f-51b747040f5c,0.17647058823529416,Female,0.0,Fiber optic,Yes,No,0.0,0.0,Yes,No,False,True,False,True,False,False,False,True,False,False
4322fb91-c193-47d2-a8c1-f5122caab1c1,0.9607843137254902,Male,0.05714285714285714,Unknown,No,Yes,0.6317466640111533,0.03159475583153961,No,No,True,False,True,False,False,True,False,False,True,False
509713f2-84a2-464c-8a83-2e401b8fff09,0.7647058823529412,Female,0.19999999999999998,Unknown,Yes,Yes,0.37593219588837995,0.10969563246222919,Yes,No,False,True,False,False,True,False,True,False,False,False
ce774bde-3bc3-4ec5-9977-b62f6cd73d63,0.3921568627450981,Male,0.3857142857142857,DSL,No,Yes,0.6766691008873842,0.3537130770370184,Yes,Yes,True,False,False,True,False,False,True,False,False,False
cee7bf1a-8921-42f6-b02c-55f8063c2705,0.5294117647058824,Male,0.3142857142857143,Fiber optic,Yes,Yes,0.1587333200557658,0.11399958293932666,Yes,No,True,True,False,False,False,True,False,False,True,False
9588c5d9-25f3-405a-a0e7-35f818ae9e12,0.5030496196232563,Female,0.22857142857142856,Fiber optic,Yes,Yes,0.2038770497244905,0.08206777268072654,No,No,True,True,False,True,False,False,False,False,False,True
f3c33b52-ca35-4f93-a0e4-a90bc43772ea,0.6470588235294118,Female,0.17142857142857143,Fiber optic,Yes,No,0.5891478014561067,0.13187567736212016,No,No,False,True,False,False,True,False,False,False,False,True
81c1ec85-b1c4-4e0b-9612-5a0bb8ddc0af,0.13725490196078433,Male,0.1857142857142857,Fiber optic,Yes,No,1.0000000000000002,0.23241846672688019,No,No,False,False,False,True,False,False,True,False,False,False
ba13d5e6-5947-4c55-b000-e07b78cfc0ee,0.4117647058823529,Male,0.14285714285714285,Fiber optic,Yes,Yes,1.0000000000000002,0.1712185079831132,Yes,Yes,False,True,True,True,False,False,False,True,False,False
e189a301-e39b-4c3d-bb35-4756ed0044cd,0.13725490196078433,Female,0.3857142857142857,Fiber optic,Yes,Yes,0.21527362853791854,0.16561485764189782,Yes,No,True,False,False,True,False,False,False,False,True,False
8f3556f6-a046-47c9-990e-b604d123afc6,0.9411764705882354,Female,0.5857142857142857,Unknown,No,Yes,0.05306601164000091,0.1666928534500846,Yes,No,True,False,False,True,False,False,False,False,False,True
b0fb635c-e9fd-4b90-ae23-308546150f07,0.27450980392156865,Female,0.8571428571428572,Unknown,No,Yes,0.5929097789285003,0.7410204234418943,No,No,False,False,False,True,False,False,True,False,False,False
634ded97-52d1-4b2a-9f76-9c81db391cba,0.5030496196232563,Female,0.9,DSL,Yes,No,0.40447896612007356,0.6019991279640465,Yes,No,False,False,False,True,False,False,True,False,False,False
407a0323-3ff3-420b-8f32-e8e155478760,0.43137254901960786,Male,0.42857142857142855,Fiber optic,Yes,Yes,0.7825577020956429,0.4433570235362953,Yes,No,False,False,False,True,False,False,False,False,True,False
a421b3a8-70c5-49b8-87dc-f9b8a1e3045f,0.4509803921568628,Female,0.12857142857142856,Fiber optic,Yes,No,0.5239770740666976,0.08020256681887131,Yes,No,False,False,True,True,False,False,False,False,False,True
780b6121-e2a0-4028-a59d-f2cfc1cb97e2,0.8627450980392156,Male,0.09999999999999999,DSL,Yes,Yes,0.5047246011197415,0.059290090760499535,Yes,No,True,False,True,False,True,False,False,True,False,False
240029ee-49b4-40f1-81f1-d0c2ee7b7d3d,0.3529411764705882,Male,0.2857142857142857,DSL,Yes,Yes,0.6550930536192436,0.24907518884205257,Yes,No,False,False,False,True,False,False,False,False,True,False
a0261690-400a-4e56-bde0-368a9064c943,0.07843137254901966,Female,0.8285714285714286,Fiber optic,Yes,Yes,0.07962114673925075,0.27447154910407456,Yes,Yes,True,False,False,True,False,False,False,False,False,True
89d00851-013a-4ae8-9987-a9e9be8d75e9,0.607843137254902,Male,0.7000000000000001,Fiber optic,Yes,Yes,0.6890614972670341,0.6700301421122997,Yes,Yes,False,False,False,False,True,False,False,True,False,False
af0a5719-9b81-41be-8dde-739ae3193005,0.8431372549019608,Female,0.9714285714285714,DSL,Yes,Yes,0.4802717475491823,0.7276250001204912,Yes,No,True,False,False,False,False,True,False,False,True,False
1df65a72-7247-4821-881b-2eb9c3e3b52b,0.5030496196232563,Male,0.9857142857142858,Fiber optic,Yes,No,0.8471751975038175,0.9999999999999999,No,No,True,True,False,False,True,False,False,True,False,False
7e801e4d-838b-48cb-aee2-52b310036dd0,0.43137254901960786,Female,0.41428571428571426,Fiber optic,No,Yes,0.09323065347761622,0.12769864442428758,No,Yes,True,False,False,True,False,False,False,False,True,False
5964de03-94df-460c-b70b-e0d9e3e3aa0e,0.7058823529411765,Male,0.22857142857142856,DSL,Yes,Yes,0.2724778153975525,0.10270552849587936,Yes,No,False,False,False,False,False,True,False,False,True,False
303a4326-9b8b-4212-a7a8-1cd4a40821df,0.13725490196078433,Male,0.2714285714285714,DSL,No,No,0.9911261590210008,0.334063350166776,No,No,False,False,False,False,False,True,False,False,True,False
f306d93d-9400-401e-9921-356ee1fff202,0.5030496196232563,Female,0.6714285714285715,Unknown,No,Yes,0.5517493195246632,0.5484110084739144,Yes,No,False,False,False,True,False,False,False,False,True,False
f1ac5427-fdc6-4b73-81b3-127dfe2ac919,0.13725490196078433,Female,0.014285714285714285,DSL,No,No,0.9680010622054043,8.707507124251085e-05,Yes,Yes,False,False,True,False,False,True,False,False,True,False
04091395-619e-46e6-ba72-fab77ececee5,0.43137254901960786,Male,0.5142857142857143,Unknown,No,Yes,0.7021177720241654,0.49470400420016725,No,Yes,False,False,False,True,False,False,True,False,False,False
9e2145ec-cf33-437c-b945-78118768c588,0.823529411764706,Male,0.0,Fiber optic,Yes,Yes,0.9647923167142447,0.0,No,No,True,True,True,True,False,False,False,False,True,False
11b2b37e-212e-4b42-b816-b93517cbd16e,0.0,Female,0.04285714285714286,Fiber optic,Yes,No,0.29139834915576807,0.0,No,Yes,False,False,False,True,False,False,False,True,False,False
f3e216dc-c059-4ee5-bd7e-547340cf959d,0.8627450980392156,Male,0.7571428571428571,DSL,Yes,No,0.03989909048662288,0.21575853150944793,Yes,No,False,False,False,False,True,False,False,False,False,True
0698d7fb-9d71-40f0-969e-a9d94a7ee04e,0.9803921568627451,Female,0.34285714285714286,DSL,No,Yes,0.827369492575627,0.3657975546363941,No,No,False,False,False,True,False,False,False,False,False,True
4582b139-b048-4b43-adc0-e214be377433,0.4509803921568628,Male,0.028571428571428574,DSL,No,Yes,0.829914359689305,0.01391787374885814,Yes,No,True,False,True,True,False,False,False,False,False,True
4ef8ea31-a46a-4697-b57f-18233c855e48,0.6666666666666666,Female,0.11428571428571427,DSL,No,No,0.6244440018588595,0.08326304672139864,Yes,No,True,False,True,True,False,False,True,False,False,False
7f6a90c4-602d-448a-8268-1e5fb32dd5df,0.4509803921568628,Male,0.4714285714285714,Fiber optic,Yes,Yes,0.5810706145300848,0.3872273401586051,Yes,Yes,True,True,False,True,False,False,False,False,False,True
50d11049-fcf9-49c8-8507-50ac69f933e1,0.3137254901960784,Female,0.6,DSL,No,Yes,0.9520679811458541,0.7384483350828673,No,Yes,False,False,False,True,False,False,False,False,True,False
5ea33977-49bb-43c6-8e97-5e7587489bf4,0.07843137254901966,Female,0.3,Fiber optic,Yes,No,0.13505499125893472,0.09840318456991179,Yes,No,False,False,False,True,False,False,False,False,True,False
169234bf-4e34-460d-a060-95f0d919116f,0.37254901960784315,Male,0.9857142857142858,Fiber optic,Yes,No,0.6218991347451814,0.8832757063443025,No,No,True,True,False,True,False,False,False,False,False,True
79cedf06-b53c-4b0a-b46b-177db0f3dc0a,0.3921568627450981,Female,0.014285714285714285,DSL,No,No,0.0,0.0,No,Yes,False,True,False,False,False,True,False,False,True,False
bd22a7ca-f0f7-4c20-ac7d-e92104406a75,0.7647058823529412,Male,0.9285714285714286,DSL,Yes,No,0.09566487419504754,0.3281030454747149,Yes,Yes,True,False,False,True,False,False,False,False,False,True
a04e9a9d-1ca7-44ff-83d9-15545d50fb9f,0.5882352941176471,Female,0.44285714285714284,DSL,No,No,0.42362079267078273,0.29220466047630383,No,Yes,True,True,False,True,False,False,True,False,False,False
6330615d-48b9-4664-859a-087b9974588e,0.8823529411764707,Female,0.21428571428571427,DSL,Yes,No,0.8483923078625331,0.2244098093441512,No,No,False,True,False,True,False,False,False,False,True,False
2c073a82-fd65-44d8-bcf2-c082501b880f,0.6862745098039217,Female,0.0,Fiber optic,No,No,0.7509128327690369,0.0,Yes,Yes,True,False,True,True,False,False,False,True,False,False
f9fecb73-df3d-4bc4-b934-bd3e9cf6596b,0.1960784313725491,Male,0.6714285714285715,Fiber optic,Yes,Yes,1.0000000000000002,0.8689034999358985,Yes,Yes,True,False,False,True,False,False,True,False,False,False
4a7001f3-3ae2-43b8-9e14-9e0973627eb5,1.0,Female,0.7000000000000001,Fiber optic,No,Yes,0.0,0.1636821766325853,No,No,False,False,False,True,False,False,True,False,False,False
62bf3465-d17a-4bc5-b7eb-8edf62233e64,0.27450980392156865,Male,0.17142857142857143,Fiber optic,No,No,0.36176945716878,0.08522946530443981,Yes,Yes,False,False,False,False,True,False,False,False,False,True
21b09189-ab86-4593-95cc-0532cc45bbfe,0.3529411764705882,Female,0.19999999999999998,Fiber optic,No,No,0.11547057912323799,0.0507882221808803,No,No,False,False,False,True,False,False,False,True,False,False
64671564-2bc4-4a9b-a8a2-65c52cb2df52,0.11764705882352944,Male,0.7428571428571429,Fiber optic,Yes,Yes,0.0,0.16469109074218485,Yes,Yes,True,False,False,True,False,False,False,False,True,False
1f4dfd87-b783-4716-9922-acd38ad810de,0.9803921568627451,Male,0.6142857142857143,Fiber optic,No,Yes,0.23231317355993714,0.2912985656390201,Yes,No,True,False,False,True,False,False,False,False,False,True
ff8b9f86-24b8-4931-af18-28d27e1d3ee6,0.5294117647058824,Male,0.09999999999999999,DSL,Yes,No,0.21029454070680925,0.022003645585824044,No,Yes,True,False,False,False,False,True,False,False,True,False
0df4f888-9d20-4fc6-888c-a984a95f1f8d,0.9803921568627451,Female,0.6428571428571429,DSL,Yes,Yes,0.40447896612007356,0.4229136604078647,No,Yes,False,True,False,False,True,False,True,False,False,False
1877ad5f-de60-4f5a-ba78-c29cc01a4905,0.823529411764706,Male,0.9714285714285714,Fiber optic,Yes,Yes,0.09477970302507249,0.3412928302514862,Yes,No,True,False,False,True,False,False,False,False,True,False
961d9759-109d-4ac6-974d-5d97638445c1,0.07843137254901966,Female,0.2571428571428571,Fiber optic,No,No,0.4803823939454292,0.17853956148222974,No,Yes,True,False,False,True,False,False,False,False,True,False
ceb78918-7125-4043-a68d-4f0214bd708e,0.07843137254901966,Male,0.5285714285714286,Fiber optic,Yes,No,0.9578215937506918,0.6498293682044894,Yes,No,True,False,False,False,False,True,False,True,False,False
da8d22c0-24c9-47a8-829e-33d2b7f2f692,0.5686274509803921,Male,0.14285714285714285,Fiber optic,No,No,0.7676204386023147,0.1326323629443198,No,Yes,False,True,True,True,False,False,False,False,False,True
b053d5f8-9342-4f67-a206-0a727bebff94,0.607843137254902,Male,0.6,Fiber optic,No,No,0.8716280510743766,0.6805900026893665,No,Yes,True,False,False,True,False,False,False,False,True,False
8a67a6d1-44ab-4dbf-9b19-9707d28a1a0e,0.13725490196078433,Male,0.2714285714285714,Fiber optic,Yes,Yes,0.8301356524817989,0.28919719676106437,Yes,No,True,False,False,True,False,False,True,False,False,False
6b414a04-08b4-4f92-9577-2277a6042de2,0.17647058823529416,Female,0.2714285714285714,Fiber optic,No,No,0.3708424616610238,0.15930593135464072,Yes,No,False,True,False,True,False,False,True,False,False,False
31abb5e1-ccca-4eb5-a18d-e616078cb400,0.7254901960784313,Male,0.2857142857142857,Fiber optic,Yes,Yes,0.7242470512735402,0.2714223150594568,Yes,Yes,True,False,False,False,False,True,False,False,True,False
b179def3-486a-44ec-9b5b-275dcf6a16dd,0.9019607843137255,Male,0.8,Fiber optic,No,No,0.7743698687733742,0.8376319821917019,Yes,No,True,False,False,False,False,True,False,False,True,False
16c4c7e9-0e7d-48a1-980a-947ea138860d,0.607843137254902,Female,0.7000000000000001,Fiber optic,Yes,Yes,0.16725309256677517,0.2911202384635973,Yes,No,True,True,False,False,True,False,False,True,False,False
efca47ed-3973-45da-a7e0-1ab575ed09f8,0.9215686274509803,Male,0.35714285714285715,Fiber optic,Yes,Yes,0.891655048795061,0.40564162920992697,No,Yes,False,False,False,True,False,False,False,False,False,True
0756d33c-68d8-444d-b672-683b9014608f,0.5294117647058824,Male,0.41428571428571426,Unknown,Yes,Yes,0.4461926575051451,0.28278063154810157,Yes,No,True,False,False,True,False,False,False,False,True,False
ecb7194c-dc47-4917-958c-b39e78a5f49b,0.3137254901960784,Male,0.42857142857142855,Fiber optic,Yes,Yes,0.0,0.07523350417398048,Yes,Yes,True,False,False,True,False,False,False,True,False,False
88d8fae6-b7fa-49d2-ae3e-cd9d086206ac,0.5882352941176471,Male,0.5857142857142857,Fiber optic,Yes,No,0.6516630153355907,0.53305719932512,No,Yes,True,False,False,False,False,True,False,False,False,True
4ae10c15-3fd1-47b5-932a-e021e5f4f5dc,0.13725490196078433,Female,0.9571428571428572,Fiber optic,Yes,No,0.6886189116820467,0.9218875562011748,Yes,Yes,False,False,False,False,True,False,False,False,True,False
f0010959-306d-4e8e-8df7-28585cad1722,0.7647058823529412,Female,0.8571428571428572,Fiber optic,Yes,No,0.5503109163734539,0.7016824124742911,Yes,No,True,False,False,True,False,False,False,False,True,False
9cb047bd-f461-4352-8f7c-685a92541630,0.47058823529411764,Male,0.8571428571428572,DSL,Yes,No,0.1747770475115626,0.3683953478134999,Yes,Yes,False,False,False,True,False,False,False,False,True,False
d2629064-c275-4343-bdc9-b0d4e74c5cee,0.1568627450980392,Female,0.9857142857142858,Unknown,Yes,Yes,0.47341167098187625,0.729925581338559,No,No,False,True,False,True,False,False,False,True,False,False
631b6028-9171-426b-8eeb-610d92502076,0.019607843137254943,Female,0.9571428571428572,DSL,No,No,0.38246033326694556,0.6200133857840145,Yes,Yes,True,False,False,False,False,True,False,False,True,False
a31d95c0-0ae0-4d71-9528-cda21ff2cc84,0.27450980392156865,Male,0.22857142857142856,Fiber optic,Yes,No,1.0000000000000002,0.28493341006221523,No,Yes,True,False,False,True,False,False,False,False,True,False
70abbeec-3346-4aa4-8e33-130e8f9893b0,0.9607843137254902,Female,0.2571428571428571,Fiber optic,No,No,0.8522649317311737,0.28003021601365174,Yes,No,False,True,False,True,False,False,False,True,False,False
5d9c7764-9c4c-4774-9c4c-e3bf65995bff,0.03921568627450983,Male,0.7142857142857143,Unknown,Yes,Yes,0.7827789948881365,0.7550295492949328,No,No,False,True,False,True,False,False,False,False,True,False
7299c674-f367-4977-a16a-8a749a784074,0.9411764705882354,Female,0.9857142857142858,DSL,Yes,No,0.14014472548629092,0.39587379833991854,No,Yes,False,False,False,True,False,False,True,False,False,False
024e2727-223b-478f-b374-0ee6ae4f7276,0.6862745098039217,Female,0.8857142857142858,Fiber optic,Yes,No,0.30600367346035545,0.5037778049820435,No,Yes,False,False,False,False,False,True,False,False,True,False
9ef5fcb3-9391-4074-a18d-2d4a675b2e27,0.05882352941176472,Female,0.41428571428571426,Fiber optic,Yes,Yes,0.3598884684325832,0.24477605801834487,Yes,No,True,True,False,False,False,True,True,False,False,False
10ce8828-0e17-4341-ad2c-5d89b5c5ab3e,0.2549019607843137,Male,0.34285714285714286,Fiber optic,Yes,No,0.4848082497953043,0.24182000393926337,Yes,Yes,False,True,False,False,False,True,False,False,True,False
0b1a5c25-aa81-4329-810c-f43a90bc2b6d,0.7843137254901961,Female,1.0,DSL,Yes,No,0.0,0.2297580180557068,No,No,True,True,False,False,True,False,False,False,True,False
a97fd6d6-7349-4f71-a2ce-10e8ad7adc6f,0.7843137254901961,Male,0.35714285714285715,Fiber optic,No,Yes,0.595897231627166,0.29684759324181775,Yes,No,False,False,False,True,False,False,False,False,False,True
f8af60a4-9b42-4516-a7fa-8ef93edcae08,0.47058823529411764,Male,0.7857142857142857,Fiber optic,No,No,0.3357675540507646,0.46496995588731904,Yes,No,False,True,False,True,False,False,True,False,False,False
b86a2f91-4674-466b-9f37-98ec0c6beae6,0.9607843137254902,Female,0.3,DSL,Yes,No,0.5612649096018942,0.9999999999999999,No,No,True,True,False,True,False,False,True,False,False,False
77990c9b-6c75-40a9-a491-aaac79467dc6,0.17647058823529416,Male,0.2571428571428571,Fiber optic,No,No,0.0,0.026815266219981183,No,No,True,True,False,False,True,False,False,False,True,False
b72bdb55-633d-4652-bc98-86d0bef1721a,0.3921568627450981,Female,0.42857142857142855,Fiber optic,Yes,Yes,0.2953816194206555,0.22142644389586078,Yes,Yes,True,False,False,True,False,False,False,False,False,True
84c3c3bf-ba9c-4faf-8138-5f2579092ab1,0.6862745098039217,Male,0.35714285714285715,Fiber optic,Yes,No,0.7903029498329242,0.37030393055586347,No,Yes,False,True,False,False,True,False,False,False,False,True
82629a37-e818-4c50-ae60-db2fb9fc7797,0.21568627450980393,Male,0.5857142857142857,Unknown,Yes,Yes,0.4942131934762885,0.43612915000271496,No,Yes,False,True,False,True,False,False,True,False,False,False
f2d9e617-5b2a-4700-8f01-854050f0c30a,0.5098039215686275,Female,0.5714285714285715,Fiber optic,No,Yes,0.8126535218747926,0.615209797905507,Yes,Yes,False,True,False,True,False,False,True,False,False,False
fd5a4845-6981-429e-adad-e6bad3f42c66,0.7647058823529412,Female,0.3142857142857143,Unknown,No,No,0.7131824116488528,0.2972990341093296,No,No,False,True,False,False,False,True,True,False,False,False
0fbd9d15-726a-425d-ab3c-a42aae996f5a,0.019607843137254943,Female,0.6571428571428571,Unknown,No,No,0.8856801433977295,0.7612806397415122,No,Yes,True,True,False,False,False,True,False,False,False,True
4e97d85f-d932-4692-93d3-3575d2ec9b1c,0.23529411764705888,Female,0.17142857142857143,DSL,Yes,No,0.0,0.007220162088156602,No,No,True,False,False,True,False,False,False,False,True,False
c7976c9b-579e-4eb6-a0d9-d08923b17012,0.607843137254902,Male,0.9285714285714286,DSL,Yes,Yes,0.22888313527628407,0.4566174965627838,Yes,No,True,False,False,True,False,False,False,False,True,False
c8633174-b3c0-4a60-b2c4-6612d4164dc5,0.5882352941176471,Male,0.9285714285714286,Fiber optic,No,Yes,0.5469915244860475,0.7565670187262813,No,No,True,True,False,False,False,True,False,False,True,False
7230234b-e61b-4b67-9ab4-55aadfad9f72,0.2941176470588236,Male,0.21428571428571427,Fiber optic,Yes,No,0.9809466905662882,0.2559592604338266,Yes,No,False,False,False,False,True,False,False,True,False,False
fb920904-e2a1-4222-82af-e390d66a5fcc,0.607843137254902,Female,0.3857142857142857,Fiber optic,Yes,Yes,0.6919383035694529,0.3615498334488443,Yes,No,False,False,False,True,False,False,True,False,False,False
9a7b6fea-6a18-43cb-8127-8cdb2971f6a9,0.607843137254902,Male,0.4857142857142857,Fiber optic,Yes,No,0.44497554714642945,0.3332456156416388,No,Yes,False,True,False,True,False,False,False,False,False,True
e5e0457a-bf18-4aaf-a7c6-da05a7c7cd98,0.6470588235294118,Female,0.5714285714285715,Fiber optic,Yes,No,0.08371506340038504,0.18141368145368456,Yes,No,False,True,False,True,False,False,False,False,True,False
87e5a0bb-d5a6-41fa-a116-bf7654e40bde,0.1960784313725491,Male,0.42857142857142855,Fiber optic,Yes,No,0.48547212817278534,0.3085513182233986,Yes,Yes,True,False,False,True,False,False,False,False,True,False
7d93ef0b-8c8e-4316-b872-5302257f52c8,0.5030496196232563,Female,0.44285714285714284,DSL,Yes,Yes,0.427825355728164,0.29517999316894455,Yes,No,True,False,False,False,False,True,False,True,False,False
225d5128-6223-4631-88f1-e2a687b42b7f,0.27450980392156865,Male,0.7571428571428571,Unknown,Yes,No,0.8010356502688709,0.8142116798195006,Yes,Yes,True,True,False,True,False,False,False,True,False,False
fce32e25-3cf5-4cfa-920e-01c6d1e054f8,0.3137254901960784,Male,0.8285714285714286,Fiber optic,Yes,No,0.39706565757153295,0.5465666877767484,Yes,Yes,False,True,False,True,False,False,False,False,True,False
41b57c04-586d-4fd6-b5f1-203d4dcf1531,0.7647058823529412,Female,0.5714285714285715,Unknown,Yes,Yes,1.0000000000000002,0.3058394599160673,Yes,Yes,False,False,False,True,False,False,True,False,False,False
be27cb8e-45a4-4a4f-8ecd-43aa5c90c19b,0.33333333333333337,Male,0.9285714285714286,DSL,Yes,Yes,0.03901391931664788,0.27101907072584297,No,No,True,False,False,True,False,False,False,False,False,True
db2cbb1f-f21f-4966-9e1e-a0af7fb9a7ac,0.1568627450980392,Female,0.7571428571428571,Unknown,Yes,Yes,0.0,0.1786359545500259,Yes,No,False,False,False,True,False,False,False,False,True,False
62b1572f-1546-429d-88df-bd1b6c028cee,0.47058823529411764,Male,0.5571428571428572,DSL,Yes,Yes,0.42561242780322645,0.377302067277863,No,Yes,False,False,False,True,False,False,True,False,False,False
c226fe04-992f-494e-8845-df5dc4f25026,0.7647058823529412,Male,0.3857142857142857,DSL,Yes,No,0.32359645046360846,0.21358326127951513,No,Yes,True,True,False,True,False,False,True,False,False,False
ab125e81-8123-4479-9abe-5e51e30e386d,0.2549019607843137,Female,0.5142857142857143,DSL,Yes,No,0.5541835402420943,0.4158030651067697,Yes,Yes,False,True,False,True,False,False,False,False,True,False
b7a78b5e-70e2-4f12-a7ce-72ae8e8da5a3,0.47058823529411764,Female,0.9142857142857143,Fiber optic,No,No,0.7274557967646995,0.9181218003526057,No,Yes,False,False,False,True,False,False,False,False,True,False
2975989f-d45f-4b26-8a4a-5a3352c4daf6,0.9607843137254902,Male,0.7714285714285715,Unknown,No,Yes,0.0,0.17869218383957364,No,No,True,False,False,True,False,False,False,False,True,False
3bad5297-cffc-4bff-bc75-1db0e7e1b9e1,0.4117647058823529,Male,0.04285714285714286,Fiber optic,Yes,No,0.4887915200601917,0.00789009390933975,No,Yes,False,True,False,False,True,False,False,False,True,False
872b229f-d852-4463-9b88-5443c0a6ea06,1.0,Male,0.12857142857142856,Unknown,Yes,Yes,0.8935360375312578,0.1345184539708642,Yes,No,True,False,True,True,False,False,False,False,True,False
3eaab0b3-842a-4751-9177-cde0317506c3,0.5686274509803921,Male,0.6571428571428571,Fiber optic,No,No,0.4434264975989732,0.4606194154274534,No,Yes,False,False,False,True,False,False,False,False,False,True
f22f9916-b651-4541-a742-f3c5a8072f1c,0.37254901960784315,Male,0.1857142857142857,Fiber optic,Yes,No,0.5164531191219104,0.12707048293248274,Yes,No,False,True,False,True,False,False,False,False,True,False
bfb22178-7fef-45d7-83d8-ff0b78b0ec40,0.3921568627450981,Male,0.5285714285714286,Unknown,Yes,No,0.4783907588129856,0.9999999999999999,Yes,Yes,False,False,False,False,False,True,False,False,False,True
9401fc32-9219-4a0c-b0da-5ed603b780d0,0.8431372549019608,Female,0.15714285714285714,DSL,Yes,No,0.3710637544535174,0.08032787780700629,No,No,True,False,False,False,False,True,False,False,True,False
946f221c-7d90-4e4f-a451-98f3834e7494,0.607843137254902,Female,0.6285714285714286,Fiber optic,Yes,No,0.06158578415101024,0.19055977703640797,Yes,No,True,False,False,True,False,False,True,False,False,False
2542594a-5b75-41b0-b49a-25bee8627769,0.9803921568627451,Female,0.22857142857142856,Unknown,Yes,No,0.07962114673925075,0.8389654196295486,No,Yes,True,False,False,False,True,False,True,False,False,False
1959b4df-bbfb-45ee-a52c-1bdbe0e24501,0.8823529411764707,Male,0.4857142857142857,Unknown,No,No,0.13793179756135343,0.178234316767542,No,Yes,True,True,False,True,False,False,True,False,False,False
6b506961-0cb8-466c-8798-18d1e32675ef,0.9411764705882354,Male,0.9285714285714286,Unknown,No,Yes,0.816747438535927,0.9999999999999999,No,Yes,False,False,False,True,False,False,False,False,True,False
06114197-1c29-4046-a9ec-157f96eba5fb,0.5030496196232563,Male,0.5714285714285715,Unknown,Yes,No,0.24437363075084645,0.27687494959445824,Yes,Yes,True,False,False,True,False,False,False,False,True,False
fc3a20be-ece4-4e67-830c-b8d28f2b1b1b,0.6666666666666666,Female,0.9428571428571428,DSL,Yes,No,0.9888025846998165,0.9999999999999999,No,Yes,True,True,False,True,False,False,False,False,True,False
dc23a931-7898-4590-942e-45f4e248a890,0.607843137254902,Female,0.39999999999999997,Unknown,Yes,Yes,0.8362212042753767,0.43591708525356354,No,Yes,False,False,False,True,False,False,False,False,True,False
dd404c8e-5a93-4892-b663-096379252f62,0.5686274509803921,Male,0.24285714285714283,Fiber optic,Yes,Yes,0.697138684193056,0.21796111310858965,Yes,Yes,False,True,False,False,True,False,False,False,True,False
fe0b793e-39ac-47ff-98d0-f2a5b6bf303d,0.7450980392156864,Male,0.2714285714285714,Unknown,Yes,No,0.736860740445684,0.2614167146222178,Yes,Yes,True,True,False,False,True,False,False,False,True,False
951823fd-8f3d-4314-9707-15b91a1ba8f5,0.9411764705882354,Female,0.1857142857142857,Fiber optic,Yes,Yes,0.0,0.022920986281017283,No,Yes,False,False,False,True,False,False,True,False,False,False
47d7165e-8e80-4e31-bc99-28f36c80b4ea,0.21568627450980393,Female,0.4714285714285714,Fiber optic,Yes,Yes,0.5686782181504348,0.38562239557979944,No,Yes,False,True,False,True,False,False,False,True,False,False
b4c64587-91f5-46b8-9b7b-0b8a871d7207,0.7843137254901961,Female,0.6857142857142857,Fiber optic,Yes,No,0.9810573369625353,0.8634187343782983,No,Yes,True,False,False,True,False,False,False,False,True,False
35e97293-7924-4453-b8e5-34ba39a4a206,0.9019607843137255,Male,0.7571428571428571,Fiber optic,Yes,No,0.0,0.17494249350230395,No,No,False,False,False,True,False,False,False,True,False,False
5dc7715b-7eee-4ae2-943a-7b169e1de2b3,0.33333333333333337,Male,0.42857142857142855,DSL,No,No,0.26174511496160574,0.2101082911854644,Yes,No,False,True,False,False,False,True,False,False,True,False
10f5ed4c-171c-411d-8c30-a35c5ce30b71,0.3921568627450981,Male,0.8142857142857143,Unknown,Yes,Yes,0.0,0.1980109611770493,Yes,No,False,False,False,False,True,False,True,False,False,False
bedc3108-3057-407c-8ccb-13f22516eba6,0.23529411764705888,Female,0.5857142857142857,Unknown,No,Yes,0.5701166213016442,0.4846068303485219,Yes,Yes,True,False,False,False,False,True,True,False,False,False
9b74ff4c-b7a5-4444-b0fa-56bef214507d,0.3921568627450981,Female,0.8142857142857143,DSL,Yes,Yes,0.06833521432206957,0.26283369271882107,No,Yes,True,False,False,False,True,False,False,False,True,False
3cc9aa02-27a4-4d85-99e1-9588b39c5171,0.5030496196232563,Male,0.41428571428571426,Fiber optic,Yes,Yes,0.47009227909447,0.29069289586303443,Yes,Yes,False,False,False,True,False,False,False,False,True,False
357aa754-74de-4f22-bae2-2ed42574f1c7,0.8823529411764707,Male,0.34285714285714286,Fiber optic,Yes,Yes,0.7363075084644493,0.3322993570261067,Yes,No,False,False,False,True,False,False,False,False,True,False
c06c4e9c-1830-4e1c-9edb-50c8378f9f4d,0.7647058823529412,Female,0.8857142857142858,Fiber optic,Yes,No,0.12166677731306291,0.3348569864249642,Yes,No,False,True,False,True,False,False,False,False,True,False
ca36728b-8b3c-4e6e-94ec-676fc9b4f886,0.8823529411764707,Male,0.2571428571428571,DSL,Yes,Yes,0.77558697913209,0.2563207344380621,No,Yes,False,True,False,True,False,False,False,False,True,False
7eb505d4-1dad-4860-b0cd-8b29c1a9e418,0.11764705882352944,Female,0.09999999999999999,Unknown,No,Yes,0.0063732324238199856,0.0,No,No,False,False,False,False,False,True,False,True,False,False
a032cd29-79bc-44e5-9f04-f496866cf6ce,0.43137254901960786,Female,0.028571428571428574,Fiber optic,No,Yes,0.10529111066852559,0.0,Yes,No,False,True,False,True,False,False,True,False,False,False
c5da7d23-47b8-496f-a698-1cf4031356d4,0.8431372549019608,Male,0.9428571428571428,Fiber optic,Yes,Yes,0.24968465777069643,0.478691509088099,No,No,False,False,False,True,False,False,True,False,False,False
89e31931-5232-4a63-9e37-f08f2f1e9399,0.607843137254902,Female,0.22857142857142856,Fiber optic,Yes,Yes,0.8206200624045676,0.23475921172319633,Yes,Yes,False,False,False,False,True,False,False,False,False,True
14c59d7f-335d-47fe-af57-310b318b3b07,0.5030496196232563,Male,0.1857142857142857,DSL,Yes,Yes,0.8803691163778797,0.20382988936967608,Yes,Yes,True,True,False,False,False,True,False,False,True,False
62c5901a-0673-491e-87fb-90e75686725d,0.4117647058823529,Female,0.11428571428571427,Fiber optic,Yes,No,0.1836287592113125,0.025820811070551043,Yes,Yes,False,True,False,True,False,False,False,False,False,True
880f78a2-ab1b-432e-b663-9f05cba482ca,0.4117647058823529,Female,0.8714285714285714,DSL,Yes,Yes,0.04576334948770722,0.2565327991872136,Yes,Yes,True,True,False,False,True,False,False,False,True,False
93e1e4d4-f6c0-460c-ab4f-1c7273ea44e6,0.823529411764706,Male,0.2857142857142857,DSL,Yes,Yes,0.8780455420566953,0.3205217306925488,Yes,No,True,False,False,True,False,False,False,True,False,False
b3302b59-d4bd-41e1-bcad-13570c00741b,0.47058823529411764,Female,0.5142857142857143,Fiber optic,Yes,Yes,0.658301799110403,0.4719375681378497,No,Yes,False,False,False,True,False,False,False,False,True,False
5fbce994-a4e2-4495-a2a2-e54254f7dfc2,0.4117647058823529,Male,0.14285714285714285,Unknown,Yes,Yes,0.11447476155701608,0.03027256425160261,No,No,True,True,False,True,False,False,False,False,True,False
d93425cd-b141-48ae-aa46-b807362a07af,0.5294117647058824,Male,0.2714285714285714,Fiber optic,Yes,Yes,0.5568390537520194,0.20782698858095588,No,Yes,True,True,False,True,False,False,False,False,True,False
344fa5d2-eadf-4fb4-ab9e-9d1b19d0adfc,0.5490196078431373,Female,0.4857142857142857,DSL,Yes,Yes,0.9050432627409326,0.5676205403345546,No,Yes,False,True,False,False,True,False,True,False,False,False
85f22236-f00a-4e9f-ab1d-e824aa099bd8,0.23529411764705888,Male,0.7428571428571429,Fiber optic,Yes,Yes,0.01666334727477925,0.1947432361787603,No,Yes,False,True,False,True,False,False,True,False,False,False
442b0ec9-4f30-4e55-a72f-d00f74d98a02,0.5030496196232563,Male,0.6571428571428571,Unknown,No,No,0.03237513554183541,0.18151650072600045,Yes,Yes,False,False,False,False,True,False,False,False,True,False
05244ad7-82e6-421c-b590-a8ef32e9a8df,0.019607843137254943,Male,0.7285714285714286,Fiber optic,Yes,Yes,0.24249264201464965,0.3598067254728642,No,No,False,False,False,False,False,True,True,False,False,False
cafe70db-50aa-4067-a4ed-b4eae187942c,0.5490196078431373,Male,0.09999999999999999,Unknown,No,Yes,0.6615105446015623,0.07337954417003478,No,No,True,True,True,True,False,False,True,False,False,False
5ad6b27b-96e4-43b0-ad8e-aa95370ad48a,0.3921568627450981,Male,0.04285714285714286,Fiber optic,No,Yes,0.1367146872026378,0.0,No,No,True,False,False,False,True,False,False,True,False,False
97df8512-4799-46ca-957d-d2185f4ccb0c,0.27450980392156865,Male,0.3714285714285714,Fiber optic,No,Yes,0.8430812808426831,0.40787473528053747,Yes,No,True,True,False,True,False,False,False,False,False,True
20b722c1-cc9d-4377-93a1-e38a0d72ddc3,1.0,Female,0.6142857142857143,DSL,No,Yes,0.7700546593197461,0.6367857795805422,Yes,Yes,False,True,False,True,False,False,True,False,False,False
ebd1ef3c-42a7-4d25-8b7a-dff9d4636604,0.5098039215686275,Male,0.5571428571428572,Fiber optic,Yes,Yes,0.5604903848281662,0.45516035468793214,No,No,False,True,False,False,True,False,False,False,True,False
c1d03274-0b46-4d1a-9e9e-15f9b7f6e919,0.9607843137254902,Female,0.6571428571428571,Fiber optic,No,Yes,0.06822456792582265,0.20391021692617284,No,Yes,False,False,False,False,True,False,False,False,True,False
088f384f-47eb-4eef-a80c-04fb1f4c55a4,0.5882352941176471,Female,0.6142857142857143,Fiber optic,Yes,Yes,1.0000000000000002,0.8045643402842373,Yes,No,True,False,False,True,False,False,False,False,True,False
50a21dd0-c22b-46af-9a06-f86ce79bc681,0.27450980392156865,Male,0.6714285714285715,Unknown,Yes,Yes,0.48193144349288547,0.495807704826433,No,No,True,True,False,False,False,True,False,False,False,True
01b128d2-ded3-4726-a0b0-7d605f036838,0.9803921568627451,Female,0.7285714285714286,Unknown,No,Yes,0.4399964593153201,0.5079644772266557,Yes,Yes,False,True,False,True,False,False,False,False,True,False
460f0218-cc1b-4f3e-9ab4-b05e45042978,0.43137254901960786,Female,0.9571428571428572,DSL,No,Yes,1.0000000000000002,0.9999999999999999,No,Yes,True,True,False,False,False,True,False,False,True,False
dfc30508-b11f-45ef-b3be-e991bc2c3657,0.5030496196232563,Male,0.14285714285714285,DSL,No,No,0.8956383190599484,0.15149487976089376,Yes,No,False,True,True,True,False,False,False,False,False,True
44fff71d-5d48-4077-8863-d047878dd55f,0.8431372549019608,Male,0.04285714285714286,Fiber optic,No,No,0.44475425435393573,0.00768606191583792,Yes,Yes,True,False,False,True,False,False,False,False,True,False
476cf787-4eab-497e-b261-103f7a41cb1e,0.23529411764705888,Male,0.6714285714285715,DSL,No,No,0.403151209365111,0.4441908235727319,Yes,Yes,True,True,False,True,False,False,False,False,True,False
1b2630bd-b23f-46a5-85c8-ef4b111fb1ba,0.4117647058823529,Female,0.35714285714285715,Fiber optic,No,No,0.04587399588395408,0.08897594253944965,Yes,Yes,True,False,False,True,False,False,False,False,False,True
9c16a119-b664-440a-b0a5-145e7fcbb603,0.823529411764706,Female,0.5428571428571429,Unknown,No,No,0.9649029631104917,0.6693843085580657,Yes,No,False,True,False,True,False,False,True,False,False,False
275629d4-2252-4fd2-add5-9b81ab188325,0.7058823529411765,Male,0.8142857142857143,Unknown,Yes,No,0.8733983934143266,0.9390358829621075,No,Yes,True,False,False,False,True,False,False,True,False,False
d3599587-5547-467c-a672-17e99be62ea5,0.5030496196232563,Male,0.2571428571428571,Fiber optic,No,No,0.2827679302485118,0.121201751654828,No,No,True,False,False,True,False,False,False,False,False,True
f24595cb-611c-422f-ae03-4376f30cf83a,0.03921568627450983,Female,0.8142857142857143,Unknown,No,Yes,0.7732634048109055,0.8541296557450107,Yes,No,False,False,False,True,False,False,False,False,False,True
4dc04edd-356e-4bd2-a74b-57a25ca36197,0.5030496196232563,Female,0.3857142857142857,Fiber optic,No,Yes,0.7836641660581116,0.3972714978229625,No,No,False,True,False,True,False,False,False,False,True,False
93bbf9a0-ca1d-4322-9dcf-0121b2522faf,0.43137254901960786,Female,0.9285714285714286,DSL,Yes,No,0.1919272389298281,0.4205825547183281,Yes,Yes,False,True,False,True,False,False,False,False,True,False
3a51bf8b-fa09-495b-bda9-3ee62cce697d,0.5490196078431373,Female,0.12857142857142856,Fiber optic,Yes,No,0.6188010356502689,0.09758705659590453,Yes,No,True,True,True,False,True,False,False,False,True,False
99df019c-85cf-42aa-9796-0ff55d63aa69,0.5686274509803921,Male,0.8142857142857143,Fiber optic,Yes,Yes,0.221912412312731,0.3887230392605751,Yes,Yes,False,False,False,False,True,False,True,False,False,False
e89bf0d7-2240-4dda-a390-40440c809316,0.5030496196232563,Female,0.1857142857142857,Fiber optic,No,No,0.8137599858372613,0.18884880008302654,Yes,No,True,True,False,False,False,True,False,False,True,False
ba741d63-1a96-437d-8989-8532fae881fe,0.8431372549019608,Female,0.19999999999999998,DSL,Yes,Yes,0.10993825931089429,0.052078282738218594,No,No,True,True,False,True,False,False,True,False,False,False
7da7bd05-50be-4b24-86e0-6dfdf62de963,0.9019607843137255,Female,0.45714285714285713,Fiber optic,Yes,Yes,0.6798778463785435,0.42496040654740264,Yes,No,False,False,False,True,False,False,True,False,False,False
f7a86dd7-b13b-4218-9324-34e6aef58189,0.47058823529411764,Female,0.22857142857142856,Fiber optic,Yes,Yes,0.30047135364801175,0.108577472875794,No,No,True,True,False,True,False,False,False,False,True,False
f239ed64-995e-40fc-a99a-43ebd05d03c2,0.7058823529411765,Male,0.32857142857142857,Unknown,No,Yes,0.0,0.05625049602266135,No,No,False,False,False,False,False,True,False,False,True,False
088f7068-f7cf-4c2e-802d-c59294ef89bb,0.9019607843137255,Male,0.41428571428571426,Fiber optic,No,Yes,0.07663369404058512,0.1192979885658543,No,Yes,False,False,False,False,True,False,False,False,False,True
1918db3c-8ae7-4369-b834-8663561e4faa,0.13725490196078433,Female,0.8714285714285714,Fiber optic,No,No,0.664387350903981,0.8172930448867172,No,No,True,False,False,True,False,False,False,False,False,True
a13772c5-fa62-4192-a8e3-0ff817fc5862,0.8039215686274509,Female,0.17142857142857143,Fiber optic,Yes,No,0.205204806479453,0.058567142752028505,No,Yes,True,False,False,True,False,False,False,False,False,True
5c3c7ca2-b6d4-4ba3-ad96-fee3b064be2c,0.2941176470588236,Male,0.8714285714285714,DSL,Yes,No,0.6379428622009782,0.7925457312811891,No,Yes,False,True,False,False,True,False,False,True,False,False
06d25f43-95cf-4805-bf56-4975640851c8,0.13725490196078433,Male,0.6571428571428571,Fiber optic,Yes,Yes,0.398725353515236,0.42981861716432795,Yes,Yes,False,True,False,False,True,False,False,True,False,False
8865f1ff-575f-47d6-a288-656899a2e32f,0.0,Female,0.21428571428571427,Unknown,Yes,No,0.7062116886852996,0.19676427750021927,Yes,No,False,True,False,False,False,True,False,True,False,False
b0100152-20b3-47aa-b880-83f24e37410f,0.8431372549019608,Female,0.9285714285714286,Fiber optic,No,Yes,0.48514018898404493,0.6990974717062247,No,Yes,False,True,False,True,False,False,False,False,True,False
e5b496c4-cda6-49c8-a63c-de9f8ce31ff5,0.5030496196232563,Male,0.6,Unknown,Yes,Yes,0.28110823430480875,0.31690859720132364,No,No,False,True,False,False,False,True,False,False,True,False
7d7632f0-49fc-433c-8e9e-9e6ca915d47c,0.03921568627450983,Male,0.09999999999999999,DSL,Yes,No,0.10108654761114433,0.008577697792952185,No,No,True,False,False,True,False,False,False,False,True,False
76a2da07-dee9-460c-b8ef-76dfbf6c0883,0.0,Male,0.028571428571428574,DSL,Yes,Yes,0.31717895948128977,0.0,Yes,No,False,True,False,False,False,True,False,False,True,False
3fa0ca1f-7d0e-4ac0-8cd7-81214dde2d61,0.05882352941176472,Male,0.15714285714285714,Unknown,Yes,Yes,0.6422580716546062,0.12655638657090335,Yes,No,True,True,False,False,False,True,False,False,False,True
d9800ea5-1e3f-4998-9835-c0b7c9d63773,0.7647058823529412,Male,0.21428571428571427,Unknown,No,Yes,0.7591006660913056,0.20719079433350138,Yes,Yes,False,False,False,False,True,False,True,False,False,False
af52bcc7-6a90-418b-90e6-b1c483312d12,0.6666666666666666,Male,0.8285714285714286,Unknown,Yes,No,0.11713027506694113,0.30745725690391246,No,No,True,True,False,False,True,False,False,False,False,True
1082a208-db43-4550-aaa6-cc3f607e4596,0.607843137254902,Female,0.6857142857142857,Fiber optic,No,Yes,0.6747881121511874,0.6455575487499907,Yes,No,False,True,False,True,False,False,False,True,False,False
19320331-816c-4252-93b7-7b05dcfb5b48,0.8039215686274509,Male,0.8857142857142858,Unknown,Yes,No,0.1381530903538472,0.3496966992121794,Yes,No,True,True,False,True,False,False,False,True,False,False
9aa3a56e-0bc8-47f5-a9ac-fb9b74f76391,0.6470588235294118,Male,0.8714285714285714,Unknown,Yes,No,0.18517780875876877,0.38786514095718955,Yes,Yes,False,False,False,True,False,False,False,False,True,False
3c107789-6713-4b07-8a76-358af0e91585,0.823529411764706,Male,0.6857142857142857,Unknown,Yes,No,0.5276284051428446,0.5424394579239439,Yes,Yes,False,False,False,True,False,False,False,True,False,False
c305884d-1dd0-4225-bf35-60c5462def64,0.47058823529411764,Male,0.7142857142857143,Fiber optic,Yes,No,0.259753479829162,0.36641447027028934,Yes,No,False,False,False,True,False,False,False,False,False,True
2e3fa551-9ea9-4119-a512-40800746bf69,0.17647058823529416,Female,0.45714285714285713,Fiber optic,No,Yes,0.6718006594525217,0.4226485794714253,No,Yes,False,True,False,True,False,False,False,False,False,True
a8742b44-9f8e-4b6c-8b83-4487e38b03ea,0.3921568627450981,Female,0.41428571428571426,Unknown,Yes,Yes,0.9973223572108258,0.5216249814844981,Yes,Yes,False,False,False,False,False,True,True,False,False,False
53688f50-7a3b-4ee2-977a-947e866f7ad3,0.8823529411764707,Male,0.8285714285714286,Fiber optic,Yes,Yes,0.10451658589479745,0.29550451649719156,No,Yes,True,True,False,True,False,False,False,False,True,False
5f5da18f-ae3e-4cef-8e0f-e0ceb639e6dd,0.7450980392156864,Female,0.19999999999999998,Fiber optic,Yes,Yes,0.5710017924716193,0.15151737147671288,No,Yes,False,False,False,False,True,False,False,True,False,False
82a47d19-7e0a-47af-ac58-f52a3b6ed76c,0.5098039215686275,Female,0.3142857142857143,Fiber optic,Yes,No,0.9613622784305915,0.3802581213569444,No,Yes,False,False,False,False,True,False,True,False,False,False
eacff83a-9de9-4e20-a249-e29935dcc13b,0.5098039215686275,Female,0.6285714285714286,Fiber optic,No,Yes,0.13505499125893472,0.2385137217138559,No,No,True,False,False,True,False,False,False,True,False,False
ae155e9f-03dd-4efb-8411-aa29f4b3d500,0.019607843137254943,Female,0.8714285714285714,Fiber optic,Yes,Yes,0.34572572971298327,0.5317526798076122,No,No,False,False,False,True,False,False,False,True,False,False
f4b94b11-3b91-4b81-b132-dbbfcd0a3906,0.7843137254901961,Female,1.0,DSL,Yes,No,0.07652304764433826,0.33400069467270854,Yes,Yes,False,True,False,True,False,False,False,False,False,True
23a5ce0c-6703-41fa-bf5d-8ca4f668aa06,0.9215686274509803,Female,0.19999999999999998,Unknown,No,No,0.6501139657881343,0.1647296479693033,No,Yes,False,True,False,False,True,False,False,False,True,False
5c225441-d4c1-484d-8b3f-65ae0d685246,0.23529411764705888,Male,0.6428571428571429,Fiber optic,Yes,No,0.6800991391710371,0.610594176509202,Yes,No,True,False,False,True,False,False,False,False,True,False
12609d44-09b2-4585-812e-9529e5ef5c7b,0.1568627450980392,Male,0.9,Fiber optic,Yes,No,0.6746774657549404,0.8525664814955832,Yes,Yes,False,True,False,True,False,False,False,False,True,False
d3dc76d7-be48-4d3e-a570-337f2811e305,0.5030496196232563,Male,0.6428571428571429,DSL,Yes,No,0.5395782159375069,0.5137850119704124,Yes,No,True,False,False,False,False,True,False,False,True,False
eac5bfb8-3a1b-4c58-8a61-a31262776c16,0.6862745098039217,Male,0.7857142857142857,DSL,Yes,No,0.7655181570736243,0.817574191334456,Yes,Yes,False,False,False,True,False,False,False,True,False,False
e40b5604-e607-486e-8211-b72511c0cb07,0.4117647058823529,Male,0.6142857142857143,DSL,No,Yes,1.0000000000000002,0.1340670131033523,Yes,Yes,False,False,False,False,True,False,False,False,True,False
ec1c1708-301b-4545-a74a-dc87b8c87c57,0.8039215686274509,Female,0.39999999999999997,Fiber optic,Yes,No,0.9992033459470226,0.5072302833602751,No,No,False,False,False,True,False,False,False,True,False,False
23696ff1-23fc-4740-9bea-0566a3df4c85,0.4901960784313726,Male,0.8714285714285714,DSL,No,Yes,0.1855097479475094,0.3849026606735883,No,No,False,True,False,False,True,False,True,False,False,False
916d9cc1-7750-4fa4-ac02-d808ff3f7b5b,0.21568627450980393,Male,0.7285714285714286,Unknown,Yes,Yes,0.07431011971940071,0.23562835588449152,No,No,True,True,False,False,False,True,False,False,True,False
2ab2668d-17ed-4744-a500-86909e791879,0.3137254901960784,Female,0.7571428571428571,DSL,No,Yes,0.9810573369625353,0.955315065561745,Yes,Yes,False,True,False,False,True,False,False,False,False,True
455e0188-6b8b-47e3-98be-e779f380b2b8,0.2549019607843137,Female,0.8,DSL,Yes,No,0.8585717763172456,0.9130290332707098,No,Yes,True,True,False,True,False,False,False,False,False,True
2b8d772a-7d27-4bdb-8fa1-039b58ead68b,0.2549019607843137,Male,0.9285714285714286,DSL,Yes,No,0.7860983867755427,0.9899233900028178,Yes,No,True,False,False,True,False,False,False,False,False,True
1c604c62-5f39-463c-8b65-45480c51a422,0.6470588235294118,Female,0.3,DSL,Yes,Yes,0.05561087875367898,0.07245899037258169,Yes,No,True,True,False,False,False,True,False,False,False,True
6fca654f-3f3d-490b-acf3-e1ff646e92a4,0.37254901960784315,Female,0.2714285714285714,Fiber optic,Yes,Yes,0.8332337515767112,0.2874958591144625,No,Yes,True,False,False,True,False,False,False,False,True,False
c6849ad5-e002-4a9d-8f66-7a6efe1ebec7,0.1960784313725491,Female,0.45714285714285713,Unknown,No,No,0.6136006550266659,0.3897303468190447,No,No,False,True,False,True,False,False,True,False,False,False
08b4002f-c34a-4876-98bd-d8004a8ab01b,0.2941176470588236,Female,0.34285714285714286,Fiber optic,No,No,0.7495850760140743,0.3404204729879312,Yes,No,False,False,False,False,True,False,False,False,False,True
250b6566-e6c0-4b91-9e0e-53e36d3e99b2,0.9803921568627451,Male,0.6428571428571429,DSL,Yes,Yes,1.0000000000000002,0.8373010326589352,No,No,False,False,False,True,False,False,True,False,False,False
ff4fb978-507a-4e53-80ff-1c96130bbcc5,0.5882352941176471,Female,0.8,DSL,Yes,Yes,0.15486069618712517,0.32741222848884266,No,Yes,True,False,False,True,False,False,False,True,False,False
4bf8d50d-79e3-4545-8087-afed584e41ed,0.09803921568627455,Male,0.05714285714285714,Fiber optic,Yes,No,0.4978645245524353,0.01785231746607044,No,No,False,False,True,False,False,True,False,False,True,False
49376f1c-c20d-4694-9c17-996acf98c1a7,0.3529411764705882,Male,0.7714285714285715,Unknown,No,Yes,0.7733740512071523,0.8054559761613516,Yes,Yes,False,False,False,True,False,False,False,False,True,False
0d9002c6-b0da-46c2-a4fb-53500e851c4f,0.7058823529411765,Female,0.8571428571428572,DSL,No,No,0.4196375224058953,0.586846137706494,Yes,No,False,False,False,True,False,False,True,False,False,False
81080923-b621-40da-9556-d0983d863b15,0.05882352941176472,Female,0.09999999999999999,Fiber optic,Yes,Yes,0.00028768063024187107,0.0006541876201097765,Yes,Yes,False,False,False,False,True,False,False,True,False,False
f50a0488-6564-4b8a-b429-57ecac6b0670,0.9019607843137255,Female,0.21428571428571427,Fiber optic,No,Yes,0.06302418730221959,0.04500463811311212,Yes,No,False,False,False,False,False,True,False,False,False,True
0b895910-20d5-408c-96f0-6ac250d863b6,0.05882352941176472,Male,0.6714285714285715,DSL,No,Yes,0.6059660536856315,0.9999999999999999,Yes,Yes,False,False,False,True,False,False,False,False,True,False
5ccae7a8-87ac-4fb7-9353-c4a9953f60b7,0.37254901960784315,Female,0.8571428571428572,Fiber optic,Yes,Yes,0.2551063311867933,0.43868677940157247,No,Yes,True,False,False,False,True,False,False,False,True,False
7b702be6-0dc4-4130-9dc9-1ad1f4e05aa0,0.17647058823529416,Female,0.19999999999999998,DSL,No,Yes,0.09223483591139442,0.046786303316210705,Yes,Yes,True,True,False,False,True,False,False,False,True,False
a6b49d1c-2782-4699-ad07-c7f813bf0f19,0.4509803921568628,Female,0.9142857142857143,Fiber optic,Yes,Yes,0.3158512027263272,0.5284030207016964,No,Yes,False,False,False,True,False,False,False,False,True,False
1fb926b4-0c76-490a-81dc-9ef8b24a261c,0.6666666666666666,Female,0.3,DSL,Yes,No,0.16216335833941892,0.10868832490375954,Yes,Yes,False,True,False,True,False,False,False,False,True,False
c36b881f-133d-4879-a439-49c58b0e635b,0.4901960784313726,Female,0.028571428571428574,Fiber optic,Yes,Yes,0.0,0.0,No,Yes,False,True,False,True,False,False,True,False,False,False
96c6e083-dfa9-4bd0-9e78-b2c93f6d0869,0.7058823529411765,Male,0.7571428571428571,DSL,Yes,No,0.1077253313859568,0.2729437189795058,No,No,False,True,False,False,True,False,False,False,True,False
8c6c0df3-553f-4321-a743-c350ccf38419,0.7254901960784313,Female,0.1857142857142857,Unknown,Yes,Yes,0.9168824271393483,0.2081627577671124,Yes,No,False,True,False,False,False,True,False,False,True,False
280747f4-786f-4ea8-a412-1914e2185e2a,0.3921568627450981,Female,0.49999999999999994,DSL,Yes,No,0.0,0.08594277400613123,No,No,False,True,False,True,False,False,False,False,True,False
dc40a2db-1035-4773-bdac-f2e3261a444c,0.7647058823529412,Female,0.9428571428571428,Unknown,No,Yes,0.7960565624377616,0.9999999999999999,Yes,Yes,True,False,False,False,False,True,False,True,False,False
7e49d110-e204-49c7-870a-1eab63e7277a,0.5030496196232563,Male,0.12857142857142856,Unknown,Yes,Yes,0.7734846976033991,0.11723517691501698,Yes,Yes,False,False,True,False,True,False,False,False,False,True
9dc1cef8-1d7e-49be-b89b-064b82b772fb,0.3921568627450981,Female,0.6857142857142857,Unknown,Yes,Yes,0.5640310695080661,0.5672317549611101,Yes,Yes,True,True,False,True,False,False,False,True,False,False
cd2ee416-ee9c-45e7-a745-91346a910889,0.17647058823529416,Male,0.9142857142857143,Fiber optic,No,Yes,0.17035119166168766,0.39054486824192214,Yes,No,True,False,False,False,True,False,False,False,False,True
a6dffd8c-d82d-4b62-8571-f41a43936455,0.7254901960784313,Male,0.8,Fiber optic,Yes,No,0.9113501073270045,0.9509854102665686,No,Yes,False,True,False,True,False,False,False,False,True,False
15a0b818-553f-4dd7-8bc5-8df3645efbb0,0.8823529411764707,Female,0.3714285714285714,Fiber optic,Yes,No,0.4654451304521013,0.25931695229539203,No,No,True,True,False,False,False,True,False,False,True,False
598f1b08-2c46-402f-a3ff-fcf57fc65033,0.05882352941176472,Female,0.05714285714285714,DSL,No,No,0.13140366018278787,0.0,Yes,Yes,True,False,False,True,False,False,True,False,False,False
53f83b2b-9700-4d7d-b516-f92a419183a6,0.8627450980392156,Female,1.0,Fiber optic,No,Yes,0.41443714178229213,0.6818286536105469,No,No,True,False,False,False,True,False,False,False,False,True
6f286feb-26cb-4154-b65e-a5de7cb01029,0.37254901960784315,Male,0.8,DSL,Yes,No,0.15541392816835958,0.32453007576173815,No,Yes,True,True,False,False,True,False,True,False,False,False
0ceb182f-2528-4f40-83f8-93de5dd5061a,0.3137254901960784,Male,0.19999999999999998,Unknown,Yes,No,0.35579455177144886,0.1024597261729992,Yes,Yes,True,True,False,True,False,False,True,False,False,False
9486a900-9705-4479-93ec-aa4a85e3fa0b,0.11764705882352944,Male,0.41428571428571426,DSL,No,No,0.4893447520414261,0.9999999999999999,Yes,No,True,True,False,False,False,True,True,False,False,False
8cd772dc-4dd9-4213-b3d1-5e333ed563d7,0.05882352941176472,Male,0.2714285714285714,Fiber optic,Yes,No,0.33798048197570213,0.14462205402702924,Yes,No,False,False,False,False,True,False,False,False,True,False
94b44c1e-f5a5-46be-80b7-04e529b6d16a,0.5490196078431373,Male,0.5142857142857143,Fiber optic,Yes,Yes,0.6667109252251655,0.4739955601352972,No,No,False,True,False,False,False,True,False,True,False,False
de1d6980-6dd6-4562-b0f1-8f053933d4ae,0.2549019607843137,Male,0.028571428571428574,Fiber optic,Yes,Yes,0.9753037243576979,0.021708040177915895,Yes,Yes,False,False,True,True,False,False,False,False,True,False
b746e754-a94d-4f2c-bafa-0e7c8e889246,0.03921568627450983,Female,0.5714285714285715,Fiber optic,Yes,Yes,0.3249242072185709,0.3260530862329171,Yes,No,False,False,False,True,False,False,False,False,True,False
93661042-9ab2-479b-a43c-ae2a7633c052,0.4509803921568628,Female,0.5428571428571429,DSL,No,No,0.3333333333333334,0.3161278133521749,No,No,False,False,False,False,False,True,False,False,False,True
2157a05e-7aaf-48a6-81eb-1a9613535f26,0.7058823529411765,Male,0.35714285714285715,Fiber optic,No,Yes,0.7566664453738743,0.35812466643982155,No,Yes,True,False,False,False,True,False,True,False,False,False
c3c3e3f3-6a3a-4138-a99e-125d4efa806a,0.2941176470588236,Female,0.014285714285714285,DSL,No,No,0.5268538803691165,0.0,Yes,Yes,True,False,True,False,True,False,False,False,True,False
13cb7e73-79cb-4b95-b2db-202abf6502b1,1.0,Female,0.3142857142857143,Unknown,No,Yes,0.4142158489897985,0.2005027219795794,No,No,False,False,False,False,False,True,False,False,False,True
86e1faab-7339-465b-b10b-827b884e477e,0.05882352941176472,Male,0.3142857142857143,Fiber optic,Yes,Yes,0.8402044745402644,0.34010237586420394,No,No,False,False,False,True,False,False,False,False,True,False
b8deb168-54b1-4eba-af9a-99ecfc0e62e5,0.4509803921568628,Male,0.21428571428571427,Unknown,Yes,Yes,0.9256234924428512,0.24849683043527573,Yes,No,True,True,False,True,False,False,False,False,True,False
1cc1ade3-7574-4e99-a52f-84c0f52dd0de,0.6470588235294118,Female,0.11428571428571427,DSL,No,Yes,0.5932417181172409,0.07893499797735212,No,No,True,False,True,True,False,False,False,False,True,False
f492cce0-16aa-41a9-a7cf-19f32123560f,0.5686274509803921,Male,0.17142857142857143,DSL,Yes,No,0.1445705813361659,0.04591555260378561,Yes,Yes,False,True,False,False,True,False,False,False,True,False
f84dd369-7b94-4815-8d5a-2feaabb68a54,0.33333333333333337,Male,0.3857142857142857,DSL,Yes,Yes,0.4557082475823762,0.26546843657191543,Yes,No,False,False,False,False,False,True,False,False,True,False
815a168e-5a04-42f6-89b3-85ef0efe62da,0.5030496196232563,Female,0.3714285714285714,DSL,No,No,0.4978645245524353,0.27032664718884075,Yes,No,False,True,False,False,False,True,False,False,True,False
5689b820-fdb2-4ac6-8f0f-b53bdc4c3bc6,0.5882352941176471,Male,0.7142857142857143,DSL,Yes,Yes,1.0000000000000002,0.485080762931853,Yes,No,True,True,False,True,False,False,False,True,False,False
a5818f60-a5b5-440f-a253-0ef8258747ff,0.3529411764705882,Female,0.9,Fiber optic,Yes,Yes,0.2301002456349997,0.4435915800012659,Yes,No,False,True,False,False,True,False,False,False,True,False
7787774a-547e-4258-b894-75908bd90a33,0.9411764705882354,Female,0.7285714285714286,DSL,No,No,0.46234703135718874,0.5230098285585026,Yes,No,False,False,False,False,False,True,False,False,False,True
c2b3a06b-883e-49ce-ac76-d7a09def0148,0.8823529411764707,Female,0.5285714285714286,Fiber optic,No,Yes,0.43380026112549525,0.3610405567406547,No,Yes,False,True,False,False,True,False,False,False,True,False
607893be-d09b-4758-91f7-6aa3aeedef6e,0.3529411764705882,Female,0.9142857142857143,Unknown,Yes,No,0.17156830202040324,0.39123568522779445,No,Yes,False,True,False,True,False,False,True,False,False,False
9d920087-f19c-42c2-9ed3-7aa049e5b4c8,0.4117647058823529,Female,0.24285714285714283,Fiber optic,No,No,0.9393436455774637,0.27996434741732446,Yes,Yes,False,True,False,False,True,False,False,False,True,False
abde7c02-1dff-40bc-957d-3eb8346679d2,0.4509803921568628,Male,0.8857142857142858,Fiber optic,Yes,No,0.9193166478567794,0.9999999999999999,Yes,No,False,True,False,False,False,True,False,False,True,False
565e3135-26fb-491b-a3c3-d665b3738243,0.8627450980392156,Male,0.7142857142857143,Fiber optic,Yes,Yes,0.7802341277744584,0.7521232983008792,No,Yes,False,False,False,False,False,True,False,False,True,False
e1883f92-dd03-4d90-8d34-2d2bfff9d648,0.21568627450980393,Male,0.11428571428571427,Fiber optic,No,Yes,0.38334550443692056,0.053026147904880604,Yes,No,True,True,False,False,True,False,False,True,False,False
fbe6ab42-ed5b-4227-9c83-d25a4dcda5d3,0.5686274509803921,Male,0.17142857142857143,DSL,No,No,0.349487707185377,0.0847539261699789,Yes,Yes,False,True,False,False,False,True,False,False,False,True
fbc271f0-fcb8-4db2-94bc-c5323640b0bc,0.5030496196232563,Female,0.5571428571428572,Fiber optic,Yes,No,0.7325455309920557,0.5554171779515636,Yes,Yes,False,False,False,True,False,False,False,False,True,False
ec391bad-466f-4596-a484-5f45c55a0169,0.5882352941176471,Female,0.7714285714285715,Fiber optic,Yes,No,0.612604837460444,0.6781207336026556,No,No,False,False,False,True,False,False,False,False,True,False
d9b10789-e753-4ee3-b162-f422da509104,0.6862745098039217,Male,0.6,Unknown,Yes,Yes,0.6043063577419283,0.5185404033150218,No,No,False,False,False,False,False,True,False,False,True,False
efdb4ad6-9ec0-48de-8111-2ca10a688902,0.3529411764705882,Female,0.6142857142857143,Fiber optic,Yes,Yes,0.07707627962557256,0.1952717915005091,No,Yes,False,False,False,True,False,False,False,False,True,False
a42ed6d3-a95f-40a3-9527-1572ab932dd1,0.9215686274509803,Male,0.9571428571428572,Fiber optic,Yes,Yes,0.623890769877625,0.8611792021031681,Yes,No,False,True,False,True,False,False,True,False,False,False
72ed038e-0717-401f-abf2-983e790d9024,0.8627450980392156,Male,0.45714285714285713,Fiber optic,Yes,No,0.9376839496337606,0.5493058574532886,No,Yes,True,False,False,True,False,False,False,False,False,True
bd56b24e-4dac-4c13-bdeb-15005ee47e66,0.5030496196232563,Male,0.32857142857142857,DSL,Yes,Yes,0.03469870986301976,0.07490255464121373,Yes,Yes,True,False,False,True,False,False,True,False,False,False
b5ef90cc-9f17-4c48-9e7b-12014abd5df2,0.5686274509803921,Female,0.49999999999999994,Fiber optic,Yes,Yes,0.31507667795259914,0.27681229410039077,Yes,Yes,False,False,False,False,True,False,False,False,True,False
456b08e2-c9c7-4e95-912a-0ebd006c1c96,0.9411764705882354,Female,0.12857142857142856,Fiber optic,Yes,No,0.5029542587797917,0.07703605454176823,No,No,True,False,True,True,False,False,False,False,False,True
c89f0aac-94df-47fb-95ff-37c57b100c97,0.6274509803921569,Female,0.2714285714285714,DSL,No,Yes,0.698798380136759,0.2509677060731167,No,Yes,False,True,False,False,False,True,False,False,True,False
29bf32b2-7204-437f-a63b-24bb649a8de2,0.33333333333333337,Female,0.15714285714285714,DSL,Yes,Yes,0.03890327292040102,0.018539921349682874,Yes,No,True,True,False,False,False,True,False,False,True,False
f3ca7e6f-3913-4bb7-977d-c5e6c36c1ebc,1.0,Male,0.8714285714285714,DSL,Yes,Yes,0.90548584832592,0.9999999999999999,Yes,No,False,False,False,True,False,False,True,False,False,False
e8e3e222-1dcc-490d-b437-eb1a2231dfeb,0.9411764705882354,Female,0.24285714285714283,Fiber optic,No,Yes,0.0,0.03473395673943378,No,Yes,False,True,False,True,False,False,False,False,True,False
1f4b2907-d12d-4165-bb26-309c7cecae00,0.5294117647058824,Female,0.8857142857142858,DSL,No,Yes,0.888778242492642,0.9999999999999999,No,Yes,True,False,False,False,True,False,True,False,False,False
21b30645-8e09-4ea9-a0e9-bdc2db67928c,0.9019607843137255,Female,0.34285714285714286,Fiber optic,Yes,Yes,0.0,0.05410253716193745,No,Yes,False,False,False,False,True,False,False,True,False,False
6f9b1a6c-e571-4ef9-b2c2-0dcc5b149306,0.1960784313725491,Male,0.15714285714285714,Fiber optic,Yes,Yes,0.10960632012215366,0.031827705745380276,Yes,No,False,True,False,True,False,False,False,False,True,False
05e350bd-1b18-4aff-adfc-0cd9de471321,0.8627450980392156,Male,0.2857142857142857,Fiber optic,No,Yes,0.8252672110469363,0.30197409789744223,No,No,True,True,False,True,False,False,False,True,False,False
3e6dc387-056e-4bd0-97ad-ccca633823b9,0.6274509803921569,Female,0.34285714285714286,Unknown,Yes,Yes,0.8915444023988139,0.39324387414021394,No,No,True,True,False,True,False,False,False,False,True,False
4cec2117-033c-4d8f-a4f7-81c1b65e9923,0.3137254901960784,Female,0.14285714285714285,Unknown,No,No,1.0000000000000002,0.17380826840456942,No,Yes,False,True,True,True,False,False,False,False,True,False
59ec09a2-aa83-4111-a608-70f9865fa7b6,0.09803921568627455,Female,0.9,Fiber optic,Yes,Yes,0.06778198234083521,0.29052742109665103,Yes,Yes,True,True,False,True,False,False,True,False,False,False
5eb887bb-3cae-4040-aa04-b7b6b4b73ece,0.05882352941176472,Female,0.7000000000000001,DSL,Yes,Yes,0.5223173781229946,0.5506649997092142,Yes,Yes,False,True,False,False,True,False,False,False,False,True
8a0171a0-9c43-4b99-81f3-778a948f5f77,0.5030496196232563,Male,0.8714285714285714,Fiber optic,Yes,Yes,0.025183119785788577,0.24288193423615076,Yes,Yes,True,True,False,False,True,False,False,False,True,False
f6f2ad37-886f-494b-a389-2e593dd40bdf,0.9215686274509803,Female,0.6857142857142857,Fiber optic,No,Yes,0.112815065613313,0.24560021874800184,Yes,Yes,True,True,False,False,True,False,True,False,False,False
e440e7a0-6fbc-434e-aa45-929e3e024ec0,0.9019607843137255,Female,0.1857142857142857,Fiber optic,No,Yes,0.13284206333399728,0.048147052123266164,Yes,No,True,True,False,True,False,False,False,True,False,False
2a5a2f00-d53d-446a-8a23-7f9780788372,0.5098039215686275,Female,0.0,Fiber optic,Yes,Yes,0.009913917103719971,0.0,No,No,True,False,False,False,True,False,False,False,True,False
b6e2c2be-5827-4cf3-ba9f-307ae186e522,0.27450980392156865,Male,0.34285714285714286,DSL,Yes,No,0.9278364203677887,0.4029378036582454,Yes,No,True,False,False,True,False,False,False,True,False,False
766b5aa5-54f7-4d93-bc49-33f3393847c4,0.09803921568627455,Male,0.8285714285714286,Fiber optic,Yes,Yes,0.07962114673925075,0.27734888217778925,No,Yes,False,True,False,True,False,False,False,False,False,True
c0ac56e7-2982-4749-a010-dc6881e68e3c,0.9019607843137255,Female,0.9714285714285714,DSL,Yes,No,0.6360618734647814,0.8857401557776237,Yes,Yes,True,True,False,False,True,False,False,True,False,False
044218d6-add1-4a40-898e-74cae967b00a,0.2549019607843137,Female,0.05714285714285714,Fiber optic,No,Yes,0.6320786031998937,0.03171203406402492,Yes,Yes,True,False,True,False,True,False,False,False,True,False
0b1cf57d-bc4d-464c-99b8-b87d32d896ae,0.1960784313725491,Female,0.2571428571428571,Fiber optic,Yes,Yes,0.15950784482949393,0.08754450548267703,No,Yes,True,True,False,True,False,False,True,False,False,False
c75b0ceb-1190-43b8-8c29-8c7aebcd94cf,0.7450980392156864,Female,0.3142857142857143,Fiber optic,No,Yes,1.0000000000000002,0.40815266862601635,Yes,No,False,False,False,False,True,False,False,False,True,False
1b8e3d1d-e9de-4deb-accd-f2c69f06d82a,0.1568627450980392,Female,0.11428571428571427,DSL,Yes,No,0.3241496824448428,0.04360693863006814,Yes,Yes,False,True,False,False,False,True,False,True,False,False
c8bdd260-0823-4a09-91ba-479748216f0e,0.4901960784313726,Male,0.7000000000000001,Fiber optic,No,Yes,0.9412246343136605,0.8535512973382339,Yes,No,False,True,False,True,False,False,True,False,False,False
9d60af8c-c979-47db-a251-f5ffc50f8235,0.2941176470588236,Male,0.21428571428571427,Fiber optic,No,Yes,0.9890238774923101,0.2598278355547115,No,No,True,False,False,False,True,False,False,False,True,False
b0761d8d-71d4-4f2e-8c9c-073533aba5c0,0.5030496196232563,Male,0.45714285714285713,DSL,Yes,Yes,0.9897984022660384,0.5773176829548459,No,Yes,False,False,False,False,False,True,False,False,True,False
3ff0597e-7be0-40b0-8ba3-29a43579b462,1.0,Female,0.014285714285714285,Fiber optic,Yes,Yes,0.772710172829671,0.0,No,No,False,False,True,False,True,False,False,True,False,False
ab931ed7-e13f-4fb1-aa2e-81db0a82a8ca,0.17647058823529416,Male,0.1857142857142857,Fiber optic,Yes,No,0.22058465555776857,0.06793494239068301,No,No,False,True,False,True,False,False,True,False,False,False
a7a209b5-bed4-48c9-8fd0-8987bfb960f9,0.9607843137254902,Male,0.0,Fiber optic,Yes,Yes,0.07331430215317891,0.0,Yes,Yes,True,False,False,True,False,False,False,False,True,False
9c9cde7c-15ae-411b-aa5a-1e0dae348b02,0.03921568627450983,Male,0.8142857142857143,Fiber optic,Yes,No,0.570337914094138,0.6811683610961433,No,No,False,False,False,True,False,False,False,False,False,True
0e5e1738-8423-4e7d-8570-7ec2de3eb484,0.23529411764705888,Female,0.21428571428571427,Fiber optic,Yes,No,0.33809112837194893,0.10612748240264219,No,Yes,True,False,False,True,False,False,False,True,False,False
c83c0c10-1d23-472d-b71b-87e78012c682,0.823529411764706,Female,0.6571428571428571,Fiber optic,No,Yes,0.8592356546947266,0.7441965750257771,No,No,True,False,False,False,True,False,False,False,True,False
beed66a6-089e-4d7d-8148-65e2bc89adb4,0.5030496196232563,Male,0.6142857142857143,Fiber optic,Yes,Yes,0.7640797539224149,0.6321990761045762,No,Yes,True,False,False,True,False,False,False,False,True,False
b10b47a4-418d-4e43-aa74-2e8824aa905c,0.5686274509803921,Female,0.1857142857142857,Fiber optic,No,No,0.245701387505809,0.07396272223020142,No,Yes,False,False,False,False,False,True,False,True,False,False
ac04b6ba-c826-4026-ba5f-f2481b28183e,0.8627450980392156,Male,0.32857142857142857,Fiber optic,No,Yes,0.0,0.04938248994218664,Yes,Yes,True,True,False,True,False,False,False,False,True,False
c62aa16f-6835-4216-a32f-580180867b87,0.09803921568627455,Male,0.7714285714285715,DSL,No,Yes,0.20232800017703423,0.3516872160621696,No,No,False,False,False,False,True,False,False,False,True,False
0170edde-e9ae-4a1c-a1a0-61cdf94c6d56,0.3137254901960784,Male,0.19999999999999998,DSL,Yes,No,0.5672398149992255,0.14764237015130818,No,Yes,False,False,False,True,False,False,False,False,True,False
a9182484-ed0f-48e7-b519-cde5ae99b31a,0.8627450980392156,Male,0.4714285714285714,DSL,Yes,No,0.027174754918232347,0.11838707407518081,No,Yes,False,False,False,True,False,False,False,True,False,False
afeeee22-8799-42bc-a12f-6f33a0db7a21,0.9803921568627451,Female,0.014285714285714285,Fiber optic,Yes,No,0.6681493283763749,0.0,No,Yes,False,False,True,False,False,True,False,False,True,False
33d3a38f-fc95-4a42-9577-7055d000adff,0.3529411764705882,Female,0.3714285714285714,Fiber optic,Yes,No,0.6829759454734561,0.3408638810997935,No,Yes,False,True,False,True,False,False,True,False,False,False
c18c9ee8-7d99-43f7-a404-4e9a0ac9e712,0.8039215686274509,Female,0.3142857142857143,Fiber optic,Yes,Yes,0.1271990971254066,0.10223802211706809,No,No,False,False,False,True,False,False,False,True,False,False
f0bc2182-0a15-444c-ab72-d914907b5158,0.6666666666666666,Female,0.9571428571428572,DSL,No,Yes,0.5995485627033128,0.8329504921990696,Yes,No,True,True,False,True,False,False,False,False,True,False
df91807b-2e43-4070-8fcc-27e72e00a824,0.8823529411764707,Male,0.1857142857142857,Unknown,Yes,Yes,0.6113877271017283,0.14319864972590632,Yes,No,False,False,False,True,False,False,False,True,False,False
47fc1b08-0402-420b-b3be-b29c06e2b39f,0.4901960784313726,Female,0.8857142857142858,Fiber optic,Yes,No,0.4686538759432605,0.6533557479346981,No,No,False,True,False,False,True,False,False,False,False,True
52df0cb7-6192-4ebc-9aec-f90569939078,0.9803921568627451,Male,0.9142857142857143,Unknown,No,No,0.9944455509084069,0.9999999999999999,No,No,True,False,False,False,False,True,True,False,False,False
d70cb128-0085-4315-8c5b-45fedff05251,0.07843137254901966,Female,0.9571428571428572,Fiber optic,Yes,Yes,0.059483502622319606,0.29894253591525377,No,No,True,False,False,True,False,False,False,False,True,False
e7e47ab7-2e31-4612-931c-0f85208854a4,0.5490196078431373,Female,0.8857142857142858,Fiber optic,Yes,Yes,0.38965234902299234,0.5774590594542802,No,No,True,False,False,True,False,False,True,False,False,False
9dd0fdc9-dbbb-4e1a-a55b-b78b6bf9fb0b,0.5030496196232563,Female,0.9,DSL,No,Yes,0.9166611343468545,0.9999999999999999,No,Yes,False,False,False,False,True,False,False,False,True,False
057f74fb-2d52-4a28-b074-ee6463663c85,0.37254901960784315,Male,0.44285714285714284,DSL,Yes,No,0.3671911305848769,0.26830239276512186,Yes,Yes,True,False,False,False,False,True,False,False,True,False
5207bdb3-e975-468f-9eb8-6ccf506e662f,0.9411764705882354,Male,0.17142857142857143,DSL,Yes,Yes,0.4095687003474297,0.09282684559790533,Yes,No,True,True,False,False,False,True,False,True,False,False
c5e1bddd-a2f6-4d27-b623-e91aff824832,0.5030496196232563,Male,0.9285714285714286,Fiber optic,Yes,Yes,0.6792139680010623,0.8835777379567303,No,No,False,False,False,False,True,False,False,False,True,False
a4cef61c-93a9-4dfc-9165-cc72f9f5e0b3,0.17647058823529416,Male,0.2571428571428571,Fiber optic,No,No,0.6762265153023967,0.2308440466195433,Yes,No,False,False,False,True,False,False,False,True,False,False
8891b7a0-7060-43d7-86b2-dcba2e7bcf3b,0.07843137254901966,Female,0.32857142857142857,Fiber optic,Yes,No,0.0,0.050270912717041046,No,Yes,True,False,False,True,False,False,False,False,True,False
e49673f3-5a26-4c80-abf7-fdfbc9130849,0.6862745098039217,Male,0.14285714285714285,Fiber optic,Yes,Yes,0.44397972958020754,0.08129180848496764,No,No,False,False,False,True,False,False,False,False,True,False
b6316687-d74e-4464-bc69-a085d1e9888c,0.09803921568627455,Male,0.8285714285714286,Unknown,Yes,No,1.0000000000000002,0.4699470512878595,Yes,No,False,False,False,True,False,False,False,True,False,False
fcad4828-bb82-4423-ade0-a41ddd958204,0.4901960784313726,Female,0.19999999999999998,DSL,Yes,Yes,0.6342915311248312,0.1677579968492319,No,Yes,False,True,False,False,True,False,False,False,True,False
b4175b0c-d652-4168-823c-c36eedebe36d,0.05882352941176472,Female,0.12857142857142856,DSL,Yes,Yes,0.5546261258270817,0.0843844194100937,Yes,Yes,False,False,True,False,True,False,False,True,False,False
5cfc971e-f125-4d1d-b87f-b711566af92a,0.7450980392156864,Male,0.5714285714285715,Fiber optic,Yes,Yes,0.6599614950541062,0.5259787350466237,Yes,Yes,True,True,False,False,True,False,False,False,False,True
cdc3db3d-7521-472e-8804-bec4c4381f6b,0.7450980392156864,Female,0.3714285714285714,Fiber optic,Yes,No,0.6631702405452655,0.33781625360630557,Yes,No,False,True,False,True,False,False,False,False,True,False
bc55a4fa-0ab9-4040-8f0c-1f70a8539c48,0.9607843137254902,Male,0.8428571428571429,Fiber optic,Yes,No,0.2218017659164842,0.40293941020937535,No,No,False,False,False,False,True,False,True,False,False,False
b8361010-2d33-4534-b84e-562e7929f234,0.5030496196232563,Female,0.7285714285714286,Fiber optic,Yes,Yes,0.2125074686317467,0.33684750327495444,Yes,No,False,False,False,True,False,False,False,False,True,False
54cb623b-6804-4e09-87f3-bc8b9304051c,0.0,Male,0.3857142857142857,DSL,Yes,No,0.349487707185377,0.22282253682777484,Yes,Yes,False,True,False,True,False,False,False,False,True,False
ca3925a8-f0a3-4d97-85bf-dc254afb742a,0.4509803921568628,Male,0.9142857142857143,Fiber optic,Yes,Yes,0.2075283808006374,0.4282249184434318,Yes,No,False,False,False,True,False,False,True,False,False,False
266f37a0-331b-475b-ac70-e1e224896065,0.6862745098039217,Male,0.22857142857142856,Unknown,Yes,No,0.695257695456859,0.20486932795074442,Yes,Yes,True,True,False,False,False,True,False,False,True,False
0885af1c-b666-4367-864f-bfab24a537cc,0.09803921568627455,Male,0.6142857142857143,DSL,Yes,No,0.6068512248556066,0.5349545362095739,No,Yes,True,False,False,True,False,False,False,False,True,False
09b945b5-7b19-4ab1-82ae-c8ebc364db6c,0.7843137254901961,Male,0.12857142857142856,Unknown,No,Yes,0.17920290336143757,0.03202852463662224,Yes,Yes,True,True,False,False,False,True,False,True,False,False
83dac853-ebb1-4789-962f-9c9c789e542c,0.8823529411764707,Female,0.8857142857142858,Unknown,No,Yes,0.9179888911018168,0.9999999999999999,No,No,True,True,False,True,False,False,False,True,False,False
5d15af1d-1a0d-424e-b38a-06938209da7b,0.8431372549019608,Male,0.6571428571428571,DSL,Yes,No,0.44951204939255124,0.4663210653875949,Yes,Yes,False,False,False,True,False,False,False,False,False,True
c9c00b3b-4123-4aea-be18-11a94a75585e,0.5882352941176471,Male,0.5285714285714286,DSL,Yes,Yes,0.08039567151297888,0.16597633164613335,No,Yes,True,False,False,False,False,True,False,False,False,True
abcff746-851e-474d-a7d6-d63f4ab694ea,0.37254901960784315,Male,0.9857142857142858,Fiber optic,Yes,No,0.1754409258890438,0.42950373314286056,Yes,Yes,True,True,False,True,False,False,True,False,False,False
64d86b88-985e-4ed3-ad26-b9b83d6f4fab,0.4509803921568628,Male,0.7428571428571429,Fiber optic,Yes,Yes,0.5371439952200756,0.5939744050700182,No,Yes,False,True,False,True,False,False,False,False,False,True
f6da38cf-dad1-4542-8770-3f957e529556,0.5030496196232563,Male,0.6142857142857143,Fiber optic,Yes,No,0.31419150678262414,0.3499874849666978,Yes,No,False,True,False,True,False,False,False,False,False,True
4256c51b-2892-4d5d-800d-6ebfbd0927bf,0.6862745098039217,Female,0.7571428571428571,Fiber optic,Yes,Yes,0.8815862267365953,0.8757377684426446,No,No,False,True,False,False,False,True,False,True,False,False
1795b1cb-9cc4-4cdb-a4a4-991d3d084625,0.3921568627450981,Female,0.2714285714285714,Fiber optic,No,Yes,0.48713182411648853,0.1887748987310495,No,No,False,True,False,True,False,False,False,False,True,False
679426c9-4512-4e77-be53-c60c5d640b68,0.5030496196232563,Male,0.42857142857142855,DSL,Yes,Yes,0.9525105667308418,0.5213229498720703,No,No,False,False,False,True,False,False,False,False,False,True
0007ab49-03b9-4c47-8d2d-cdd22f219a0b,0.5030496196232563,Female,0.0857142857142857,Unknown,Yes,No,0.052402133262519635,0.31339828298241434,No,No,False,False,False,True,False,False,False,True,False,False
670df4fd-273e-42d1-904f-0071b99502d2,0.8431372549019608,Male,0.8142857142857143,Fiber optic,No,Yes,0.6795459071898029,0.777829722930979,Yes,No,False,False,False,True,False,False,True,False,False,False
71b89a0d-d674-466a-92c7-edc35261a207,0.8039215686274509,Female,0.12857142857142856,Fiber optic,Yes,Yes,0.9198698798380138,0.13956623762112189,No,Yes,False,True,True,True,False,False,False,True,False,False
489f2ca7-a80d-4933-8755-d00f64120aa2,0.5686274509803921,Female,0.12857142857142856,Unknown,Yes,No,0.26384739649029637,0.044084084315659015,Yes,No,True,False,False,False,True,False,False,False,True,False
d40866ca-c600-49e8-aab0-eb8b5680cb6c,0.4117647058823529,Male,0.5428571428571429,Fiber optic,No,No,0.08991126159021001,0.1778776624166963,No,Yes,False,False,False,False,True,False,False,False,True,False
9e392c3f-5276-4ee0-9de3-02adbd60c1d8,0.5294117647058824,Female,0.3857142857142857,DSL,No,Yes,0.44497554714642945,0.2601925226612069,No,No,False,True,False,True,False,False,False,True,False,False
9453abf7-b06e-4062-b981-c55220d1fbe6,0.11764705882352944,Female,0.41428571428571426,Fiber optic,No,No,1.0000000000000002,0.5261634884265662,No,No,False,False,False,False,True,False,False,False,True,False
185b2bea-2fc6-46c6-9095-44ca6feb0dd9,0.6666666666666666,Male,0.5142857142857143,Fiber optic,Yes,No,0.6407090221071499,0.46081380811417555,Yes,Yes,False,True,False,False,False,True,True,False,False,False
5bded351-2d99-41bd-a1d5-7e6bf2def763,0.5294117647058824,Male,0.9428571428571428,DSL,Yes,Yes,0.652326893713072,0.8750019680251341,Yes,Yes,False,True,False,False,False,True,False,False,True,False
60a1980d-eec1-4d47-8348-468a6c4e1806,0.2549019607843137,Female,0.6,Unknown,No,Yes,0.6827546526809622,0.5682615542353988,Yes,Yes,False,True,False,True,False,False,True,False,False,False
7c51afe9-94e3-462f-bf36-9186d8d807d5,0.17647058823529416,Female,0.7285714285714286,DSL,Yes,No,0.0,0.16473286107156318,Yes,Yes,True,False,False,True,False,False,False,False,False,True
f69ac55d-a1c9-46ee-a059-2007b15a1f27,0.2941176470588236,Female,0.7857142857142857,Fiber optic,No,No,0.43280444355927333,0.5429133905072748,Yes,No,True,True,False,False,False,True,False,False,True,False
40bfa4aa-32a2-4352-bab2-3bc68730229c,0.2941176470588236,Male,0.9571428571428572,Fiber optic,Yes,Yes,0.02562570537077613,0.26562587858264913,Yes,No,True,False,False,True,False,False,False,False,False,True
10d64090-714b-4fc9-8e30-6398f4a2968d,0.5882352941176471,Female,0.11428571428571427,DSL,Yes,Yes,0.28929606762707744,0.03668752291343549,No,No,True,False,False,True,False,False,True,False,False,False
a9db3565-3036-4b40-ad82-45ec46de6fef,0.8039215686274509,Female,0.3142857142857143,Unknown,No,Yes,0.8488348934475205,0.3423917112243622,No,No,True,False,False,False,False,True,False,False,True,False
1f5ea072-27d6-4af5-99da-1696d3de15c9,0.47058823529411764,Female,0.8857142857142858,Unknown,Yes,Yes,1.0000000000000002,0.8279541181849698,No,Yes,False,True,False,True,False,False,True,False,False,False
005c10e3-6267-4ecf-9dfe-fed0a944873e,0.23529411764705888,Male,0.8571428571428572,Fiber optic,Yes,Yes,1.0000000000000002,0.9999999999999999,Yes,Yes,False,False,False,True,False,False,False,False,False,True
acbc7035-e044-41c9-9b5a-57fdeb3e58c4,0.09803921568627455,Male,0.5571428571428572,DSL,Yes,Yes,0.1302971962203191,0.2044484115547013,No,No,False,False,False,True,False,False,False,False,True,False
ba36a691-2a2a-4516-9d96-78396603a584,0.8431372549019608,Male,0.6142857142857143,DSL,Yes,No,0.3791409413795393,0.38850454830690395,No,No,False,False,False,False,False,True,True,False,False,False
de1a388d-54ea-460b-8c8b-ec88265d802f,0.1568627450980392,Male,0.32857142857142857,Fiber optic,Yes,No,0.8355573258978954,0.3551332682358815,No,No,False,False,False,True,False,False,False,False,True,False
bc12eac5-aefc-4fe7-9510-5e05901aada9,0.8627450980392156,Female,0.7142857142857143,DSL,Yes,Yes,0.17842837858770944,0.30709899600193685,Yes,Yes,True,True,False,False,False,True,False,False,True,False
cab72ace-025a-45b6-8dfd-1f4881e86742,0.6862745098039217,Male,0.8142857142857143,Fiber optic,Yes,Yes,0.10982761291464738,0.29529245174804003,Yes,No,False,True,False,False,True,False,False,False,False,True
40b93317-847c-4148-a5b8-84d081d9d9f9,0.823529411764706,Female,0.45714285714285713,Unknown,No,Yes,0.41288809223483597,0.2972588703310812,No,No,False,False,False,True,False,False,True,False,False,False
637b2753-518b-43bf-b8ec-c565dea25286,0.37254901960784315,Female,0.21428571428571427,Fiber optic,Yes,Yes,0.3643143242824581,0.11491853018564982,Yes,No,True,False,False,True,False,False,False,True,False,False
bcd36b64-8f8c-4e94-b8af-9649ea3cf06c,0.33333333333333337,Female,0.3,Unknown,No,No,1.0000000000000002,0.3808123814967722,No,No,True,True,False,True,False,False,False,False,True,False
b0dda111-8ddb-4499-af6f-1de389180082,0.823529411764706,Female,0.8,Fiber optic,Yes,No,0.4446436079576888,0.566412413884843,Yes,No,True,True,False,False,True,False,False,False,True,False
b90785d9-7741-4920-ad73-a2e498410741,0.3921568627450981,Male,0.8714285714285714,Fiber optic,Yes,Yes,0.8923189271725422,0.9999999999999999,Yes,Yes,False,True,False,True,False,False,False,False,True,False
f0cc3b75-597b-4ed0-89c4-b9a57b2cf4d0,0.05882352941176472,Male,1.0,Unknown,Yes,Yes,0.9223041005554451,0.9999999999999999,No,No,False,False,False,False,False,True,True,False,False,False
b55dc717-4f46-41e6-a96d-c7d956334cf1,0.9607843137254902,Male,0.9857142857142858,Fiber optic,No,Yes,0.11447476155701608,0.36600158662989585,Yes,Yes,False,True,False,True,False,False,False,False,True,False
a6325a1c-2c71-4d6c-abf5-d56e4f574876,0.6274509803921569,Male,0.41428571428571426,Unknown,No,No,0.7312177742370931,0.40644008512150503,Yes,Yes,True,True,False,True,False,False,True,False,False,False
e746b39e-fd14-49b5-b4a8-753677f20194,0.5098039215686275,Male,0.3142857142857143,DSL,No,Yes,0.24691849786452452,0.14204193291235268,Yes,No,True,False,False,True,False,False,False,False,True,False
decbb1ee-1e51-48be-922a-63a41d3a7b7a,0.11764705882352944,Female,0.44285714285714284,DSL,Yes,No,0.04454623912899158,0.11842241820003938,No,Yes,True,False,False,False,True,False,False,True,False,False
264946d9-6f79-4356-90b5-d435d186a674,0.5030496196232563,Male,0.8,Unknown,Yes,No,0.9075881298546107,0.9464886736538787,Yes,Yes,True,False,False,True,False,False,False,False,False,True
16b92e52-04f0-4331-9a78-6c53c409698c,0.27450980392156865,Male,0.11428571428571427,Fiber optic,No,Yes,0.263294164509062,0.03572359223547413,No,Yes,True,False,False,True,False,False,False,True,False,False
17db8d29-9c99-49f2-bd5d-274c59f3cc01,0.33333333333333337,Male,0.42857142857142855,Unknown,No,No,0.3219367545199053,0.2375594303426741,Yes,No,True,False,False,False,False,True,False,False,True,False
9753563d-dd05-47aa-a460-c9a61f4bc0dd,0.607843137254902,Male,1.0,Unknown,No,No,0.2982584257230742,0.565564154888237,No,Yes,False,False,False,True,False,False,False,False,True,False
247aea1a-b41a-48fe-902a-e46d80e48bae,0.1960784313725491,Female,0.11428571428571427,DSL,Yes,No,0.16138883356569078,0.022866363542599466,No,Yes,True,True,False,True,False,False,True,False,False,False
72fa1ba8-c75a-49b9-93dd-820b163c942e,0.37254901960784315,Female,0.17142857142857143,Fiber optic,No,No,0.4205226935758703,0.0966118800600336,Yes,Yes,False,False,False,False,True,False,True,False,False,False
8aec72a0-26e6-4d38-8211-f55beb239edd,0.5030496196232563,Female,0.8142857142857143,Fiber optic,Yes,Yes,0.41366261700856405,0.5537560040832102,Yes,No,False,True,False,False,True,False,False,False,True,False
0af659c7-9481-448c-a900-dc24a8a10e50,0.27450980392156865,Female,0.028571428571428574,Fiber optic,Yes,Yes,0.3920865697404236,0.0,Yes,Yes,False,True,False,True,False,False,False,False,True,False
0726018d-ab6e-4931-ace2-db379ba57f1e,0.9215686274509803,Female,0.4857142857142857,Fiber optic,Yes,No,0.9536170306933105,0.5949447619524993,No,No,False,True,False,True,False,False,False,False,True,False
e8487bb6-6fd6-46c7-87bd-1df5d15a568f,0.11764705882352944,Male,0.2857142857142857,DSL,Yes,No,0.3157405563300803,0.14522129759849522,Yes,Yes,True,False,False,False,False,True,False,False,True,False
aa928951-ab5f-433b-9212-dab081cecf4f,0.3921568627450981,Female,0.9,Fiber optic,No,No,0.0,0.20278241803295805,Yes,No,False,False,False,True,False,False,False,False,False,True
aef42101-55de-4c0b-95d0-c163ec6399a3,0.8039215686274509,Female,0.7285714285714286,Fiber optic,No,Yes,0.13715727278762535,0.2794277593399259,Yes,Yes,False,False,False,False,True,False,False,False,False,True
7fca1077-02ea-4536-85ab-ec829b4a5526,0.4901960784313726,Female,0.4714285714285714,DSL,No,No,0.7380778508043995,0.46630178677403566,Yes,No,True,False,False,True,False,False,True,False,False,False
b61ee215-b164-457b-913a-1f693c7a6ccd,0.8431372549019608,Male,0.4857142857142857,Unknown,Yes,Yes,0.5935736573059816,0.41070226526922415,Yes,No,True,True,False,True,False,False,False,False,True,False
d4ec9abe-83f0-4042-adba-7e15290c68a2,0.2549019607843137,Male,0.19999999999999998,Fiber optic,Yes,Yes,0.992785854964704,0.2436370132672205,No,Yes,False,True,False,True,False,False,False,False,False,True
25a6edd3-4140-49db-b210-71660d5e900f,0.7058823529411765,Female,0.07142857142857142,Unknown,No,Yes,0.7080926774214964,0.050489403670712286,No,No,False,False,True,True,False,False,False,False,False,True
e039ceb4-c796-4cbd-bf6c-b34caf29cf37,0.3921568627450981,Male,0.44285714285714284,Fiber optic,Yes,Yes,0.1546394033946315,0.17000716843114175,Yes,No,True,True,False,False,True,False,False,False,True,False
df26a8fb-2b01-4ac1-ac07-0aae59f65b21,0.33333333333333337,Male,0.7285714285714286,DSL,No,Yes,0.07320365575693205,0.2322883360853554,No,Yes,True,True,False,True,False,False,False,True,False,False
857c53a3-368d-4a2b-9da0-92481f54b426,0.07843137254901966,Female,0.3857142857142857,Fiber optic,Yes,No,0.5160105335369227,0.288856607921518,No,No,False,False,False,True,False,False,False,True,False,False
2eb1d033-24f7-408a-a5e5-e80c7853f13f,0.03921568627450983,Male,0.9,DSL,Yes,Yes,0.6758945761136561,0.8546871289870984,No,No,True,False,False,False,False,True,False,False,False,True
b282a252-5b10-4fbe-8b6d-b20d0a9e77cd,0.43137254901960786,Male,0.2571428571428571,Unknown,Yes,Yes,0.12299453406802546,0.07625687724374947,No,Yes,False,True,False,True,False,False,False,False,True,False
70e1282f-c514-45b0-9ba0-02115da9601c,0.4901960784313726,Male,0.19999999999999998,DSL,No,Yes,0.6055234681006441,0.16029717340181096,No,Yes,True,False,False,False,False,True,False,True,False,False
15b082bf-4157-4c9a-b240-e3b2a79ba28e,0.7058823529411765,Female,0.07142857142857142,Fiber optic,Yes,Yes,0.8968554294186639,0.06603439240396922,No,No,False,False,True,False,False,True,False,False,True,False
f9c269b7-47ca-48dc-b45f-a0870be1c4cb,0.4509803921568628,Female,0.5285714285714286,Fiber optic,Yes,No,0.7448272809754588,0.5301284566152473,No,No,True,True,False,False,False,True,False,False,True,False
ffc5f941-7f1d-4ceb-8926-e039e4682bde,0.9411764705882354,Female,0.35714285714285715,Fiber optic,No,Yes,0.6746774657549404,0.3241155855702148,Yes,No,True,True,False,False,False,True,False,False,True,False
158b4f16-1d00-432e-8c8e-87c1f500825c,0.3529411764705882,Male,0.7142857142857143,DSL,Yes,Yes,0.8130961074597802,0.7786506705583761,Yes,No,False,True,False,True,False,False,False,False,True,False
9d3b0f32-6e2b-471d-a28d-6b5fe585664f,0.9803921568627451,Female,0.7428571428571429,Fiber optic,No,No,0.05494700037619776,0.22346033762635922,Yes,Yes,True,True,False,False,False,True,False,True,False,False
2d4544eb-d7ef-4f33-b55e-792862379cb6,0.47058823529411764,Male,0.7857142857142857,Fiber optic,Yes,No,0.1652614574343314,0.32710055756963513,No,Yes,True,True,False,False,False,True,False,False,False,True
f476aa23-93c7-404c-a674-109cbdd020b9,0.3921568627450981,Male,0.8285714285714286,DSL,Yes,No,0.0,0.1902754174864094,Yes,No,False,False,False,False,False,True,False,True,False,False
9b61db72-9311-4860-88d0-80ee92a9668c,0.21568627450980393,Male,0.9857142857142858,Unknown,No,No,0.10020137644116933,0.354395861267241,No,No,True,False,False,True,False,False,False,False,True,False
b1f55d60-8e27-4e79-bfd0-a2959e6f287b,0.7843137254901961,Female,0.8142857142857143,Fiber optic,Yes,No,0.9501869924096573,0.9999999999999999,Yes,Yes,True,False,False,False,False,True,False,False,False,True
292c994a-0ab3-4f4f-b449-6213cdb6b720,0.6274509803921569,Female,0.17142857142857143,Fiber optic,Yes,Yes,0.1855097479475094,0.05228231473172041,No,No,True,True,False,False,True,False,False,True,False,False
a7fd5df2-d6fd-409f-aa30-a5d87e77f2a1,0.9607843137254902,Female,0.6,Fiber optic,Yes,No,0.6723538914337559,0.5599605045470216,Yes,No,False,True,False,False,True,False,False,True,False,False
58b2375a-e44e-4516-a393-6ad6e4712c1c,0.05882352941176472,Female,0.7142857142857143,DSL,Yes,No,0.7049945783265839,0.6932367731842195,No,No,False,False,False,True,False,False,True,False,False,False
8fb1185e-cb18-4a7a-b579-179688cb1bcc,0.8039215686274509,Male,0.2571428571428571,Unknown,Yes,Yes,0.6537652968642811,0.22329646941110584,No,Yes,False,False,False,True,False,False,False,False,True,False
430edc5e-4470-4ad0-9689-edee37c07031,0.5030496196232563,Female,0.2857142857142857,Fiber optic,Yes,No,0.5526344906946381,0.22145696836732956,Yes,Yes,False,False,False,False,False,True,True,False,False,False
904ef5cc-045f-4a9f-bc49-dfe60484dd03,0.4117647058823529,Male,0.32857142857142857,DSL,No,No,0.4776162340392574,0.22865592398057097,Yes,No,True,True,False,True,False,False,False,False,True,False
0e8ee414-a668-47ce-81d1-fbd53eccc0d3,0.6274509803921569,Female,0.35714285714285715,Fiber optic,No,Yes,0.40436831972382664,0.22500583981335728,No,No,True,False,False,True,False,False,False,False,False,True
ef20b6c0-20b1-4638-8254-ca669a7e9571,0.3137254901960784,Female,0.6285714285714286,Fiber optic,Yes,Yes,0.9542809090707915,0.7715754193821396,Yes,Yes,False,False,False,False,False,True,True,False,False,False
34d53b9d-c873-4e5b-859a-739ad83ffebe,0.4509803921568628,Female,0.3857142857142857,Fiber optic,Yes,No,0.0,0.0575293107220901,No,No,False,True,False,True,False,False,True,False,False,False
9634bd3d-c725-41ec-a818-300193369c2a,0.6470588235294118,Male,0.39999999999999997,Fiber optic,Yes,Yes,0.0,0.08424786256404918,No,Yes,False,False,False,True,False,False,True,False,False,False
ec0a6ec1-2e20-43ed-93e1-51e85eaddc36,0.5294117647058824,Male,0.22857142857142856,DSL,Yes,Yes,0.4846976033990574,0.15795321530323492,No,Yes,False,False,False,True,False,False,True,False,False,False
39be46ee-744d-47bb-b728-0a49a7151053,0.823529411764706,Male,0.9571428571428572,DSL,Yes,No,0.305450441479121,0.5454694133550024,No,Yes,True,True,False,True,False,False,False,False,True,False
a996984e-59dc-4bb2-8d31-cae778a20b0f,0.7843137254901961,Male,0.6142857142857143,Unknown,Yes,Yes,0.39142269136294233,0.39431062409049117,No,Yes,False,False,False,True,False,False,False,False,False,True
a4e75e65-eb8b-4e05-aa5d-fc95d453832a,0.7450980392156864,Male,0.8571428571428572,DSL,Yes,Yes,1.0000000000000002,0.9999999999999999,No,No,False,False,False,True,False,False,False,False,True,False
dde5116e-cfe4-41ab-b10c-c93fce31212c,0.4117647058823529,Female,0.9571428571428572,Unknown,Yes,No,0.7973843191927241,0.9999999999999999,No,No,True,True,False,True,False,False,False,False,True,False
1d802c01-1f75-40ba-b53d-169aa9c6affb,0.9411764705882354,Male,0.34285714285714286,DSL,Yes,No,0.9105755825532762,0.3982675595235226,Yes,Yes,True,True,False,False,True,False,False,False,True,False
9fb74dc5-b289-4c80-86c3-882859f7b985,0.3137254901960784,Male,0.9428571428571428,Unknown,No,Yes,0.3476067184491802,0.5758541148754746,Yes,No,False,True,False,False,False,True,False,False,True,False
e57f1b1c-1bef-4ce3-876c-d43d190130ec,0.6470588235294118,Male,0.014285714285714285,Fiber optic,No,No,0.20487286729071236,0.0,Yes,No,False,True,False,True,False,False,False,False,False,True
995baab9-ffe1-4264-9142-c141dcac1294,0.09803921568627455,Male,0.6857142857142857,Fiber optic,Yes,Yes,0.7895284250591958,0.7274145419224697,No,Yes,False,False,False,True,False,False,False,True,False,False
d33bee25-093a-430f-8fa6-d679b5e5f89b,0.8823529411764707,Female,0.9857142857142858,DSL,No,Yes,0.8333443979729582,0.9999999999999999,Yes,No,False,False,False,True,False,False,False,False,True,False
28c2a711-afc0-412f-8f14-c90c2ce94ede,0.09803921568627455,Male,0.35714285714285715,DSL,Yes,Yes,0.548208634844763,0.2807146067950043,No,No,False,False,False,False,False,True,False,False,False,True
1031692c-444b-4ed9-9aea-9c8bfeadb7fd,0.6470588235294118,Female,0.3714285714285714,DSL,No,No,0.931045165858948,0.442466994210311,Yes,No,True,False,False,False,False,True,True,False,False,False
7159a09f-ff5f-47bd-8d91-52443861f9f0,0.0,Female,0.24285714285714283,DSL,Yes,Yes,1.0000000000000002,0.302926782717494,No,No,False,True,False,True,False,False,False,False,True,False
67301785-f079-40da-8307-38e45e9d5ec8,0.17647058823529416,Female,0.7571428571428571,Fiber optic,No,Yes,0.4609086282059793,0.547101669303017,Yes,Yes,False,False,False,True,False,False,False,True,False,False
bfa5ed85-1dec-4838-9d12-f66f44d3e9df,0.3921568627450981,Male,0.0,Fiber optic,Yes,No,0.18617362632499068,0.0,Yes,Yes,False,True,False,False,True,False,False,False,True,False
c14dc23d-1c14-4db2-93e3-998e2da50614,0.07843137254901966,Female,0.8571428571428572,Fiber optic,Yes,Yes,0.5119166168757883,0.666828285710338,Yes,No,False,True,False,False,True,False,False,True,False,False
d6b31a78-bc40-4355-b634-50808549659a,0.019607843137254943,Male,0.028571428571428574,Fiber optic,Yes,No,1.0000000000000002,0.023953998657565867,Yes,No,False,False,True,True,False,False,False,False,True,False
8f6c12f6-1459-4bb5-89c3-c394bb03783a,0.4117647058823529,Male,0.9571428571428572,Fiber optic,Yes,Yes,0.26384739649029637,0.5031946269218769,Yes,Yes,True,False,False,False,True,False,False,False,True,False
f8f02802-900b-4771-98d1-0c311a174ee3,0.9215686274509803,Male,0.5714285714285715,Fiber optic,Yes,No,0.6231162451038972,0.5043802616557694,No,Yes,False,False,False,False,True,False,False,False,True,False
66abcf5e-40a5-4bc3-ae80-f43e5715c620,0.019607843137254943,Male,0.5142857142857143,Fiber optic,Yes,Yes,0.707650091836509,0.4992168063241563,Yes,No,False,False,False,False,False,True,False,False,True,False
cea688dd-956a-47ce-a4a9-a2d66a3e1c93,0.17647058823529416,Male,0.7142857142857143,Fiber optic,No,Yes,0.17643674345526572,0.3050634957203084,No,Yes,False,False,False,True,False,False,False,True,False,False
c8bae69b-b4d4-47ef-adf3-5abb7f751ebc,0.6470588235294118,Female,0.19999999999999998,Fiber optic,Yes,Yes,0.5909181437960564,0.1554357496826258,Yes,Yes,True,False,False,False,False,True,False,False,True,False
e72bc04d-9555-435f-bb8d-b33b72dfe1e6,0.2941176470588236,Female,0.09999999999999999,Unknown,Yes,No,0.28774701807962116,0.03034485905244972,Yes,Yes,True,True,False,True,False,False,True,False,False,False
958c62f5-3726-41f8-b7a9-b8ddbade1b9c,0.9215686274509803,Male,0.5285714285714286,DSL,Yes,No,0.8849056186240016,0.6085024469380259,No,Yes,False,False,False,False,True,False,False,False,True,False
ebac1c77-71a4-4a2e-9a8b-9cb5769daacf,0.9803921568627451,Female,0.7857142857142857,DSL,No,Yes,0.7306645422558589,0.7862416246473218,Yes,Yes,False,True,False,True,False,False,False,True,False,False
eb1966d1-f0b0-43d7-bec9-121e3cb3bd06,0.7450980392156864,Male,0.6571428571428571,Fiber optic,No,No,0.8540352740711237,0.7408437028176014,No,No,False,True,False,True,False,False,True,False,False,False
bcb1a937-7272-4846-8d34-d475bd2bba48,0.4117647058823529,Female,0.12857142857142856,DSL,No,Yes,0.16072495518820956,0.02583527003072047,No,Yes,False,True,False,False,True,False,False,False,False,True
14083ffa-79b1-4cfa-83ac-994431aff368,0.21568627450980393,Female,0.6857142857142857,Unknown,Yes,No,0.0,0.15128442156287222,Yes,No,False,True,False,True,False,False,False,False,True,False
d2bb8d63-ec97-46b4-871c-406de401a721,0.4509803921568628,Female,0.5714285714285715,Unknown,Yes,No,0.8808117019628672,0.6581754013245049,No,No,True,False,False,True,False,False,True,False,False,False
39ca9eef-57bb-4ceb-b606-4f040e975673,0.9019607843137255,Female,0.41428571428571426,DSL,Yes,No,0.36774436256611126,0.2480245044030747,Yes,No,True,True,False,True,False,False,False,False,True,False
ac829232-28dc-45cd-9b8a-a092cfc3e731,0.7647058823529412,Female,0.05714285714285714,DSL,Yes,No,0.1385956759388347,0.0,No,No,True,True,False,True,False,False,False,False,True,False
ac4b4bd4-290e-4a57-90db-99fd91712402,0.7254901960784313,Male,1.0,Fiber optic,Yes,No,0.04144814003407915,0.29798021178842227,No,No,True,False,False,True,False,False,True,False,False,False
925e2097-9f01-4559-a9a4-b9fab0b1c387,0.17647058823529416,Male,0.42857142857142855,Fiber optic,Yes,Yes,0.5112527384983072,0.3190388839996182,No,Yes,False,False,False,False,False,True,False,True,False,False
fdcf1d1e-6ea1-4852-b1a7-a9058d053c67,0.6666666666666666,Female,0.7285714285714286,DSL,Yes,No,0.10584434264975989,0.25884944591658077,Yes,Yes,False,False,False,True,False,False,False,True,False,False
856f568c-88e4-4b04-9577-bdf1246d95d4,0.9803921568627451,Male,0.3142857142857143,Fiber optic,Yes,No,0.566797229414238,0.24808715989714217,Yes,Yes,True,False,False,True,False,False,False,False,False,True
e00d8f22-0b33-4ac3-980a-94832ac30f24,0.5030496196232563,Female,0.6714285714285715,Fiber optic,Yes,No,0.7444953417867182,0.6825660605791872,No,Yes,True,True,False,True,False,False,False,False,False,True
52fa324f-9851-48c1-94f8-0fb3c56c053d,0.607843137254902,Male,0.5571428571428572,Fiber optic,No,Yes,0.5318329682002259,0.43806986376767726,No,No,False,True,False,True,False,False,False,True,False,False
14e37a5c-49c9-4e08-8a6f-505619f6d140,0.11764705882352944,Female,0.07142857142857142,DSL,Yes,Yes,0.9396755847662044,0.0718099437160877,No,No,False,False,True,True,False,False,False,False,False,True
7db65ed4-aee1-4ab5-b4c9-a30776004da4,0.3921568627450981,Female,0.5285714285714286,Fiber optic,No,Yes,0.11192989444333801,0.18278406956751964,Yes,Yes,True,False,False,True,False,False,False,False,False,True
90e6077f-d28b-49aa-a165-2d4caa605a58,0.37254901960784315,Female,0.5714285714285715,DSL,Yes,No,0.48635729934276056,0.42060986608753703,No,No,False,True,False,True,False,False,False,True,False,False
702d6765-7b2b-4cfd-ac03-ce485da683c1,0.5030496196232563,Male,0.3714285714285714,Unknown,Yes,Yes,0.12033902055810047,0.1218700769248812,No,No,True,False,False,True,False,False,False,False,True,False
712e711f-2ced-4d3c-936b-7aed4aa18100,0.05882352941176472,Male,0.9714285714285714,Fiber optic,Yes,Yes,0.9089158866095732,0.9999999999999999,Yes,Yes,True,False,False,False,True,False,False,False,True,False
029fc0cf-c6e0-4e90-a04e-911a827d90cc,0.8823529411764707,Female,0.8,Fiber optic,No,Yes,0.9712098076965634,0.9999999999999999,No,No,False,True,False,False,True,False,True,False,False,False
647f5e10-d0d1-4abc-b0b3-e62916b61c7e,1.0,Female,0.22857142857142856,Unknown,Yes,Yes,0.38234968687069865,0.12799103672993586,Yes,No,False,False,False,True,False,False,False,False,True,False
91f28704-b71b-49f0-9a52-6a9b0908bb98,0.4117647058823529,Male,1.0,Unknown,No,Yes,0.2780101352098962,0.5414241176098246,Yes,Yes,False,False,False,True,False,False,False,False,True,False
8cc7a01a-1097-4e6e-a898-1319de047dca,0.27450980392156865,Male,0.6571428571428571,Fiber optic,Yes,Yes,0.24879948660072143,0.32702986931991795,Yes,No,False,True,False,False,False,True,False,False,False,True
e16e7860-e409-4bfa-a087-20fcf3d35629,0.7647058823529412,Male,0.17142857142857143,DSL,Yes,No,0.8909911704175797,0.19009548375985658,No,No,True,True,False,True,False,False,False,False,False,True
03137728-7ea4-429c-a73f-42162ef56b71,0.3921568627450981,Male,0.14285714285714285,Fiber optic,No,No,0.6948151098718716,0.12046595123731749,No,Yes,False,False,True,False,False,True,False,True,False,False
b60a06e8-e6ee-4f7a-9f98-15877446ed48,0.27450980392156865,Male,0.32857142857142857,Fiber optic,Yes,Yes,0.9141162672331764,0.3806115626055303,No,No,False,False,False,True,False,False,False,False,True,False
5f45c3b4-a958-49ff-af5c-dcf66ba2793e,0.4117647058823529,Female,0.04285714285714286,DSL,No,No,0.06977361747327893,0.0,Yes,No,False,True,False,True,False,False,False,False,True,False
e8483700-1934-43f0-833c-18caf705cd4a,1.0,Male,0.6428571428571429,Unknown,Yes,No,0.466440948018323,0.4670359806404162,Yes,Yes,False,False,False,False,True,False,False,False,True,False
cc7dfa7a-6a9f-4e81-9916-098587a8aa5f,0.5294117647058824,Female,0.24285714285714283,DSL,Yes,Yes,0.6879550333045654,0.22095572441478964,No,No,True,True,False,False,False,True,True,False,False,False
5492749b-adab-46b5-8385-b14c7aef0959,0.2549019607843137,Female,0.6,DSL,No,Yes,0.9323729226139106,0.7260762848312334,No,No,False,True,False,True,False,False,True,False,False,False
8f519ff9-7d40-4252-9737-7703745c75c2,0.5098039215686275,Male,0.45714285714285713,DSL,No,No,0.3624333355462613,0.27370201111283543,No,No,False,True,False,True,False,False,False,False,False,True
6141a812-0a14-4ae3-99ce-1b2897075f5a,0.5030496196232563,Male,0.12857142857142856,Fiber optic,Yes,Yes,0.286197968532165,0.04851334578089148,Yes,No,True,False,False,True,False,False,False,False,True,False
4a977825-e822-4cbe-b619-68bb99b88ebc,0.7647058823529412,Female,0.8285714285714286,Fiber optic,No,No,0.9499656996171635,0.9999999999999999,No,No,True,False,False,False,False,True,True,False,False,False
81980aa8-2f2a-40a8-8486-61f3380e7978,0.5294117647058824,Male,0.42857142857142855,Fiber optic,Yes,Yes,0.0,0.08774532437391899,No,Yes,True,False,False,False,True,False,False,False,False,True
c6af921d-1378-4c4d-aa73-e55987b7310d,0.4901960784313726,Female,0.3857142857142857,Fiber optic,No,Yes,0.4704242182832105,0.26896589838178525,No,No,False,False,False,True,False,False,False,False,True,False
e58427e8-5c4d-4080-91da-f093b662119b,0.5030496196232563,Male,0.8428571428571429,Fiber optic,Yes,No,0.447188475071367,0.6006544446682904,No,No,True,False,False,True,False,False,False,False,False,True
6d60933d-e285-4994-81f8-c1f9567efda8,0.019607843137254943,Male,0.028571428571428574,Fiber optic,Yes,Yes,0.10141848679988497,0.0,No,Yes,True,True,False,True,False,False,False,False,False,True
e42b97ec-2821-43df-b7d8-6f366e6c33db,0.47058823529411764,Male,0.7714285714285715,DSL,Yes,No,0.37681736705835495,0.4911567393052694,No,No,False,False,False,True,False,False,False,True,False,False
3afabd86-e549-4fae-b175-c34bdb9194d2,0.5030496196232563,Female,0.1857142857142857,Unknown,Yes,Yes,0.739294961163115,0.17119922936955398,No,No,True,False,False,True,False,False,False,True,False,False
2c92d365-f2d2-4290-b998-1153254e9889,0.13725490196078433,Male,0.8142857142857143,DSL,Yes,Yes,0.34572572971298327,0.49465420111513925,No,Yes,True,True,False,False,True,False,True,False,False,False
d2841e8f-a236-4cad-9a2d-4e41379f47c4,0.8431372549019608,Female,0.19999999999999998,Unknown,Yes,Yes,0.2824359910597712,0.9999999999999999,Yes,No,False,True,False,True,False,False,False,True,False,False
92888e0c-1f63-4b96-bf53-62b2c962d60e,0.6274509803921569,Male,0.014285714285714285,DSL,Yes,Yes,0.8049082741375115,0.0,No,No,True,False,True,True,False,False,True,False,False,False
96eade2a-a215-4c3a-ae56-9ba3f8964633,0.8039215686274509,Female,0.32857142857142857,Fiber optic,No,Yes,1.0000000000000002,0.42320765926464293,No,No,True,True,False,False,True,False,False,True,False,False
57fa4b7d-4fee-493f-827e-9824eb387535,1.0,Male,0.9,DSL,Yes,Yes,0.8021421142313396,0.9688133081554638,Yes,Yes,True,True,False,True,False,False,False,False,True,False
6ed9ad16-9da3-467e-9b4a-49b3e2633581,0.5030496196232563,Female,1.0,DSL,Yes,Yes,0.8761645533204985,0.9999999999999999,No,No,True,False,False,True,False,False,False,False,False,True
07c6b3b7-85b5-4603-b4db-ac88b5d57353,0.09803921568627455,Female,0.32857142857142857,Unknown,Yes,No,0.9792869946225853,0.4041314711477876,No,No,False,False,False,True,False,False,True,False,False,False
6745c6f4-36bc-4aa2-976d-1fb58f0804d0,0.7450980392156864,Female,0.3714285714285714,Unknown,No,Yes,0.8269269069906395,0.40050066559413305,Yes,No,False,True,False,True,False,False,False,False,False,True
a5dc14ff-a46d-4541-afdd-122c8eb560e4,1.0,Female,0.5142857142857143,Fiber optic,Yes,No,1.0000000000000002,0.6699208966354641,No,No,False,False,False,False,False,True,False,False,True,False
d54b6b54-cfdb-470e-8259-aa124ff26761,0.43137254901960786,Female,0.5428571428571429,Fiber optic,Yes,Yes,0.766624621036093,0.5591074258970258,Yes,No,True,False,False,False,True,False,False,False,True,False
98e45a6b-a830-43bc-a857-5f148d6a6d30,0.47058823529411764,Female,0.8857142857142858,Fiber optic,Yes,Yes,0.6716900130562748,0.8385605687448048,No,Yes,True,False,False,True,False,False,False,False,True,False
5086471e-7b1b-463f-b30e-f234754ec937,0.9607843137254902,Male,0.35714285714285715,Unknown,Yes,No,0.7068755670627809,0.3404028009255019,Yes,No,False,False,False,True,False,False,False,False,True,False
25927577-131a-48f9-889a-3b77462b5125,0.823529411764706,Female,0.9142857142857143,Fiber optic,Yes,Yes,0.935692314501317,0.9999999999999999,No,Yes,True,False,False,True,False,False,False,False,True,False
aa5d4cd3-69c3-412b-973c-759a6082335d,0.3529411764705882,Female,0.04285714285714286,Fiber optic,Yes,Yes,0.6954789882493528,0.020401914109278246,No,Yes,True,False,True,True,False,False,False,False,False,True
bc0b8eb4-8e86-4c79-bdce-514855dff43e,0.07843137254901966,Female,0.39999999999999997,Fiber optic,Yes,Yes,0.7820044701144084,0.41023797199267276,No,Yes,False,False,False,True,False,False,False,True,False,False
fe66a280-abde-4219-9b25-2fd8d0176dd5,0.9803921568627451,Male,0.0,Fiber optic,Yes,No,0.17876031777645007,0.0,No,No,False,True,False,True,False,False,True,False,False,False
bab37355-23b3-4886-92cf-5642a0ec3cc4,0.1960784313725491,Male,0.7000000000000001,Unknown,Yes,No,0.949523114032176,0.9999999999999999,Yes,Yes,False,True,False,True,False,False,False,True,False,False
84ea5866-63d2-4f8f-9848-0c63fab8615b,0.21568627450980393,Male,0.14285714285714285,DSL,Yes,Yes,0.4345747858992233,0.08148620117168986,No,Yes,False,False,False,True,False,False,False,True,False,False
d55adf4d-8666-4d48-a05c-de93f088234b,0.17647058823529416,Female,0.8285714285714286,DSL,Yes,Yes,0.11801544623691607,0.30656080137340835,Yes,Yes,True,True,False,False,True,False,False,False,False,True
3a804b9b-2807-4f0a-ac03-fd7ba5f4ee70,0.13725490196078433,Male,0.8714285714285714,Fiber optic,No,No,0.8247139790657021,0.9608897979826215,No,No,False,True,False,False,False,True,False,False,True,False
14f3081f-cb4f-4d1b-bdc7-93d347f961d7,0.4509803921568628,Male,0.49999999999999994,Fiber optic,No,Yes,0.3341078581070615,0.28498642624950316,No,No,False,True,False,False,False,True,False,False,True,False
cb958334-a787-4f17-8303-2747fc2bfe77,0.5294117647058824,Female,0.7857142857142857,DSL,Yes,Yes,0.14346411737369713,0.31005986973440813,No,Yes,True,False,False,True,False,False,False,True,False,False
baebbb5d-226e-4c35-a76e-160bcadcfce0,0.7843137254901961,Female,0.2857142857142857,Fiber optic,Yes,Yes,0.22335081546394037,0.11747937268676717,No,No,False,False,False,False,True,False,False,False,True,False
f2f0dc70-dc88-4057-846f-35f82289f131,0.6862745098039217,Male,0.17142857142857143,Unknown,Yes,Yes,0.0,0.012740271770615347,Yes,Yes,False,True,False,False,True,False,True,False,False,False
2a888005-053f-4e92-b489-59bf85e0ef90,0.7058823529411765,Female,0.11428571428571427,DSL,Yes,Yes,0.04000973688286974,0.006982392520926126,Yes,Yes,False,False,False,False,False,True,False,False,True,False
ec54b942-1539-40f1-a559-27d1e4244b63,0.3921568627450981,Female,0.14285714285714285,Fiber optic,Yes,No,0.5954546460421786,0.10414339175717172,No,Yes,True,True,True,True,False,False,False,True,False,False
949d47e5-eae6-46ae-a135-1d6e82109fac,0.13725490196078433,Female,0.9857142857142858,Fiber optic,Yes,Yes,0.8981831861736265,0.9999999999999999,No,Yes,False,False,False,False,True,False,False,False,False,True
6c20a7ff-d7b5-4e5c-a23f-b523ba8de160,0.1568627450980392,Female,0.0,Fiber optic,No,Yes,0.43601318905043257,0.0,Yes,No,True,False,False,True,False,False,False,True,False,False
1f1a5eaa-a9ca-46a8-a53a-1ca6f79c213c,0.9019607843137255,Male,0.9857142857142858,Unknown,No,No,0.6325211887848814,0.8958132313623199,Yes,Yes,False,False,False,False,True,False,False,False,True,False
6d717a02-dd41-4bd4-b4f9-60e7f357ffbf,0.27450980392156865,Female,0.7857142857142857,Fiber optic,Yes,Yes,0.8356679722941425,0.8732668928048036,No,No,True,True,False,True,False,False,False,False,True,False
35f7ac63-e8fb-4104-8889-a9dfc42549ed,0.9215686274509803,Male,0.42857142857142855,Fiber optic,Yes,Yes,0.33455044369204895,0.24252367333417515,Yes,No,False,False,False,False,True,False,False,False,False,True
b5c79fb4-1140-42d6-a0f5-b2a38091454c,0.8823529411764707,Male,0.5142857142857143,Fiber optic,No,Yes,0.6637234725265,0.47217533770508024,No,Yes,False,True,False,False,False,True,False,True,False,False
db943369-91ef-4eeb-b3b5-179075c20abc,0.7647058823529412,Male,0.6571428571428571,Fiber optic,No,No,0.327469074332249,0.38486089034420995,No,Yes,False,False,False,True,False,False,False,False,False,True
1525bc52-8068-4aa1-9f7e-5daf2e58df96,0.33333333333333337,Male,0.6571428571428571,Fiber optic,No,Yes,0.6508884905618624,0.6011797868877794,No,No,True,False,False,True,False,False,False,True,False,False
fd5780d1-f1ab-4177-b355-5999da681e85,0.8039215686274509,Female,0.9714285714285714,Unknown,Yes,Yes,0.1805306601164,0.426997513380161,Yes,Yes,False,False,False,True,False,False,True,False,False,False
671c0239-a981-4f0e-a726-44511461fe16,0.37254901960784315,Female,0.8142857142857143,Fiber optic,Yes,No,1.0000000000000002,0.9999999999999999,Yes,Yes,True,True,False,True,False,False,True,False,False,False
5b3b5ca3-e997-48ea-b839-6cc09d36790a,0.09803921568627455,Female,0.49999999999999994,DSL,Yes,No,0.02407665582331986,0.1253305880587625,No,Yes,False,False,False,True,False,False,False,False,False,True
837efd80-8b8c-47f1-9ea1-eb62f36ab8c4,0.21568627450980393,Male,0.44285714285714284,DSL,Yes,No,0.4987496957224103,0.3298734648199039,No,No,False,True,False,True,False,False,False,False,True,False
8b3d915e-fbe8-45b1-a962-c175dadeace7,0.019607843137254943,Male,0.9,DSL,Yes,Yes,0.2565447343380027,0.4668062438288354,Yes,No,False,True,False,False,False,True,False,False,True,False
94ab12f4-b1d9-4b49-8089-6eda1399c70e,0.11764705882352944,Male,1.0,DSL,Yes,Yes,0.6045276505344221,0.8772688116694732,Yes,Yes,False,False,False,True,False,False,False,True,False,False
718aaee1-0510-452a-9e46-e8026c17956f,0.2941176470588236,Female,0.5857142857142857,Unknown,No,Yes,0.41366261700856405,0.3877414365201845,Yes,Yes,False,True,False,False,True,False,False,True,False,False
738ac6fb-93ff-4664-85d4-20e87b0573fc,0.03921568627450983,Male,0.6714285714285715,Fiber optic,No,Yes,0.27911659917236503,0.357790503804795,No,Yes,True,True,False,False,False,True,True,False,False,False
c8f97f60-2a9a-49bb-a5ae-0b870b010f8b,0.8627450980392156,Female,0.41428571428571426,Fiber optic,Yes,No,0.2163800925003873,0.1853095679437784,No,Yes,False,True,False,False,False,True,False,False,True,False
7f220709-07dd-4208-b3a5-97c3f71324fa,0.03921568627450983,Female,0.2857142857142857,Fiber optic,No,Yes,0.1416937750337472,0.09386307107671377,Yes,Yes,False,True,False,False,True,False,False,False,True,False
f4d66546-4653-4b77-a200-15871255c39b,0.5098039215686275,Female,0.8428571428571429,Unknown,Yes,No,0.8060147380999803,0.9144363720605335,Yes,No,True,True,False,True,False,False,False,True,False,False
ab82547e-0222-4efb-aeb5-cd6b6f1e123a,0.9607843137254902,Female,0.17142857142857143,Fiber optic,No,Yes,0.18562039434375627,0.050871762839636965,No,Yes,True,False,False,False,False,True,False,False,True,False
40dbe33c-a478-4f68-b124-8f110ab24739,0.823529411764706,Male,0.0,Unknown,Yes,Yes,0.7956139768527739,0.0,Yes,Yes,False,False,True,True,False,False,False,True,False,False
94ac1c33-b787-4d92-8027-ebaead3dcf77,0.7647058823529412,Female,0.9142857142857143,Fiber optic,Yes,No,0.47639912368054177,0.6787440754410704,No,Yes,False,False,False,False,False,True,False,False,True,False
0299abc3-76e9-46fd-b5a1-80e405558e38,0.7254901960784313,Male,0.45714285714285713,Unknown,Yes,Yes,0.019650799973444877,0.1100217623416061,No,Yes,True,True,False,False,True,False,False,False,False,True
cae17f7b-39d5-4b17-ba42-622dc5a55f3a,0.6274509803921569,Female,0.5285714285714286,Fiber optic,Yes,No,0.12277324127553169,0.1878350663200372,No,No,False,False,False,False,True,False,False,True,False,False
db7d5790-8bbd-40ee-9ca9-6bed79bdc85b,0.5294117647058824,Male,0.34285714285714286,DSL,Yes,No,0.9277257739715419,0.40438209312405754,No,Yes,True,False,False,True,False,False,False,False,True,False
aa22dc3b-955f-4e37-a83b-d35d5c529381,0.0,Male,0.35714285714285715,Fiber optic,Yes,Yes,0.6067405784593596,0.30234039155506753,No,Yes,False,False,False,True,False,False,False,False,True,False
21838d60-4af0-426d-b422-a28e7cbf82fd,0.13725490196078433,Female,0.8285714285714286,Fiber optic,No,Yes,0.1436854101661909,0.32826530713883845,No,Yes,False,False,False,False,False,True,False,True,False,False
b01149f4-6275-4438-834c-d64d89b41a84,0.7058823529411765,Female,0.45714285714285713,DSL,Yes,Yes,0.7184934386687025,0.44436111799250505,Yes,Yes,True,False,False,False,False,True,True,False,False,False
b2a501de-140b-4599-b3ec-5588f8f7f39c,0.607843137254902,Female,0.5714285714285715,Fiber optic,Yes,No,0.8507158821837173,0.6369335822844963,Yes,No,True,False,False,True,False,False,False,False,True,False
b3dd0c86-2701-4689-a34a-836f46b726e9,0.9215686274509803,Male,0.41428571428571426,Fiber optic,Yes,Yes,0.3056717342716148,0.2226988323907698,No,Yes,False,True,False,False,False,True,True,False,False,False
cf73b20d-fa7c-495a-9b8b-d0ab1800acc9,0.823529411764706,Female,0.8,DSL,Yes,No,0.5556219433933036,0.6596550349151756,Yes,Yes,False,True,False,True,False,False,False,False,True,False
cf897951-ee89-4628-b5ec-68eab1fbb7f1,0.7058823529411765,Female,0.6857142857142857,Unknown,Yes,Yes,0.26440062847153073,0.3540408134675253,No,Yes,False,False,False,False,True,False,False,False,True,False
08d9c463-21a3-4104-a9f7-eee3bfd68141,0.05882352941176472,Male,0.6714285714285715,Fiber optic,No,No,0.02839186527694798,0.18124017393165154,Yes,No,False,True,False,False,True,False,False,False,False,True
6dc2ed5a-55ba-430d-ab3f-81c8d70ef78a,0.5686274509803921,Female,0.6857142857142857,Unknown,Yes,No,0.3817964548894643,0.4361644941275736,No,No,False,True,False,True,False,False,False,False,True,False
760a760b-f84f-44be-b5cb-95522eeff9bf,0.09803921568627455,Male,0.6571428571428571,Fiber optic,Yes,Yes,0.7711611232822149,0.6811892462608324,No,No,False,False,False,True,False,False,False,False,False,True
e1edc507-d9e0-49d9-baa9-ad1b1beec787,0.8823529411764707,Female,0.7857142857142857,Fiber optic,No,Yes,0.4472991214676139,0.558153134525844,No,Yes,False,False,False,False,True,False,True,False,False,False
1e856319-eedc-44c5-8a96-49aae9452af4,0.3529411764705882,Male,0.9142857142857143,Fiber optic,Yes,Yes,0.388213945871783,0.5983538634502228,Yes,No,False,True,False,True,False,False,False,False,True,False
8a620d5e-e20a-467e-9f0e-28123af22051,0.607843137254902,Male,0.15714285714285714,Fiber optic,Yes,Yes,0.34472991214676146,0.07741038095504321,No,Yes,False,False,False,True,False,False,True,False,False,False
77bd1a5c-cb9f-40d5-a7fc-774c3de05add,0.1568627450980392,Female,0.9714285714285714,Unknown,No,Yes,0.44752041426010764,0.6948208325983362,Yes,No,False,False,False,False,True,False,False,False,True,False
1fa4c314-b99a-456c-90b1-b3b08982954f,0.21568627450980393,Male,0.07142857142857142,DSL,Yes,Yes,0.2918409347407555,0.015434458015517356,Yes,No,True,False,False,False,False,True,False,False,True,False
d8dc516d-6a8a-47ed-bb13-ae2d4f17c512,0.1960784313725491,Female,0.9142857142857143,Unknown,Yes,No,0.6171413397065657,0.8149860374641296,Yes,No,False,False,False,True,False,False,False,False,False,True
77d20175-d899-4cf6-aa95-06ca75d1fb41,0.8823529411764707,Female,0.34285714285714286,Unknown,No,No,0.010135209896213693,0.07276102198500958,No,Yes,False,False,False,True,False,False,False,True,False,False
96a28a39-f406-45aa-b7d9-910a8b64aa5f,0.2941176470588236,Male,0.0,Fiber optic,Yes,No,0.8331231051804644,0.0,Yes,Yes,False,False,True,True,False,False,False,False,True,False
a7ee7128-6655-4712-b1f8-b7a41d634582,0.0,Female,0.44285714285714284,Unknown,Yes,Yes,0.13140366018278787,0.15646233585465466,No,Yes,False,False,False,False,True,False,False,False,False,True
03ae31d2-ddbf-477b-9ef4-09ef55deb435,0.8627450980392156,Male,0.028571428571428574,Fiber optic,No,No,0.6405983757109033,0.004373353485910704,No,Yes,False,False,True,True,False,False,True,False,False,False
784b0dde-2a98-4f6e-9747-1484313678e6,0.3921568627450981,Male,0.6857142857142857,Unknown,Yes,Yes,0.43756223859788884,0.4752085062383986,No,No,True,False,False,False,True,False,False,False,True,False
537b6214-37fe-4da0-9362-bd2d42fa9c55,0.5686274509803921,Male,0.2571428571428571,Fiber optic,Yes,Yes,0.7956139768527739,0.2645703744902814,No,Yes,False,False,False,False,False,True,False,False,True,False
e43980c0-7e24-4989-92ca-01ac7a24a993,0.23529411764705888,Male,0.8428571428571429,DSL,No,Yes,0.8538139812786298,0.954240282855818,No,No,True,False,False,True,False,False,False,True,False,False
75784aca-a0cf-4ea4-9475-8d5caeb417e0,0.6470588235294118,Male,0.39999999999999997,Unknown,No,Yes,0.1657040430193189,0.15324762704365352,No,No,True,True,False,True,False,False,False,False,False,True
e06830ce-65c6-4443-bd3e-ec39b806ef94,0.05882352941176472,Male,0.7000000000000001,Fiber optic,Yes,Yes,0.6890614972670341,0.6700815517484576,No,Yes,False,True,False,False,False,True,False,False,True,False
bdfc6734-0207-4ad0-bf21-87d44a2dbb71,0.5030496196232563,Male,0.014285714285714285,Fiber optic,Yes,Yes,0.14988160835601588,0.0,Yes,Yes,True,False,False,True,False,False,True,False,False,False
10130abe-7e15-4dfe-88d8-056842e8d920,0.7254901960784313,Male,0.7857142857142857,Fiber optic,No,No,0.0769656332293257,0.2561873906942775,Yes,No,True,True,False,False,True,False,False,False,False,True
33daf1ff-6458-45b4-b656-c0d40c0ba33d,0.5882352941176471,Female,0.22857142857142856,DSL,No,Yes,0.9691075261678728,0.2725260156857226,Yes,No,False,False,False,False,False,True,False,False,True,False
6df9d979-4c6e-4a8b-b60b-3feee2922ec3,0.5098039215686275,Female,0.8428571428571429,Fiber optic,Yes,No,0.12166677731306291,0.318820393045947,Yes,Yes,True,True,False,False,False,True,False,False,True,False
f723a586-afa3-4530-9442-4a48d205079d,0.07843137254901966,Male,0.49999999999999994,Unknown,Yes,Yes,0.19214853172232188,0.21172930127556946,Yes,Yes,True,False,False,True,False,False,False,False,True,False
b921f4b1-1cc9-4ec3-b0c6-11bb0936f759,0.47058823529411764,Female,0.8571428571428572,DSL,Yes,Yes,0.08393635619287881,0.2872468436893225,No,No,False,False,False,True,False,False,False,False,True,False
db0aa353-6731-4887-919a-968b406d4371,0.03921568627450983,Female,0.22857142857142856,DSL,No,Yes,0.4601341034322513,0.14798777864424434,No,No,False,False,False,False,False,True,False,False,True,False
ea705370-2062-4714-9f63-d937dd78c1c4,0.6274509803921569,Female,0.6857142857142857,DSL,No,No,0.9572683617694573,0.8498771149040711,Yes,No,True,True,False,False,True,False,False,False,False,True
a1108f01-a711-49ba-8581-d9a92186a744,0.05882352941176472,Female,0.8428571428571429,Fiber optic,No,Yes,0.2319812343711965,0.4110894440915387,No,No,True,False,False,True,False,False,False,False,True,False
cdf8efdd-c4ed-4311-9d3b-344da592db6f,0.47058823529411764,Female,0.2714285714285714,Fiber optic,No,Yes,0.5393569231450133,0.2045705094405764,No,No,False,True,False,True,False,False,False,True,False,False
5a285a58-21ed-441e-856a-a7d55beccebb,0.37254901960784315,Female,0.7000000000000001,Fiber optic,Yes,Yes,0.39507402243908923,0.45585759787832425,Yes,Yes,True,False,False,True,False,False,True,False,False,False
ac4320d8-8959-4211-8550-ab30ec98f8f6,0.6470588235294118,Male,0.028571428571428574,Unknown,Yes,Yes,0.31153599327269915,0.0,No,No,False,False,False,False,False,True,False,True,False,False
596db24f-6f48-4f50-bfe4-f0d06115bab4,0.4901960784313726,Female,0.6,Fiber optic,No,No,0.5728827812078161,0.4999799181108757,No,No,False,False,False,True,False,False,False,False,False,True
5d0cfcf3-57f1-4816-88ed-d0261394f2e2,0.07843137254901966,Female,0.8,DSL,No,Yes,0.5581668105069819,0.6572371754646225,Yes,Yes,False,True,False,False,False,True,False,False,True,False
35860509-7dbf-486f-8a7b-da0f408ce7c3,0.6666666666666666,Female,0.7000000000000001,Unknown,Yes,Yes,0.33742724999446766,0.41296268270904357,No,No,False,False,False,False,False,True,False,False,False,True
0477c742-507a-4857-8053-ea4a2621157d,0.5294117647058824,Female,0.9571428571428572,Fiber optic,Yes,No,0.880922348359114,0.9999999999999999,Yes,Yes,True,True,False,False,False,True,False,False,True,False
fef1f101-b14e-44f9-bacc-6977dad9ba19,0.5490196078431373,Male,0.7000000000000001,Fiber optic,No,Yes,0.0,0.16859500998792837,Yes,Yes,False,True,False,False,True,False,False,False,True,False
03bcf136-c23f-4aba-a3b3-a678076e77d6,0.1568627450980392,Male,0.5142857142857143,Fiber optic,Yes,No,1.0000000000000002,0.1349200917533481,No,No,False,False,False,False,False,True,False,False,True,False
b12b4f51-d983-411e-97a7-ad89efdae4fd,1.0,Male,0.6428571428571429,Unknown,Yes,No,1.0000000000000002,0.8462093586744281,No,Yes,False,False,False,True,False,False,False,False,True,False
758e6891-ebc7-4829-bc43-c4460c969b09,0.7254901960784313,Male,0.5857142857142857,Fiber optic,Yes,No,0.7670672066210804,0.6030819434256232,No,Yes,False,False,False,True,False,False,False,False,True,False
634c956f-f20f-4fc1-bb34-0e5052d42311,0.9607843137254902,Female,0.19999999999999998,Fiber optic,Yes,Yes,0.8292504813118238,0.2086672148219122,Yes,Yes,False,True,False,False,False,True,False,False,True,False
36ba148a-3df3-4618-ac34-74d0568fecf8,0.09803921568627455,Male,0.45714285714285713,Fiber optic,Yes,No,0.6066299320631128,0.3919281087647967,No,Yes,False,False,False,True,False,False,False,False,True,False
7f3230c2-4625-4d5b-8fee-f980056f0778,0.3529411764705882,Male,0.14285714285714285,DSL,No,Yes,0.40436831972382664,0.07498127564658058,Yes,No,True,False,False,True,False,False,False,False,True,False
40e177b3-e123-48e6-8249-79fc1d88106d,0.8431372549019608,Male,0.2714285714285714,Fiber optic,Yes,No,0.6359512270685344,0.23223210679580766,No,Yes,True,False,False,True,False,False,True,False,False,False
f9739e4d-d5fc-45e3-94f9-f650a0c5d69e,0.1960784313725491,Male,0.32857142857142857,Fiber optic,Yes,Yes,0.04222266480780723,0.07973988009344984,Yes,Yes,True,False,False,True,False,False,False,False,True,False
3b2d5829-11b9-4dfc-9a22-8d679ef729c9,0.019607843137254943,Female,0.9,DSL,Yes,Yes,0.7782424926420148,0.9488985003487821,No,Yes,True,False,False,False,True,False,True,False,False,False
ad00fca4-6fe4-4ad0-a57a-41aaaab0d2a2,0.9019607843137255,Male,0.9142857142857143,DSL,No,No,0.5380291663900507,0.7395938060385114,No,No,False,False,False,False,True,False,False,False,False,True
83601f12-dd0b-44b4-a6d2-b26b0fec5322,0.8431372549019608,Female,0.22857142857142856,DSL,No,Yes,0.9983181747770478,0.9999999999999999,No,No,False,False,False,True,False,False,False,False,False,True
ccf3b8b3-45e8-43fb-b810-c6d892285740,0.8431372549019608,Male,0.8571428571428572,Fiber optic,No,No,0.645134877957025,0.7868264092586184,Yes,No,False,False,False,False,False,True,False,False,True,False
6895f782-4b0c-427f-a21e-94e557fd1c62,0.1568627450980392,Female,0.19999999999999998,Unknown,No,No,0.10761468498970994,0.04944675198738408,No,No,False,False,False,True,False,False,False,False,False,True
2bb001af-3247-4f76-83a0-e93fea9a9e8b,0.3921568627450981,Female,0.7142857142857143,Unknown,Yes,Yes,0.4682112903582731,0.5239593002762946,No,Yes,True,True,False,False,True,False,False,False,True,False
aae14a98-a4ff-4f14-901d-ec2d11b1edf9,0.4509803921568628,Male,0.3714285714285714,Fiber optic,Yes,Yes,0.003717718913894996,0.0772465127397898,No,No,False,False,False,True,False,False,False,False,False,True
477a77f2-efc9-4577-9544-441965cd053c,0.6470588235294118,Male,0.8571428571428572,Fiber optic,Yes,Yes,0.7645223395074023,0.8937857638363412,No,Yes,False,False,False,False,True,False,False,False,False,True
1030ae81-3dc3-4f8e-a622-248b063c3d32,0.4117647058823529,Male,0.8142857142857143,Unknown,Yes,No,0.4949877182500167,0.6183088350351529,Yes,Yes,False,False,False,True,False,False,False,False,True,False
9405aa14-ecff-4c25-93f9-8a70e755b08d,0.03921568627450983,Male,0.42857142857142855,DSL,No,Yes,0.3488238288078957,0.2504937734897857,Yes,No,True,False,False,True,False,False,False,False,True,False
2bf85540-8f02-4f61-8775-bed74184d0e0,0.21568627450980393,Female,0.15714285714285714,Fiber optic,Yes,Yes,1.0000000000000002,0.18944322400110272,Yes,Yes,False,True,False,False,False,True,False,False,True,False
1a931cdf-627f-4b38-a97f-252640a6ea9f,0.5294117647058824,Female,0.6428571428571429,Fiber optic,No,No,0.9805041049813008,0.80848753814354,No,Yes,False,False,False,True,False,False,False,False,True,False
8069bd9b-4e34-416f-b164-26e90a84f6a7,0.5686274509803921,Male,0.42857142857142855,DSL,Yes,No,0.9940029653234195,0.5382045891454337,No,Yes,False,False,False,False,False,True,False,False,True,False
7f7c499b-f4ea-427a-a081-21e0ffa7fa86,0.4901960784313726,Male,0.44285714285714284,Unknown,Yes,No,0.18429263758879377,0.18453842340140933,Yes,No,True,True,False,False,True,False,False,True,False,False
b650b07c-ac19-4a49-8c08-26ca5968e6ae,0.9215686274509803,Female,0.44285714285714284,Unknown,Yes,No,0.7459337449379275,0.4420846350413863,No,Yes,True,False,False,True,False,False,False,False,True,False
c950b205-4d13-4d24-a1f7-88d245e73092,0.3921568627450981,Male,0.7428571428571429,DSL,Yes,Yes,0.985815132001151,0.938545884867477,Yes,No,True,False,False,False,True,False,False,False,True,False
4688536a-a33e-4044-af42-ab25b4fde70d,0.5294117647058824,Female,0.8571428571428572,DSL,Yes,Yes,0.5714443780566067,0.7206814861369095,Yes,Yes,False,True,False,True,False,False,True,False,False,False
3efcce8f-f699-43dd-98f4-b636f41b767c,0.4901960784313726,Male,0.6428571428571429,DSL,Yes,Yes,0.17676868264400636,0.2720119193241432,Yes,No,False,False,False,True,False,False,True,False,False,False
4487b5cd-f84e-4160-905d-0511055e78c7,0.6274509803921569,Female,0.0857142857142857,Fiber optic,Yes,No,0.8446303303901392,0.0794667664013608,No,No,False,False,True,False,False,True,False,True,False,False
19d5cc91-e9d9-4734-8adf-b2a601a03025,0.3921568627450981,Female,0.04285714285714286,Fiber optic,Yes,No,0.9133417424594481,0.03314025801853767,No,No,False,True,True,True,False,False,False,True,False,False
3eb05fd3-6d8f-4dac-938d-3753cdfe9592,0.6666666666666666,Female,0.7285714285714286,Fiber optic,Yes,No,0.7178295602912212,0.7212550248902966,Yes,No,True,False,False,False,True,False,True,False,False,False
db26ea3c-7ced-4329-93d0-183fc9c828f2,1.0,Female,0.42857142857142855,DSL,Yes,No,0.26462192126402445,0.21290047704929252,No,No,False,False,False,True,False,False,False,True,False,False
323fc5d3-3d23-4055-bef4-f73021a1b883,0.6470588235294118,Female,0.49999999999999994,Unknown,Yes,Yes,0.15076677952599088,0.18836683474404586,Yes,Yes,False,True,False,False,True,False,False,False,True,False
a60ee1e3-72e2-4d79-8d26-97ad25f46a2a,0.7843137254901961,Male,0.7571428571428571,Fiber optic,Yes,Yes,0.6305295536524376,0.6787521081967202,Yes,No,True,True,False,True,False,False,True,False,False,False
11fe2cf9-9666-4beb-bb3c-8b6e39760484,0.9803921568627451,Female,0.7571428571428571,DSL,Yes,Yes,0.4739649029631105,0.5571490400696343,Yes,Yes,False,True,False,True,False,False,False,True,False,False
cd808178-c3d6-4f6f-a8e1-f9b3186eb0c8,0.9019607843137255,Male,0.22857142857142856,Fiber optic,Yes,Yes,0.6797671999822965,0.20147789851545037,Yes,No,True,True,False,False,False,True,True,False,False,False
6a43b19c-69d0-433b-b134-d46da486acc5,0.33333333333333337,Female,0.41428571428571426,Fiber optic,Yes,No,0.06335612649096023,0.11612344353310153,No,No,True,False,False,True,False,False,False,True,False,False
31266768-7796-454b-bf72-3e83ccf01a76,0.1960784313725491,Female,0.3,Fiber optic,Yes,Yes,0.09013255438270384,0.08672516440640987,No,No,False,True,False,False,True,False,False,False,True,False
f14c5db3-76da-4de5-b89c-23bf29efc28e,0.43137254901960786,Male,0.6,DSL,Yes,No,0.3412998738631083,0.35329858684549503,Yes,Yes,False,False,False,True,False,False,False,False,False,True
04ea3ba9-b57f-4ee0-a333-84e6bc9d363f,0.9215686274509803,Male,0.3714285714285714,DSL,Yes,No,0.22611697537011227,0.16659646038228845,Yes,No,False,False,False,True,False,False,False,True,False,False
931fc440-9a92-4782-946d-41311964fb77,0.4117647058823529,Male,0.5142857142857143,Unknown,Yes,Yes,0.624997233840094,0.4497029004995409,Yes,Yes,True,True,False,False,True,False,False,False,True,False
c93d93d5-3e0f-4bcb-95bf-319ba8f2ee59,0.3137254901960784,Male,0.6428571428571429,Unknown,No,Yes,0.34638960809046454,0.3851725612634174,Yes,No,False,False,False,True,False,False,True,False,False,False
863c5f08-3ed9-4297-ab47-c34dfa8e6975,0.07843137254901966,Female,0.4857142857142857,Fiber optic,Yes,Yes,0.6965854522118216,0.4611608231582417,No,Yes,False,False,False,True,False,False,False,False,True,False
66d4cd17-61c9-47b6-a9f2-d995eb69bf20,0.5030496196232563,Male,0.04285714285714286,Fiber optic,Yes,Yes,0.790413596229171,0.028073195754720774,Yes,No,False,False,True,False,False,True,True,False,False,False
74d8e7b8-0545-4abb-a15f-263608b3a8ff,0.1960784313725491,Female,0.35714285714285715,Fiber optic,No,No,0.14689415565735026,0.12396180649605734,No,No,False,True,False,False,False,True,False,True,False,False
1b27b8b5-3006-4632-8324-eecde101c3a1,0.5686274509803921,Male,0.2571428571428571,Fiber optic,Yes,Yes,0.9574896545619511,0.30479841478386904,Yes,Yes,False,True,False,True,False,False,False,False,True,False
3be4d380-63d5-42fc-bb6e-ba0e7fb88cf4,0.27450980392156865,Male,0.6285714285714286,Fiber optic,No,No,0.8107725331385958,0.6795071872277898,Yes,No,True,True,False,True,False,False,False,False,True,False
f62d7b04-beeb-4db6-9799-eb8c0fbbfcea,0.5098039215686275,Female,0.35714285714285715,Unknown,Yes,No,0.6332957135586095,0.30939475756661483,No,Yes,False,True,False,False,True,False,False,False,True,False
362e5b3f-6f91-4720-b698-29084789da50,0.6666666666666666,Female,0.3,Fiber optic,Yes,Yes,0.9454291973710418,0.35646188602033824,Yes,No,False,False,False,False,False,True,False,True,False,False
22dd26f4-1c03-4231-b1e5-a340a610a30c,0.6274509803921569,Male,0.8142857142857143,Fiber optic,No,No,0.23397286950364032,0.40212488878649794,Yes,No,True,True,False,False,False,True,False,False,True,False
5f1da9a0-7ba7-4e13-a46c-42bf2f3fcfe3,0.37254901960784315,Female,0.8857142857142858,Fiber optic,Yes,No,0.40635995485627036,0.5945109931474167,Yes,Yes,False,True,False,False,False,True,False,False,True,False
764f54f1-4ca0-47f7-9895-4a664878cd24,0.2941176470588236,Female,0.3857142857142857,Unknown,Yes,No,0.03469870986301976,0.09506155821964574,Yes,No,False,False,False,True,False,False,False,False,True,False
5d422c05-f8ab-418a-a4de-c18f9be4bba6,0.6470588235294118,Female,0.9142857142857143,Fiber optic,Yes,Yes,0.444532961561442,0.6490726826222898,Yes,No,False,True,False,False,False,True,False,True,False,False
ef5944f4-2d29-428b-b9ce-61aaa2d59793,0.019607843137254943,Female,0.6142857142857143,DSL,Yes,Yes,0.5000774524773728,0.4622372124152985,Yes,Yes,True,True,False,False,False,True,False,True,False,False
81132532-2de7-47d6-8df6-f46c4fd58b3c,0.6666666666666666,Female,0.6,Fiber optic,Yes,Yes,0.621456549160194,0.5286954130073448,No,No,True,False,False,True,False,False,False,False,True,False
ee95ed6f-1eb0-4103-914c-d7dfb9265dc2,0.7647058823529412,Female,0.5142857142857143,Fiber optic,Yes,Yes,0.010577795481201191,0.11958395466698282,No,No,True,False,False,True,False,False,False,False,True,False
9ec35781-548a-4f55-b875-b71c1f9e9ad8,0.5294117647058824,Female,0.9285714285714286,Fiber optic,No,No,0.0,0.21045209312727065,No,Yes,False,True,False,True,False,False,True,False,False,False
c75bdd90-dc20-4cbf-adac-8fd8c1fd7505,0.9019607843137255,Female,0.22857142857142856,Fiber optic,No,No,1.0000000000000002,0.13473533837340554,Yes,Yes,True,False,False,False,True,False,False,False,False,True
953ac177-9718-4e3b-bd2d-4473a05a6545,0.7450980392156864,Male,0.5571428571428572,Unknown,Yes,No,0.14899643718604083,0.21491509216623175,No,No,True,False,False,True,False,False,False,True,False,False
4f26a9fb-d503-407e-96ef-97f618836914,0.09803921568627455,Female,0.5285714285714286,Fiber optic,No,Yes,0.7793489566044836,0.5509252609922637,Yes,Yes,False,False,False,True,False,False,False,False,False,True
36e27e1c-d336-4ec4-9751-ba23f3051203,0.5030496196232563,Male,0.8571428571428572,Unknown,Yes,Yes,0.6796565535860497,0.8173364217672254,Yes,Yes,True,False,False,True,False,False,True,False,False,False
4d9ba850-2ef1-4403-9a32-261454a87807,0.37254901960784315,Female,0.11428571428571427,DSL,Yes,No,0.3002500608555179,0.03915357889788664,Yes,Yes,False,True,False,True,False,False,False,False,True,False
f3b3c197-7050-4993-80d7-9be4bb0efa14,0.0,Female,0.8571428571428572,Unknown,No,Yes,0.0,0.20441949363436246,Yes,No,False,False,False,True,False,False,False,True,False,False
24cad38a-d57c-4288-a81b-9700a9f044c1,0.13725490196078433,Female,0.21428571428571427,Fiber optic,No,Yes,0.14158312863750033,0.05984435090032731,Yes,No,False,False,False,False,True,False,False,False,True,False
a5fb021c-e57c-4684-b1bc-d6c3df2b47ba,0.43137254901960786,Female,0.014285714285714285,Fiber optic,No,Yes,0.7051052247228309,0.0,Yes,Yes,False,False,True,True,False,False,False,False,True,False
abc0598e-c902-49ab-93f9-7a42ff9a1452,0.03921568627450983,Male,0.6,Fiber optic,Yes,Yes,1.0000000000000002,0.7884442062464634,Yes,No,False,False,False,False,False,True,False,False,True,False
82249c1f-25e5-40b6-9f77-4d51748552aa,0.05882352941176472,Male,0.5857142857142857,DSL,Yes,No,0.3010245856292461,0.32270182057587143,Yes,No,False,False,False,False,False,True,False,True,False,False
30b318e0-2a3a-40bb-9ed3-498140507cc8,0.47058823529411764,Female,0.8,Fiber optic,No,Yes,0.8271481997831331,0.8829206585445867,Yes,No,False,False,False,False,False,True,False,False,False,True
aa91d409-236c-43be-b6bb-73185f2bdfec,0.9019607843137255,Male,0.9428571428571428,Fiber optic,Yes,No,0.8991790037398482,0.9999999999999999,Yes,No,True,False,False,False,True,False,False,False,True,False
ef187f89-3d67-4f12-9ae0-6465a22be3c8,0.7254901960784313,Female,0.41428571428571426,DSL,Yes,No,0.0,0.08529051424737738,Yes,No,False,False,False,True,False,False,False,False,False,True
0d4cac5d-f18f-44bc-a3f4-177784a04b4d,0.27450980392156865,Female,0.17142857142857143,Fiber optic,Yes,Yes,0.9535063842970637,0.19834191070981605,Yes,Yes,False,False,False,True,False,False,False,False,True,False
c15ac372-4200-40cd-b18f-7ee81bae37d6,0.3921568627450981,Male,0.2571428571428571,Fiber optic,No,No,0.4555976011861294,0.16742222766307538,Yes,Yes,False,True,False,True,False,False,False,False,True,False
1474e825-02a6-4871-ad87-1f09535d79b7,0.6666666666666666,Male,0.0857142857142857,DSL,Yes,Yes,1.0000000000000002,0.09214245481655275,Yes,Yes,False,True,True,False,False,True,False,False,True,False
a116de4d-efa2-4045-bbb7-aa6ba49d0920,0.8823529411764707,Female,0.11428571428571427,DSL,Yes,No,0.5357055920688663,0.07380849332172759,Yes,No,False,True,True,True,False,False,True,False,False,False
0c5b001e-ac0c-43ac-8bb0-f21503e458ba,0.5030496196232563,Female,0.7571428571428571,Fiber optic,Yes,Yes,0.19989377945960302,0.34243026845148067,No,No,False,True,False,True,False,False,True,False,False,False
ecd41416-dc1c-4723-8cfd-eb195d89e0a1,0.2549019607843137,Male,0.8571428571428572,Fiber optic,Yes,No,1.0000000000000002,0.9999999999999999,Yes,Yes,True,False,False,False,True,False,False,True,False,False
e76050ce-3414-4306-a373-aab31a3e07f3,0.6862745098039217,Female,0.014285714285714285,Unknown,No,Yes,0.2089667839518467,0.0,Yes,Yes,True,True,False,False,False,True,False,True,False,False
50708654-64f7-4c4a-9440-726e6ca6fccb,0.21568627450980393,Male,0.7000000000000001,Unknown,Yes,No,0.916218548761867,0.8384979132507372,Yes,No,False,True,False,False,True,False,False,False,False,True
c6cb4550-3233-419c-92df-c334e973d506,0.3137254901960784,Female,0.42857142857142855,Fiber optic,Yes,No,0.131293013786541,0.15046508048660504,Yes,Yes,True,False,False,False,True,False,True,False,False,False
3b021347-5a2e-4318-aed1-faba58d2ca10,0.7450980392156864,Female,0.45714285714285713,Fiber optic,Yes,Yes,0.686405983757109,0.42772367449089194,Yes,Yes,True,True,False,True,False,False,False,False,True,False
bbec1cf9-0f6e-4a1a-9469-4ae46d05ea49,0.1568627450980392,Male,0.14285714285714285,Fiber optic,Yes,No,0.3948527296465955,0.07273371061580067,No,Yes,False,True,False,False,True,False,False,False,True,False
6b1b9cde-fb28-44d7-a230-717640446da8,0.6666666666666666,Male,0.45714285714285713,Fiber optic,Yes,Yes,1.0000000000000002,0.5866726301844609,No,No,True,False,False,True,False,False,False,False,True,False
66a3a46e-a9ba-4391-8506-905cc0525c8a,0.23529411764705888,Male,0.0857142857142857,DSL,Yes,Yes,0.14423864214742527,0.008211404135326873,Yes,Yes,False,False,False,False,False,True,False,False,False,True
c6c0780c-1a5c-40db-beb3-d50f406df2ac,0.27450980392156865,Female,0.42857142857142855,Fiber optic,Yes,No,0.3920865697404236,0.2674236092970471,No,No,True,True,False,True,False,False,False,False,True,False
e9aad3ae-e86f-403f-a6e5-48ceaf86995e,0.33333333333333337,Female,0.6714285714285715,Fiber optic,Yes,No,0.6476797450707032,0.6097603764727655,Yes,Yes,False,False,False,True,False,False,False,False,True,False
be87575b-83b3-4f18-9ef4-92637cf30da2,0.9803921568627451,Female,0.6571428571428571,DSL,No,Yes,1.0000000000000002,0.8529392013577284,Yes,No,False,True,False,False,False,True,True,False,False,False
de6016d7-c91b-440a-8b48-0c2259bf6c7d,0.6274509803921569,Female,0.7428571428571429,Fiber optic,No,Yes,0.2760185000774525,0.3958320280105402,No,Yes,True,False,False,True,False,False,False,False,True,False
c94d4593-b393-4ae1-ae51-2e8cd41b9817,0.09803921568627455,Male,0.2571428571428571,Unknown,Yes,No,0.3789196485870456,0.14583660668126056,Yes,Yes,False,False,False,False,False,True,False,False,False,True
47cc2b25-b75f-4044-8423-1ea98e907097,0.5098039215686275,Female,0.07142857142857142,Fiber optic,Yes,No,0.450729159751267,0.026084285455860487,Yes,Yes,False,False,False,False,False,True,False,False,False,True
03be420d-88a7-42af-b48c-e5d9c18d5fe0,0.43137254901960786,Female,0.6857142857142857,Fiber optic,No,Yes,0.21936754519905294,0.3197248813321007,No,Yes,False,False,False,False,False,True,False,False,True,False
aecbe3b6-4b51-4e5f-811b-0698b6e117df,0.5098039215686275,Female,0.7000000000000001,Unknown,Yes,Yes,0.8441877448051518,0.7821593782261553,No,No,False,False,False,True,False,False,False,False,True,False
d1ede0c0-e64f-45bd-9145-f4a1b061bea1,0.6470588235294118,Male,0.15714285714285714,Fiber optic,Yes,No,0.041558786430325956,0.020123980763799384,No,Yes,False,False,False,True,False,False,False,False,True,False
3eb145ac-1640-417a-b485-d66a866545c4,0.8823529411764707,Female,0.3142857142857143,DSL,No,No,0.7195999026311715,0.29892968350621424,No,No,True,True,False,False,False,True,False,False,True,False
253c4c79-65ca-4281-8954-44be2e8e543e,0.7254901960784313,Female,0.7571428571428571,Fiber optic,Yes,No,0.5305052114452633,0.6004536257770485,No,Yes,False,True,False,False,False,True,True,False,False,False
8fd66e72-1e5c-4cd0-b882-4c85d530f6bf,0.2549019607843137,Male,0.9714285714285714,Fiber optic,Yes,Yes,0.20741773440439043,0.4565275296995074,Yes,Yes,True,False,False,True,False,False,True,False,False,False
4bcde15f-6fcd-4a55-b049-a55c96406dff,0.6862745098039217,Female,0.8285714285714286,Fiber optic,Yes,No,0.485029542587798,0.622519605546714,Yes,No,False,True,False,True,False,False,False,False,True,False
8834a5c5-e71f-4e3f-b3ae-75970c89b28e,0.13725490196078433,Female,0.49999999999999994,DSL,Yes,No,0.8580185443360111,0.5642644550241191,No,Yes,True,False,False,True,False,False,False,False,True,False
05717a70-b073-4a14-bc74-9a3a4ca0bffc,0.6666666666666666,Male,0.028571428571428574,Fiber optic,No,Yes,0.4325831507667796,0.0,No,Yes,False,True,False,False,False,True,False,True,False,False
3172bf0c-aad1-4363-be75-3a48309e01eb,0.3529411764705882,Female,0.8142857142857143,Unknown,Yes,Yes,0.07464205890814135,0.26453824346768273,Yes,Yes,True,False,False,True,False,False,False,False,True,False
0f2a3a37-e893-4f28-b0a3-6ac72e63fceb,0.5030496196232563,Female,0.7714285714285715,Fiber optic,Yes,No,0.0,0.1797235896649923,No,No,True,False,False,True,False,False,False,False,True,False
dceb830a-6c25-4fd4-8a58-c665ffcfa6d6,0.2549019607843137,Female,0.8,Unknown,No,Yes,0.8003717718913896,0.8610828090353719,Yes,No,False,True,False,False,True,False,False,False,False,True
73ce75d4-81ce-468b-a947-813c0cbd78e0,0.37254901960784315,Male,0.22857142857142856,Fiber optic,No,No,0.3053397950828742,0.10839593259811126,Yes,Yes,False,False,False,True,False,False,True,False,False,False
4c79d92c-cfe8-43a0-8ab4-169708363aec,0.9411764705882354,Female,0.5428571428571429,Unknown,Yes,No,0.9701033437340947,0.6747019927981525,Yes,No,False,False,False,False,False,True,False,False,False,True
11e8b7c3-817e-40ae-84d4-831073e341b2,0.47058823529411764,Female,0.9571428571428572,DSL,Yes,No,0.6225630131226625,0.8583323935009222,Yes,No,False,False,False,True,False,False,True,False,False,False
80f7e173-b112-41ed-9b5a-d285fbfb53e8,0.7647058823529412,Male,0.7714285714285715,Fiber optic,Yes,No,0.422514328708314,0.5244043149392867,No,No,True,True,False,True,False,False,False,False,True,False
269d58f1-922b-4bbf-be68-58e90b6d357c,0.4509803921568628,Male,0.6285714285714286,DSL,No,Yes,0.5643630086968068,0.5166976891689856,Yes,Yes,False,False,False,True,False,False,False,False,False,True
06e533f0-49be-4560-b59f-2092c1bd2791,0.5030496196232563,Female,0.0,Fiber optic,Yes,Yes,0.4455287791276638,0.0,No,No,True,False,False,True,False,False,False,False,True,False
2ba1c184-5336-4985-a5d0-6809b69d933c,0.4901960784313726,Female,0.2857142857142857,Fiber optic,Yes,No,0.9419991590873886,0.3404429647037503,No,Yes,True,True,False,True,False,False,True,False,False,False
8820c819-aceb-4b31-9bb4-6b449ab20ab3,0.7254901960784313,Female,0.2857142857142857,Fiber optic,Yes,Yes,0.4465245966938857,0.9999999999999999,Yes,Yes,False,True,False,True,False,False,False,True,False,False
d06207c9-5370-4a39-9460-3709568d9258,0.43137254901960786,Female,0.7285714285714286,Unknown,Yes,Yes,0.05494700037619776,0.2181908499201705,No,Yes,False,True,False,True,False,False,False,False,True,False
2c31f44f-f67f-4872-b9f6-6c45d5426d23,0.4117647058823529,Male,0.6,Unknown,Yes,Yes,0.6004337338732877,0.5145625827173012,Yes,No,True,False,False,False,False,True,False,False,True,False
318481f6-f611-44be-8b11-35997f40ed6d,0.9215686274509803,Female,0.7285714285714286,DSL,Yes,Yes,0.6290911505012282,0.6538714508474074,No,No,True,True,False,True,False,False,False,False,True,False
d898c0a6-3552-465b-a008-af1dab1b9810,0.3529411764705882,Male,0.9428571428571428,Fiber optic,Yes,No,0.7865409723605303,0.9999999999999999,Yes,No,False,False,False,False,False,True,False,False,True,False
7569dbc9-bab4-426e-a43a-2a53f8be18e8,0.8823529411764707,Male,0.6142857142857143,Fiber optic,Yes,Yes,0.9724269180552791,0.7648616422101386,Yes,No,False,True,False,False,True,False,False,False,True,False
c9b19925-9b59-4cb1-9705-d90ee032a7a1,0.9803921568627451,Female,0.44285714285714284,Fiber optic,Yes,Yes,0.43003828365310154,0.2979288021522644,No,No,False,True,False,True,False,False,False,False,False,True
4ab8efd9-dacd-43ed-b371-6328609509f7,0.03921568627450983,Female,0.12857142857142856,Unknown,Yes,No,0.3293500630684459,0.054224635047812574,No,No,False,False,False,True,False,False,False,True,False,False
f384a84a-94eb-4891-a706-414fb9143461,0.8039215686274509,Male,0.9,Fiber optic,No,No,0.48281661466286047,0.6741059623289464,No,Yes,True,False,False,True,False,False,False,False,True,False
ffc783a1-428b-4186-8edd-a8dff093a590,0.3529411764705882,Male,0.9714285714285714,Unknown,No,No,0.9358029608975635,0.9999999999999999,No,Yes,False,False,False,True,False,False,False,False,True,False
f5ef473c-4f28-434d-9fe0-0f554dd94d21,0.1568627450980392,Female,0.9571428571428572,DSL,Yes,No,1.0000000000000002,0.9999999999999999,No,Yes,True,False,False,True,False,False,False,False,True,False
ad2a8f55-0ab6-44ad-b7a1-ace229f01c9d,0.5294117647058824,Male,0.3857142857142857,Fiber optic,Yes,No,1.0000000000000002,0.4920210638131747,Yes,Yes,True,False,False,True,False,False,False,False,True,False
7db6ff70-aa38-4c4e-b0fe-140cdf39b256,0.37254901960784315,Female,0.7428571428571429,Fiber optic,Yes,No,0.19391887406227182,0.3305755276636858,No,No,True,False,False,False,True,False,False,False,True,False
87a4865a-5259-4e15-8dd4-1b451346d050,0.8627450980392156,Female,0.7142857142857143,DSL,Yes,Yes,0.4895660448339198,0.5366494476516559,Yes,No,False,False,False,True,False,False,True,False,False,False
9d6ec7c3-b5e5-42d7-8234-f523e8accf56,0.11764705882352944,Male,0.7428571428571429,Fiber optic,Yes,No,0.22689150014384035,0.35656631184378407,Yes,No,True,False,False,True,False,False,False,False,True,False
cbe8da0b-ca65-4865-ab00-03f0bb49ab91,0.2549019607843137,Male,0.04285714285714286,Unknown,Yes,Yes,0.3469428400716989,0.001692019650048178,Yes,Yes,False,False,False,True,False,False,False,True,False,False
3b7aebb3-b53d-4f5f-ba88-ba2fadb7d11b,0.1568627450980392,Female,0.22857142857142856,Fiber optic,No,No,0.0,0.026203170239475715,Yes,No,False,False,False,False,True,False,False,False,False,True
fbf61d48-01b1-4e0c-9ec0-c0c373f4965b,0.3529411764705882,Male,0.9428571428571428,Fiber optic,Yes,Yes,0.11746221425568176,0.35154744611386524,Yes,Yes,False,False,False,True,False,False,False,False,False,True
8bb41cd3-fed9-4847-a2ad-57707db0d029,0.9019607843137255,Female,0.6571428571428571,Fiber optic,Yes,Yes,0.3791409413795393,0.41710919117540735,Yes,No,True,True,False,False,False,True,False,False,True,False
407c2f14-b4bd-4934-a697-7243f1747f90,1.0,Female,0.7857142857142857,DSL,Yes,Yes,0.343291508995552,0.47399074048190737,Yes,Yes,True,True,False,True,False,False,True,False,False,False
870bfa79-1b07-46cf-a79a-0bd53c31fb66,0.2549019607843137,Female,0.3142857142857143,DSL,No,Yes,0.24824625461948707,0.14258334064314096,No,No,False,True,False,False,False,True,False,False,False,True
b332ebd5-18ce-4412-acad-de6a62072f70,0.7254901960784313,Male,0.24285714285714283,Fiber optic,Yes,No,0.1945827524397531,0.0885405671832371,No,No,True,False,False,True,False,False,False,False,True,False
69b2bc84-22d1-4182-b522-4ea9da65e198,0.6862745098039217,Female,0.0,DSL,No,No,0.76850560977229,0.0,No,No,False,True,True,False,False,True,False,False,True,False
2b4c234a-7efe-4ed3-a18a-bfaa6fb12b21,0.7647058823529412,Female,0.4857142857142857,Unknown,Yes,No,0.26561773883024636,0.2425076078228758,Yes,Yes,False,True,False,False,True,False,False,True,False,False
e54088a6-1097-4506-b17e-3d139ae47168,0.3137254901960784,Female,0.9,Fiber optic,No,No,0.7214808913673683,0.8991982345930942,No,Yes,False,False,False,True,False,False,False,False,True,False
fdfb4d71-ad20-449f-b15a-a389681f965f,0.5686274509803921,Female,0.8142857142857143,Unknown,No,Yes,0.3476067184491802,0.4936709918236186,Yes,Yes,True,False,False,True,False,False,False,False,False,True
caeb0888-1971-4cbd-89ae-d99f7275bfc7,0.1568627450980392,Female,0.8285714285714286,Fiber optic,No,No,0.8271481997831331,0.9139672591305923,No,Yes,False,True,False,True,False,False,False,False,True,False
4cb1fd9d-511f-4130-9741-b5ca43ebd4d0,0.6274509803921569,Female,0.0,Unknown,Yes,Yes,0.1247648764079754,0.0,Yes,No,False,False,False,False,False,True,False,False,True,False
c4b29e91-6e96-4ec4-82ed-22853ee73b5d,1.0,Female,0.028571428571428574,Fiber optic,Yes,No,0.11414282236827544,0.0,No,No,False,True,False,False,True,False,False,False,True,False
513276f8-07b1-480b-9074-c83314576351,0.47058823529411764,Female,0.9428571428571428,Fiber optic,Yes,Yes,0.6918276571732058,0.9118932016218454,Yes,Yes,True,False,False,True,False,False,False,False,True,False
101b47fe-e95c-4128-893a-9b53020fc33f,0.2549019607843137,Female,0.5142857142857143,Unknown,No,Yes,0.9520679811458541,0.627834076684541,No,No,False,False,False,True,False,False,False,False,True,False
3ffbc8c3-2e3a-4882-969f-ef9a6d919b50,0.1960784313725491,Female,0.39999999999999997,Fiber optic,Yes,No,0.09798844851623184,0.12422367433023684,No,No,False,True,False,True,False,False,False,False,False,True
79c604b3-8154-4dca-8641-f5c531d9e2ee,0.6666666666666666,Female,0.45714285714285713,DSL,Yes,No,0.02131049591714801,0.1105856617882135,No,Yes,True,True,False,False,True,False,True,False,False,False
1356c34f-4689-49ca-bfca-b4beabc577c1,0.7843137254901961,Male,0.8571428571428572,Fiber optic,Yes,No,0.9738653212064883,0.9999999999999999,Yes,Yes,False,True,False,False,True,False,True,False,False,False
aed07930-e670-4abb-9a42-a1d0114a32ea,0.2549019607843137,Female,0.04285714285714286,Unknown,Yes,No,0.06955232468078515,0.0,Yes,No,True,True,False,True,False,False,False,False,True,False
17144f6e-91b0-4eae-92e2-f16c4a56dfcc,0.5686274509803921,Female,0.1857142857142857,Fiber optic,Yes,Yes,0.21682267808537475,0.06655652152119829,No,No,False,True,False,True,False,False,False,False,False,True
cf9fbc5a-79d8-4975-9bb5-e569fedd8a99,0.7843137254901961,Female,0.45714285714285713,Fiber optic,Yes,No,0.9682223549978979,0.5641102261156453,Yes,No,False,False,False,True,False,False,True,False,False,False
3cab5f23-0829-4032-a408-4ffd869465a8,0.5030496196232563,Male,0.3,Fiber optic,Yes,No,0.828144017349355,0.3232914248405578,No,Yes,True,False,False,True,False,False,True,False,False,False
06101f9f-eba7-4c7e-bffd-9fc1bd8a6c94,0.05882352941176472,Female,0.6714285714285715,Unknown,Yes,Yes,0.31905994821748657,0.38264545633602876,Yes,Yes,True,False,False,True,False,False,True,False,False,False
4591dc10-35c2-4bfc-bb36-f76a385740fd,0.5294117647058824,Male,0.028571428571428574,DSL,No,Yes,0.9958839540596165,0.019344803465780616,No,No,False,False,True,True,False,False,True,False,False,False
381d5488-6861-461c-8cd5-619d422706ce,0.13725490196078433,Female,0.3142857142857143,Fiber optic,No,Yes,0.5682356325654474,0.2492792208355544,No,Yes,True,False,False,True,False,False,False,False,True,False
5938c55f-f097-418e-9c95-9e700ec0c196,0.019607843137254943,Female,0.9571428571428572,DSL,No,No,0.019650799973444877,0.26082068415301174,No,Yes,False,True,False,False,False,True,True,False,False,False
74fca2ec-d09a-4781-b953-097bf3866e02,0.7843137254901961,Male,0.2857142857142857,Fiber optic,Yes,Yes,0.7177189138949744,0.2680100004594736,Yes,No,True,True,False,False,True,False,False,False,True,False
769f9569-efac-4485-a426-18758761d4b3,0.8823529411764707,Female,0.6,Fiber optic,No,Yes,0.5342671889176571,0.47208055118841397,Yes,No,True,False,False,False,False,True,False,False,False,True
6d0767d5-4bc9-41f3-a320-908d4fc2de8c,0.4117647058823529,Male,0.35714285714285715,DSL,Yes,Yes,0.5733253667928038,0.28652228912972155,No,No,False,False,False,True,False,False,False,False,True,False
60943b7b-4338-4545-96c3-308919e9959b,0.7843137254901961,Male,0.5714285714285715,DSL,Yes,Yes,1.0000000000000002,0.7503817968760291,No,Yes,False,True,False,False,False,True,False,True,False,False
4d4fc826-05f9-438a-9356-09e1762764e0,0.2941176470588236,Female,0.5285714285714286,Fiber optic,Yes,No,0.10849985615968488,0.17818612023364394,Yes,Yes,False,False,False,False,True,False,False,False,False,True
1cc3b630-5aa4-4c84-b7ae-a7bc4ed6d668,0.5490196078431373,Female,0.14285714285714285,DSL,Yes,No,0.6664896324326719,0.11606239459016399,Yes,No,False,True,True,True,False,False,True,False,False,False
12e85208-83fc-4fed-b8bb-c80f90759a5d,0.9411764705882354,Female,0.39999999999999997,DSL,Yes,Yes,0.4472991214676139,0.26813691799873846,No,No,False,False,False,True,False,False,True,False,False,False
07836069-738c-42cd-87cf-1cb2ec1fad16,0.9215686274509803,Female,0.8428571428571429,Unknown,No,Yes,0.24061165327845274,0.4207191115643727,No,No,False,False,False,False,True,False,False,True,False,False
25a6eb84-900c-4188-ae4e-d53105096065,0.5686274509803921,Male,0.9428571428571428,Fiber optic,Yes,Yes,0.7070968598552745,0.9259087536794036,No,No,True,False,False,False,False,True,True,False,False,False
ca94ffb0-57bf-4fd9-86c4-ffd4f1523117,0.21568627450980393,Male,0.9142857142857143,Fiber optic,Yes,No,0.6791033216048152,0.8710161146717638,No,No,True,True,False,True,False,False,False,False,True,False
7fa8002e-b45c-4d9e-aa31-ef1171022e4e,0.6666666666666666,Female,0.8571428571428572,Unknown,Yes,Yes,0.8874504857376797,0.9999999999999999,No,No,True,True,False,True,False,False,False,True,False,False
53c4ab3b-e8d1-45ed-a5fd-cdf7bae5c7e4,0.1960784313725491,Male,0.2571428571428571,DSL,Yes,Yes,0.9122352784969794,0.2949759611754427,Yes,Yes,False,False,False,False,True,False,True,False,False,False
96da9999-64d4-48b8-b371-ae5bf7dad562,0.8823529411764707,Male,0.6428571428571429,Fiber optic,Yes,No,0.5613755559981413,0.527018173627692,Yes,No,False,False,False,False,False,True,True,False,False,False
63971970-ab28-4bcd-acca-eed463199987,0.9607843137254902,Female,0.6857142857142857,Fiber optic,Yes,Yes,0.3000287680630242,0.37953356679734346,Yes,No,False,True,False,False,True,False,False,True,False,False
d78bef6a-4836-4f2d-82c9-016428a79663,0.3921568627450981,Male,0.3,Fiber optic,No,No,0.5257474164066476,0.2254090841469711,No,Yes,False,False,False,True,False,False,False,False,True,False
01791d9f-2a2d-44d2-9830-9b49802e08dc,0.3921568627450981,Male,0.8,Unknown,Yes,Yes,0.33731660359822085,0.47559407850958313,Yes,No,True,False,False,True,False,False,False,False,True,False
60fee882-780b-4b6b-b4ea-7b96d925fd26,0.07843137254901966,Female,0.1857142857142857,Unknown,Yes,No,0.2466972050720309,0.07363659235082448,Yes,Yes,False,True,False,True,False,False,False,False,False,True
181d1ddf-ac2f-43f3-bfb5-52d46c739d17,0.9215686274509803,Male,0.6142857142857143,Fiber optic,No,Yes,0.55008962358096,0.49455459494508314,Yes,No,True,False,False,False,False,True,True,False,False,False
b9f80084-e8d1-4d8f-8ac6-3ab916b712df,0.37254901960784315,Female,0.21428571428571427,DSL,No,Yes,0.6677067427913874,0.18745913335563227,Yes,Yes,False,True,False,False,True,False,False,False,False,True
f267dbd0-9a2a-440d-b921-d90e7e0fc9f2,0.7058823529411765,Male,0.15714285714285714,DSL,No,Yes,0.5932417181172409,0.11632265587321355,No,Yes,False,False,False,True,False,False,True,False,False,False
22593924-d1ef-48b2-b3b8-683ac540a1f5,0.03921568627450983,Female,0.7714285714285715,Fiber optic,Yes,No,0.9957733076633695,0.9999999999999999,No,No,False,False,False,True,False,False,False,False,False,True
79cd6b62-753b-4366-932c-73d62d150be8,0.8431372549019608,Male,0.7142857142857143,DSL,Yes,No,0.27015424107636815,0.3754191893535784,No,Yes,False,False,False,False,False,True,True,False,False,False
283e7a85-6f47-4bff-8a7a-94151892700c,0.6274509803921569,Male,0.5428571428571429,Fiber optic,Yes,Yes,0.3517006351103144,0.32478712394252784,Yes,No,False,True,False,False,True,False,False,True,False,False
943d7aec-673f-423b-a424-52a09523d02b,0.1568627450980392,Female,0.45714285714285713,Fiber optic,No,No,0.6784394432273342,0.42392739417085407,No,Yes,False,False,False,False,False,True,False,False,True,False
815deeac-9143-494f-9fbf-03343416e02c,0.1568627450980392,Female,0.45714285714285713,DSL,No,No,0.6040850649494347,0.3895953965241302,Yes,No,True,True,False,True,False,False,True,False,False,False
0c2a75eb-9dda-4ffb-b32c-de08e2d03397,0.05882352941176472,Female,0.39999999999999997,Unknown,Yes,No,0.0,0.05797432538508226,No,No,True,False,False,False,False,True,True,False,False,False
b1a5f92a-b226-4f80-b21a-f9dfc3712ed3,0.6666666666666666,Female,0.9714285714285714,DSL,Yes,No,0.2853127973621899,0.5303855047960371,Yes,No,False,False,False,False,False,True,False,False,False,True
cd7d9c5d-3a21-4f68-9a49-35084b401c56,0.3137254901960784,Male,0.9857142857142858,Fiber optic,No,Yes,0.22058465555776857,0.4756904715773793,Yes,No,False,False,False,True,False,False,False,False,True,False
5301af83-229a-4195-9484-d31a4dc7cf50,0.6470588235294118,Male,0.42857142857142855,Fiber optic,Yes,No,0.8690831839606985,0.4823801504824312,Yes,No,False,True,False,False,False,True,False,False,True,False
47f8d1c7-9556-4aa6-b23a-3c80cd4e0a1d,0.4509803921568628,Male,0.42857142857142855,Fiber optic,Yes,Yes,0.8981831861736265,0.4945304966781342,No,Yes,True,False,False,True,False,False,True,False,False,False
d73bd2c4-4245-4bdd-8187-3eb38eabb537,0.5030496196232563,Female,0.6428571428571429,Fiber optic,Yes,Yes,0.2538892208280777,0.3247549929199291,No,Yes,False,True,False,False,True,False,False,False,True,False
2bf469c2-05e6-407c-a081-b849742d9d58,0.0,Male,0.7285714285714286,DSL,Yes,Yes,0.05273407245126027,0.21596095695181985,Yes,Yes,True,False,False,False,False,True,False,False,True,False
03f4e3cc-ed05-4cd9-a763-de74517b535e,0.13725490196078433,Male,0.12857142857142856,Fiber optic,No,No,0.16681050698178768,0.03037859662617836,Yes,No,True,True,False,True,False,False,False,False,True,False
b7e2e3b4-8961-45b7-8dcb-777eb4af2a35,0.8627450980392156,Female,0.5714285714285715,Fiber optic,Yes,No,0.13516563765518158,0.2148460104676445,No,No,False,True,False,False,True,False,False,False,False,True
0567091c-0a31-43b8-90e3-3e138d6f74f7,0.43137254901960786,Female,0.028571428571428574,Unknown,Yes,No,0.20243864657328114,0.0,Yes,Yes,True,True,False,True,False,False,True,False,False,False
3aeea635-ef7d-495f-92a1-aa873949e029,0.9019607843137255,Male,0.8285714285714286,Fiber optic,Yes,No,0.19934054747836866,0.37581279438041265,Yes,Yes,True,True,False,False,True,False,True,False,False,False
41243f41-0db8-44c1-b8e8-9ebc08c0ffe0,0.7647058823529412,Female,0.7285714285714286,Fiber optic,Yes,No,0.47064551107570435,0.5334379519429147,Yes,Yes,False,True,False,False,False,True,False,False,True,False
2a29faf2-f029-4c91-8ec1-600fd4a8406e,0.5030496196232563,Male,0.4714285714285714,Fiber optic,Yes,Yes,0.2933899842882118,0.24960213761267144,No,Yes,True,True,False,False,True,False,True,False,False,False
6b53096e-7573-4022-9cc8-0c908fe3d136,0.21568627450980393,Male,0.6857142857142857,Unknown,Yes,Yes,0.5591626280732038,0.5645809455967163,Yes,No,False,False,False,False,False,True,True,False,False,False
fb0aa3b6-506a-4c95-a9e9-f6b0faeb81cd,0.8823529411764707,Female,0.3857142857142857,DSL,Yes,Yes,0.3204983513686959,0.21281051018601613,No,No,False,False,False,True,False,False,False,False,True,False
c711087e-4168-42df-b6d5-a9db55c4a03e,0.9019607843137255,Male,0.17142857142857143,Fiber optic,Yes,Yes,0.8412002921064863,0.17623737371303203,Yes,No,False,True,False,True,False,False,False,False,True,False
50ae3eba-e10f-4f7d-a1d3-5491141182bc,0.27450980392156865,Female,0.9714285714285714,Fiber optic,No,Yes,0.991790037398482,0.9999999999999999,Yes,Yes,False,True,False,True,False,False,False,True,False,False
2cdd7bf6-813b-4a79-a113-351d8b7e3b9c,0.7843137254901961,Female,0.9428571428571428,Fiber optic,Yes,Yes,0.3866648963243267,0.613042560431224,Yes,No,False,False,False,False,True,False,True,False,False,False
1a3f99f1-22ab-4ac7-8aa6-fa1f4e8974f3,0.5030496196232563,Male,0.8571428571428572,DSL,Yes,No,0.0,0.21062881375156353,No,Yes,False,True,False,True,False,False,True,False,False,False
81d0fe0d-18b4-4c69-a608-9c8c1b048023,0.4901960784313726,Male,0.8428571428571429,Fiber optic,No,No,0.20487286729071236,0.38908933291820047,Yes,Yes,False,False,False,False,True,False,False,False,True,False
4c58a435-9980-4c11-b781-0fc9e4de8bf6,1.0,Male,1.0,DSL,Yes,No,0.05251277965876655,0.3091248569767856,No,No,False,False,False,True,False,False,False,True,False,False
eb018f2a-bdad-49d5-8f9a-d1f9e2669d78,0.5490196078431373,Female,0.32857142857142857,Fiber optic,No,No,0.321272876142424,0.17411672622151703,Yes,Yes,False,False,False,False,True,False,False,False,False,True
07f8d7ec-df9b-4c20-8ccb-1c8963bc9e89,0.4117647058823529,Male,0.8857142857142858,Fiber optic,Yes,Yes,0.6535440040717875,0.819839428427665,Yes,Yes,False,False,False,True,False,False,False,True,False,False
0baa8a2f-26a4-45f9-8458-4ae7a779e615,0.5030496196232563,Female,0.8571428571428572,Unknown,No,No,0.5139082520082321,0.669948208004673,No,Yes,False,False,False,False,True,False,False,True,False,False
675ec06e-88fa-426b-8d30-ebc0cdbc40d2,0.3921568627450981,Female,0.3142857142857143,Fiber optic,No,Yes,0.2085241983668592,0.12715241704010946,No,No,False,True,False,False,True,False,False,True,False,False
55d0d0a3-0fac-40ce-96ef-e7454e48b47f,0.9803921568627451,Male,0.41428571428571426,DSL,Yes,Yes,0.7887539002854678,0.43076166267760013,Yes,No,False,True,False,False,False,True,False,True,False,False
5e245e89-7f3c-4705-ab0d-ac19da835e6f,0.7254901960784313,Female,0.8428571428571429,DSL,No,No,0.08526411294784131,0.2846201325918778,No,No,False,True,False,False,True,False,False,False,True,False
7d7b3763-b0e8-4b86-805e-6a22aeadff37,0.37254901960784315,Male,0.24285714285714283,Unknown,No,Yes,0.19225917811856869,0.08640224762929283,No,No,False,False,False,False,True,False,False,True,False,False
f8ddf986-bb7f-4243-99c4-15a93cdc9df5,0.5030496196232563,Male,0.7857142857142857,DSL,Yes,Yes,0.6877337405120716,0.7514710385421255,Yes,Yes,False,False,False,False,False,True,False,False,True,False
8535524e-e5b4-470a-9539-5ca02d94045c,0.9803921568627451,Male,0.7428571428571429,Fiber optic,Yes,Yes,0.15795879528203766,0.3021941954022434,Yes,Yes,True,False,False,False,True,False,False,False,True,False
4dee3a4b-85be-4948-a47b-7e8b3d861b5c,0.05882352941176472,Male,0.0857142857142857,DSL,Yes,No,0.6908318396069839,0.06639747295933465,Yes,Yes,False,True,True,True,False,False,False,False,True,False
77c46c0f-f4c5-48d3-a107-945e6617114b,0.11764705882352944,Male,0.9714285714285714,Fiber optic,No,No,1.0000000000000002,0.9999999999999999,Yes,No,True,False,False,False,False,True,True,False,False,False
c97b2913-6701-4a22-b9b7-2a65435ba918,0.5294117647058824,Male,0.7285714285714286,Fiber optic,Yes,Yes,0.8596782402797143,0.8265981890313042,No,Yes,False,True,False,False,True,False,False,False,True,False
a2c373df-9736-40a0-a46b-d1a4d35898bf,0.5294117647058824,Male,0.04285714285714286,Fiber optic,Yes,No,0.11679833587820049,0.0,Yes,No,False,False,False,True,False,False,True,False,False,False
f5017285-35f1-46f9-88f8-c0d68671ea75,0.05882352941176472,Female,0.4714285714285714,Fiber optic,Yes,Yes,0.5156785943481821,0.35735994810197225,Yes,Yes,False,False,False,False,True,False,False,False,True,False
8444217d-88d0-4e51-8e18-499adf9c2516,0.4117647058823529,Male,0.9714285714285714,Unknown,Yes,Yes,0.40702383323375163,0.6525669313298997,Yes,No,False,False,False,False,False,True,False,False,False,True
24eeefb9-cada-476f-9be8-16998df92e8c,0.5030496196232563,Female,0.45714285714285713,Fiber optic,Yes,Yes,1.0000000000000002,0.5979200946451401,No,No,False,False,False,False,False,True,False,True,False,False
e048ad26-1d2e-4213-b336-4e1b2339eb10,0.8627450980392156,Female,0.9714285714285714,Fiber optic,Yes,No,1.0000000000000002,0.9999999999999999,No,Yes,True,False,False,False,False,True,True,False,False,False
6f6b0aeb-32be-4dbe-b024-2649d729a572,0.03921568627450983,Female,0.5285714285714286,Unknown,No,Yes,0.08039567151297888,0.16619803570206443,Yes,No,False,False,False,True,False,False,False,False,True,False
4e485d66-e82d-4097-aaa0-d171fad01720,0.4117647058823529,Male,0.35714285714285715,Unknown,Yes,Yes,0.945207904578548,0.42890930922478443,Yes,Yes,True,True,False,True,False,False,False,False,False,True
dca29d8a-b24c-4aae-8970-f0c8df881926,0.8431372549019608,Female,0.0,Fiber optic,Yes,Yes,0.1537542322246565,0.0,Yes,Yes,True,True,False,True,False,False,False,False,True,False
275d640f-6944-4796-bfb6-f09fc8234656,0.5030496196232563,Female,0.04285714285714286,Unknown,Yes,Yes,0.293279337891965,0.0,No,Yes,False,False,False,True,False,False,False,False,True,False
e8bfacd9-8a1d-4811-8b63-a84e6c033798,0.4509803921568628,Male,0.5428571428571429,DSL,Yes,No,0.33078846621965535,0.31677043380414915,Yes,No,False,False,False,False,False,True,False,True,False,False
ff1ded4d-d8fb-4b89-8607-a81249186f66,0.6470588235294118,Male,0.7571428571428571,Fiber optic,Yes,Yes,0.25709796631923704,0.3881350415470187,No,Yes,False,False,False,True,False,False,True,False,False,False
1810237d-eeae-4391-87a8-0b05de00f74d,0.5098039215686275,Female,0.45714285714285713,Unknown,Yes,Yes,0.8837991546615327,0.5216169487288485,Yes,Yes,False,True,False,False,True,False,False,False,True,False
e8d5dea5-c4a0-4d8c-a8c8-8818951f8cf7,0.7843137254901961,Male,0.45714285714285713,DSL,Yes,Yes,0.3047865631016398,0.2483747325494006,No,No,True,False,False,False,True,False,False,False,True,False
a58933f9-1ba1-4d16-a2c2-65ece1854ea0,0.0,Male,0.2714285714285714,DSL,Yes,Yes,0.8434132200314237,0.292024726749751,No,Yes,False,True,False,False,True,False,False,True,False,False
11bd1927-dc3c-4105-89a4-d9173cb7c367,0.13725490196078433,Male,0.21428571428571427,Fiber optic,Yes,No,1.0000000000000002,0.275459578048985,No,Yes,True,False,False,True,False,False,False,False,True,False
2c8ab5f3-1d81-49f2-a681-7493a69b1819,0.43137254901960786,Male,0.2857142857142857,Fiber optic,Yes,Yes,0.8700790015269204,0.31537755397449496,Yes,No,True,False,False,True,False,False,False,False,False,True
82c757ab-7bd1-4673-bd1d-96046507c6a3,0.7254901960784313,Female,0.6285714285714286,Fiber optic,No,Yes,0.32271127929363347,0.3619113074530798,No,Yes,False,False,False,True,False,False,False,False,False,True
ab54f0d6-aba2-42bc-acb2-9472841ce068,0.09803921568627455,Male,0.8714285714285714,Fiber optic,Yes,Yes,0.7267919183872182,0.872760829198874,Yes,Yes,True,False,False,True,False,False,True,False,False,False
da9d0695-8faa-42a4-9b8d-088253364187,0.4117647058823529,Male,0.42857142857142855,Unknown,No,Yes,0.5305052114452633,0.33482324885123554,Yes,No,True,False,False,False,False,True,False,True,False,False
24a9e737-92da-40df-9979-76b8a78ff4b2,0.47058823529411764,Male,0.5857142857142857,Fiber optic,No,No,0.8099980083648677,0.6302390837260546,No,Yes,True,False,False,False,False,True,False,False,True,False
3b1a1c64-9ac1-493d-bdce-c937ef67f6f0,0.33333333333333337,Female,0.15714285714285714,DSL,Yes,No,0.10916373453716616,0.037945452448175064,No,Yes,False,False,False,True,False,False,True,False,False,False
e40c05c8-6605-420f-849a-68d734e78d38,0.3137254901960784,Female,0.9142857142857143,Unknown,No,No,0.6457987563345062,0.840949510275019,No,Yes,False,False,False,False,False,True,False,False,False,True
ba8a68aa-9b0f-4ded-8ef5-d09784e006ad,0.21568627450980393,Male,0.028571428571428574,DSL,Yes,Yes,0.7958352696452677,0.013339515342081318,Yes,No,False,False,True,True,False,False,False,False,True,False
414a46cf-f7fa-491d-ba6c-7a96f3b2dda4,0.09803921568627455,Male,0.11428571428571427,DSL,Yes,No,0.7820044701144084,0.10676046354783683,No,Yes,False,True,True,False,True,False,False,False,True,False
6875da2a-54c5-42db-8582-e62c7164066d,0.4901960784313726,Female,0.7142857142857143,DSL,Yes,No,1.0000000000000002,0.9171691155325539,Yes,Yes,False,True,False,True,False,False,False,False,False,True
5d07baea-3c2a-4624-ad98-e714adf06d53,0.5098039215686275,Male,0.21428571428571427,Fiber optic,No,Yes,0.004381597291376216,0.03302779943944217,Yes,Yes,True,True,False,False,True,False,False,False,True,False
a0159336-3cf8-42cd-a239-6eaffc6152ca,0.13725490196078433,Male,0.028571428571428574,DSL,Yes,No,0.32237934010489283,0.0,No,Yes,True,False,False,True,False,False,False,True,False,False
c5fcb0b5-c3f4-41f4-a451-2e2ef8028c75,0.3529411764705882,Female,0.32857142857142857,DSL,No,No,0.46710482639580425,0.2261705893825606,Yes,No,False,True,False,True,False,False,False,False,True,False
55bff16e-39d9-4287-b06b-274912f60385,0.8039215686274509,Male,0.17142857142857143,Fiber optic,Yes,Yes,0.2825466374560181,0.0716557148076139,No,Yes,False,False,False,True,False,False,False,False,True,False
34744bc8-2312-48c2-b1e6-7f7b3af14013,0.0,Male,0.014285714285714285,DSL,No,Yes,0.2825466374560181,0.0,Yes,No,False,True,False,True,False,False,False,False,True,False
10876af3-6f76-4781-8973-5f2f92207466,0.5490196078431373,Female,1.0,Fiber optic,Yes,No,0.13461240567394722,0.3949002283551776,Yes,No,True,True,False,False,True,False,False,False,True,False
39a95deb-ea24-452f-9085-74d6617fd72b,0.8627450980392156,Female,0.2857142857142857,Unknown,Yes,Yes,0.8393193033702893,0.3058876564499654,No,Yes,True,True,False,True,False,False,False,False,True,False
f2e3c7db-e4b4-4283-bfcd-5c0e95f4a40a,0.9411764705882354,Male,0.2571428571428571,Fiber optic,Yes,No,0.9445440262010667,0.3034922887152314,No,Yes,True,False,False,False,True,False,False,False,True,False
75d79fce-59c2-4ec8-b47f-aed19dc43a35,0.6666666666666666,Female,0.6571428571428571,DSL,Yes,No,0.030826085994379193,0.17445892161219334,Yes,Yes,False,True,False,False,True,False,True,False,False,False
4f7b5cc6-2487-40c8-9061-64be04a47937,0.7647058823529412,Male,0.3,DSL,Yes,No,0.11115536966960993,0.09207658622022538,Yes,Yes,True,True,False,False,True,False,False,False,True,False
9b33c398-94aa-41c2-ac7f-43bb2a5ba9d5,0.2549019607843137,Male,0.45714285714285713,Unknown,No,Yes,0.19259111730730932,0.19494566162113217,No,No,False,False,False,False,True,False,True,False,False,False
ffc0ef76-f12f-4191-8940-88c20fed429d,0.6666666666666666,Male,0.44285714285714284,DSL,Yes,Yes,0.5029542587797917,0.32985097310408484,Yes,No,True,False,False,True,False,False,False,False,True,False
0e5fcd5a-9df3-487e-8c56-22e181c0432f,0.9215686274509803,Female,0.9,Unknown,No,Yes,0.8151983889884709,0.9816143075587908,Yes,Yes,False,False,False,True,False,False,False,True,False,False
f06f9901-2fdc-4381-bb80-d8eaca0e9def,0.8627450980392156,Female,0.5428571428571429,DSL,Yes,No,0.01887627519971674,0.13635313536125068,No,No,True,False,False,False,False,True,False,False,True,False
952e259d-c12c-4a25-bd94-2a770f736bca,0.37254901960784315,Male,0.5857142857142857,Unknown,No,No,0.6443603531832969,0.5284544303378544,Yes,No,True,False,False,False,True,False,False,False,False,True
4511b7c0-6073-42c4-a95f-679c08fbd3be,0.9411764705882354,Male,0.11428571428571427,Fiber optic,Yes,No,0.10495917147978495,0.015847341655910806,No,Yes,True,False,False,False,True,False,False,False,False,True
4c4d497b-4d1e-4c9d-9c38-34002f56c070,0.23529411764705888,Female,0.34285714285714286,Fiber optic,Yes,Yes,1.0000000000000002,0.43667055773350333,No,Yes,True,False,False,False,True,False,False,False,True,False
e0f07660-2d27-4334-bb51-4593dc56d7b1,0.7254901960784313,Female,0.014285714285714285,Fiber optic,No,No,0.9342539113501074,0.0012325460268865912,No,No,True,True,True,True,False,False,False,True,False,False
e314ee9b-9e37-4922-822b-d39da24730b8,0.9411764705882354,Female,0.2571428571428571,Fiber optic,Yes,No,0.9904622806435195,0.3176958072549921,Yes,Yes,False,True,False,False,True,False,False,False,True,False
d321f243-4acd-433d-a62c-494f6d56bd8b,0.8823529411764707,Male,0.2714285714285714,Fiber optic,Yes,Yes,0.057270574697382115,0.063669549140704,No,No,True,True,False,False,False,True,False,False,False,True
c040c190-05a2-4014-9893-4ed78ad1fbf8,0.9411764705882354,Female,0.9857142857142858,Fiber optic,Yes,Yes,0.4797185155679479,0.7390427590009435,Yes,No,True,False,False,True,False,False,False,False,True,False
16a44d1b-117a-4aad-a79c-8b0a6e4b06ca,0.13725490196078433,Female,0.22857142857142856,Fiber optic,Yes,No,0.12255194848303796,0.06597495001216158,Yes,Yes,False,False,False,False,False,True,True,False,False,False
ba7f2db9-420f-4cb1-b564-ca8f71f8d538,0.823529411764706,Male,0.9571428571428572,DSL,Yes,No,0.6040850649494347,0.8393365329405637,Yes,No,False,False,False,True,False,False,False,False,True,False
17fa9b7d-ef18-412e-ace5-ec42acd76849,0.37254901960784315,Male,0.028571428571428574,DSL,No,No,0.19723826594967808,0.0,Yes,Yes,True,False,False,True,False,False,False,False,True,False
f4a5849f-3a63-4355-9def-db22e168bb1b,0.6274509803921569,Male,0.7142857142857143,Fiber optic,Yes,Yes,0.7924052313616148,0.7610284112141124,Yes,Yes,False,False,False,False,False,True,True,False,False,False
798634d8-3f6e-4f42-a503-686ece1bbbc1,0.4901960784313726,Female,0.35714285714285715,DSL,Yes,Yes,0.652326893713072,0.315777585205849,No,Yes,False,False,False,False,False,True,True,False,False,False
6cf67af4-e21c-406f-957c-4b92d10d3624,0.7450980392156864,Male,0.7857142857142857,Fiber optic,Yes,No,0.5722189028303348,0.6591039878776076,Yes,Yes,True,False,False,False,False,True,False,False,False,True
39dc0614-2ac8-496d-b1db-133756856890,0.3921568627450981,Male,0.9,DSL,Yes,No,0.8528181637124079,0.9999999999999999,Yes,No,False,False,False,False,False,True,True,False,False,False
9bb211e7-a926-4461-8b36-c670e2410607,0.9411764705882354,Male,0.09999999999999999,Fiber optic,Yes,No,0.4933280223063135,0.05416358610487502,No,Yes,True,True,True,True,False,False,False,False,False,True
dc883128-9c84-4775-a137-8764be8466c7,0.8039215686274509,Male,0.5142857142857143,DSL,No,No,0.2383987253535153,0.9999999999999999,Yes,No,True,False,False,False,True,False,False,False,True,False
40d59a34-e2b0-40ad-9a5b-b09992eae55b,0.823529411764706,Female,0.3714285714285714,Fiber optic,No,Yes,0.6265462833875501,0.3194630134979213,No,Yes,False,False,False,True,False,False,True,False,False,False
865a12c2-924d-4e96-a68c-8a8469c0b5a5,0.7843137254901961,Male,0.6285714285714286,DSL,Yes,No,0.998760760362035,0.8033417548743563,No,Yes,True,False,False,True,False,False,False,False,False,True
9d812939-94c9-46bc-af9d-58b89c4ffae5,0.1568627450980392,Female,0.04285714285714286,DSL,No,Yes,0.6049702361194096,0.018172021140927627,No,Yes,True,False,True,True,False,False,False,False,True,False
05beb2c9-1073-44b8-84e0-9442ea08303f,0.4509803921568628,Female,0.5142857142857143,DSL,Yes,Yes,0.6363938126535218,0.4602948920992064,Yes,Yes,False,True,False,False,True,False,False,True,False,False
b43e195f-5056-423b-b519-ec77be12763f,0.7058823529411765,Female,1.0,Unknown,No,Yes,0.9740866139989821,0.9999999999999999,No,Yes,False,True,False,True,False,False,False,False,True,False
8c8fc25e-7e3d-4704-882f-5edc3206d7e4,0.9411764705882354,Male,0.45714285714285713,DSL,Yes,No,0.5099249817433447,0.3435773459582547,No,No,False,True,False,False,False,True,False,False,True,False
e92c792c-b43f-4afb-b0b9-b29e9429de7b,0.7843137254901961,Female,0.42857142857142855,Fiber optic,Yes,No,1.0000000000000002,0.5621855778619824,No,Yes,False,False,False,False,True,False,False,False,True,False
497112e8-6f81-4f35-9ade-f61cc66a1134,0.5030496196232563,Male,0.7714285714285715,DSL,Yes,Yes,0.11646639668945985,0.28308748281391927,Yes,No,False,False,False,True,False,False,False,False,True,False
fd9ec0f8-9e7b-4a11-8b91-da1ed2a8c8c0,0.4509803921568628,Male,0.15714285714285714,DSL,Yes,Yes,0.5339352497289165,0.1073323957500939,No,Yes,False,False,False,False,True,False,False,False,True,False
87fdf47b-b528-457d-8ceb-eb12df18d095,0.3921568627450981,Male,0.14285714285714285,Fiber optic,Yes,No,0.17533027949279695,0.03393068117446598,No,No,True,False,False,True,False,False,False,True,False,False
ff3f5cf5-8c18-44f6-b6b8-11fba3f2523a,0.9803921568627451,Female,0.44285714285714284,Fiber optic,Yes,No,0.44132421607028266,0.3021251137036562,Yes,No,False,True,False,True,False,False,False,False,True,False
2f57b08c-6c14-4459-b3c8-37e74eb0b42c,0.7450980392156864,Male,0.8,Unknown,Yes,No,0.12852685388036916,0.30542336317341395,No,Yes,True,True,False,False,False,True,True,False,False,False
7a17adcd-9ee2-47b4-9a28-303d9abf1739,0.7843137254901961,Male,0.5285714285714286,Unknown,Yes,Yes,0.18595233353249685,0.22297355263398874,No,No,True,False,False,True,False,False,False,False,True,False
b5b33b95-c6f9-44c0-850d-f750f996e11a,0.7450980392156864,Male,0.8428571428571429,Fiber optic,Yes,Yes,0.1730067051716126,0.9999999999999999,No,Yes,False,False,False,False,False,True,True,False,False,False
5b61b2ae-d243-4f19-b6f6-7498522c9eb9,0.23529411764705888,Female,0.2571428571428571,Fiber optic,Yes,Yes,0.2938325698731992,0.12474419689633598,Yes,No,False,False,False,False,True,False,False,True,False,False
1b6378f3-73b2-423b-9cbf-77cf1b0ea581,0.1960784313725491,Female,0.7857142857142857,Fiber optic,Yes,Yes,0.08869415123149443,0.26495915986372587,No,No,True,False,False,True,False,False,False,False,True,False
18280247-a357-4da5-92b6-2f90a9b554c2,0.8823529411764707,Female,0.1857142857142857,Fiber optic,Yes,Yes,0.835225386709155,0.19170524799205205,Yes,No,True,True,False,False,True,False,False,True,False,False
e4395f76-1096-4102-8c33-50966ac41c84,0.3529411764705882,Male,0.45714285714285713,Unknown,Yes,Yes,0.18396069840005314,0.1864694978595919,No,No,False,True,False,True,False,False,False,True,False,False
c3e7e774-ac06-45c8-988c-5cdd7c19913c,0.1960784313725491,Female,0.12857142857142856,Fiber optic,No,Yes,0.40071698864767974,0.0664585219022722,Yes,No,False,True,False,True,False,False,False,False,False,True
2d2afbef-9b5e-4b02-9c45-85b4a00d9939,0.23529411764705888,Male,0.9,Fiber optic,No,Yes,0.0,0.18881184940703802,Yes,No,False,True,False,True,False,False,False,False,True,False
2cef34df-b966-4467-b707-cf0be02de219,0.8823529411764707,Male,0.9,DSL,Yes,No,0.05583217154617276,0.2772380301498237,Yes,Yes,False,False,False,True,False,False,True,False,False,False
69c810e3-b965-4410-8b80-770e90f7a44b,0.8627450980392156,Female,0.8714285714285714,DSL,Yes,Yes,0.9314877514439355,0.9999999999999999,No,No,False,False,False,True,False,False,False,True,False,False
7efd147e-6fb0-4bcb-8f36-65104e2f9266,0.0,Male,0.9571428571428572,Unknown,Yes,Yes,0.866095731262033,0.9999999999999999,No,Yes,False,False,False,False,False,True,False,False,True,False
a01186b7-3dd2-4d82-820a-8217fcbb3f6f,0.7647058823529412,Female,0.6,Fiber optic,No,No,0.8701896479231672,0.6830191079978292,Yes,No,False,False,False,True,False,False,False,False,False,True
7d6b54f3-020a-4606-ac4e-a4c2dd3f1ac8,0.8431372549019608,Male,0.8285714285714286,Fiber optic,Yes,No,0.3949633760428423,0.5447737767157403,Yes,No,False,False,False,False,True,False,False,False,True,False
b65230c5-d1bf-4789-aefe-7244c6c5c153,0.3529411764705882,Female,0.7285714285714286,DSL,Yes,No,0.09632875257252871,0.2517195720019266,Yes,No,False,False,False,True,False,False,False,False,True,False
98313047-1f41-4f20-8f8d-f36bfde0ca1b,0.21568627450980393,Male,0.2571428571428571,Unknown,Yes,No,0.05915156343357897,0.06054480719297923,No,No,False,False,False,True,False,False,False,True,False,False
e2fb6ab0-61b4-445f-b798-99f809c8eefa,0.13725490196078433,Male,0.2857142857142857,DSL,Yes,No,0.6098386775542721,0.24058617267147278,Yes,No,False,True,False,True,False,False,False,False,False,True
a6c038b7-b5c4-4813-9705-6a000a6a7d7f,0.5030496196232563,Male,0.3,Unknown,Yes,No,0.8561375555998141,0.3286091090806446,Yes,Yes,True,False,False,False,True,False,False,False,True,False
