Age,Tenure,MonthlyCharges,TotalCharges,OnlineSecurity,TechSupport,Churn,TotalServiceUsage,ContractLength
0.7450980392156864,0.17142857142857143,0.5137976056119853,0.11469843268084864,1,0,0,1,12
1.0,0.17142857142857143,0.9465356613335105,0.19775230644512967,0,0,0,3,24
0.5490196078431373,0.8428571428571429,1.0000000000000002,0.9999999999999999,0,0,0,3,1
0.27450980392156865,0.8,0.5832835424550222,0.6803072496904978,0,1,0,3,1
0.823529411764706,0.7285714285714286,0.05406182920622277,0.21723495199785878,1,1,0,3,24
0.13725490196078433,0.7428571428571429,0.5740998915665316,0.6249519239574366,1,0,0,3,1
0.3921568627450981,0.6,0.6009869658545222,0.5172985392915815,0,0,0,2,24
0.7450980392156864,0.5857142857142857,0.8129854610635332,0.6324577308364957,0,0,0,2,1
0.3529411764705882,0.35714285714285715,0.0,0.07150469900139994,1,1,0,2,1
0.43137254901960786,0.3142857142857143,0.4557082475823762,0.21191566120664196,0,0,0,3,24
0.1960784313725491,0.6,0.9608090464493573,0.7412710454181644,1,1,0,3,1
0.1960784313725491,0.3857142857142857,1.0000000000000002,0.5013374538156713,1,0,0,1,24
0.4509803921568628,0.11428571428571427,0.15154130429971902,0.019614704055609798,1,0,0,1,24
0.6862745098039217,0.2714285714285714,0.903051627608489,0.3076082727101264,0,0,0,4,24
0.7647058823529412,0.7857142857142857,0.10163977959237874,0.27651668869248264,0,0,0,1,1
0.4509803921568628,0.5428571428571429,0.8705215871119079,0.6173449043571915,1,1,0,1,12
0.03921568627450983,0.7142857142857143,0.24658655867578388,0.3570691623474539,1,0,0,4,24
0.4117647058823529,0.15714285714285714,1.0000000000000002,0.18753142815647933,0,0,0,3,12
0.019607843137254943,0.7714285714285715,0.7093097877802119,0.7564304618802367,0,1,0,1,12
0.4509803921568628,0.14285714285714285,0.38135386930447673,0.07106611054292752,1,0,0,3,24
0.8431372549019608,0.35714285714285715,0.25068047533691834,0.16617072433285554,1,0,0,2,12
0.5686274509803921,0.5857142857142857,0.20000442585584993,0.25872734803070563,1,1,0,3,24
0.7254901960784313,0.3714285714285714,0.6930447675319216,0.34485776720881334,1,0,0,3,1
0.019607843137254943,0.14285714285714285,0.9309345194627012,0.15506784947387056,0,1,1,1,1
0.3921568627450981,0.5285714285714286,0.7750337471508553,0.5464927864247714,0,0,0,2,1
0.6274509803921569,0.6,0.8634402177521079,0.6790541398091481,0,0,0,3,1
0.21568627450980393,0.2571428571428571,0.8043550421562771,0.26272444724198546,0,1,0,2,12
0.4117647058823529,0.9,1.0000000000000002,0.9999999999999999,0,0,0,2,1
0.8431372549019608,0.07142857142857142,0.7782424926420148,0.0591262225452461,0,0,1,3,24
0.47058823529411764,0.6428571428571429,0.17234282679413138,0.26935950340861947,1,0,0,3,1
0.5030496196232563,0.5857142857142857,0.8156409745734583,0.6348820164915686,1,1,0,3,1
0.5030496196232563,0.9142857142857143,0.2961561441943837,0.5118394785520604,0,0,0,2,1
0.8039215686274509,0.8285714285714286,1.0000000000000002,0.9999999999999999,1,0,0,3,1
0.5294117647058824,0.7285714285714286,0.35656907654517694,0.4460945866617056,1,1,0,4,1
0.2941176470588236,0.6571428571428571,1.0000000000000002,0.3381407769345526,0,1,0,2,1
0.27450980392156865,0.0857142857142857,0.20443028170572491,0.013678497630497735,1,0,0,2,12
0.9019607843137255,0.14285714285714285,0.6683706211688685,0.11608970595937287,0,0,1,1,1
0.9803921568627451,0.8571428571428572,0.06058996658478838,0.2710560214018315,1,0,0,3,1
0.8431372549019608,0.9571428571428572,0.9948881364933946,0.9999999999999999,0,0,0,1,12
1.0,0.34285714285714286,0.26539644603775253,0.16641331355347583,1,1,0,2,1
0.5030496196232563,0.15714285714285714,0.26661355639646817,0.05762731034101617,0,0,0,4,1
0.7058823529411765,0.35714285714285715,0.0,0.0668328483155472,1,0,0,3,1
0.9803921568627451,0.15714285714285714,0.21195423665051233,0.05168949736477416,0,0,0,3,1
0.11764705882352944,0.6,0.40337250215760473,0.39281653153965107,0,1,0,2,12
0.3921568627450981,0.7142857142857143,0.3487131824116489,0.9999999999999999,1,0,0,4,1
0.1568627450980392,0.5142857142857143,0.24182876363716838,0.2458428079686221,1,0,0,3,24
0.7450980392156864,0.6428571428571429,0.0,0.1469033566315378,1,0,0,2,24
0.33333333333333337,0.7428571428571429,0.2723671690013057,0.3916935522998261,0,0,0,4,1
0.05882352941176472,0.17142857142857143,0.8009250038726239,0.17033972451503843,0,1,0,2,24
0.47058823529411764,0.7571428571428571,0.4252804886144859,0.5181982079243455,1,0,0,2,1
0.2549019607843137,0.8,0.261523822169112,0.4148825113093166,0,0,0,1,1
0.9607843137254902,0.04285714285714286,0.2770143176436743,0.0,0,0,0,2,1
0.1568627450980392,0.6857142857142857,0.5531877226758726,0.5607187966803512,1,1,0,2,1
0.4901960784313726,0.0857142857142857,0.2742481577375025,0.023284066836382726,0,1,0,4,12
0.5030496196232563,0.14285714285714285,0.6377215694084843,0.11252476900204578,0,1,1,2,1
0.37254901960784315,0.7571428571428571,1.0000000000000002,0.9970998539002401,0,0,0,3,24
0.5294117647058824,0.6285714285714286,0.0,0.13672746177452566,1,1,0,2,12
0.9019607843137255,0.3142857142857143,0.12642457235167853,0.09853331521143657,1,0,0,3,1
0.11764705882352944,0.3857142857142857,0.13793179756135343,0.1357137280115363,1,0,0,3,12
0.5030496196232563,0.8,0.4344641395029764,0.559027098340529,0,1,0,3,24
0.13725490196078433,0.35714285714285715,0.0,0.0680233027028295,0,1,0,2,1
0.9019607843137255,0.34285714285714286,0.46810064396202616,0.23572956860567748,1,0,0,1,1
0.6666666666666666,0.7571428571428571,0.9675584766204166,0.9419887239389292,1,1,0,2,1
0.2549019607843137,0.39999999999999997,0.0,0.06513311722007534,1,0,0,2,1
0.3137254901960784,0.49999999999999994,0.34351280178804583,0.29045512629580394,0,1,0,1,1
0.6862745098039217,0.1857142857142857,0.7816725309256678,0.17863916765228577,1,0,0,1,1
0.9607843137254902,0.4857142857142857,0.11071278408462243,0.163588996667049,0,1,0,2,12
0.7647058823529412,0.41428571428571426,0.02562570537077613,0.09802243195211707,0,0,0,2,12
0.05882352941176472,0.22857142857142856,0.6377215694084843,0.19407330435757714,0,0,0,2,1
0.019607843137254943,0.9428571428571428,0.0,0.1924828187389409,0,0,0,4,1
0.09803921568627455,0.41428571428571426,0.8269269069906395,0.4466986498865614,1,1,0,1,1
0.8039215686274509,0.6285714285714286,0.01378654097236054,0.16025058341904283,0,0,0,1,1
0.05882352941176472,0.7142857142857143,0.5199938038018102,0.5587812960176488,0,1,0,1,1
0.5490196078431373,0.6571428571428571,0.7586580805063181,0.6766041493359962,0,0,0,3,24
0.33333333333333337,0.7428571428571429,0.2075283808006374,0.34353236252661645,1,0,0,4,1
0.4901960784313726,0.9,0.054283121998716544,0.2766837700099959,1,1,0,3,1
0.8431372549019608,0.5285714285714286,0.13405917369271286,0.1952669718471193,0,1,0,3,1
0.6470588235294118,0.9,0.8854588506052359,0.9999999999999999,0,1,0,2,24
0.17647058823529416,0.0857142857142857,0.7207063665936402,0.06840887497401402,0,1,1,2,12
0.6862745098039217,0.3,0.15895461284825957,0.10589935214219134,0,0,0,2,1
0.2549019607843137,0.5714285714285715,0.7321029454070682,0.5700143015181587,0,1,0,3,1
0.5882352941176471,0.12857142857142856,0.7238044656885527,0.11347102761757785,1,0,1,3,1
0.9215686274509803,0.8,1.0000000000000002,0.9999999999999999,0,1,0,3,1
0.27450980392156865,0.0857142857142857,0.37305538958596124,0.031430887616286186,0,0,0,3,24
0.13725490196078433,0.7000000000000001,0.8967447830224171,0.8203342461756852,0,1,0,4,12
0.2549019607843137,0.7285714285714286,0.43368961472924833,0.5003060479902527,0,1,0,1,12
0.43137254901960786,0.45714285714285713,0.9331474473876387,0.5459160345691245,1,0,0,3,1
0.7647058823529412,0.0,0.04111620084533851,0.0,1,0,0,3,1
0.3921568627450981,0.7428571428571429,0.13372723450397223,0.28616563477887585,0,0,0,3,24
0.2941176470588236,0.8428571428571429,0.8802584699816327,0.975996198257406,1,0,0,1,1
0.8627450980392156,0.4714285714285714,0.8462900263338424,0.5220844551076598,0,0,0,2,24
0.33333333333333337,0.04285714285714286,0.27767819602115557,0.0,0,0,0,2,1
0.5030496196232563,0.22857142857142856,0.6001017946845473,0.1837753116146899,1,1,0,1,1
0.4509803921568628,0.04285714285714286,0.3632078603199895,0.00604416666104373,0,1,0,3,12
0.4901960784313726,0.6,0.0,0.11146605180741823,1,0,0,2,1
0.47058823529411764,0.04285714285714286,0.0,0.0,0,0,0,2,1
0.8627450980392156,0.0,0.0,0.0,1,0,0,3,1
0.7843137254901961,1.0,0.5971143419858815,0.8730933852827706,0,1,0,3,12
0.5490196078431373,0.7000000000000001,0.24868884020447463,0.34771582166896875,0,0,0,4,1
0.27450980392156865,0.8571428571428572,0.09898426608245375,0.30108246202032796,0,0,0,4,1
0.8627450980392156,0.4857142857142857,0.9810573369625353,0.6078228758100631,0,0,0,3,12
0.0,0.09999999999999999,0.07397818053066019,0.008423468884478369,0,1,0,2,1
0.47058823529411764,0.32857142857142857,0.6855208125871342,0.30301835613190037,0,0,0,2,24
0.11764705882352944,0.49999999999999994,0.9291641771227512,0.5969143936378004,0,0,0,3,1
0.1568627450980392,0.7000000000000001,0.12100289893558175,0.258144169970539,0,0,0,4,12
0.5030496196232563,0.6,0.17732191462524066,0.2521967176875174,0,0,0,2,1
0.0,0.3714285714285714,1.0000000000000002,0.3012640022980107,1,0,0,3,12
0.8431372549019608,0.44285714285714284,0.5022903804023104,0.32907982856171575,0,1,0,2,12
0.13725490196078433,0.24285714285714283,0.5162318263294163,0.17363315433140641,1,0,0,1,24
0.4509803921568628,0.3857142857142857,0.5535196618646132,0.3030826181770978,1,0,0,3,1
0.1960784313725491,0.39999999999999997,0.9907942198322601,0.5047722601314737,1,1,0,2,1
0.9803921568627451,0.21428571428571427,0.0,0.03054085829030185,1,1,0,3,12
0.3137254901960784,0.6571428571428571,0.7811192989444335,0.6911096994881848,0,0,0,2,1
0.13725490196078433,0.8285714285714286,0.1970169731571843,0.3746512579134692,1,0,0,2,1
0.6666666666666666,0.42857142857142855,0.3532496846577707,0.2521276359889302,0,0,0,3,24
0.6666666666666666,0.04285714285714286,0.038571333731660384,0.0,0,1,0,3,1
0.6274509803921569,0.5142857142857143,0.43280444355927333,0.3460048447155874,0,0,0,1,24
0.07843137254901966,0.22857142857142856,0.8295824205005644,0.23926237454040586,0,0,0,1,1
0.8039215686274509,0.5428571428571429,0.048972094978866565,0.15550161827895317,1,0,0,1,12
0.7450980392156864,0.6714285714285715,0.2447055699395871,0.3337468595941787,0,0,0,2,1
0.7843137254901961,0.6428571428571429,0.3525858062802895,0.3872803563458929,0,0,0,2,1
0.5294117647058824,0.6714285714285715,0.05472570758370404,0.2002296082874904,1,1,0,3,24
0.11764705882352944,0.5428571428571429,0.7832215804731242,0.566961854371281,1,0,0,2,1
0.1568627450980392,0.04285714285714286,0.8104405939498551,0.029154404665167423,1,0,1,2,24
0.13725490196078433,0.41428571428571426,0.8646573281108236,0.4651273978980527,1,1,0,3,12
0.21568627450980393,0.41428571428571426,0.5858284095687003,0.34435009705175373,0,0,0,3,1
0.6470588235294118,0.3,0.5009626236473479,0.21248759340889906,1,1,0,2,24
0.5030496196232563,0.9285714285714286,0.23032153842749342,0.4535216725353979,0,0,0,0,1
0.9215686274509803,0.15714285714285714,0.6647192900927217,0.12979840675111343,0,0,0,1,24
0.43137254901960786,0.49999999999999994,0.4316979795968045,0.3362016697207203,1,0,0,4,1
0.4509803921568628,0.24285714285714283,1.0000000000000002,0.3018375410513977,0,0,0,2,24
0.7058823529411765,0.7428571428571429,1.0000000000000002,0.9601764892809301,1,0,0,3,12
0.6666666666666666,1.0,0.9413352807099074,0.9999999999999999,1,0,0,2,1
0.8431372549019608,0.0,0.33820177476819585,0.0,0,0,0,3,12
0.7647058823529412,0.8142857142857143,0.3469428400716989,0.4934557139722072,1,0,0,3,1
0.4117647058823529,0.07142857142857142,0.8832459226802984,0.06608901514238699,1,0,1,3,1
0.5098039215686275,0.9857142857142858,0.7464869769191618,0.9999999999999999,1,0,0,3,1
0.5030496196232563,0.6142857142857143,0.7191573170461838,0.6019316528165893,0,1,0,3,1
0.0,0.32857142857142857,0.24913142578946207,0.15078799726372213,0,0,0,2,1
0.6666666666666666,0.2571428571428571,0.8617805218084047,0.28100699910065263,0,1,0,4,1
0.7058823529411765,0.24285714285714283,0.580849321737591,0.1898753862550554,0,0,0,2,1
0.9019607843137255,0.41428571428571426,0.4342428467104827,0.2772733742746823,1,1,0,2,1
0.5030496196232563,0.5857142857142857,0.8972980150036516,0.6846176263721151,1,0,0,3,1
0.03921568627450983,0.45714285714285713,0.37593219588837995,0.2823773872144877,1,1,0,1,12
0.0,0.15714285714285714,0.6632808869415123,0.1336862604855576,0,1,0,2,12
0.07843137254901966,0.3714285714285714,0.45526566199738877,0.25219029148299765,0,0,0,3,1
0.4901960784313726,0.5428571428571429,0.5955652924384254,0.4596362061359328,1,0,0,1,24
0.2549019607843137,0.11428571428571427,0.0,0.0,1,0,0,3,12
0.7450980392156864,0.2857142857142857,0.4499546349775388,0.18474888159943087,1,1,0,2,12
0.5098039215686275,0.39999999999999997,0.5555112969970568,0.318545672802728,0,0,0,2,1
0.1568627450980392,0.45714285714285713,0.484918896191551,0.3324744710992697,0,1,0,2,1
0.27450980392156865,0.8714285714285714,0.877381663679214,0.9999999999999999,1,0,0,2,24
0.27450980392156865,0.19999999999999998,0.28398504060722746,0.08772765231148968,1,0,0,1,24
0.4901960784313726,0.014285714285714285,0.9179888911018168,0.00029271361587426825,1,1,1,3,1
0.8039215686274509,0.7285714285714286,0.38622231073933927,0.4699759692081984,0,0,0,2,1
0.23529411764705888,0.6142857142857143,0.7082033238177434,0.5976775054245198,0,0,0,3,12
0.9803921568627451,0.7571428571428571,0.035694527429241674,0.21161202304308416,1,0,0,3,12
0.607843137254902,0.24285714285714283,0.16127818716944398,0.08105564546886712,1,1,0,1,24
0.7450980392156864,0.028571428571428574,0.7820044701144084,0.014354855656200621,1,0,1,3,1
0.9411764705882354,0.0857142857142857,0.0,0.20767115312135212,0,0,0,2,1
1.0,0.6,1.0000000000000002,0.772489546975073,0,0,0,2,1
0.607843137254902,0.5285714285714286,0.15065613312974402,0.20601319235525858,0,0,0,4,1
0.05882352941176472,0.5142857142857143,0.9370200712562793,0.6184903753128356,0,1,0,2,1
0.5686274509803921,0.8142857142857143,0.5105888601208259,0.6335550052582417,1,1,0,2,24
0.7058823529411765,0.45714285714285713,0.5644736550930536,0.36956009738270323,0,1,0,3,1
0.43137254901960786,0.8285714285714286,0.03281772112682291,0.23608461640539322,1,0,0,4,24
0.7450980392156864,0.14285714285714285,0.34384474097678647,0.066214326130522,1,0,0,1,1
0.8627450980392156,0.9571428571428572,0.11259377282081923,0.3535202909014261,0,0,0,2,1
0.27450980392156865,0.9571428571428572,0.5216534997455133,0.7576353752276884,0,0,0,0,1
0.823529411764706,0.3,0.5490938060147381,0.23194935379693896,0,0,0,3,1
0.5490196078431373,0.9285714285714286,0.7250215760472682,0.9266461606480441,0,1,0,2,24
0.6862745098039217,0.6142857142857143,0.9115714001194981,0.7265711025792535,0,0,0,3,1
0.23529411764705888,0.07142857142857142,0.45781052911106684,0.030455711080415275,1,0,0,3,1
0.5030496196232563,0.5857142857142857,0.19801279072340622,0.2569922728103752,0,0,0,2,1
0.11764705882352944,0.34285714285714286,0.30888047976277416,0.179580606614428,0,1,0,1,1
0.9803921568627451,0.8,0.8770497244904734,0.9206360528709551,0,0,0,2,12
0.4117647058823529,0.7714285714285715,0.10119719400739124,0.2693161265281112,0,0,0,1,1
0.5294117647058824,0.21428571428571427,0.6338489455398439,0.17879660966301947,0,1,0,2,12
0.019607843137254943,0.1857142857142857,0.0,0.43228306659764915,0,0,0,2,12
0.8039215686274509,0.5428571428571429,0.2116222974617717,0.2422136089660976,1,0,0,1,1
0.8627450980392156,0.3857142857142857,0.594126889287216,0.3227548367631593,0,1,0,2,1
0.09803921568627455,0.7142857142857143,0.44475425435393573,0.5036942643232869,0,1,0,2,12
0.5294117647058824,0.6857142857142857,0.485804067361526,0.5092304395170449,1,0,0,3,12
0.5294117647058824,0.11428571428571427,0.6706941954900529,0.08970692330357036,0,1,1,2,1
0.8431372549019608,0.8142857142857143,0.19934054747836866,0.36831341370587317,1,0,0,2,1
0.8431372549019608,0.6285714285714286,0.2504591825444245,0.3123990081795944,1,0,0,4,1
0.37254901960784315,0.3,0.697138684193056,0.27795133885151513,0,1,0,2,1
0.5686274509803921,0.44285714285714284,0.5353736528801256,0.3433090519195554,0,1,0,2,1
0.1960784313725491,0.9714285714285714,0.0,0.20413031443097404,1,0,0,2,1
0.5294117647058824,0.9714285714285714,0.6814268959259997,0.9312360772262701,0,1,0,3,1
0.47058823529411764,0.5857142857142857,0.6258824050100689,0.5188376152740599,0,0,0,3,1
0.7450980392156864,0.7428571428571429,0.02673216933324485,0.20293504039030194,0,0,0,2,1
0.6274509803921569,0.8285714285714286,0.7668459138285868,0.8608177280989326,0,0,0,3,24
0.0,0.5428571428571429,0.5174489366881321,0.4196732467787846,0,1,0,2,1
0.5098039215686275,0.19999999999999998,0.16625727500055326,0.06242929166839369,0,0,0,2,24
1.0,1.0,0.5587200424882162,0.8297582751038876,0,0,0,3,1
0.23529411764705888,0.39999999999999997,0.5986633915333377,0.3359076708639421,1,1,0,3,12
0.7843137254901961,0.028571428571428574,0.9578215937506918,0.020231619689505077,1,1,1,2,1
0.03921568627450983,0.12857142857142856,0.7608710084312555,0.11722553760823737,1,0,1,3,12
0.7450980392156864,0.39999999999999997,0.27380557215251505,0.19714181701575417,0,1,0,0,1
0.09803921568627455,0.4857142857142857,0.07043749585076015,0.1451329372863488,1,1,0,2,1
0.13725490196078433,0.07142857142857142,0.8837991546615327,0.0664729808624416,1,0,1,1,24
0.5098039215686275,0.15714285714285714,0.8759432605280046,0.16752826003765112,0,1,0,3,1
0.1568627450980392,0.5285714285714286,0.13372723450397223,0.19287803031690504,0,0,0,4,24
0.7058823529411765,0.2571428571428571,0.008475513952510616,0.04673489368005276,0,0,0,3,1
0.6274509803921569,0.9428571428571428,0.7274557967646995,0.9469031638454022,1,0,0,0,1
0.9803921568627451,0.09999999999999999,0.739294961163115,0.08553631657025754,1,1,1,2,1
0.8039215686274509,0.09999999999999999,0.135718869636416,0.011050179981923078,1,0,0,3,12
0.8431372549019608,0.6571428571428571,0.6791033216048152,0.6183586381201809,1,0,0,1,1
0.4509803921568628,0.04285714285714286,0.248356901015734,0.0,1,1,0,2,24
0.27450980392156865,0.7142857142857143,0.228108610502556,0.34479671826587577,1,1,0,3,1
0.607843137254902,0.9428571428571428,0.2988116577043087,0.5327696266728615,1,1,0,1,12
0.607843137254902,0.6285714285714286,0.5155679479519353,0.4844349293776188,0,1,0,3,1
0.4509803921568628,0.09999999999999999,0.829914359689305,0.09423739748998877,1,1,1,1,1
0.7843137254901961,0.21428571428571427,0.4914470335701167,0.1448726760032992,1,1,0,3,1
1.0,0.9428571428571428,0.2694903626988869,0.502245155204085,0,0,0,2,1
0.9411764705882354,0.11428571428571427,0.9178782447055702,0.12320672746498762,0,0,1,2,1
0.9411764705882354,0.8428571428571429,1.0000000000000002,0.20915881946767248,0,0,0,2,1
1.0,1.0,0.8217265263670364,0.9999999999999999,0,0,0,1,1
0.21568627450980393,0.19999999999999998,0.8076744340436832,0.19904558010472784,0,0,0,2,1
0.7450980392156864,1.0,0.22025271636902793,0.4836380800171708,0,0,0,1,1
0.019607843137254943,0.5714285714285715,0.1591759056407533,0.226859799817303,0,0,0,1,1
0.03921568627450983,0.3,0.9075881298546107,0.34295721722209954,0,1,0,4,1
0.9411764705882354,0.32857142857142857,0.5581668105069819,0.258195579606697,1,1,0,3,24
0.7058823529411765,0.6142857142857143,0.0,0.13834847186463073,0,0,0,2,24
0.9411764705882354,0.0,0.9254021996503574,0.0,0,1,1,3,1
0.3137254901960784,0.12857142857142856,0.3259200247847928,0.05181480835290916,0,1,0,2,24
0.9411764705882354,0.7857142857142857,0.3183960698400053,0.4564214973249317,0,1,0,2,12
0.019607843137254943,0.7000000000000001,0.6515523689393437,0.6438256866319201,0,0,0,1,1
0.019607843137254943,0.15714285714285714,0.671468720263781,0.13316573791945846,0,1,0,3,1
0.5294117647058824,0.8428571428571429,0.3306778198234083,0.4967395044817956,0,0,0,2,24
0.43137254901960786,0.35714285714285715,0.09832038770497248,0.11131985565459407,1,1,0,1,12
0.7058823529411765,0.5714285714285715,0.5508641483546881,0.45863050512859316,1,0,0,3,24
0.607843137254902,0.49999999999999994,0.6315253712186595,0.4419737830134207,0,0,0,3,24
0.6274509803921569,0.3142857142857143,0.8915444023988139,0.35889741753332066,0,1,0,3,1
0.0,0.6,0.4757352453030605,0.43865946803236355,1,0,0,1,1
0.3529411764705882,0.07142857142857142,0.6542078824492685,0.044578902063679184,0,0,1,3,1
0.019607843137254943,0.9714285714285714,0.0,0.24888079615533035,0,0,0,3,1
0.8431372549019608,0.6,0.9294961163114919,0.7216952198998989,1,0,0,1,1
0.4901960784313726,0.34285714285714286,0.3017991104029742,0.17612491513393655,0,0,0,2,1
0.607843137254902,0.24285714285714283,0.6392706189559407,0.20322743269595023,0,0,0,3,1
0.09803921568627455,0.8714285714285714,0.9533957379008167,0.9999999999999999,0,1,0,2,1
0.607843137254902,0.17142857142857143,0.8365531434641174,0.17583252282828826,0,0,0,3,1
0.05882352941176472,0.6,0.6453561707495188,0.5439978125199815,1,1,0,1,1
0.1960784313725491,0.3857142857142857,0.7182721458762089,0.36897370622027675,0,1,0,2,1
0.3137254901960784,0.24285714285714283,0.9587067649206666,0.28851762563310157,0,0,0,2,1
0.7254901960784313,0.8285714285714286,0.8383234858040673,0.9251552811994638,0,1,0,1,12
0.4509803921568628,0.8428571428571429,0.6145964725928876,0.7487511474791444,1,0,0,3,24
0.07843137254901966,0.8857142857142858,0.6685919139613623,0.8338340953205342,0,0,0,2,1
1.0,0.8,0.1027462435548474,0.28540252299215646,0,0,0,2,1
0.6470588235294118,0.7142857142857143,0.4600234570360044,0.5154365465319862,1,1,0,3,24
0.09803921568627455,0.7857142857142857,0.27280975458629314,0.41615971945761543,0,1,0,0,1
0.4117647058823529,0.3714285714285714,0.4177565336696985,0.23756585654719384,1,0,0,3,12
0.1960784313725491,0.44285714285714284,1.0000000000000002,0.40674532983619277,0,0,0,2,1
0.9215686274509803,0.11428571428571427,0.10484852508353809,0.016533338988393306,0,1,0,4,24
0.2941176470588236,0.9571428571428572,0.0,0.20170442222477125,0,0,0,3,24
0.6274509803921569,0.6428571428571429,0.3789196485870456,0.4051789424845056,0,0,0,4,12
0.1568627450980392,0.9428571428571428,0.2962667905906305,0.5268494857590488,0,1,0,2,1
0.5030496196232563,0.35714285714285715,0.404921551705061,0.22392945055630045,0,0,0,3,24
0.2941176470588236,0.09999999999999999,0.9701033437340947,0.11188375510120147,1,1,1,3,12
0.5490196078431373,0.07142857142857142,0.7221447697448495,0.0516766449557347,0,0,1,1,12
0.03921568627450983,0.32857142857142857,0.30213104959171483,0.16972602198340303,0,1,0,2,1
0.5030496196232563,0.6714285714285715,0.1381530903538472,0.2582518088962447,1,1,0,4,12
0.6862745098039217,0.6285714285714286,0.6241120626701189,0.5540933798204968,1,0,0,1,1
0.3529411764705882,0.17142857142857143,0.6673748036026468,0.14463490643606872,0,1,0,2,1
0.4901960784313726,0.9714285714285714,0.4748500741330855,0.7185479862363551,1,0,0,1,1
0.03921568627450983,0.34285714285714286,0.1752196330965501,0.12940801482653905,1,1,0,2,1
0.3529411764705882,0.2714285714285714,0.0,0.03924515231229297,0,0,0,3,12
0.5030496196232563,0.9285714285714286,0.2337515767111466,0.4588248978153153,0,0,0,3,12
0.5030496196232563,0.6285714285714286,0.4456394255239107,0.4373308502479068,0,0,0,3,1
0.5030496196232563,0.6571428571428571,0.8115470579123241,0.7091946455578699,1,1,0,3,12
1.0,0.8857142857142858,0.884463033039014,0.9999999999999999,0,1,0,1,24
0.7843137254901961,0.7714285714285715,0.3966230719865454,0.5044525564566165,0,0,0,1,1
0.6274509803921569,0.2571428571428571,0.8206200624045676,0.27003425488319244,0,1,0,1,1
0.7647058823529412,0.4857142857142857,1.0000000000000002,0.635195293961906,1,0,0,3,1
0.7450980392156864,0.7428571428571429,0.7326561773883025,0.7457822409910235,0,0,0,1,1
0.33333333333333337,0.35714285714285715,0.7459337449379275,0.35295157180142894,0,0,0,2,1
0.7647058823529412,0.1857142857142857,0.9460930757485231,0.21464840467866247,0,1,0,1,1
0.0,0.6285714285714286,0.3138595675938835,0.35571162664265826,0,0,0,4,1
0.1960784313725491,0.6142857142857143,0.0,0.11401725500175594,1,0,0,1,24
0.5294117647058824,0.9142857142857143,1.0000000000000002,0.9999999999999999,0,0,0,3,12
0.47058823529411764,0.7142857142857143,0.48248467547411983,0.5268253874920997,0,0,0,4,1
0.9607843137254902,0.6,0.8091128371948926,0.6477729827581719,0,1,0,1,1
0.43137254901960786,0.3142857142857143,0.838766071389055,0.3371029449046142,1,0,0,3,1
0.5882352941176471,0.7857142857142857,0.37958352696452685,0.5008779801925097,0,0,0,1,1
0.5686274509803921,0.2571428571428571,0.538693044767532,0.1901950899299126,0,1,0,3,1
0.8039215686274509,0.7714285714285715,0.5371439952200756,0.6205692524749723,0,1,0,2,1
0.6666666666666666,0.8428571428571429,0.18340746641881878,0.3686652484033291,0,1,0,3,1
0.11764705882352944,0.8285714285714286,0.06988426386952579,0.2650378808690927,1,0,0,3,1
0.2941176470588236,0.45714285714285713,0.5412379118812101,0.35773266796411735,0,0,0,3,1
0.4901960784313726,0.2571428571428571,0.07265042377569764,0.06316830518816408,0,1,0,4,24
0.9215686274509803,0.3857142857142857,0.32271127929363347,0.2118995956953426,0,0,0,1,1
1.0,0.7285714285714286,0.14567704529863462,0.29033784806331864,1,0,0,1,1
0.9411764705882354,0.6857142857142857,0.7219234769523557,0.6828263218622369,1,0,0,2,1
0.019607843137254943,0.5142857142857143,0.9046006771559452,0.6033164998905938,0,0,0,3,24
0.0,0.35714285714285715,0.579189625793888,0.2905691914260294,1,0,0,1,24
0.9215686274509803,0.5571428571428572,0.3936356192878799,0.35522162854802797,0,0,0,2,1
0.21568627450980393,0.5285714285714286,1.0000000000000002,0.6986283587762835,1,1,0,2,24
0.07843137254901966,0.7571428571428571,0.0,0.15729452933996133,0,0,0,3,1
0.7058823529411765,0.3,0.27646108566244004,0.14282592986376122,0,0,0,1,24
0.607843137254902,0.21428571428571427,0.24813560822324016,0.08872210746091982,0,1,0,1,1
0.1568627450980392,0.3857142857142857,0.3338865653145677,0.21422588173148938,0,1,0,2,1
0.7843137254901961,0.4857142857142857,0.19491469162849373,0.20341700572928262,1,1,0,3,12
0.6666666666666666,0.8428571428571429,0.23220252716369033,0.41352176250226114,1,0,0,3,1
0.3529411764705882,0.6285714285714286,0.22489986501139664,0.2980990965720376,0,0,0,3,12
0.9215686274509803,0.6428571428571429,0.49930292770364465,0.48746649135980724,0,0,0,2,1
0.2941176470588236,0.7714285714285715,0.3725021576047269,0.48733636071828257,0,0,0,2,12
0.03921568627450983,0.35714285714285715,0.6471265130894688,0.3156490611154541,1,1,0,2,1
0.37254901960784315,0.34285714285714286,0.5089291641771228,0.25225616007932505,0,0,0,3,1
0.4509803921568628,0.9142857142857143,0.1426895925999691,0.3656465388301801,0,1,0,1,24
0.6274509803921569,0.07142857142857142,0.8359999114828831,0.06230880033364853,1,1,1,3,24
0.4509803921568628,0.3142857142857143,0.4622363849609418,0.9999999999999999,0,1,0,2,24
1.0,0.9,0.10927438093341302,0.33070565830521065,1,1,0,2,12
0.1960784313725491,0.6,0.12443293721923476,0.21926884572835728,1,1,0,2,12
0.9411764705882354,0.3142857142857143,0.8216158799707896,0.33361672895265393,1,1,0,1,1
0.13725490196078433,0.41428571428571426,0.7176082674987276,0.4013232197726601,1,0,0,2,1
0.6862745098039217,0.24285714285714283,0.5001880988736198,0.17041362586701547,1,1,0,2,1
0.7254901960784313,0.2857142857142857,0.27845272079488376,0.1373154594880821,0,1,0,2,1
0.7647058823529412,0.8,0.4492907566000575,0.5686760444269223,0,0,0,2,24
0.37254901960784315,0.3142857142857143,0.6440284139945562,0.2733694550289388,0,0,0,1,1
0.6666666666666666,0.6285714285714286,0.912677864081967,0.7440198544014841,1,1,0,1,24
0.9215686274509803,0.6142857142857143,0.5548474186195755,0.5006145058072003,0,1,0,3,1
0.47058823529411764,0.6571428571428571,0.24592268029830272,0.32614947930071325,0,0,0,1,12
0.6666666666666666,0.5571428571428572,0.0,0.11896864558421749,0,0,0,1,1
0.47058823529411764,0.7142857142857143,0.13394852729646595,0.2733405371085999,1,1,0,2,1
0.5490196078431373,0.5857142857142857,0.6591869702803779,0.5409276933106745,0,1,0,2,24
0.33333333333333337,0.0857142857142857,0.11724092146318799,0.005202333868957479,1,0,0,1,1
0.8823529411764707,0.7000000000000001,0.47252649981190126,0.5129865560588344,0,0,0,3,1
0.33333333333333337,0.6714285714285715,0.7131824116488528,0.6594815273931426,1,0,0,3,1
0.019607843137254943,0.07142857142857142,0.2807762951160681,0.011914504489828434,1,1,0,2,1
0.6666666666666666,0.11428571428571427,0.6800991391710371,0.09095682008266026,0,1,1,1,1
0.2941176470588236,0.8,0.582730310473788,0.682373274443595,0,0,0,3,12
0.7843137254901961,0.42857142857142855,0.4253911350107327,0.28228902690234126,0,0,0,1,1
0.6862745098039217,0.2857142857142857,0.9324835690101574,0.3365551109693061,1,1,0,1,1
0.6274509803921569,0.5571428571428572,0.7055478103078183,0.5383748835652068,0,0,0,3,1
0.05882352941176472,0.6285714285714286,0.3387550067494302,0.3692500330146256,0,1,0,2,24
0.6274509803921569,0.6857142857142857,0.8296930668968114,0.7554890229180945,0,0,0,1,12
0.2549019607843137,0.2714285714285714,0.7564451525813805,0.26562587858264913,0,1,0,3,1
0.3921568627450981,0.22857142857142856,0.8157516209697051,0.23447003251980794,0,0,0,4,1
0.9215686274509803,0.3857142857142857,0.6490075018256656,0.34295239756870977,1,0,0,3,1
0.37254901960784315,0.5714285714285715,0.35955652924384257,0.3468016940760354,1,0,0,2,12
0.13725490196078433,0.9285714285714286,0.32547743919980526,0.546476720913472,1,0,0,2,12
0.11764705882352944,0.34285714285714286,0.663612826130253,0.3077030592267926,0,1,0,2,24
0.03921568627450983,0.8142857142857143,0.08460023457036009,0.2737453879933437,0,0,0,2,1
0.3137254901960784,0.5714285714285715,0.8469539047113237,0.6376966940712157,0,1,0,2,1
0.6274509803921569,0.07142857142857142,0.349487707185377,0.01818487354996711,1,0,0,3,1
0.9215686274509803,0.5285714285714286,0.6372789838234969,0.47159537274717345,0,1,0,2,1
0.21568627450980393,0.07142857142857142,0.49200026555135096,0.029266863244262926,1,0,0,2,1
0.9803921568627451,0.6285714285714286,0.5143508375932198,0.4848060426886339,0,0,0,2,1
0.4117647058823529,0.1857142857142857,0.7563345061851336,0.17626468508224094,1,1,0,2,12
0.4117647058823529,0.9285714285714286,0.6331850671623627,0.8425351762402654,0,0,0,2,1
0.8823529411764707,0.5571428571428572,0.21671203168912795,0.2546691998764883,0,0,0,1,24
0.5686274509803921,0.028571428571428574,0.021863727898382368,0.0,1,0,0,3,1
0.7254901960784313,0.32857142857142857,0.8694151231494391,0.36622650378808685,1,1,0,2,24
0.7254901960784313,0.2571428571428571,0.9188740622717919,0.2951237638793968,0,0,0,3,24
0.8627450980392156,0.24285714285714283,0.12177742370930983,0.06866271005254387,1,0,0,3,24
0.9803921568627451,0.9,0.28221469826727746,0.4884914709807062,0,1,0,1,12
0.5030496196232563,0.4857142857142857,0.2521188784881276,0.23501304680172622,0,0,0,3,24
0.5098039215686275,0.8714285714285714,0.9769634203014008,0.9999999999999999,1,0,0,1,1
0.5098039215686275,0.0,0.16636792139680012,0.0,0,0,0,2,1
0.6470588235294118,0.34285714285714286,0.12399035163424726,0.11292319368226983,0,0,0,3,12
0.3921568627450981,0.6285714285714286,0.14091925026001906,0.24115007211808018,0,0,0,2,12
0.5686274509803921,0.6857142857142857,0.7473721480891369,0.6977945587398469,0,0,0,2,24
0.6274509803921569,0.21428571428571427,0.9223041005554451,0.24542831777709875,1,1,0,3,1
0.5294117647058824,0.2571428571428571,0.37504702471840495,0.14589283597080832,0,1,0,3,1
0.9019607843137255,0.3142857142857143,0.09035384717519751,0.08905145044255663,0,0,0,2,12
0.6274509803921569,0.34285714285714286,0.5878200447011441,0.28142309584330594,0,1,0,3,24
0.07843137254901966,0.21428571428571427,0.17201088760539074,0.07434347484799614,1,0,0,3,1
0.9215686274509803,0.7571428571428571,0.010799088273694968,0.1926643590166236,1,0,0,4,1
0.3529411764705882,0.0,0.9203124654230013,0.0,1,1,1,3,1
0.05882352941176472,0.5857142857142857,0.9032729204009826,0.6856522452997935,0,1,0,3,1
0.6666666666666666,0.2571428571428571,1.0000000000000002,0.3239533239060913,0,0,0,4,1
0.5030496196232563,0.4714285714285714,0.46422802009338565,0.33212424295294374,0,1,0,3,1
0.3137254901960784,0.7714285714285715,0.2650645068490119,0.40135695734638877,1,0,0,3,24
0.8431372549019608,0.24285714285714283,0.7915200601916397,0.24574480834969606,1,1,0,3,1
0.5294117647058824,0.4714285714285714,0.13948084710880965,0.17210371765570773,1,0,0,1,1
0.5686274509803921,0.6285714285714286,0.2089667839518467,0.28266656641787613,0,1,0,2,12
0.5490196078431373,0.07142857142857142,0.2226869370864591,0.011267064384464391,0,1,0,3,24
0.5030496196232563,0.2857142857142857,0.9926752085684569,0.35491959693560005,1,1,0,3,24
0.09803921568627455,0.9857142857142858,1.0000000000000002,0.9999999999999999,0,1,0,3,1
0.6666666666666666,0.6714285714285715,0.08769833366527252,0.22094287200575016,1,0,0,4,24
0.7843137254901961,0.5428571428571429,0.04244395760030101,0.14864164495412813,0,0,0,2,1
0.7058823529411765,0.42857142857142855,0.8722919294518579,0.48497633710840715,0,1,0,2,12
0.4509803921568628,0.12857142857142856,0.8274801389718738,0.1273114656019731,1,1,1,2,12
0.5490196078431373,0.41428571428571426,0.6822014206997278,0.38622645880465517,1,0,0,1,1
0.9411764705882354,0.24285714285714283,0.15674168492332208,0.08128216917818804,1,0,0,2,1
0.8823529411764707,0.8428571428571429,0.4711987430569387,0.6180148361783746,1,0,0,3,1
0.5882352941176471,0.19999999999999998,0.6066299320631128,0.15799659218374318,0,1,0,2,24
0.6666666666666666,0.04285714285714286,0.9710991613003166,0.039396168118506915,0,0,1,1,1
0.6274509803921569,0.8857142857142858,0.1271990971254066,0.3374451402952905,0,0,0,2,12
1.0,0.5571428571428572,0.5100356281395917,0.4267388586482414,0,1,0,3,1
0.3921568627450981,0.11428571428571427,0.11436411516076928,0.019691818509846706,1,0,0,3,1
0.607843137254902,0.11428571428571427,0.4308128084268295,0.060049989444959075,1,0,0,2,24
0.5030496196232563,0.35714285714285715,0.161167540773197,0.13323642616917564,0,0,0,2,12
0.6274509803921569,0.04285714285714286,0.8649892672995643,0.030918397805836724,0,0,1,2,24
0.03921568627450983,0.21428571428571427,0.22158047312399037,0.08238265670219394,0,0,0,4,1
0.33333333333333337,0.19999999999999998,0.4012702206289142,0.11159778900007294,0,1,0,2,1
0.5030496196232563,0.7285714285714286,0.3909801057779549,0.4715552089689251,0,1,0,3,1
0.8039215686274509,0.9714285714285714,0.8982938325698733,0.9999999999999999,1,0,0,2,1
0.5882352941176471,0.05714285714285714,0.7782424926420148,0.04208714126114905,0,0,1,2,1
0.03921568627450983,0.2714285714285714,0.003496426121401275,0.04718954764982453,0,0,0,1,12
0.7647058823529412,0.24285714285714283,0.014007833764854316,0.042710483099564066,0,0,0,2,1
0.8823529411764707,0.014285714285714285,0.5496470379959726,0.0,0,0,1,2,1
0.5030496196232563,0.17142857142857143,0.4129987386310829,0.095005328930098,1,0,0,1,1
0.9607843137254902,0.04285714285714286,0.2447055699395871,0.0,1,0,0,1,1
0.607843137254902,0.5857142857142857,0.816747438535927,0.6341397898695383,0,0,0,2,12
0.9019607843137255,0.8571428571428572,0.08205536745668196,0.2873817939842371,0,0,0,1,1
0.4117647058823529,0.09999999999999999,1.0000000000000002,0.11705203008620432,0,0,1,1,1
0.43137254901960786,0.9428571428571428,0.0,0.20774826757558904,0,0,0,3,1
0.5030496196232563,0.8857142857142858,0.07054814224700706,0.2881850695492049,0,1,0,1,24
0.5098039215686275,0.11428571428571427,0.2842063333997212,0.039643576992517006,1,1,0,2,24
0.8039215686274509,0.14285714285714285,0.5030649051760385,0.08808109356007551,1,0,1,3,12
0.019607843137254943,0.5857142857142857,0.17887096417269693,0.24407720827682286,1,1,0,2,1
0.5030496196232563,0.17142857142857143,0.75434287105269,0.1592529151673528,1,1,0,2,1
0.5030496196232563,0.49999999999999994,0.33532496846577714,0.2880613651121999,0,0,0,4,12
0.7647058823529412,0.17142857142857143,0.0,0.01278686175338347,1,1,0,2,24
0.6274509803921569,0.15714285714285714,0.9109075217420168,0.1733584340881874,1,0,0,3,24
0.1568627450980392,0.5142857142857143,0.9841554360574478,0.6454354508641156,1,1,0,3,24
0.823529411764706,0.7285714285714286,0.6242227090663657,0.6458033510728708,1,1,0,2,1
0.9215686274509803,1.0,0.8321272876142425,0.9999999999999999,0,0,0,3,24
0.7450980392156864,0.014285714285714285,0.07375688773816641,0.0,1,0,0,0,12
0.5490196078431373,0.7857142857142857,0.23718161499479967,0.38793422265577676,0,1,0,2,24
0.8039215686274509,0.8428571428571429,0.29958618247803676,0.4699406250833398,1,0,0,4,1
0.4901960784313726,0.3142857142857143,1.0000000000000002,0.3923104679337213,0,0,0,3,1
0.6666666666666666,0.5571428571428572,0.5064949434596915,0.4187880371061901,0,0,0,1,1
0.5030496196232563,0.9,0.0,0.18066020897374477,0,0,0,1,1
0.47058823529411764,0.3142857142857143,0.36044170041381757,0.17950349216019112,0,1,0,2,1
0.4509803921568628,0.39999999999999997,0.0,0.06489052799945505,1,0,0,1,24
0.23529411764705888,0.7142857142857143,0.20288123215826864,0.3234488668512915,1,1,0,3,1
0.11764705882352944,0.9714285714285714,0.4428732656177388,0.6912526825387492,1,1,0,3,1
0.6862745098039217,0.42857142857142855,0.29759454734559304,0.22715058557182136,1,0,0,3,1
0.8627450980392156,0.7000000000000001,0.0,0.15460516274844913,1,0,0,2,1
0.37254901960784315,0.2714285714285714,0.06844586071831643,0.06748510807430105,1,0,0,2,24
0.0,0.7714285714285715,0.549315098807232,0.6285505984884924,0,1,0,1,1
0.13725490196078433,0.014285714285714285,0.709420434176459,0.0,0,0,1,4,1
0.8823529411764707,0.34285714285714286,0.387328774701808,0.20615938850808269,1,0,0,3,24
0.2941176470588236,0.17142857142857143,0.7491424904290869,0.1589814080263937,1,0,0,3,24
0.2549019607843137,0.9857142857142858,0.12044966695434728,0.3736937534400276,0,1,0,4,1
0.21568627450980393,0.9428571428571428,0.07486335170063513,0.31397503483806116,0,0,0,3,12
0.9803921568627451,0.8142857142857143,0.8686405983757111,0.9329647262420808,1,1,0,3,12
0.43137254901960786,0.9,0.31507667795259914,0.5211590816568169,1,0,0,3,12
0.27450980392156865,0.9714285714285714,0.4179778264621921,0.6657245850840723,0,0,0,1,1
0.5294117647058824,0.8285714285714286,0.988249352718582,0.9999999999999999,1,1,0,3,24
0.6470588235294118,0.8428571428571429,0.40901546836619534,0.5677265727091303,0,1,0,2,1
0.019607843137254943,0.8714285714285714,0.0,0.1687267471805831,1,1,0,3,1
0.607843137254902,0.21428571428571427,0.9776272986788821,0.25914344477335893,1,0,0,3,1
0.43137254901960786,0.9571428571428572,0.0,0.20028262447477826,0,1,0,1,1
0.4117647058823529,0.19999999999999998,0.67257518422625,0.1745585277822493,0,0,0,1,24
0.9803921568627451,0.7714285714285715,0.29704131536435857,0.43051104070133017,0,1,0,3,1
0.47058823529411764,0.4857142857142857,0.4602447498284982,0.34460875178367334,1,1,0,3,1
0.4117647058823529,0.7714285714285715,0.5453318285423445,0.62611506697551,1,0,0,3,1
0.4117647058823529,0.1857142857142857,0.39175463055168297,0.10120179663825962,0,0,0,2,1
0.9411764705882354,0.6857142857142857,0.7966097944189958,0.7326952754865681,1,0,0,1,24
1.0,0.0857142857142857,0.9695501117528602,0.08911249938549418,0,1,1,3,1
0.8039215686274509,0.41428571428571426,0.035362588240501036,0.10441650544926076,0,1,0,1,12
0.5030496196232563,0.6857142857142857,0.8252672110469363,0.7507930739652926,1,0,0,0,12
0.27450980392156865,0.21428571428571427,0.08216601385292882,0.05134408887183802,1,0,0,4,12
0.823529411764706,0.7142857142857143,0.028613158069441702,0.19789207639343406,0,0,0,1,12
0.7058823529411765,0.5857142857142857,0.9973223572108258,0.7425964501003612,0,1,0,3,1
0.6274509803921569,0.22857142857142856,0.4811569187191574,0.15322674187896435,0,1,0,3,24
0.13725490196078433,0.8857142857142858,0.10861050255593174,0.320216485977861,1,0,0,3,12
0.8431372549019608,0.6285714285714286,0.5704485604903848,0.5189436476486355,0,0,0,3,12
0.8431372549019608,0.0857142857142857,0.2309854168049747,0.016970320895735795,1,0,0,3,24
0.07843137254901966,0.3714285714285714,0.4534953196574389,0.2542225786623662,1,0,0,2,24
0.7450980392156864,0.12857142857142856,0.630972139237425,0.09875341271623778,0,1,1,0,24
0.05882352941176472,0.4714285714285714,0.9016132244572796,0.5493781522541358,0,0,0,2,24
0.09803921568627455,0.49999999999999994,0.0,0.0798410928146358,1,0,0,1,1
0.8627450980392156,0.34285714285714286,0.1766580362477594,0.13156561299404257,0,1,0,4,1
0.607843137254902,0.07142857142857142,0.046316581468941576,0.0,0,0,0,3,1
1.0,0.32857142857142857,0.04720175263891657,0.07731077478498721,1,0,0,3,1
0.5686274509803921,0.24285714285714283,0.9862577175861382,0.29478960124437015,0,1,0,4,24
0.9019607843137255,0.07142857142857142,0.9755250171501915,0.07624884448809979,0,0,1,2,12
0.5030496196232563,0.39999999999999997,0.7688375489610306,0.4082040782621743,0,0,0,3,12
0.7647058823529412,0.34285714285714286,0.65133107614685,0.3041895319056234,0,0,0,1,24
1.0,0.7714285714285715,0.8780455420566953,0.8896794191482258,0,0,0,3,1
0.2941176470588236,0.6428571428571429,0.004381597291376216,0.15538755314872774,0,0,0,0,12
0.23529411764705888,0.32857142857142857,0.07198654539821642,0.08603916707392736,1,0,0,2,1
0.9607843137254902,0.35714285714285715,0.2906238243820399,0.18323551043503153,1,0,0,1,1
0.8039215686274509,0.3857142857142857,0.8608953506384298,0.43303332597532906,0,0,0,2,1
0.5686274509803921,0.028571428571428574,0.4622363849609418,0.0,0,1,0,2,24
0.3529411764705882,0.5285714285714286,0.4969793533824604,0.39576615941421284,1,0,0,2,1
0.3137254901960784,0.8571428571428572,0.19347628847728432,0.38550672389844404,1,1,0,3,24
0.3529411764705882,0.7142857142857143,0.6571953351479343,0.6575777643041688,0,1,0,2,1
0.5294117647058824,0.6714285714285715,0.9220828077629513,0.8025449055139083,1,1,0,3,1
0.5030496196232563,0.2857142857142857,0.3043439775166524,0.14294320809624653,0,0,0,4,1
0.7058823529411765,0.7571428571428571,0.624886587443847,0.6751180895408058,1,1,0,3,1
0.4901960784313726,0.7857142857142857,0.30699949102657725,0.44259551830070576,0,0,0,4,24
0.5030496196232563,0.8285714285714286,0.8168580849321738,0.9060726668780886,1,0,0,1,1
0.1568627450980392,0.7142857142857143,0.46533448405585437,0.516739459498364,0,0,0,4,24
0.21568627450980393,0.2714285714285714,0.3154086171413398,0.14187967124822917,0,1,0,2,24
0.0,0.8285714285714286,0.40447896612007356,0.5505332625165594,0,0,0,2,24
0.0,1.0,0.040673615260351015,0.29863247154717615,1,1,0,4,1
0.9019607843137255,0.11428571428571427,0.8980725397773797,0.11877585944862523,1,1,1,0,24
0.6470588235294118,0.0,0.9998672243245039,0.0,1,0,1,2,1
0.607843137254902,0.39999999999999997,0.46798999756577925,0.9999999999999999,0,1,0,2,1
0.9215686274509803,0.8857142857142858,0.1846245767775344,0.3917112243622554,0,0,0,2,1
0.47058823529411764,0.7857142857142857,0.6752306977361748,0.7411730457992382,1,0,0,2,24
0.7647058823529412,0.9571428571428572,0.44032839850406075,0.677233917378931,0,1,0,2,1
0.8627450980392156,0.4857142857142857,0.21892495961406538,0.2196463852438921,0,0,0,2,1
0.0,0.028571428571428574,0.0,0.0,0,1,0,2,1
0.2941176470588236,0.0857142857142857,0.9241850892916419,0.08595241331291084,1,1,1,2,1
0.7450980392156864,0.3714285714285714,0.8212839407820489,0.39946122701306475,0,0,0,2,1
0.07843137254901966,0.0,0.8570227267697892,0.0,0,1,1,2,24
0.4117647058823529,1.0,0.4263869525769545,0.6944368668782814,0,0,0,2,1
0.5490196078431373,0.6142857142857143,0.7732634048109055,0.637441252441556,1,1,0,3,24
0.03921568627450983,0.5714285714285715,0.5828409568700348,0.4799076682934602,0,0,0,3,12
0.5030496196232563,0.5857142857142857,0.3544667950164863,0.3545308115621556,1,0,0,1,24
0.4901960784313726,0.45714285714285713,0.872181283055611,0.5155891688893302,0,0,0,2,1
0.2941176470588236,0.7000000000000001,1.0000000000000002,0.9317983701217475,0,0,0,3,12
0.9803921568627451,0.8857142857142858,0.9348071433313418,0.9999999999999999,0,0,0,4,1
0.7058823529411765,0.5142857142857143,0.7986014295514396,0.5459401328360736,0,0,0,2,1
0.4117647058823529,0.8285714285714286,0.7668459138285868,0.8608386132636218,1,1,0,0,24
0.5490196078431373,0.6714285714285715,0.6591869702803779,0.620601383497571,0,0,0,1,12
0.2549019607843137,0.05714285714285714,0.8842417402465204,0.05124448270178201,0,0,1,1,24
0.5294117647058824,0.6714285714285715,0.48536148177653865,0.49986745953178024,0,0,0,4,12
0.07843137254901966,0.028571428571428574,0.1408086038637722,0.0,1,0,0,2,1
0.9019607843137255,0.6571428571428571,0.7895284250591958,0.6958827628952236,0,0,0,3,12
0.9411764705882354,0.8714285714285714,0.9571577153732105,0.9999999999999999,0,0,0,1,1
0.5686274509803921,0.1857142857142857,0.3175108986700304,0.0845964841592452,0,0,0,1,1
0.8823529411764707,0.8857142857142858,0.8061253844962271,0.9618489090071931,0,0,0,3,12
1.0,0.8571428571428572,0.24260328841089646,0.43069097442788296,1,0,0,1,24
0.07843137254901966,0.42857142857142855,0.9827170329062385,0.5357545986722818,1,1,0,1,1
0.21568627450980393,0.22857142857142856,0.6960322202305871,0.20502355685921825,0,0,0,3,1
0.2941176470588236,0.32857142857142857,0.5696740357166568,0.2614167146222178,0,0,0,3,1
0.4901960784313726,0.3142857142857143,0.8026953462125739,0.3291087464820546,1,0,0,4,1
0.4901960784313726,0.7000000000000001,0.8395405961627831,0.776954152565164,0,0,0,3,24
0.9215686274509803,0.9857142857142858,0.9271725419903074,0.9999999999999999,0,0,0,1,24
0.5030496196232563,0.3714285714285714,0.9367987784637855,0.4417295872416705,0,1,0,2,12
0.7450980392156864,0.19999999999999998,0.0,0.02457252084259108,1,1,0,2,24
0.6862745098039217,0.7000000000000001,0.07574852287061012,0.22437607177042254,0,1,0,1,1
0.6274509803921569,0.49999999999999994,0.8538139812786298,0.5567088450600319,0,1,0,2,1
0.5686274509803921,0.09999999999999999,0.9865896567748789,0.10930363398652487,0,0,1,1,1
0.7058823529411765,0.028571428571428574,0.28022306313483375,0.0,0,0,0,2,24
0.43137254901960786,0.8714285714285714,0.0,0.1736861705186943,0,1,0,2,12
0.17647058823529416,0.6571428571428571,0.29682002257186485,0.36168157064149903,1,1,0,1,12
0.07843137254901966,0.8571428571428572,0.3634291531124832,0.5372647567344213,1,1,0,4,1
0.6862745098039217,0.44285714285714284,0.7817831773219146,0.46225327792659787,1,1,0,4,1
0.6470588235294118,0.17142857142857143,0.0,0.018947985336686526,1,0,0,1,24
1.0,0.0,0.1749983403040563,0.0,0,1,0,1,1
0.5882352941176471,0.4714285714285714,0.9289428843302576,0.5633760322492647,0,1,0,1,12
0.17647058823529416,0.8714285714285714,0.11104472327336296,0.32042855072701254,0,0,0,3,1
0.3529411764705882,1.0,0.779791542189471,0.9999999999999999,1,1,0,2,1
0.607843137254902,0.42857142857142855,0.3395295315231584,0.24382337319829303,1,0,0,2,12
0.0,0.9,0.6730177698112372,0.8490866917481428,0,0,0,2,1
0.07843137254901966,0.34285714285714286,0.02142114231339487,0.07608336972171642,0,1,0,2,12
0.8627450980392156,0.5285714285714286,0.2568766735267432,0.26092029032306774,1,0,0,2,12
0.05882352941176472,0.1857142857142857,0.4097899931399234,0.11042982632860973,0,0,0,1,1
0.2941176470588236,0.09999999999999999,0.8882250105114078,0.10009327635860407,1,1,1,3,12
0.4509803921568628,0.7571428571428571,0.5632565447343381,0.6275850612594011,1,1,0,0,1
0.2941176470588236,0.014285714285714285,0.0,0.0,1,0,0,2,1
0.019607843137254943,0.7857142857142857,0.8270375533868863,0.8656422011421292,0,0,0,2,12
0.9411764705882354,0.8571428571428572,6.638783774814971e-05,0.21245546238630034,1,0,0,3,1
0.5294117647058824,0.3,0.9736440284139947,0.3639371684279286,1,1,0,1,1
0.607843137254902,0.4857142857142857,0.17400252273783445,0.19304511163441837,1,1,0,2,24
0.5098039215686275,0.21428571428571427,0.47960786917170123,0.14274881540952433,1,0,0,3,1
0.37254901960784315,0.7000000000000001,0.019761446369691793,0.183098953588987,0,0,0,2,24
0.4509803921568628,0.6,0.5612649096018942,0.4943521695027113,1,0,0,4,24
0.21568627450980393,0.22857142857142856,0.48989798402266044,0.15346611799732476,0,1,0,2,1
0.9607843137254902,0.8142857142857143,0.3936356192878799,0.5360052206485518,1,0,0,1,1
0.6666666666666666,0.014285714285714285,0.0,0.0,1,0,0,2,1
0.6274509803921569,0.04285714285714286,0.9122352784969794,0.03643368783490566,1,0,1,2,1
0.6274509803921569,0.5428571428571429,0.8278120781606144,0.5936113245146527,1,1,0,3,24
0.9803921568627451,0.07142857142857142,0.6401557901259156,0.04480221267074023,1,0,1,3,12
0.823529411764706,0.9714285714285714,0.5728827812078161,0.8230991206703043,1,0,0,4,1
0.7058823529411765,0.9714285714285714,0.7086459094027306,0.9557938177984657,0,1,0,2,12
0.21568627450980393,0.2714285714285714,0.09909491247870056,0.07601589457425914,0,0,0,3,24
0.03921568627450983,0.9,0.9716523932815511,0.9999999999999999,0,0,0,0,1
0.0,0.21428571428571427,0.2547743919980527,0.08820961765047036,1,1,0,2,12
0.6274509803921569,0.7142857142857143,0.6661576932439313,0.6672620545154208,0,0,0,3,12
0.7647058823529412,0.5142857142857143,0.6111664343092347,0.44582307952074646,1,1,0,4,1
0.17647058823529416,0.9714285714285714,0.644139060390803,0.8909421683363551,0,0,0,2,1
0.823529411764706,0.5857142857142857,0.9123459248932264,0.6938456560624652,0,0,0,4,12
0.8431372549019608,0.8,0.26716678837770264,0.41558136105083865,0,0,0,3,1
0.5490196078431373,0.9285714285714286,0.768394963376043,0.9695057316924661,1,0,0,2,1
0.23529411764705888,0.11428571428571427,0.6018721370244973,0.07975594560474922,1,0,1,2,12
0.21568627450980393,0.9,0.023966009427073,0.24950735109600522,1,0,0,2,12
0.5882352941176471,0.3,0.39806147513775486,0.18352950929180978,1,0,0,4,1
0.8823529411764707,0.4714285714285714,0.8669809024320079,0.5321671699991356,1,1,0,3,1
0.019607843137254943,0.7714285714285715,0.28863218924959616,0.4212814044598502,1,1,0,3,1
0.9803921568627451,0.39999999999999997,0.47341167098187625,0.2826745991735258,1,0,0,3,1
0.9607843137254902,0.5285714285714286,0.4803823939454292,0.38608347575409097,0,1,0,4,1
0.6666666666666666,0.24285714285714283,0.6235588306888844,0.20216389584793287,0,0,0,3,1
0.43137254901960786,1.0,0.9178782447055702,0.9999999999999999,0,0,0,1,1
0.3137254901960784,0.9142857142857143,0.1317355993715285,0.3545099263974664,1,1,0,2,1
0.4901960784313726,0.0,0.498085817344929,0.0,1,1,1,0,1
0.13725490196078433,0.04285714285714286,0.40923676115868907,0.008079666942672141,0,0,0,1,1
0.5490196078431373,0.04285714285714286,0.26716678837770264,0.0,0,0,0,1,1
0.4901960784313726,0.3714285714285714,0.9572683617694573,0.4488835594232738,1,1,0,2,1
0.5030496196232563,0.6,0.0,0.10706892136478446,0,0,0,0,24
0.4901960784313726,0.8285714285714286,0.07486335170063513,0.269496060254664,1,0,0,1,1
0.6470588235294118,0.44285714285714284,1.0000000000000002,0.4450149843023889,1,0,0,3,12
0.9803921568627451,0.45714285714285713,0.23120670959746853,0.21080392782472654,0,0,0,2,24
0.7843137254901961,0.3857142857142857,0.7399588395405963,0.38232896576343145,1,1,0,2,1
0.11764705882352944,0.7714285714285715,0.8606740578459362,0.8792737874796329,0,0,0,2,24
0.05882352941176472,0.8428571428571429,0.22146982672774357,0.40326232698649234,1,1,0,2,1
0.9607843137254902,0.9857142857142858,0.15209453628095332,0.40540867929608637,1,1,0,2,1
0.8627450980392156,0.8714285714285714,0.10053331562990997,0.30982049361604774,0,1,0,4,1
0.1960784313725491,0.4714285714285714,0.161167540773197,0.18530314173925866,1,1,0,3,1
0.5030496196232563,0.7857142857142857,0.23541127265484968,0.38626180292951384,0,0,0,3,1
0.6862745098039217,0.17142857142857143,0.9009493460797984,0.18755552642342838,1,1,0,3,1
0.47058823529411764,0.7857142857142857,0.7917413529841335,0.8367451659679775,0,0,0,2,12
0.3921568627450981,0.24285714285714283,0.0,0.021621286416899373,1,0,0,3,24
0.6862745098039217,0.7571428571428571,0.9069242514771294,0.897182012925025,0,0,0,3,1
0.17647058823529416,0.6,0.02695346212573857,0.15865045849362694,0,0,0,2,1
0.7058823529411765,0.5428571428571429,0.6648299364889687,0.5021230573182098,1,0,0,2,1
0.1568627450980392,0.8571428571428572,0.10739339219721616,0.31136920890530567,1,1,0,1,1
0.4509803921568628,0.5857142857142857,0.008696806745004337,0.14441480893126757,0,0,0,2,12
0.6666666666666666,0.24285714285714283,0.7804554205669523,0.24039499308701048,0,1,0,4,1
0.9411764705882354,0.3142857142857143,0.4567040651485981,0.21223536488149916,0,0,0,3,1
0.6666666666666666,0.7571428571428571,0.6026466617982253,0.6590043817075517,0,1,0,1,12
0.9215686274509803,0.41428571428571426,0.4104538715174047,0.26635203969338006,0,0,0,2,24
0.6862745098039217,0.8142857142857143,0.014118480161101177,0.2126964450557907,1,1,0,2,1
0.33333333333333337,0.9571428571428572,0.7581048485250836,0.9938417682087307,0,1,0,2,1
0.9411764705882354,0.9428571428571428,0.8475071366925582,0.9999999999999999,0,0,0,2,1
0.7450980392156864,1.0,0.0,0.23687985921471136,0,0,0,3,1
0.607843137254902,0.24285714285714283,0.3554626125827082,0.13156239989178273,1,1,0,4,1
0.4509803921568628,0.0857142857142857,0.5563964681670319,0.049832324258568615,0,0,1,2,1
0.43137254901960786,0.5571428571428572,0.6093960919692845,0.48547276140755724,0,1,0,2,24
0.607843137254902,0.9857142857142858,0.5795215649826284,0.8409896740532674,0,0,0,1,1
0.7058823529411765,0.9142857142857143,0.7064329814777934,0.8969779809315233,0,0,0,2,1
0.21568627450980393,0.9571428571428572,1.0000000000000002,0.9999999999999999,0,1,0,3,1
0.9411764705882354,0.6857142857142857,0.3719489256234925,0.42964189654003504,0,0,0,4,1
0.23529411764705888,0.7285714285714286,0.5556219433933036,0.6006801494863694,0,1,0,4,12
0.43137254901960786,0.39999999999999997,0.7132930580450996,0.38502475855946333,1,1,0,2,1
0.47058823529411764,0.2857142857142857,0.5952333532496847,0.23012591826446208,0,0,0,1,1
0.6666666666666666,0.11428571428571427,0.36774436256611126,0.049502981276931805,0,0,0,2,1
0.7843137254901961,0.6571428571428571,0.6303082608599437,0.5872718737559269,1,0,0,2,1
0.5686274509803921,0.5857142857142857,0.6590763238841313,0.5368759713609769,0,1,0,4,1
0.3137254901960784,0.7142857142857143,0.587045519927416,0.6053680656835215,1,0,0,1,1
0.9411764705882354,0.7857142857142857,0.16669986058554076,0.33046306908459033,1,0,0,1,1
0.37254901960784315,0.7142857142857143,0.4996348668923853,0.542211327663493,0,0,0,2,1
0.9215686274509803,0.9857142857142858,0.9183208302905574,0.9999999999999999,0,1,0,2,1
0.47058823529411764,0.2714285714285714,0.9008386996835513,0.3084147613773541,0,0,0,3,12
0.4117647058823529,0.3714285714285714,0.7704972449047336,0.37671567611543644,0,0,0,2,12
0.23529411764705888,0.5285714285714286,0.7111907765164089,0.5088978834331483,1,0,0,2,12
0.3529411764705882,0.9142857142857143,0.10938502732965988,0.33594944119332043,1,1,0,2,24
0.9411764705882354,0.7571428571428571,0.4481842926375889,0.5376631814146453,0,0,0,3,1
0.6862745098039217,0.32857142857142857,0.0625816017172321,0.08424304291065934,0,0,0,3,24
0.21568627450980393,0.6571428571428571,0.844077098408905,0.7317618692800754,1,0,0,2,1
0.7843137254901961,1.0,1.0000000000000002,0.5276784661420956,0,0,0,1,1
0.3529411764705882,0.8857142857142858,0.7883113147004803,0.9419662322231099,0,1,0,3,1
0.5030496196232563,0.8,0.8410896457102393,0.8935608466781502,0,1,0,4,1
0.1568627450980392,0.7714285714285715,0.9272831883865544,0.9313019458225974,0,0,0,2,24
0.11764705882352944,0.8428571428571429,0.7738166367921397,0.8867779878075621,1,1,0,2,1
0.5294117647058824,0.8714285714285714,0.5645843014893006,0.7263911688527006,1,0,0,1,1
0.2549019607843137,0.41428571428571426,0.6016508442320034,0.3485737199723544,0,0,0,3,1
0.5882352941176471,0.3,0.2944964482506805,0.9999999999999999,0,1,0,2,1
1.0,0.39999999999999997,0.13560822324016913,0.14214635873579848,1,0,0,1,1
0.3529411764705882,0.5714285714285715,0.08426829538161945,0.18462517716242585,0,0,0,2,1
0.5030496196232563,0.5857142857142857,0.14114054305251283,0.22059585696168407,0,0,0,3,1
0.2941176470588236,0.9142857142857143,0.9732014428290072,0.9999999999999999,1,0,0,1,24
0.07843137254901966,0.42857142857142855,0.12166677731306291,0.14422844900019502,0,1,0,3,1
0.6666666666666666,0.41428571428571426,0.7405120715218307,0.41166137629379573,1,0,0,2,1
0.21568627450980393,0.24285714285714283,0.14401734935493155,0.07694608767849184,1,0,0,3,12
0.47058823529411764,0.22857142857142856,1.0000000000000002,0.2845606902000702,0,0,0,4,24
1.0,0.5285714285714286,0.3453937905242426,0.31341756159597356,1,1,0,4,1
0.3921568627450981,0.1857142857142857,0.3957379008165704,0.10325978863570712,1,1,0,2,1
0.6862745098039217,0.7857142857142857,0.387328774701808,0.5092609639885137,0,0,0,2,24
0.43137254901960786,0.3,0.8431919272389301,0.324035258013718,0,1,0,1,1
0.2941176470588236,0.9428571428571428,0.18130518489012815,0.4152905752963203,0,0,0,2,1
0.7450980392156864,0.7857142857142857,0.8592356546947266,0.891996065877593,1,1,0,3,1
0.8627450980392156,0.2571428571428571,0.6668215716214123,0.22548459205007812,1,1,0,1,24
0.8039215686274509,0.8,0.18351811281506564,0.3519073135669708,0,1,0,2,24
0.7450980392156864,0.6142857142857143,0.012126845028657407,0.15186438652077894,1,1,0,0,24
0.2549019607843137,0.4857142857142857,0.7972736727964771,0.5124403286746563,0,0,0,4,1
0.5882352941176471,0.0,0.18207970966385628,0.0,0,0,0,0,1
0.07843137254901966,0.7285714285714286,0.9235212109141606,0.8771804513573267,0,1,0,1,1
0.6666666666666666,0.9857142857142858,1.0000000000000002,0.337755204663368,1,1,0,3,24
0.43137254901960786,0.5142857142857143,0.6217884883489346,0.4497029004995409,1,1,0,3,24
0.5490196078431373,0.9142857142857143,0.7056584567040651,0.8987082364984639,0,1,0,3,1
0.823529411764706,0.7142857142857143,0.6674854499988936,0.6679721501148523,0,0,0,3,12
0.1960784313725491,0.0,0.28940671402332435,0.0,0,0,0,3,1
0.33333333333333337,0.2857142857142857,0.9084733010245858,0.3271326885922338,0,0,0,2,1
0.9019607843137255,0.7428571428571429,0.7915200601916397,0.7930132376600003,0,0,0,3,12
0.21568627450980393,0.21428571428571427,0.504282015534754,0.15095186547897554,1,0,0,2,1
0.1568627450980392,0.8571428571428572,0.607293810440594,0.7527948366731924,1,0,0,2,1
0.17647058823529416,0.7571428571428571,0.5664652902254974,0.6290197114184336,1,0,0,2,1
0.8431372549019608,0.5571428571428572,0.9872535351523601,0.7017418548660987,0,0,0,2,24
0.3137254901960784,0.35714285714285715,0.9315983978401825,0.4217955008214295,0,0,0,2,24
0.7254901960784313,0.9142857142857143,0.20033636504459051,0.4188330205378283,0,1,0,1,24
0.11764705882352944,0.9,0.23054283121998725,0.4397487096984599,0,0,0,2,12
0.8823529411764707,0.6,1.0000000000000002,0.7810540710487596,0,0,0,1,1
0.23529411764705888,0.22857142857142856,0.2015534754033061,0.08448563213127963,0,0,0,2,1
0.7647058823529412,0.8285714285714286,0.9947774900971476,0.9999999999999999,0,1,0,4,24
0.8039215686274509,0.3142857142857143,0.6587443846953907,0.27870159822919505,1,0,0,3,1
0.1568627450980392,0.0857142857142857,0.0,0.0,1,0,0,4,12
0.9607843137254902,0.6142857142857143,0.3112040540839585,0.3433588550045834,0,1,0,0,12
0.5098039215686275,0.7428571428571429,0.4666622408108169,0.5405501537951396,0,0,0,2,24
0.019607843137254943,1.0,0.8615592290159111,0.9999999999999999,1,0,0,3,1
0.07843137254901966,0.4714285714285714,0.30334815995043046,0.25626450514851434,0,1,0,2,1
0.5490196078431373,0.6428571428571429,0.2834318086259931,0.3416012880684339,0,0,0,3,12
0.7058823529411765,0.9571428571428572,0.9580428865431854,0.9999999999999999,0,1,0,3,24
0.7254901960784313,0.21428571428571427,0.027174754918232347,0.0355645436736105,0,0,0,2,12
0.3529411764705882,1.0,0.5499789771847132,0.8228115480180459,0,0,0,3,1
0.13725490196078433,0.2571428571428571,0.4976432317599417,0.18088030647854594,1,0,0,2,1
0.9215686274509803,0.014285714285714285,0.0031644869326606373,0.0,1,0,0,1,12
0.8627450980392156,0.12857142857142856,0.03691163778795731,0.01066942736412834,0,0,0,3,12
0.0,0.7000000000000001,0.3624333355462613,0.43076648233098996,0,0,0,3,12
0.4117647058823529,0.15714285714285714,0.08825156564650694,0.028219391907544904,0,1,0,3,1
1.0,0.9857142857142858,0.46876452233950744,0.7291817481653989,0,0,0,1,24
0.3137254901960784,0.3,0.6134900086304189,0.25429326691208337,1,1,0,4,1
0.11764705882352944,0.44285714285714284,0.7047732855340902,0.42465516183271496,0,1,0,0,12
0.47058823529411764,0.0,0.5444466573723694,0.0,0,0,1,2,1
0.8627450980392156,0.7571428571428571,0.3598884684325832,0.4692482015463375,1,0,0,2,1
0.05882352941176472,0.8142857142857143,0.0833831242116444,0.27084074355042015,1,0,0,3,24
0.6862745098039217,0.9857142857142858,0.21361393259421546,0.46774125658645793,0,1,0,3,1
0.09803921568627455,0.24285714285714283,0.4038150877425923,0.14446782511855544,1,1,0,2,1
0.5882352941176471,0.07142857142857142,0.9622474496005666,0.0739755746392409,1,0,1,4,1
0.3529411764705882,0.6285714285714286,0.16393370067936885,0.2562130955123564,0,1,0,3,12
0.8431372549019608,0.3142857142857143,0.39706565757153295,0.19070276008697223,1,1,0,3,1
0.7450980392156864,0.3142857142857143,0.750027661599062,0.31124389791717066,0,0,0,3,1
0.5098039215686275,0.35714285714285715,0.7200424882161589,0.34230656401447557,1,0,0,2,24
0.17647058823529416,0.0857142857142857,1.0000000000000002,0.09814774294025205,0,1,1,3,1
0.4901960784313726,0.6142857142857143,0.15098807231848466,0.23918686663729885,1,1,0,1,1
0.3529411764705882,0.3714285714285714,0.0,0.05930776282292883,0,0,0,4,1
0.7450980392156864,0.35714285714285715,0.2963774369868773,0.18124660013617128,0,0,0,2,24
0.03921568627450983,0.49999999999999994,0.1054017570647724,0.1659618726859639,1,1,0,1,1
0.8627450980392156,0.7714285714285715,0.5466595852973068,0.6256025771650605,0,0,0,1,12
0.23529411764705888,0.9,0.9342539113501074,0.9999999999999999,1,1,0,2,1
0.9607843137254902,0.8,0.7012326008541903,0.7805062371134516,0,0,0,3,24
0.5294117647058824,0.9714285714285714,0.09002190798645687,0.3386950370743804,0,1,0,4,12
0.5030496196232563,0.8571428571428572,0.06822456792582265,0.2748796130910782,0,0,0,2,1
0.5294117647058824,0.014285714285714285,0.9481953572772137,0.0010622516071134222,0,0,1,2,1
0.13725490196078433,0.7714285714285715,0.4792759299829606,0.5746492015280228,1,0,0,1,24
0.7843137254901961,0.5285714285714286,0.9618048640155792,0.6521829656098451,1,0,0,3,1
0.7450980392156864,0.39999999999999997,0.75434287105269,0.40125413807407284,1,0,0,3,24
0.0,0.35714285714285715,1.0000000000000002,0.46588408348025234,0,0,0,4,1
0.03921568627450983,0.4857142857142857,0.9037155059859703,0.5686872902848318,0,1,0,2,12
0.23529411764705888,0.9428571428571428,0.39806147513775486,0.6265568685362424,1,1,0,2,1
0.5294117647058824,0.39999999999999997,0.7786850782270023,0.41073760939408277,1,0,0,3,12
0.9411764705882354,0.4714285714285714,0.4611299209984732,0.33079562516848704,1,0,0,2,1
0.47058823529411764,0.5714285714285715,0.19768085153466558,0.249786890992614,1,0,0,4,1
0.6274509803921569,0.5714285714285715,0.20642191683816863,0.25626450514851434,1,0,0,2,1
0.5030496196232563,0.3142857142857143,1.0000000000000002,0.18709926590252668,0,0,0,1,1
0.09803921568627455,1.0,0.06313483369846645,0.31804282229905817,0,0,0,2,1
0.8431372549019608,0.028571428571428574,0.13649339441014408,0.0,0,0,0,2,1
0.8627450980392156,0.8142857142857143,0.49365996149505414,0.6163408099009817,0,1,0,1,24
0.607843137254902,0.44285714285714284,0.9952200756821352,0.5576101202439258,0,1,0,2,1
0.8627450980392156,0.42857142857142855,0.5789683330013942,0.3542898288926653,0,0,0,3,12
0.9019607843137255,0.6,0.39175463055168297,0.3849621030653959,0,1,0,3,1
0.3921568627450981,0.0857142857142857,0.20830290557436548,0.015244884982184952,1,1,0,3,1
0.2941176470588236,0.0,0.15652039213082836,0.0,1,1,0,1,1
0.3921568627450981,0.8571428571428572,0.6682599747726217,0.8046334219828246,0,0,0,0,24
0.1960784313725491,0.1857142857142857,0.8783774812454359,0.2031760230597923,0,0,0,3,24
0.7058823529411765,0.7285714285714286,0.381132576511983,0.46430645027065565,0,1,0,3,1
0.6862745098039217,0.07142857142857142,0.5490938060147381,0.039918297235735985,0,0,1,3,12
0.6666666666666666,0.12857142857142856,0.7217021841598621,0.11051336698736641,1,1,1,3,1
0.3529411764705882,1.0,0.004270950895129355,0.2591370185688392,0,0,0,3,1
0.37254901960784315,0.41428571428571426,0.32802230631348345,0.22877962841757601,0,0,0,3,1
0.33333333333333337,0.2857142857142857,0.7472615016928901,0.27905825258004074,0,0,0,3,1
0.9019607843137255,0.8428571428571429,0.6972493305893026,0.821364045449974,0,0,0,3,1
0.7843137254901961,0.8857142857142858,0.0,0.2220867364102643,0,1,0,3,12
0.9411764705882354,0.5857142857142857,0.20288123215826864,0.26088976585159895,1,0,0,2,1
0.2549019607843137,0.7142857142857143,0.6921595963619465,0.6849983789899098,1,1,0,2,12
0.27450980392156865,0.9,0.24005842129721838,0.4506909294444514,0,1,0,1,1
0.5882352941176471,0.7857142857142857,0.8408683529177456,0.8779274976327468,0,0,0,3,1
0.0,0.5714285714285715,0.0,0.11611701732858179,1,0,0,1,12
0.03921568627450983,0.44285714285714284,0.15032419394100338,0.16649685421223248,0,0,0,4,24
0.2941176470588236,0.19999999999999998,0.251012414525659,0.0781172634522149,0,0,0,2,24
0.43137254901960786,0.8714285714285714,0.9635752063555292,0.9999999999999999,1,0,0,2,1
0.1960784313725491,0.3714285714285714,0.8208413551970613,0.39529062027975187,1,0,0,3,12
0.21568627450980393,0.3857142857142857,0.9179888911018168,0.45276177385093835,1,1,0,2,12
0.17647058823529416,0.9,0.4271614773506827,0.6224440976436071,1,0,0,2,1
0.607843137254902,0.8285714285714286,0.8499413574099892,0.933282823365808,1,0,0,3,1
0.2941176470588236,0.8142857142857143,0.8841310938502733,0.9445592057468261,1,1,0,2,1
0.13725490196078433,0.014285714285714285,0.38234968687069865,0.0,1,0,0,3,1
0.7254901960784313,0.49999999999999994,1.0000000000000002,0.6548096767072898,0,1,0,0,1
0.21568627450980393,1.0,0.8815862267365953,0.9999999999999999,0,0,0,2,24
0.4509803921568628,0.17142857142857143,1.0000000000000002,0.21272214987386967,0,0,0,2,1
0.5294117647058824,0.19999999999999998,0.8985151253623671,0.22297033953172887,0,1,0,4,12
0.13725490196078433,0.8428571428571429,0.7986014295514396,0.9027695977549411,0,1,0,3,12
0.5294117647058824,0.3,0.9840447896612008,0.37154097492591387,0,0,0,1,1
0.6862745098039217,0.8857142857142858,0.4042576733275797,0.5950138436510866,0,0,0,3,1
0.5030496196232563,0.34285714285714286,0.8064573236849677,0.3624768134508171,1,0,0,3,1
0.13725490196078433,0.6714285714285715,0.17533027949279695,0.28452855917747144,0,0,0,3,12
0.5030496196232563,0.6,0.7505808935802962,0.6076734665549791,0,1,0,3,24
0.5294117647058824,0.5285714285714286,0.8087808980061522,0.5665473641797576,1,1,0,1,1
0.5294117647058824,0.5714285714285715,0.7325455309920557,0.5664092007825832,1,0,0,3,24
0.7058823529411765,0.6285714285714286,0.8800371771891391,0.7226093474928322,0,0,0,2,1
0.7843137254901961,0.5571428571428572,0.39706565757153295,0.3573840463689213,1,1,0,3,12
0.6862745098039217,0.22857142857142856,0.5425656686361726,0.16745757178793397,1,0,0,1,1
0.5098039215686275,0.8,0.0,0.15825846001792268,0,1,0,2,1
0.3137254901960784,0.014285714285714285,0.10141848679988497,0.0,0,0,0,1,1
0.1568627450980392,0.8714285714285714,0.6525481865055656,0.8051410921398842,0,1,0,1,1
0.6274509803921569,0.11428571428571427,0.5619287879793755,0.07480294847115773,0,1,1,3,1
0.37254901960784315,0.9571428571428572,0.15806944167828452,0.4014903010901734,0,1,0,3,12
0.23529411764705888,0.22857142857142856,0.20918807674434048,0.08965230056515255,1,1,0,1,1
0.5294117647058824,0.7000000000000001,1.0000000000000002,0.4013874818178575,0,1,0,1,12
0.9215686274509803,0.5571428571428572,0.7324348845958089,0.5544869848473309,0,0,0,2,1
0.5490196078431373,0.8142857142857143,0.614375179800394,0.71817687292534,0,0,0,3,12
0.23529411764705888,0.2857142857142857,0.016773993671026166,0.0572401315187017,1,1,0,2,12
0.8823529411764707,0.24285714285714283,1.0000000000000002,0.2418682004731614,0,0,0,3,12
0.5030496196232563,0.7714285714285715,0.23043218482374034,0.3727507079267553,0,0,0,1,1
0.09803921568627455,0.39999999999999997,0.6830865918697029,0.3744375866131877,0,1,0,4,1
0.33333333333333337,0.32857142857142857,0.07630175485184454,0.08756539064736621,0,0,0,2,24
0.9803921568627451,0.22857142857142856,1.0000000000000002,0.28827182331022144,1,1,0,3,1
0.07843137254901966,0.24285714285714283,0.028613158069441702,0.04728754726875061,0,1,0,1,1
0.9019607843137255,0.5857142857142857,0.7604284228462681,0.5998720542680118,0,0,0,3,1
0.47058823529411764,0.6285714285714286,0.538693044767532,0.49993332812810753,0,1,0,3,12
0.019607843137254943,0.22857142857142856,0.03480935625926668,0.04752210373372121,0,0,0,3,12
0.17647058823529416,0.1857142857142857,0.0,0.017233795281045232,1,1,0,2,12
0.5686274509803921,0.6857142857142857,0.34107858107061456,0.40791811216104573,1,0,0,3,1
0.9607843137254902,0.39999999999999997,0.827369492575627,0.43083717058070714,0,0,0,2,1
0.8627450980392156,0.04285714285714286,0.0,0.0,0,1,0,2,24
0.07843137254901966,0.2714285714285714,0.7191573170461838,0.2528586167530509,1,0,0,2,1
0.6274509803921569,0.6571428571428571,0.6649405828852155,0.6101154242724812,1,0,0,1,1
0.0,0.11428571428571427,0.23353028391865277,0.03229681867532148,0,0,0,2,1
0.33333333333333337,0.3714285714285714,0.025515058974529214,0.08576284027957845,0,0,0,4,1
0.607843137254902,0.19999999999999998,0.9525105667308418,0.23358964250060324,0,1,0,2,1
0.9019607843137255,0.2571428571428571,0.27203522981256506,0.1166503923037204,0,0,0,1,1
0.9411764705882354,0.7285714285714286,0.06302418730221959,0.2266750464373604,0,1,0,1,1
0.1960784313725491,0.35714285714285715,0.6938192923056496,0.3306012324817648,1,1,0,3,1
0.3921568627450981,0.35714285714285715,0.1795348425501782,0.13866014278383823,0,1,0,2,24
0.4901960784313726,0.35714285714285715,0.46599836243333564,0.24641795327313906,1,0,0,3,1
0.47058823529411764,0.6428571428571429,0.0,0.15172461657247457,0,0,0,3,1
0.4117647058823529,0.6857142857142857,1.0000000000000002,0.9034539885362936,0,1,0,3,12
0.5030496196232563,0.7428571428571429,0.4350173714842109,0.5171668020989268,0,1,0,3,24
0.9411764705882354,0.028571428571428574,1.0000000000000002,0.023377246801918987,0,1,1,2,1
0.23529411764705888,0.9285714285714286,0.3665272522073956,0.5831333980452128,0,1,0,2,24
0.6274509803921569,0.5857142857142857,0.3247029144260772,0.3346401020224229,0,1,0,2,1
0.6470588235294118,0.2571428571428571,0.9517360419571135,0.30247534184998215,1,1,0,2,1
0.7843137254901961,0.22857142857142856,0.3043439775166524,0.11022740088623786,0,1,0,3,1
0.6666666666666666,0.45714285714285713,0.4177565336696985,0.2989393228129939,1,0,0,3,1
0.0,0.6857142857142857,0.026178937352010434,0.18587989359490553,0,0,0,2,12
0.3921568627450981,0.7857142857142857,0.9969904180220852,0.9999999999999999,1,0,0,3,1
0.9215686274509803,0.8857142857142858,0.03403483148553854,0.2524714379307364,1,0,0,4,1
0.09803921568627455,0.028571428571428574,0.7930691097390961,0.013786136556203421,0,1,1,1,12
0.5294117647058824,0.6857142857142857,0.5357055920688663,0.545082234532688,1,0,0,3,1
0.3137254901960784,0.7714285714285715,0.00770098917878248,0.19746152069061135,1,1,0,2,24
0.5030496196232563,0.35714285714285715,0.0,0.05005242176336979,0,0,0,2,24
0.5882352941176471,0.7285714285714286,0.9749717851689572,0.913151131156585,0,0,0,2,1
0.5030496196232563,0.0857142857142857,0.7609816548275024,0.06886192239265587,1,0,1,1,24
0.7254901960784313,0.6428571428571429,0.6992409657217464,0.6221067219063207,0,0,0,3,1
0.03921568627450983,0.6428571428571429,0.4250591958219921,0.43778711076880855,0,0,0,3,1
0.43137254901960786,0.21428571428571427,0.20376640332824364,0.07655087610052766,0,1,0,2,1
0.7058823529411765,0.32857142857142857,0.6920489499656997,0.30470844792059265,0,0,0,2,12
0.7058823529411765,0.8571428571428572,0.6128261302529376,0.7587969116946317,1,0,0,2,12
0.17647058823529416,0.7571428571428571,0.7433888778242492,0.7688298235010798,1,1,0,2,1
0.17647058823529416,0.8714285714285714,0.34450861935426763,0.5290038708242925,1,0,0,1,1
0.3529411764705882,0.0,1.0000000000000002,0.0,1,0,1,2,1
0.3137254901960784,0.6857142857142857,0.0138971873686074,0.17770415489466326,1,1,0,0,24
0.3921568627450981,0.34285714285714286,0.027949279691960427,0.07719510310363184,1,0,0,3,24
0.2549019607843137,0.12857142857142856,0.9542809090707915,0.1423375383202608,0,0,1,2,12
0.1568627450980392,0.21428571428571427,0.6564208103742062,0.1808562082115969,0,1,0,3,12
0.8823529411764707,0.8142857142857143,0.3008032928367524,0.45434583326505484,0,0,0,2,1
0.0,0.39999999999999997,0.7828896412843835,0.4117433104014224,1,0,0,2,1
0.9803921568627451,0.07142857142857142,0.4407709840890483,0.025272977135243006,1,0,0,2,1
0.8627450980392156,0.21428571428571427,0.0,0.024852060739199877,0,0,0,1,12
0.23529411764705888,0.2714285714285714,0.6601827878465998,0.23936519381272173,1,1,0,2,1
0.05882352941176472,1.0,0.20874549115935298,0.4696305607152622,0,1,0,2,1
0.0,0.6,0.06733939675584771,0.18281138093672855,0,1,0,2,24
0.9411764705882354,0.35714285714285715,0.1890504326274094,0.13982971200643135,0,1,0,4,24
0.7647058823529412,1.0,0.4666622408108169,0.7382169917201568,1,0,0,1,1
0.607843137254902,0.45714285714285713,0.0,0.09440447880750208,1,0,0,2,12
0.6470588235294118,0.35714285714285715,0.9169930735355949,0.4183253503807686,0,0,0,2,24
0.5294117647058824,0.6285714285714286,0.5592732744694504,0.5114651521387854,1,1,0,3,1
0.5882352941176471,0.8857142857142858,0.2639580428865432,0.4633634047573834,1,1,0,2,1
0.13725490196078433,0.9428571428571428,0.6999048440992277,0.9218040155424181,0,0,0,4,1
0.7450980392156864,0.7285714285714286,0.8295824205005644,0.8013399921664566,1,0,0,3,1
0.4901960784313726,0.9571428571428572,0.6190223284427627,0.8539593613252374,0,0,0,3,24
0.6470588235294118,0.35714285714285715,0.16382305428312205,0.13418429133583762,1,0,0,3,1
0.03921568627450983,0.014285714285714285,0.061807076943504013,0.0,1,0,0,2,1
0.9607843137254902,0.1857142857142857,0.8912124632100733,0.2035519560241972,1,0,0,3,1
0.21568627450980393,0.41428571428571426,0.19945119387461552,0.17535698369382732,1,0,0,4,1
0.0,0.6857142857142857,0.0,0.1373331315505114,1,0,0,3,1
0.8431372549019608,0.15714285714285714,0.6511097833543562,0.13065469850336908,1,1,0,2,12
0.07843137254901966,0.6142857142857143,0.10894244174467238,0.2119204808600318,1,0,0,3,1
0.5686274509803921,0.45714285714285713,1.0000000000000002,0.5983394044900533,1,1,0,1,12
0.5686274509803921,0.17142857142857143,0.9020558100422671,0.18876204632201002,0,1,0,3,12
0.3137254901960784,0.35714285714285715,0.6129367766491847,0.3037123862200326,0,1,0,1,1
0.9215686274509803,0.2857142857142857,0.862444400185886,0.3151397844072645,1,1,0,2,12
0.9019607843137255,0.3857142857142857,0.4603553962247449,0.9999999999999999,1,0,0,4,12
0.43137254901960786,0.6714285714285715,0.8122109362898051,0.7260232686439454,0,0,0,2,1
0.27450980392156865,0.5571428571428572,0.6550930536192436,0.5085685404515115,0,0,0,4,1
0.7058823529411765,0.9285714285714286,0.0,0.20510709751797487,0,1,0,3,12
0.3921568627450981,0.3142857142857143,0.9895771094735446,0.38906041499786165,1,1,0,1,24
0.2549019607843137,0.6714285714285715,0.8923189271725422,0.7836759624928147,0,0,0,1,1
0.019607843137254943,0.014285714285714285,0.9946668437009007,0.0030848994797023493,0,1,1,4,1
0.1960784313725491,0.2714285714285714,0.7490318440328401,0.2649463074546864,0,0,0,3,1
0.9803921568627451,0.8285714285714286,0.3957379008165704,0.5424185727592548,1,0,0,3,1
0.7450980392156864,0.6428571428571429,0.1688021421142314,0.2649254222899972,0,0,0,4,1
0.7254901960784313,0.028571428571428574,0.13892761512757534,0.0,1,0,0,0,1
0.6470588235294118,0.7714285714285715,0.10009073004492247,0.267699936091396,1,0,0,1,1
0.7254901960784313,0.15714285714285714,0.18385005200380627,0.04479257336396062,0,1,0,3,1
0.9607843137254902,0.5571428571428572,0.5489831596184913,0.4474023192814731,1,0,0,2,1
0.6470588235294118,0.9285714285714286,0.6962535130230809,0.9043295589021086,0,0,0,3,1
0.33333333333333337,0.21428571428571427,0.2873044324946336,0.09566722799563146,0,1,0,2,1
0.5686274509803921,0.4714285714285714,0.5468808780898007,0.37219644778692756,0,1,0,4,1
0.27450980392156865,0.6142857142857143,0.3174002522737835,0.34672297307066857,1,0,0,3,24
0.5098039215686275,0.07142857142857142,0.7104162517426809,0.05200759448850142,1,0,1,1,24
0.9803921568627451,0.9,1.0000000000000002,0.9999999999999999,1,1,0,3,1
0.6470588235294118,0.3,0.7021177720241654,0.2791193015229783,0,0,0,3,1
1.0,0.24285714285714283,0.005045475668857491,0.6907932089155875,0,0,0,2,1
0.7254901960784313,0.15714285714285714,0.4677687047732855,0.09362369495835335,1,0,0,3,1
0.6274509803921569,0.7285714285714286,0.792183938569121,0.776030385665451,0,0,0,2,1
0.4509803921568628,0.7142857142857143,0.5396888623337539,0.5747632666582483,0,0,0,2,1
0.27450980392156865,1.0,0.9921219765872227,0.9999999999999999,1,0,0,4,12
0.5686274509803921,0.6714285714285715,0.00039832702648878726,0.15963848743853737,0,0,0,3,1
0.8039215686274509,0.2571428571428571,0.26196640775409946,0.1152109224912981,0,1,0,3,1
0.5030496196232563,0.07142857142857142,0.18396069840005314,0.003947617436477771,0,0,0,3,12
0.3137254901960784,0.3714285714285714,0.7890858394742084,0.3833202078106017,0,0,0,2,12
0.07843137254901966,0.7428571428571429,0.5193299254243289,0.5797660668768677,1,0,0,1,1
0.5490196078431373,0.6714285714285715,0.09278806789262872,0.22539141208454186,0,1,0,2,1
0.05882352941176472,0.0857142857142857,0.2557702095642746,0.018242709390644797,0,1,0,2,1
0.17647058823529416,0.8285714285714286,0.5181128150656134,0.6540545976762201,1,0,0,2,1
0.5030496196232563,0.9714285714285714,1.0000000000000002,0.9999999999999999,0,0,0,2,1
0.17647058823529416,0.14285714285714285,0.34284892341056455,0.06636052228334613,1,1,0,2,1
0.3137254901960784,0.19999999999999998,0.1132576511983005,0.04997209420687302,0,1,0,4,1
0.37254901960784315,0.9,0.4897873376264135,0.6853903774656142,0,0,0,2,12
0.5030496196232563,0.028571428571428574,0.28298922304100566,0.0,0,0,0,3,12
0.07843137254901966,0.9714285714285714,0.5660227046405097,0.8155210189903983,0,0,0,3,1
0.6470588235294118,0.3142857142857143,0.45615083316736377,0.2104504865761407,1,0,0,3,1
0.5030496196232563,0.7428571428571429,0.7026710040053996,0.7240022273224864,1,1,0,2,1
0.019607843137254943,0.5142857142857143,0.9514041027683731,0.6279545680192863,0,0,0,3,1
0.23529411764705888,0.11428571428571427,0.1616101263581845,0.022349054078760207,0,0,0,2,1
0.823529411764706,0.19999999999999998,0.8483923078625331,0.20940622834168257,1,0,0,3,24
0.823529411764706,0.028571428571428574,0.9901303414547791,0.020059718718601967,0,1,1,2,12
0.9215686274509803,0.9857142857142858,0.3531390382615239,0.6095932951552522,1,1,0,2,24
0.1960784313725491,0.22857142857142856,0.06556905441589772,0.052121659618726855,0,0,0,0,12
0.9803921568627451,0.35714285714285715,0.8491668326362611,0.3915280775334427,0,0,0,1,24
0.5030496196232563,0.2857142857142857,0.715505985970037,0.26597128707558526,0,0,0,2,12
0.5030496196232563,0.2857142857142857,0.17510898670030323,0.10532260028654444,0,0,0,3,24
0.2941176470588236,0.14285714285714285,0.4323618579742858,0.08114721888327345,1,1,0,2,1
0.5882352941176471,0.5285714285714286,0.5793002721901348,0.43733406335016667,0,0,0,2,1
0.1960784313725491,0.4857142857142857,0.12775232910664103,0.1759417683051239,0,0,0,2,1
0.2941176470588236,0.1857142857142857,0.7307751886521057,0.17307086143592895,0,0,0,4,24
0.13725490196078433,0.1857142857142857,0.7031135895903871,0.16418984678964493,0,0,0,3,1
0.05882352941176472,0.12857142857142856,0.9213082829892232,0.13790345720163855,1,1,1,3,1
0.5030496196232563,0.15714285714285714,0.5674611077917193,0.11466630165824993,0,0,0,1,1
0.05882352941176472,0.5285714285714286,0.5752063555290006,0.4355507915959382,0,0,0,3,12
0.47058823529411764,0.4714285714285714,0.6251078802363408,0.41155534391922,0,0,0,3,1
0.03921568627450983,0.5714285714285715,0.24271393480714337,0.2750225961416425,0,0,0,2,12
0.607843137254902,0.12857142857142856,0.7791276638119897,0.11906343210088369,0,0,1,3,24
0.03921568627450983,0.22857142857142856,0.6727964770187436,0.2029639583106408,1,0,0,2,24
0.5098039215686275,0.22857142857142856,0.8681980127907234,0.9999999999999999,0,1,0,3,1
0.5490196078431373,0.9428571428571428,0.7901923034366771,0.9999999999999999,1,1,0,3,1
0.607843137254902,0.8714285714285714,0.6463519883157407,0.7997816375704191,0,0,0,2,1
0.9607843137254902,0.0,0.1177941534444224,0.0,1,1,0,3,1
0.9803921568627451,0.15714285714285714,1.0000000000000002,0.17882713413448825,1,1,0,3,1
0.3529411764705882,0.04285714285714286,0.3460576689017239,0.0013433980548521532,1,0,0,0,12
0.3921568627450981,0.5857142857142857,1.0000000000000002,0.7494644561808359,1,0,0,3,1
0.07843137254901966,0.17142857142857143,0.3844519683993893,0.09050055956175856,1,1,0,2,24
0.33333333333333337,0.04285714285714286,0.10119719400739124,0.0,0,1,0,3,24
0.5294117647058824,0.9714285714285714,0.9187634158755451,0.9999999999999999,1,1,0,3,1
0.8039215686274509,0.2571428571428571,1.0000000000000002,0.2721854268461762,0,0,0,2,24
0.4117647058823529,0.014285714285714285,0.8097767155723739,0.31036190134683606,1,1,1,2,12
0.3921568627450981,0.15714285714285714,0.038681980127907245,0.02311698551886942,1,0,0,2,1
0.09803921568627455,0.07142857142857142,0.912677864081967,0.07197059882908127,0,0,1,2,1
0.0,0.09999999999999999,0.5996592090995596,0.06968608312231284,1,1,1,3,1
0.07843137254901966,0.7142857142857143,0.4602447498284982,0.5143007148831218,1,1,0,2,1
0.5030496196232563,0.14285714285714285,0.9501869924096573,0.16157438155010975,0,0,1,3,12
0.21568627450980393,0.8857142857142858,0.6766691008873842,0.8419295064642797,1,1,0,2,1
0.4901960784313726,0.8,0.08692380889154439,0.2696502891631378,0,0,0,2,12
0.8823529411764707,0.15714285714285714,0.5145721303857134,0.10208861286198409,1,0,0,2,1
0.6470588235294118,0.014285714285714285,0.644139060390803,0.0,0,1,1,2,1
0.9411764705882354,0.09999999999999999,0.9340326185576138,0.10373050811677828,1,1,1,1,1
0.2549019607843137,0.14285714285714285,0.2494633649782027,0.05007973313257869,0,0,0,3,1
0.4901960784313726,0.7428571428571429,0.818517780875877,0.8099848437966402,1,1,0,2,1
0.8627450980392156,0.12857142857142856,0.8247139790657021,0.125542652807914,1,1,1,3,1
0.5098039215686275,0.09999999999999999,0.08139148907920069,0.007512554393804882,0,1,0,4,24
0.1568627450980392,0.49999999999999994,0.0,0.09010213488153451,0,0,0,2,12
0.4901960784313726,0.1857142857142857,0.5830622496625286,0.13816371848468811,1,0,0,1,1
0.9019607843137255,0.7571428571428571,0.8133174002522738,0.8215696839946057,1,1,0,3,1
0.4117647058823529,0.2857142857142857,0.5531877226758726,0.22030185810490585,0,0,0,1,1
0.9019607843137255,0.7000000000000001,0.8396512425590299,0.7781140824809776,1,1,0,1,1
0.5686274509803921,0.5428571428571429,0.6283166257275001,0.4811672043793298,0,0,0,2,12
0.823529411764706,0.2714285714285714,0.662617008564031,0.23923988282458677,0,1,0,1,24
0.9215686274509803,0.0857142857142857,0.0,0.0,0,1,0,3,12
0.3137254901960784,0.11428571428571427,0.03779680895793225,0.0073374403206419025,1,0,0,3,1
0.4901960784313726,0.0,0.7419504746730401,0.0,0,1,1,0,24
0.6862745098039217,0.35714285714285715,0.7837748124543584,0.36785715318497153,1,1,0,2,1
0.0,0.5285714285714286,0.5396888623337539,0.4174803044864225,1,0,0,3,24
0.13725490196078433,0.5285714285714286,0.5927991325322535,0.4515327622365376,0,0,0,2,1
0.9411764705882354,0.8571428571428572,0.619575560423997,0.76133686903106,0,0,0,1,1
0.6666666666666666,0.6142857142857143,0.05594281794241962,0.18007542436244822,1,0,0,2,1
1.0,0.6142857142857143,0.6787713824160748,0.5780438440655767,1,0,0,2,1
0.27450980392156865,0.8714285714285714,0.4692071079244949,0.6387056081808153,0,1,0,2,12
0.9019607843137255,0.07142857142857142,0.6064086392706189,0.04357159450520955,1,1,1,2,12
0.4117647058823529,0.22857142857142856,0.5628139591493506,0.1727736494768909,0,1,0,2,1
0.2549019607843137,0.7142857142857143,0.7839961052468523,0.7502516662345043,0,1,0,2,12
0.4901960784313726,0.5285714285714286,0.29228352032574306,0.28276617258793213,0,0,0,3,1
0.5294117647058824,0.32857142857142857,0.35302839186527696,0.18515373248417466,1,1,0,2,1
0.43137254901960786,0.7142857142857143,0.37305538958596124,0.449603294329485,0,0,0,3,24
0.2549019607843137,0.12857142857142856,0.7834428732656178,0.12076798284974538,0,1,1,2,24
0.4509803921568628,0.2857142857142857,0.4167607161034766,0.17738123811754622,1,1,0,4,1
0.019607843137254943,0.9857142857142858,0.135718869636416,0.38853185967611276,0,0,0,2,1
0.8627450980392156,0.8,1.0000000000000002,0.9999999999999999,1,1,0,4,1
0.4901960784313726,0.5428571428571429,0.4856934209652793,0.39604248620856175,1,1,0,3,12
0.2549019607843137,0.45714285714285713,0.06058996658478838,0.1269098278194892,0,0,0,2,24
0.9803921568627451,0.8285714285714286,0.6814268959259997,0.7882225021905325,0,0,0,2,1
0.11764705882352944,0.24285714285714283,0.7576622629400962,0.23952102927232552,1,0,0,2,24
0.03921568627450983,0.7857142857142857,0.4932173759100666,0.5939615526609787,0,0,0,3,1
0.9019607843137255,0.8,0.6550930536192436,0.7406043266992409,0,0,0,2,1
0.43137254901960786,0.6714285714285715,0.13085042820155351,0.25169386718384756,0,1,0,2,24
0.8823529411764707,0.5857142857142857,0.346832193675452,0.3492099142198089,1,1,0,2,1
0.823529411764706,0.3714285714285714,0.1187899710106442,0.12196646999267732,1,0,0,2,1
0.9019607843137255,0.7285714285714286,0.3681869481510987,0.45600700713340825,1,1,0,4,12
0.8627450980392156,0.5857142857142857,0.56248201996061,0.4818178575869537,0,1,0,1,1
0.33333333333333337,0.44285714285714284,0.42937440527562026,0.2960635962904091,1,1,0,2,1
0.7254901960784313,0.35714285714285715,0.5961185244196596,0.29519123902685407,1,1,0,3,24
0.6666666666666666,0.34285714285714286,0.4949877182500167,0.24742044117821885,0,0,0,1,12
0.9803921568627451,0.3142857142857143,0.29139834915576807,0.1602666489303422,0,1,0,2,24
0.27450980392156865,0.8,0.0984310341012194,0.28042060793822615,0,1,0,1,1
0.47058823529411764,0.7285714285714286,0.21936754519905294,0.34348255944158845,0,0,0,3,1
0.7058823529411765,0.42857142857142855,0.16183141915067828,0.16240818158654635,0,0,0,1,24
0.5294117647058824,0.9,0.7224767089335902,0.8991950214908344,0,0,0,1,1
0.17647058823529416,1.0,0.8470645511075705,0.9999999999999999,0,0,0,3,1
0.7450980392156864,0.45714285714285713,0.736860740445684,0.4535136397797482,0,0,0,1,1
0.3137254901960784,0.014285714285714285,0.6519949545243313,0.0,0,0,1,3,1
0.7450980392156864,0.24285714285714283,0.28044435592732747,0.11647527823055742,1,1,0,1,1
0.4117647058823529,0.6571428571428571,0.7264599791984776,0.6543003999991003,1,1,0,3,24
0.4901960784313726,0.45714285714285713,0.6092854455730379,0.39387524873427865,0,0,0,4,24
0.8431372549019608,0.4857142857142857,0.0,0.10398755629756798,0,1,0,2,1
0.47058823529411764,0.7142857142857143,0.9439907942198325,0.8723399128028307,0,1,0,3,12
0.3137254901960784,0.24285714285714283,0.028281218880701064,0.047035318741350716,0,1,0,2,24
0.23529411764705888,0.41428571428571426,0.4959835358162385,0.30351317387992055,0,1,0,2,12
0.37254901960784315,0.6142857142857143,0.5074907610259134,0.4690473826550956,1,1,0,1,1
0.47058823529411764,0.7428571428571429,0.8658744384695392,0.8487702011755455,0,1,0,3,1
0.05882352941176472,0.12857142857142856,0.9500763460134105,0.14305084702195223,1,1,1,2,1
0.17647058823529416,0.7285714285714286,0.9795082874150789,0.9175161305766201,0,1,0,3,1
0.03921568627450983,0.6857142857142857,0.5701166213016442,0.5710939038774753,0,1,0,1,1
0.7843137254901961,0.14285714285714285,0.691053132399478,0.12194076517459837,0,0,1,4,1
0.8627450980392156,0.9285714285714286,0.03768616256168539,0.26997159938912496,0,0,0,2,1
0.33333333333333337,0.8142857142857143,0.47960786917170123,0.6028216821425737,1,0,0,4,1
0.9019607843137255,0.49999999999999994,0.9332580937838857,0.5995298588773356,0,0,0,2,1
0.6862745098039217,0.45714285714285713,0.44397972958020754,0.3133147423236577,1,0,0,1,1
0.9019607843137255,0.6571428571428571,0.016773993671026166,0.17016782354413532,0,0,0,2,12
0.4117647058823529,0.17142857142857143,0.16172077275443142,0.047602431290217996,0,1,0,2,1
0.6470588235294118,0.5571428571428572,0.4149903737635266,0.37045012670868754,0,0,0,2,24
0.9019607843137255,0.9571428571428572,0.202549292969528,0.4448221981667966,1,0,0,1,24
0.13725490196078433,0.5857142857142857,0.3738299143596893,0.3659116197666195,1,1,0,3,12
0.7647058823529412,0.2571428571428571,0.3082166013852929,0.12647445246327663,0,0,0,4,12
0.9411764705882354,0.2571428571428571,0.2926154595144837,0.1223440095082122,0,0,0,2,24
0.8431372549019608,0.8142857142857143,0.040673615260351015,0.23708871086160296,0,1,0,2,1
0.3529411764705882,0.3142857142857143,0.9164398415543606,0.3677254159923168,0,0,0,3,24
0.8039215686274509,0.7571428571428571,0.7062116886852996,0.7395231177887944,0,1,0,1,12
0.7843137254901961,0.9142857142857143,0.6295337360862157,0.8246269507948731,0,1,0,2,12
0.7058823529411765,0.15714285714285714,0.610834495120494,0.11833084478563305,1,1,0,2,1
0.09803921568627455,0.32857142857142857,0.378477063002058,0.19445887662876168,1,0,0,2,1
1.0,0.4714285714285714,0.8507158821837173,0.5228555996500288,0,0,0,2,12
0.4901960784313726,0.7428571428571429,0.9687755869791321,0.9272566500774196,1,0,0,2,12
0.6470588235294118,0.09999999999999999,0.0,0.0,1,0,0,1,12
0.5030496196232563,0.24285714285714283,0.027396047710726124,0.04526007974277187,1,1,0,2,1
0.09803921568627455,0.8,1.0000000000000002,0.7646961674437553,1,1,0,3,1
0.7058823529411765,0.05714285714285714,0.2010002434220718,0.0015908069288622304,0,0,0,1,1
0.5030496196232563,0.35714285714285715,0.9485272964659544,0.4280305257567096,1,0,0,3,1
0.4117647058823529,0.41428571428571426,0.6782181504348404,0.3821875892639971,1,0,0,1,1
0.3921568627450981,0.7571428571428571,0.34727477926043954,0.4585244727540173,0,1,0,4,1
0.09803921568627455,0.17142857142857143,0.3992785854964704,0.09282684559790533,0,0,0,1,1
0.09803921568627455,0.39999999999999997,0.7042200535528558,0.383909812075288,0,1,0,3,1
0.9215686274509803,0.028571428571428574,0.0957755205912944,0.0,1,1,0,2,1
0.05882352941176472,0.8142857142857143,0.917214366328089,0.9745888594675826,1,0,0,2,24
0.5686274509803921,0.014285714285714285,0.0,0.0,1,0,0,3,12
0.1960784313725491,0.3857142857142857,1.0000000000000002,0.4915760491501826,1,1,0,2,12
0.5686274509803921,0.014285714285714285,0.1252074619929629,0.10295615047214932,1,0,0,3,1
0.5882352941176471,0.0857142857142857,0.7608710084312555,0.07181958302286731,0,0,1,1,12
0.4509803921568628,0.35714285714285715,0.0,0.06513954342459508,0,1,0,4,1
0.1568627450980392,0.21428571428571427,0.41709265529221723,0.1282593307686351,0,0,0,0,24
0.03921568627450983,0.3142857142857143,0.6371683374272501,0.2729565713885453,0,1,0,2,12
0.5030496196232563,0.5571428571428572,0.017437872048507386,0.13801752233186398,0,0,0,2,1
0.5882352941176471,0.8428571428571429,0.43025957644559515,0.5857568960403976,0,0,0,2,24
0.7647058823529412,0.44285714285714284,0.2751333289074775,0.22537695312437242,0,1,0,3,1
0.5030496196232563,0.19999999999999998,0.49100444798512904,0.1340348820807536,0,0,0,1,1
0.6862745098039217,0.17142857142857143,0.498085817344929,0.11180021444244481,1,1,0,1,12
0.4509803921568628,0.05714285714285714,0.8085596052136583,0.044665655824695706,1,1,1,3,1
0.5882352941176471,0.7285714285714286,0.0764124012480914,0.23752408621781554,0,0,0,2,1
0.09803921568627455,0.5714285714285715,0.03126867157936669,0.15251985938179272,1,1,0,1,12
0.019607843137254943,0.7428571428571429,0.3844519683993893,0.47568243882172967,0,1,0,3,1
0.37254901960784315,0.7000000000000001,0.9217508685742106,0.8395550238942349,0,0,0,3,12
0.5294117647058824,0.19999999999999998,0.8861227289827172,0.2200881868046244,0,0,0,2,24
0.1960784313725491,0.0857142857142857,0.5593839208656974,0.05238834710629616,1,0,1,1,1
0.05882352941176472,0.5571428571428572,0.92318927172542,0.6647879657753198,0,0,0,3,1
0.27450980392156865,0.3857142857142857,0.8307995308592799,0.4166754223703248,0,0,0,4,1
0.09803921568627455,0.44285714285714284,0.24725043705326516,0.20853869073151732,0,0,0,2,1
0.9411764705882354,0.19999999999999998,0.12797362189913475,0.05312093442154681,1,1,0,2,1
0.5686274509803921,0.9857142857142858,0.27303104737878686,0.5306329136700471,0,0,0,3,1
0.7254901960784313,0.9142857142857143,0.1910420677598531,0.4113705905392774,0,1,0,4,1
0.5030496196232563,0.04285714285714286,0.6287592113124876,0.017757530949404236,0,0,1,3,1
0.019607843137254943,0.14285714285714285,0.586934873531169,0.10583990975038371,0,0,1,2,12
0.27450980392156865,0.35714285714285715,0.6018721370244973,0.30029525196665946,0,0,0,3,24
0.1960784313725491,0.8571428571428572,0.1492177299785346,0.34537989632604243,1,0,0,3,12
0.13725490196078433,0.5142857142857143,0.8159729137621989,0.5565883537252867,0,0,0,3,1
0.4901960784313726,0.3142857142857143,0.4195268760096484,0.19650401621716973,1,0,0,1,1
0.9803921568627451,0.5571428571428572,0.46256832414968246,0.39795106895092525,0,0,0,2,12
0.8627450980392156,0.3142857142857143,1.0000000000000002,0.4078972269963566,1,0,0,4,1
0.8431372549019608,0.21428571428571427,0.2521188784881276,0.09087167287277367,0,1,0,1,1
0.07843137254901966,0.8571428571428572,0.37582154949213303,0.5478776334987759,0,0,0,2,24
0.09803921568627455,0.9571428571428572,0.6882869724933061,0.9221928009158625,0,0,0,1,1
0.4901960784313726,0.42857142857142855,0.9138949744406826,0.5028556446334604,0,0,0,3,1
0.05882352941176472,0.7428571428571429,0.08006373232423825,0.2476373255807602,0,0,0,0,24
0.3529411764705882,0.34285714285714286,0.7530151142977275,0.34071447184470943,1,1,0,3,24
0.37254901960784315,0.6142857142857143,0.9558299586182479,0.7565156090901232,0,0,0,3,1
0.6274509803921569,0.15714285714285714,0.4076877116112329,0.08188944550530369,0,1,0,1,1
0.37254901960784315,0.11428571428571427,0.2569873199229901,0.034092942838589484,0,0,0,2,1
0.9411764705882354,0.15714285714285714,0.6896147292482684,0.13509199272425124,0,0,0,1,12
0.21568627450980393,0.9714285714285714,0.2120648830467592,0.45696611815797983,1,1,0,3,1
0.9019607843137255,0.7571428571428571,0.36497820265993935,0.4728340236683538,0,0,0,2,1
0.0,0.7571428571428571,0.9321516298214167,0.9154870564995113,0,0,0,3,24
0.4901960784313726,0.3857142857142857,0.5929097789285003,0.3188926878467941,1,0,0,4,1
0.2549019607843137,0.7857142857142857,0.04487817831773222,0.22928087237011593,1,0,0,2,24
0.7254901960784313,0.9714285714285714,0.3045652703091461,0.554687803738573,0,1,0,2,24
0.7058823529411765,0.8142857142857143,0.6338489455398439,0.736462637886267,1,1,0,1,1
0.1960784313725491,0.5857142857142857,0.47252649981190126,0.4234309698717039,0,0,0,3,12
0.6862745098039217,0.5285714285714286,0.6703622563013123,0.49149893469594563,0,1,0,3,1
0.23529411764705888,0.9571428571428572,0.7822257629069023,0.9999999999999999,0,0,0,2,12
0.823529411764706,0.7428571428571429,0.47153068224567934,0.5439496159860833,0,0,0,2,12
0.03921568627450983,0.45714285714285713,1.0000000000000002,0.5958926271191614,0,0,0,3,1
0.6274509803921569,1.0,0.9518466883533605,0.9999999999999999,1,0,0,3,12
0.09803921568627455,0.7857142857142857,0.006041293235079348,0.20024085414539994,0,0,0,2,24
0.9607843137254902,0.7142857142857143,0.23452610148487468,0.34610766398790327,0,0,0,1,1
0.17647058823529416,0.6,0.2722565226050588,0.30890957912537426,1,0,0,2,1
0.07843137254901966,0.19999999999999998,0.1436854101661909,0.0549395503006339,0,1,0,1,1
0.43137254901960786,0.5285714285714286,0.28498085817344937,0.2765664917775106,0,1,0,1,1
0.5030496196232563,0.19999999999999998,0.4097899931399234,0.11502456256022559,1,0,0,2,24
0.8431372549019608,0.05714285714285714,0.0,0.0,0,0,0,2,24
0.019607843137254943,0.7571428571428571,0.08061696430547255,0.24891935338244878,0,1,0,3,1
0.23529411764705888,0.7142857142857143,0.046205935072694715,0.21052278137698782,0,0,0,0,1
0.7647058823529412,0.12857142857142856,0.0,0.004072928424612744,0,0,0,2,1
0.019607843137254943,0.15714285714285714,0.47252649981190126,0.0963548318792439,0,0,0,2,1
0.37254901960784315,0.04285714285714286,0.3091017725552679,0.0,0,1,0,0,1
0.0,0.24285714285714283,0.9747504923764634,0.29696326492317304,1,1,0,1,1
0.7058823529411765,0.49999999999999994,0.05350859722498841,0.13806250576350218,0,0,0,2,1
0.1568627450980392,0.34285714285714286,0.9643497311292573,0.41615811290648547,0,1,0,3,24
0.3137254901960784,0.49999999999999994,0.0354732346367479,0.13186764460647046,0,0,0,2,12
0.1568627450980392,0.9428571428571428,0.624886587443847,0.8472230924374176,0,0,0,2,12
0.1960784313725491,0.11428571428571427,0.21383522538670924,0.03242212966345646,1,1,0,3,1
0.5030496196232563,0.8571428571428572,0.8545885060523581,0.9724666054249375,1,0,0,1,24
0.4509803921568628,0.7428571428571429,0.007811635575029341,0.18757962469037745,0,0,0,3,12
0.7254901960784313,0.24285714285714283,0.9936710261346788,0.3000060727632711,0,1,0,1,24
0.6666666666666666,0.6,0.0,0.13775404794655455,0,1,0,2,1
0.5686274509803921,0.4857142857142857,0.2065325632344155,0.21201687392782792,0,0,0,1,1
0.5882352941176471,0.8857142857142858,0.453384673261192,0.6388518043336395,1,0,0,3,1
0.9411764705882354,0.04285714285714286,0.7763615039058178,0.026134088540888493,1,0,1,2,1
0.07843137254901966,0.5714285714285715,0.9921219765872227,0.7230977390363327,1,0,0,3,12
0.5030496196232563,0.6285714285714286,0.4133306778198234,0.4192908876098599,0,0,0,4,24
0.9607843137254902,0.7000000000000001,0.7776892606607804,0.7334134038416492,1,1,0,3,1
0.2549019607843137,0.3857142857142857,0.7443846953904711,0.3814373298863172,0,1,0,2,1
0.1960784313725491,0.5857142857142857,0.5717763172453474,0.48700059153212594,0,1,0,2,12
0.1568627450980392,0.9714285714285714,0.7042200535528558,0.950174101945951,0,0,0,3,1
0.6470588235294118,0.0,0.0,0.0,0,1,0,2,12
0.21568627450980393,0.5428571428571429,0.42837858770939835,0.3681318734281904,0,0,0,2,12
0.6666666666666666,0.22857142857142856,0.8093341299873864,0.23419531227658894,0,0,0,3,1
0.6666666666666666,0.4857142857142857,0.4644493128858794,0.3457413703302779,0,0,0,4,24
0.0,0.6428571428571429,0.9062603730996481,0.7589559602564955,0,1,0,3,1
0.7647058823529412,0.5857142857142857,0.8621124609971453,0.6603297863897485,0,0,0,3,24
0.4117647058823529,0.5428571428571429,0.8950850870787139,0.631429538113337,0,0,0,3,12
0.5490196078431373,0.6857142857142857,0.08360441700413818,0.2256886240435799,0,0,0,2,24
0.13725490196078433,0.8714285714285714,0.2098519551218217,0.4077767356616115,0,0,0,3,1
0.1960784313725491,0.5285714285714286,0.0,0.10446630853428876,0,1,0,2,1
0.7843137254901961,0.3142857142857143,1.0000000000000002,0.4016622020610765,0,1,0,2,1
0.7058823529411765,0.3,0.2010002434220718,0.11828586135399488,0,0,0,3,1
0.2549019607843137,0.04285714285714286,1.0000000000000002,0.0,0,0,0,3,24
0.5686274509803921,0.6857142857142857,0.243931045165859,0.3365454716625266,0,1,0,1,1
0.6666666666666666,0.8285714285714286,0.0,0.1929744233847012,1,1,0,3,24
0.3921568627450981,0.9571428571428572,0.22888313527628407,0.4675998800870236,0,0,0,2,1
0.7058823529411765,1.0,0.048418862997632206,0.30611739326154613,1,0,0,3,1
0.07843137254901966,0.014285714285714285,0.37604284228462687,0.0,1,1,0,3,24
0.3529411764705882,0.6857142857142857,1.0000000000000002,0.8814570904652153,0,0,0,1,1
0.2549019607843137,0.42857142857142855,0.7124078868751245,0.41177544142402117,1,0,0,2,12
0.4901960784313726,0.5571428571428572,0.7219234769523557,0.5512064074400025,1,0,0,1,1
0.05882352941176472,0.6714285714285715,0.44121356967403563,0.46860718764549325,1,0,0,3,24
0.47058823529411764,0.7142857142857143,0.8374383146340925,0.7946872639373933,1,0,0,2,1
0.8627450980392156,0.6,0.9447653189935605,0.7309537740617178,0,1,0,3,12
0.8039215686274509,0.7714285714285715,1.0000000000000002,0.9891859830341773,1,0,0,2,1
0.47058823529411764,0.6857142857142857,0.04930403416760715,0.2027535001126192,0,0,0,2,1
0.33333333333333337,0.8,0.9130098032707075,0.9532779587289866,1,0,0,3,24
0.7647058823529412,0.19999999999999998,0.18882913983491556,0.0653853457474752,0,0,0,4,24
0.13725490196078433,0.3714285714285714,0.379362234172033,0.22331735457579496,1,1,0,1,1
0.7450980392156864,0.9571428571428572,0.3220474009161522,0.5606529280840239,1,1,0,1,1
0.7647058823529412,0.9,0.6867379229458497,0.8660245603110539,1,0,0,2,1
0.2549019607843137,0.41428571428571426,0.6013189050432628,0.3485158841316767,0,1,0,3,1
0.607843137254902,0.49999999999999994,0.06047932018854146,0.14802954897362267,0,1,0,3,12
0.9803921568627451,0.9428571428571428,0.8059040917037332,0.9999999999999999,0,0,0,3,1
0.7254901960784313,0.6857142857142857,0.4261656597844609,0.4695325610963361,0,0,0,3,1
0.6274509803921569,0.7714285714285715,0.0,0.14054302070812272,0,0,0,3,12
0.43137254901960786,0.7857142857142857,0.3983934143264955,0.5176969639718056,0,0,0,2,1
0.27450980392156865,0.9571428571428572,0.5110314457058134,0.748164756316718,1,0,0,1,12
0.6274509803921569,0.6142857142857143,0.01599946889729803,0.15333116770241018,0,0,0,4,24
0.47058823529411764,0.42857142857142855,0.10695080661222867,0.14231665315557168,1,0,0,2,1
0.3137254901960784,0.8142857142857143,1.0000000000000002,0.9999999999999999,0,1,0,2,12
0.6274509803921569,0.7428571428571429,0.9037155059859703,0.8766358305242786,1,0,0,2,1
0.9019607843137255,0.3142857142857143,0.08725574808028502,0.0888875822273032,0,0,0,2,1
0.019607843137254943,0.3857142857142857,0.5818451393038129,0.31510283373127596,0,0,0,2,1
0.2549019607843137,0.21428571428571427,0.35933523645134885,0.11594190325541881,0,0,0,3,1
0.7647058823529412,0.5142857142857143,0.5413485582774571,0.4087535187486123,0,0,0,4,1
0.5030496196232563,0.2857142857142857,0.4603553962247449,0.19185947690052588,0,0,0,2,1
0.5030496196232563,0.22857142857142856,0.0,0.033792517777291524,1,0,0,0,24
0.7450980392156864,0.5142857142857143,0.2887428356458431,0.26904301283602217,0,1,0,3,12
0.9803921568627451,0.2571428571428571,0.07862532917302884,0.06676376661695996,0,1,0,2,24
0.09803921568627455,0.41428571428571426,0.48082497953041675,0.29696487147430306,1,1,0,3,1
0.09803921568627455,0.6285714285714286,0.9436588550310918,0.7672168461666243,0,0,0,1,1
0.03921568627450983,0.24285714285714283,1.0000000000000002,0.31196845247677163,1,0,0,3,1
0.11764705882352944,0.8714285714285714,0.9845980216424353,0.9999999999999999,1,0,0,3,1
0.9803921568627451,0.49999999999999994,1.0000000000000002,0.6491256988095776,0,0,0,3,1
0.13725490196078433,0.7285714285714286,0.0,0.14335127208325016,0,0,0,1,12
0.8039215686274509,0.2571428571428571,0.7468189161079024,0.252355766249381,0,0,0,4,1
0.5030496196232563,0.6142857142857143,0.24171811724092146,0.2968941832245859,0,1,0,2,1
0.5030496196232563,0.0857142857142857,0.8975193077961452,0.08312167022196432,1,0,1,4,1
0.9019607843137255,0.6142857142857143,0.8400938281440176,0.6816856705599826,0,0,0,2,1
0.5490196078431373,0.9571428571428572,0.4085728827812078,0.6464861353030934,1,1,0,1,1
0.6274509803921569,0.4714285714285714,0.46345349531965746,0.3319571616354305,0,1,0,3,1
1.0,0.9285714285714286,0.23308769833366533,0.45919601112633046,1,0,0,2,12
0.5686274509803921,0.9714285714285714,0.2593108942441746,0.5083436232933205,1,0,0,2,1
0.7450980392156864,0.7714285714285715,1.0000000000000002,0.9999999999999999,0,0,0,3,12
0.5098039215686275,0.12857142857142856,0.923299918121667,0.13955659831434228,0,0,1,3,1
0.6862745098039217,0.5857142857142857,0.15209453628095332,0.2294495602387592,0,0,0,1,1
0.5490196078431373,0.5714285714285715,0.24459492354334017,0.27745652110349495,1,1,0,2,24
0.7254901960784313,0.9714285714285714,0.059926088207307104,0.30441123596155456,0,0,0,1,1
0.6274509803921569,0.12857142857142856,1.0000000000000002,0.1565362372066317,0,1,1,3,1
0.7058823529411765,0.12857142857142856,0.9435482086348448,0.14415776075047784,0,0,1,2,24
0.5098039215686275,0.8428571428571429,0.5506428555621943,0.6897746554992085,1,1,0,4,1
0.6274509803921569,0.7142857142857143,0.7064329814777934,0.6930006101681191,1,0,0,2,1
0.05882352941176472,0.2857142857142857,0.7672884994135742,0.2839293156060055,0,0,0,3,12
0.4117647058823529,0.09999999999999999,0.1652614574343314,0.01840336450363836,1,0,0,2,12
0.019607843137254943,0.9142857142857143,0.9739759676027353,0.9999999999999999,0,1,0,2,1
0.17647058823529416,0.41428571428571426,0.5225386709154884,0.3164121729021735,0,1,0,3,1
0.07843137254901966,0.6857142857142857,0.04211201841156037,0.19459382692367627,0,1,0,2,24
0.17647058823529416,0.11428571428571427,0.3791409413795393,0.05135372817861764,0,1,0,2,1
0.6274509803921569,0.22857142857142856,0.605412821704397,0.18287564298192596,0,0,0,3,1
0.7254901960784313,0.9714285714285714,0.3301245878421741,0.5760147699884681,1,0,0,3,1
0.23529411764705888,0.8142857142857143,0.7134037044413464,0.8052278459009007,1,0,0,3,24
0.5882352941176471,0.8,0.9156653167806326,0.95718509107699,0,0,0,2,1
0.9019607843137255,0.8714285714285714,0.7938436345128239,0.9341583937316229,1,1,0,3,12
0.6862745098039217,0.7285714285714286,0.6508884905618624,0.6705072877978907,1,0,0,3,1
0.8627450980392156,0.8571428571428572,0.5064949434596915,0.663811182688319,1,0,0,3,1
0.4509803921568628,0.5571428571428572,0.22135918033149665,0.25863738116742924,0,0,0,2,12
1.0,0.5285714285714286,0.44309455841023254,0.3637925788262344,0,0,0,3,24
0.27450980392156865,0.6,0.2639580428865432,0.30783640297057724,0,0,0,1,1
0.5490196078431373,0.8857142857142858,0.9732014428290072,0.9999999999999999,1,0,0,4,1
0.13725490196078433,0.2571428571428571,0.9436588550310918,0.3036577634816148,1,0,0,2,24
0.5030496196232563,0.7000000000000001,0.11215118723583173,0.2503925607685997,1,0,0,2,12
0.5490196078431373,0.45714285714285713,0.8499413574099892,0.5052269141012454,1,0,0,3,1
0.9019607843137255,0.17142857142857143,0.7174976211024808,0.15398985366568377,1,1,0,1,1
0.05882352941176472,0.8714285714285714,1.0000000000000002,0.9999999999999999,0,0,0,4,12
0.21568627450980393,0.6,0.45238885569497006,0.4214035023457252,0,1,0,2,12
0.8627450980392156,0.6857142857142857,0.7388523755781276,0.6926503820217931,1,0,0,1,24
0.019607843137254943,0.49999999999999994,0.5128017880457634,0.37949661612135493,0,0,0,3,1
0.5098039215686275,0.12857142857142856,0.016552700878532445,0.00771016018278696,0,0,0,3,1
0.5882352941176471,0.07142857142857142,0.0,0.0,0,0,0,3,12
0.9803921568627451,0.8,0.07486335170063513,0.25879964283155277,1,0,0,1,1
0.9803921568627451,0.0,0.26749872756644316,0.0,0,1,0,0,1
0.6862745098039217,1.0,0.2264489145588528,0.4899614652645973,0,0,0,2,1
0.6862745098039217,0.8142857142857143,0.7456018057491869,0.830418567618291,1,0,0,2,1
0.4901960784313726,0.2857142857142857,0.7318816526145744,0.27324735714306364,0,0,0,2,1
0.823529411764706,0.7857142857142857,1.0000000000000002,0.9999999999999999,0,1,0,3,12
0.5098039215686275,0.2714285714285714,0.2832105158334994,0.12914614699235955,0,0,0,4,12
0.07843137254901966,0.7571428571428571,0.9781805306601166,0.9521549794891616,0,0,0,4,1
0.37254901960784315,0.34285714285714286,0.617915864480294,0.2918801371480568,0,1,0,3,1
0.1960784313725491,0.3857142857142857,0.4877957024939698,0.2773038987461511,0,0,0,2,1
0.17647058823529416,0.05714285714285714,0.6786607360198278,0.03428251587192189,0,1,1,0,12
0.7647058823529412,0.2857142857142857,0.7173869747062338,0.2698880587303683,1,0,0,3,1
0.5030496196232563,0.24285714285714283,0.12996525703157846,0.07316105321636357,1,0,0,1,12
0.09803921568627455,0.6571428571428571,0.7714930624709555,0.6856249339305847,1,0,0,1,1
0.13725490196078433,0.9857142857142858,0.7421717674655337,0.9999999999999999,0,0,0,2,1
0.43137254901960786,0.8,1.0000000000000002,0.9999999999999999,1,1,0,1,12
0.9019607843137255,0.2571428571428571,0.948748589258448,0.30734961797820676,0,0,0,2,1
0.4901960784313726,0.9142857142857143,0.6973599769855496,0.8898240087499201,1,1,0,1,1
0.8823529411764707,0.028571428571428574,0.7280090287459338,0.010894344522319334,0,0,1,3,1
0.823529411764706,0.5857142857142857,1.0000000000000002,0.7373173230873927,0,1,0,1,1
0.21568627450980393,0.2857142857142857,1.0000000000000002,0.3576780452256995,1,0,0,2,1
0.4901960784313726,0.5571428571428572,0.8548097988448518,0.6247655640263641,0,0,0,3,1
0.23529411764705888,0.9428571428571428,1.0000000000000002,0.9999999999999999,0,0,0,2,12
0.7647058823529412,0.34285714285714286,0.06302418730221959,0.09184042320412486,1,0,0,1,12
0.33333333333333337,0.7714285714285715,0.8584611299209985,0.8742533151985842,0,1,0,2,12
0.47058823529411764,0.7285714285714286,0.2199207771802873,0.34351308391305724,0,0,0,3,1
0.6274509803921569,0.6142857142857143,0.5635884839230787,0.5066936952828766,0,0,0,4,12
0.9019607843137255,0.7857142857142857,0.3883245922680299,0.5100562067978319,1,1,0,3,1
0.7647058823529412,0.7714285714285715,0.3221580473123991,0.44712599248712426,0,0,0,2,1
0.823529411764706,0.9857142857142858,0.28309986943725246,0.5393082897716994,0,0,0,3,1
0.5030496196232563,0.9285714285714286,0.8862333753789642,0.9999999999999999,0,1,0,4,24
0.8431372549019608,0.2571428571428571,0.7907455354179116,0.2590245599897437,0,1,0,3,1
0.6862745098039217,0.0857142857142857,0.5188873398393414,0.04385113440181835,0,1,1,2,24
0.9215686274509803,0.8857142857142858,0.675009404943681,0.8403663322148524,1,1,0,4,1
0.05882352941176472,0.5857142857142857,1.0000000000000002,0.7657693435985523,1,1,0,1,1
0.07843137254901966,0.5857142857142857,0.37958352696452685,0.36944442570134783,1,0,0,3,1
0.7058823529411765,0.8285714285714286,0.5495363915997256,0.6788292226509571,0,1,0,2,12
0.13725490196078433,0.2714285714285714,0.5300626258602756,0.20306677758295666,1,1,0,1,1
0.8039215686274509,0.22857142857142856,0.9754143707539447,0.27553990560548175,1,1,0,1,24
0.9411764705882354,0.3714285714285714,0.3287968310872115,0.20421224853860076,1,0,0,2,24
0.5294117647058824,0.6571428571428571,1.0000000000000002,0.8631713255042882,0,0,0,1,12
0.5882352941176471,0.014285714285714285,0.2769036712474275,0.0,0,0,0,3,1
0.1568627450980392,0.8857142857142858,0.06025802739604774,0.2758017734396613,0,0,0,4,24
0.9803921568627451,0.8714285714285714,0.15154130429971902,0.35436373024464235,0,0,0,1,24
0.5490196078431373,0.2571428571428571,0.4113390426873797,0.15546145450070478,0,1,0,2,1
0.2549019607843137,0.22857142857142856,0.6587443846953907,0.19721893146999106,1,1,0,2,12
0.7647058823529412,0.9714285714285714,0.5115846776870479,0.7582715694751428,1,1,0,3,1
0.7843137254901961,0.5428571428571429,0.3561264909601895,0.32672783770749003,1,1,0,2,1
0.4117647058823529,1.0,0.5615968487906349,0.8333119662033052,0,1,0,3,1
0.1960784313725491,0.5428571428571429,0.8678660736019828,0.6178879186391097,0,0,0,4,1
0.43137254901960786,0.49999999999999994,0.8679767199982298,0.5639865216786403,1,1,0,2,1
0.0,0.5571428571428572,0.7432782314280026,0.5600215534899591,1,0,0,2,1
0.8823529411764707,0.6285714285714286,0.993560379738432,0.797636891811955,0,0,0,1,12
0.7058823529411765,0.04285714285714286,0.5927991325322535,0.016200782904496634,1,0,1,4,24
0.3921568627450981,0.34285714285714286,0.0,0.04995924179783353,0,1,0,3,24
0.4901960784313726,0.9714285714285714,0.26163446856535894,0.5096497493619582,1,0,0,2,1
0.8823529411764707,0.41428571428571426,0.3029055743654429,0.21941664843231132,0,0,0,3,12
0.6862745098039217,0.9571428571428572,0.5453318285423445,0.9999999999999999,0,0,0,3,1
0.43137254901960786,0.39999999999999997,0.9410033415211667,0.48117684368610936,0,0,0,3,12
0.0,0.9571428571428572,0.8670915488282549,0.9999999999999999,1,0,0,3,1
0.9803921568627451,0.7142857142857143,0.19668503396844367,0.319792356479558,1,1,0,2,1
0.7647058823529412,0.32857142857142857,0.5144614839894666,0.2434699319497072,0,1,0,2,12
0.5030496196232563,0.1857142857142857,0.6690344995463497,0.15563496202273783,0,1,0,4,1
0.3921568627450981,0.9714285714285714,1.0000000000000002,0.9999999999999999,0,0,0,4,1
0.9019607843137255,0.24285714285714283,0.0,0.032541014447071685,0,1,0,2,24
0.1568627450980392,0.5857142857142857,0.45305273407245134,0.4125481925175202,1,1,0,2,1
0.1568627450980392,0.8,1.0000000000000002,0.9999999999999999,0,0,0,1,1
0.17647058823529416,0.15714285714285714,1.0000000000000002,0.19260009697142622,0,1,0,2,1
1.0,0.22857142857142856,0.3056717342716148,0.11063064521985169,0,0,0,2,1
0.4901960784313726,0.41428571428571426,0.0,0.06219312865229316,0,0,0,2,1
0.7843137254901961,0.3142857142857143,0.5889265086636128,0.2544683809852464,1,1,0,3,12
0.6666666666666666,0.0,0.8989577109473545,0.0,0,1,1,3,1
1.0,0.44285714285714284,0.29859036491181484,0.23588219096302135,0,0,0,1,24
0.47058823529411764,0.11428571428571427,0.9735333820177479,0.12786572574180088,1,0,1,0,1
0.4901960784313726,0.19999999999999998,0.30788466219655236,0.09211674999847377,1,0,0,3,1
0.1960784313725491,0.3857142857142857,0.6149284117816283,0.3280564554919468,0,1,0,4,12
0.7254901960784313,0.32857142857142857,0.7386310827856337,0.32239657586118364,1,1,0,3,12
0.019607843137254943,0.8428571428571429,0.3219367545199053,0.49111818207815094,0,1,0,3,12
0.11764705882352944,0.4857142857142857,0.3294607094646928,0.27609898539869937,1,0,0,2,24
0.33333333333333337,0.3714285714285714,0.45980216424351067,0.25678342116348357,0,1,0,2,1
0.5098039215686275,0.2714285714285714,0.8638828033370953,0.29760267227288745,1,1,0,2,1
0.6470588235294118,0.9142857142857143,0.05140631569629778,0.28089454052155716,1,0,0,4,24
0.5098039215686275,0.6857142857142857,0.6384960941822126,0.6176919194012576,0,0,0,3,1
0.5030496196232563,0.0,0.689172143663281,0.0,0,1,1,3,1
0.823529411764706,0.12857142857142856,0.5570603465445132,0.08497723677703994,1,0,1,2,1
0.8431372549019608,0.6571428571428571,0.9751930779614508,0.8233465295443144,1,0,0,3,12
0.9803921568627451,0.8285714285714286,0.6058554072893847,0.7260505800131543,0,0,0,2,1
0.5030496196232563,0.8714285714285714,0.6419261324658656,0.7956029980814565,0,0,0,2,1
0.47058823529411764,0.24285714285714283,0.6034211865719534,0.1959626084863814,0,0,0,4,1
0.11764705882352944,0.6428571428571429,0.7386310827856337,0.6484573735395245,0,0,0,2,12
1.0,0.44285714285714284,0.08957932240146937,0.1363627746680303,1,0,0,2,1
0.09803921568627455,0.3714285714285714,0.9292748235189983,0.44019693746371197,0,0,0,4,1
0.4509803921568628,0.24285714285714283,0.0,0.034073664225030255,0,0,0,1,12
0.6274509803921569,0.5428571428571429,0.6486755626369249,0.4935553201422632,0,0,0,1,24
0.9411764705882354,0.6857142857142857,0.6207926707827127,0.608028514354695,0,0,0,3,12
0.5490196078431373,0.6142857142857143,0.17001925247294702,0.25128098354345413,0,1,0,2,12
0.823529411764706,0.7571428571428571,0.0,0.1734467944003339,0,1,0,3,1
0.4117647058823529,0.4714285714285714,0.09334129987386314,0.14677161943888312,0,0,0,2,1
0.5030496196232563,1.0,0.24039036048595902,0.5045409167687629,0,0,0,3,1
0.5294117647058824,0.49999999999999994,0.9157759631768794,0.59418004361465,0,0,0,1,24
0.9607843137254902,0.24285714285714283,0.8865653145677046,0.2668340050323607,0,0,0,3,1
0.3921568627450981,0.5285714285714286,0.01046714908495433,0.12386541342826121,0,1,0,3,24
0.9411764705882354,0.8285714285714286,0.25986412622540883,0.42910852156489643,1,0,0,3,24
0.11764705882352944,0.11428571428571427,0.9237425037066544,0.12252233668363507,0,0,1,4,1
0.3137254901960784,0.7142857142857143,1.0000000000000002,0.3221957569699417,0,1,0,2,1
0.37254901960784315,0.4857142857142857,1.0000000000000002,0.6347599186056935,0,1,0,2,1
0.7843137254901961,0.05714285714285714,0.22390404744517473,0.0022623453011753197,1,1,0,1,1
0.9411764705882354,0.1857142857142857,0.7575516165438492,0.17769612213901356,1,1,0,1,1
0.37254901960784315,0.41428571428571426,0.4012702206289142,0.2670444632303823,1,1,0,1,24
0.4117647058823529,0.04285714285714286,0.09046449357144437,0.0,1,0,0,4,1
0.5294117647058824,0.5428571428571429,0.22213370510522484,0.24817070055589882,1,0,0,3,1
0.7647058823529412,0.9,0.6867379229458497,0.8648019749011729,0,0,0,2,1
0.9411764705882354,0.34285714285714286,0.3127531036314148,0.18172053271950228,0,0,0,3,24
0.11764705882352944,0.3857142857142857,0.6081789816105689,0.325656268103823,0,0,0,2,12
0.0,0.9285714285714286,0.1671424461705282,0.3962641902644929,1,1,0,4,24
0.607843137254902,0.3,0.4361238354466795,0.19542120075559313,0,1,0,3,24
0.23529411764705888,0.42857142857142855,0.5064949434596915,0.3217346767956502,0,1,0,2,1
0.5686274509803921,0.3142857142857143,0.3965124255902986,0.1927719979423293,1,0,0,2,1
0.43137254901960786,0.6714285714285715,0.1587333200557658,0.27234608195916976,1,0,0,3,1
0.9803921568627451,0.2714285714285714,0.45050786695877315,0.17660366737065736,0,1,0,3,1
0.3529411764705882,0.5285714285714286,0.7064329814777934,0.5080785423568811,0,0,0,3,12
0.607843137254902,0.7714285714285715,1.0000000000000002,0.9947109123700258,0,0,0,3,1
0.5686274509803921,0.9571428571428572,0.8133174002522738,0.9999999999999999,1,0,0,4,1
0.5490196078431373,0.0,0.11845803182190356,0.0,0,0,0,3,12
0.9411764705882354,0.0857142857142857,0.24149682444842774,0.020011522184703895,1,1,0,1,12
0.8627450980392156,0.8,0.02695346212573857,0.22255584934020547,0,1,0,3,12
0.5490196078431373,0.15714285714285714,0.0898006151939632,0.027764737937773128,0,0,0,1,1
0.5686274509803921,0.05714285714285714,0.2171546172741154,0.0009160554542892788,1,0,0,1,24
0.2941176470588236,0.7000000000000001,0.16050366239571584,0.28526275304385207,1,0,0,1,1
0.7647058823529412,0.5857142857142857,0.17610480426652508,0.2446330749677806,1,1,0,3,1
0.3529411764705882,0.15714285714285714,0.1951359844209874,0.04446162383119389,1,0,0,3,12
0.33333333333333337,0.24285714285714283,0.2724778153975525,0.1074946574142174,1,0,0,2,24
0.0,0.9285714285714286,0.07873597556927575,0.3101032466149164,0,1,0,2,1
0.2549019607843137,0.22857142857142856,0.24713979065701835,0.0968062727467558,0,1,0,2,1
0.9803921568627451,0.9571428571428572,0.7014538936466841,0.9357071090208808,0,0,0,3,1
0.9019607843137255,1.0,0.20133218261081243,0.4639096321415615,0,1,0,2,1
0.9607843137254902,0.8714285714285714,0.12985461063533166,0.33570203231931034,0,1,0,1,24
0.019607843137254943,0.5714285714285715,0.014671712142335536,0.143429993088617,0,1,0,1,1
0.5294117647058824,0.4714285714285714,0.49299608311757287,0.34979630538223544,1,0,0,2,12
0.9411764705882354,0.9857142857142858,0.871406758281883,0.9999999999999999,0,0,0,4,12
0.9607843137254902,0.6285714285714286,0.005045475668857491,0.15371352687133483,1,1,0,2,1
0.5686274509803921,0.8142857142857143,0.5397995087300007,0.6575408136281804,1,0,0,3,1
0.5030496196232563,0.7142857142857143,0.6596295558653655,0.666005731531811,0,0,0,1,1
0.9803921568627451,0.4714285714285714,0.5953439996459315,0.3966529756379373,0,1,0,3,1
0.5030496196232563,0.6142857142857143,0.9107968753457703,0.7265984139484625,0,0,0,2,1
0.0,0.19999999999999998,0.8984044789661203,0.2203757594568829,0,0,0,3,1
0.13725490196078433,0.9857142857142858,0.0031644869326606373,0.2528425512417515,1,0,0,4,24
0.5030496196232563,0.7000000000000001,0.33908694593817085,0.41622719460507274,0,0,0,2,1
0.7450980392156864,0.44285714285714284,0.6819801279072342,0.41305586267457983,1,0,0,1,12
0.03921568627450983,0.9428571428571428,0.993560379738432,0.9999999999999999,1,1,0,2,1
0.607843137254902,0.028571428571428574,0.8301356524817989,0.014308265673432498,1,1,1,2,12
0.17647058823529416,0.7142857142857143,0.13516563765518158,0.9999999999999999,0,0,0,3,24
0.17647058823529416,0.9428571428571428,0.24868884020447463,0.480465141535548,0,0,0,2,1
0.5030496196232563,0.6714285714285715,0.7846599836243335,0.7065647213581653,0,0,0,3,24
0.8823529411764707,0.22857142857142856,0.46146186018721386,0.14731945337419114,0,1,0,3,12
0.6470588235294118,0.0857142857142857,0.5453318285423445,0.04899852422213203,0,1,1,0,24
0.6274509803921569,0.17142857142857143,0.6136006550266659,0.1343272743864019,0,0,0,2,12
0.43137254901960786,0.9285714285714286,0.05406182920622277,0.28778825142011083,0,1,0,3,1
0.5294117647058824,0.04285714285714286,0.8868972537564452,0.033888910845087654,0,1,1,2,1
0.607843137254902,0.12857142857142856,0.8947531478899733,0.13834365221124093,0,0,1,4,1
0.9607843137254902,0.22857142857142856,0.45781052911106684,0.14598119628295478,0,0,0,4,1
0.11764705882352944,0.7285714285714286,0.6332957135586095,0.6553896416651965,1,0,0,3,24
0.5490196078431373,0.07142857142857142,0.6699196707163249,0.046516402726381516,0,1,1,3,12
0.13725490196078433,0.9714285714285714,0.1496603155635221,0.3990917202531795,0,1,0,4,1
0.0,0.11428571428571427,0.06435194405718209,0.009442022300857542,0,0,0,3,24
0.03921568627450983,0.2857142857142857,0.0,0.04136419325267803,0,0,0,3,12
0.4509803921568628,0.32857142857142857,0.9498550532209167,0.3964875008715539,0,0,0,1,1
0.43137254901960786,0.04285714285714286,0.3222686937086459,0.0007811051593746912,1,0,0,2,1
0.13725490196078433,0.32857142857142857,0.03469870986301976,0.07571707606409112,1,0,0,1,1
0.9019607843137255,0.8285714285714286,0.45515501560114185,0.596201084936109,0,1,0,0,24
0.7058823529411765,0.028571428571428574,0.023412777445838584,0.0,1,1,0,4,24
0.03921568627450983,0.9571428571428572,0.0341454778817854,0.2760250840467223,0,1,0,2,1
0.9803921568627451,0.5571428571428572,0.48071433313416984,0.40751486782743196,0,0,0,4,1
0.6274509803921569,0.6714285714285715,0.5027329659872979,0.514567402370691,1,1,0,3,12
0.5294117647058824,0.7571428571428571,0.5816238465113193,0.6401418648909777,1,1,0,2,24
0.9019607843137255,0.4857142857142857,0.6659364004514372,0.44687055085746447,0,0,0,3,12
0.13725490196078433,0.7857142857142857,0.6792139680010623,0.7473743331607897,0,1,0,2,12
0.5030496196232563,0.5571428571428572,0.4188629976321671,0.3713722870572706,1,1,0,1,1
0.6666666666666666,0.9571428571428572,0.6517736617318375,0.887203723856995,0,0,0,4,1
0.607843137254902,0.6428571428571429,0.2769036712474275,0.33561206545603395,0,0,0,4,1
0.4509803921568628,0.17142857142857143,0.4280466485206577,0.1011150428772431,1,0,0,2,24
0.2549019607843137,0.3714285714285714,0.37493637832215804,0.2242218428619487,1,0,0,3,1
0.607843137254902,0.07142857142857142,0.3039013919316648,0.015893931638678936,1,1,0,2,24
0.8823529411764707,0.22857142857142856,0.20376640332824364,0.08342370183439221,0,0,0,2,1
0.823529411764706,0.49999999999999994,0.026621522936997988,0.12739661281185968,0,0,0,4,24
0.2941176470588236,0.014285714285714285,0.4995242204961385,0.0,0,1,1,3,1
0.05882352941176472,0.7285714285714286,0.5342671889176571,0.5793804946056832,0,0,0,2,1
1.0,0.9285714285714286,0.3117572860651929,0.5335086401926319,1,1,0,2,12
0.7058823529411765,0.7285714285714286,1.0000000000000002,0.9497596117544277,1,1,0,4,1
0.3921568627450981,0.6,0.5560645289782913,0.48902805905810476,1,0,0,3,24
0.2549019607843137,0.3,0.9234105645179138,0.348907882607381,1,1,0,3,1
0.5882352941176471,0.7714285714285715,0.5705592068866319,0.6428103463178008,0,1,0,3,1
0.9215686274509803,0.9428571428571428,0.14988160835601588,0.38480144795240234,0,1,0,3,24
0.33333333333333337,0.8428571428571429,1.0000000000000002,0.9999999999999999,1,1,0,2,24
0.11764705882352944,0.8142857142857143,0.9193166478567794,0.9762146892110773,1,0,0,2,1
0.17647058823529416,0.15714285714285714,0.4612405673947199,0.09736856564223326,1,0,0,2,24
0.11764705882352944,0.9714285714285714,0.20874549115935298,0.45602307264470765,0,0,0,3,1
0.6274509803921569,0.5428571428571429,0.18617362632499068,0.2262284252232383,0,0,0,3,1
0.43137254901960786,0.17142857142857143,0.831574055633008,0.17450069194157167,0,0,0,1,1
0.3921568627450981,0.5714285714285715,0.016220761689791807,0.14303317495952292,1,1,0,2,1
0.3529411764705882,0.8,0.6457987563345062,0.7331483229052098,0,1,0,3,1
0.9215686274509803,0.7428571428571429,0.6480116842594439,0.6800871521856967,1,1,0,3,1
0.3529411764705882,0.15714285714285714,0.1416937750337472,0.03824105785608322,0,0,0,3,1
0.6862745098039217,0.17142857142857143,0.7197105490274183,0.15082655449084054,0,0,0,3,24
0.5490196078431373,0.8,0.7202637810086527,0.794293658910559,0,0,0,2,1
0.33333333333333337,0.5571428571428572,0.32702648874726153,0.31794642923126204,0,0,0,2,24
0.019607843137254943,0.6285714285714286,0.4746287813405918,0.45951250169892777,0,0,0,3,12
0.0,0.4857142857142857,0.8612272898271705,0.5465747205323981,1,1,0,1,1
0.9019607843137255,0.028571428571428574,0.5186660470468476,0.00189926474580987,1,0,1,1,1
0.07843137254901966,0.05714285714285714,0.6237801234813782,0.029237945323924076,0,0,1,3,1
0.37254901960784315,0.14285714285714285,0.3965124255902986,0.07126532288303952,1,0,0,2,24
0.1960784313725491,1.0,0.10529111066852559,0.3628993363979902,1,1,0,0,1
0.8039215686274509,0.7857142857142857,1.0000000000000002,0.9999999999999999,0,0,0,1,1
0.019607843137254943,0.12857142857142856,0.5278496979353384,0.08124361195106958,0,0,1,4,24
0.03921568627450983,0.4714285714285714,0.3119785788576866,0.2603676367343699,0,1,0,3,12
0.43137254901960786,0.9428571428571428,0.7295580782933901,0.9488920741442624,1,0,0,3,1
0.21568627450980393,0.42857142857142855,0.626656929783797,0.37700164221656496,1,1,0,1,1
0.37254901960784315,1.0,0.1974595587421718,0.45883293057096497,0,1,0,1,24
0.07843137254901966,0.9285714285714286,0.910022350572042,0.9999999999999999,0,0,0,2,24
0.7058823529411765,0.9857142857142858,0.01821239682223552,0.26840199893517785,0,1,0,1,1
0.7254901960784313,0.5714285714285715,0.6099493239505189,0.4973981904450693,0,0,0,3,1
0.5686274509803921,0.8857142857142858,0.4685432295470137,0.6493490094166388,0,0,0,2,24
0.1568627450980392,0.44285714285714284,0.2918409347407555,0.23235099157942288,1,0,0,1,12
0.6470588235294118,0.2714285714285714,0.8541459204673705,0.29426907867827107,1,0,0,2,24
0.5030496196232563,0.8,0.6659364004514372,0.7476988564890366,1,1,0,2,1
0.6666666666666666,0.7000000000000001,0.7801234813782116,0.7380209924823046,0,0,0,1,24
1.0,0.34285714285714286,0.3986147071189891,0.21099028775579906,1,0,0,3,1
0.4117647058823529,0.15714285714285714,0.9824957401137446,0.18395845844350256,0,0,0,2,1
0.8431372549019608,1.0,0.3211622297461772,0.5862356482771184,0,0,0,2,12
0.4509803921568628,0.5428571428571429,0.527296465954104,0.42224533513781154,1,0,0,3,1
0.3137254901960784,0.22857142857142856,0.9728695036402666,0.27823730495264365,0,0,0,2,24
0.17647058823529416,0.6285714285714286,0.03182190356060105,0.17149162167520227,0,0,0,3,1
0.5686274509803921,0.14285714285714285,0.060147380999800826,0.018671658542337592,0,0,0,2,24
0.8823529411764707,0.9857142857142858,1.0000000000000002,0.9999999999999999,0,0,0,2,1
0.43137254901960786,0.3142857142857143,1.0000000000000002,0.39464639327664774,1,1,0,2,12
0.607843137254902,0.9857142857142858,0.7936223417203303,0.9999999999999999,1,0,0,0,1
0.3137254901960784,0.5285714285714286,0.4755139525105668,0.38154657536315273,1,0,0,4,12
0.9607843137254902,0.014285714285714285,0.4997455132886322,0.0,0,0,1,3,12
0.9803921568627451,0.5142857142857143,0.22434663303016228,0.23366193730145032,0,1,0,3,1
0.3137254901960784,0.6857142857142857,0.4185310584434266,0.463074225553995,0,0,0,3,1
0.2549019607843137,0.7285714285714286,0.4169820088959703,0.49517151057897846,1,0,0,2,1
0.1568627450980392,0.45714285714285713,0.0,0.09030777342616628,0,1,0,3,24
0.7647058823529412,0.3,0.44121356967403563,0.19467254792904312,0,0,0,3,1
0.019607843137254943,0.05714285714285714,0.47064551107570435,0.019624343362389413,0,0,0,3,1
0.8627450980392156,0.24285714285714283,0.6764478080948904,0.21531833649984558,1,0,0,4,1
0.47058823529411764,0.5285714285714286,0.5112527384983072,0.40598703770286315,0,1,0,2,24
0.7450980392156864,0.5142857142857143,0.8932040983425171,0.5956146937736825,1,0,0,1,1
0.1568627450980392,0.9,0.34650025448671135,0.5467193101340924,1,1,0,2,1
0.4117647058823529,0.12857142857142856,0.3930823873066454,0.06303496144437942,1,0,0,2,12
0.823529411764706,0.5857142857142857,0.572108256434088,0.48593544813297873,1,1,0,1,12
0.8823529411764707,0.6714285714285715,0.16404434707561583,0.27649259042553354,0,0,0,4,1
0.05882352941176472,0.6142857142857143,0.37515767111465187,0.38579911620409235,1,1,0,4,24
0.4901960784313726,0.21428571428571427,0.6990196729292528,0.1959883133044604,0,0,0,2,12
0.5490196078431373,0.7571428571428571,0.39540596162782987,0.49485180690412134,1,0,0,1,1
0.8627450980392156,0.4857142857142857,0.9428843302573635,0.5861794189875706,1,0,0,1,1
0.6470588235294118,0.3857142857142857,0.6205713779902189,0.32882117382979614,1,1,0,2,24
0.43137254901960786,0.014285714285714285,0.10993825931089429,0.0,1,1,0,1,1
0.7058823529411765,0.17142857142857143,0.47905463719046665,0.10718941269952964,1,0,0,1,1
0.1960784313725491,0.5714285714285715,0.7859877403792961,0.6019830624527472,0,1,0,2,1
0.09803921568627455,0.8285714285714286,0.6515523689393437,0.7635940733686195,0,1,0,2,12
0.33333333333333337,0.9714285714285714,0.9193166478567794,0.9999999999999999,1,0,0,3,1
0.3921568627450981,0.7428571428571429,0.7696120737347585,0.7716445010807268,1,0,0,2,12
0.8039215686274509,0.6285714285714286,0.007922281971276202,0.15581650230042057,1,1,0,4,1
0.6862745098039217,0.2714285714285714,0.06424129766093523,0.06691156932091405,0,0,0,2,12
0.7843137254901961,0.32857142857142857,0.6586337382991436,0.2935172127494612,0,0,0,2,12
0.7254901960784313,0.8571428571428572,0.20354511053574992,0.39288561323823834,0,1,0,3,1
0.6470588235294118,0.8142857142857143,0.5901436190223286,0.6999746486231696,1,0,0,1,24
0.3137254901960784,0.3714285714285714,0.8163048529509396,0.3956392418749479,1,1,0,3,1
0.7058823529411765,0.35714285714285715,0.5780831618314193,0.2866235018509075,1,1,0,2,12
0.47058823529411764,0.0857142857142857,0.3994998782889641,0.03677106357219214,0,1,0,2,1
0.7254901960784313,0.5857142857142857,0.6548717608267498,0.5355361077186106,1,1,0,3,1
0.21568627450980393,0.6571428571428571,0.09865232689371312,0.2268742587774724,0,0,0,3,24
0.43137254901960786,0.7428571428571429,0.7399588395405963,0.7510195976746135,0,1,0,1,24
0.8039215686274509,0.8285714285714286,0.7109694837239151,0.8168624891838944,0,0,0,2,1
0.4117647058823529,0.5285714285714286,0.5089291641771228,0.39980181585261104,1,0,0,2,1
0.3921568627450981,0.9714285714285714,0.24824625461948707,0.4961531133193692,0,0,0,1,1
0.5098039215686275,0.7428571428571429,0.8222797583482708,0.8147097106697807,1,0,0,2,24
0.5882352941176471,0.19999999999999998,0.5047246011197415,0.135771563852214,0,0,0,1,1
0.09803921568627455,0.35714285714285715,0.005266768461351268,0.07192240229518321,1,1,0,2,1
0.5098039215686275,0.6714285714285715,0.9561618978069886,0.8227247942570294,1,0,0,1,1
0.7647058823529412,0.2571428571428571,0.7891964858704552,0.2590759696259017,1,0,0,2,24
0.6470588235294118,0.11428571428571427,0.5868242271349222,0.07964991323017348,0,1,1,4,1
0.21568627450980393,0.9,0.42306756068954837,0.6175617887597329,1,0,0,1,1
0.8627450980392156,0.7571428571428571,1.0000000000000002,0.9693980927667604,0,0,0,1,1
0.11764705882352944,0.7142857142857143,0.7972736727964771,0.7616019499674993,1,1,0,1,1
0.17647058823529416,0.5428571428571429,0.5317223218039788,0.4259034520606749,1,0,0,4,12
0.8627450980392156,0.04285714285714286,0.6625063621677842,0.018443528281886744,0,1,1,2,24
0.3137254901960784,0.028571428571428574,0.2504591825444245,0.0,1,1,0,2,24
0.4901960784313726,0.9,0.15629909933833458,0.3730864771129119,0,0,0,1,1
0.3921568627450981,0.39999999999999997,0.242160702825909,0.18588150014603547,0,0,0,2,24
0.5294117647058824,0.14285714285714285,0.2640686892827901,0.05267913286081451,0,1,0,2,1
0.8823529411764707,0.8142857142857143,0.7582154949213304,0.8394361391106197,1,0,0,2,1
0.019607843137254943,0.3714285714285714,0.09477970302507249,0.11134877357493292,0,0,0,3,24
0.823529411764706,0.2857142857142857,0.800150479098896,0.29601058010312126,0,0,0,4,1
0.0,0.5428571428571429,0.5188873398393414,0.41976642674432085,0,1,0,4,1
0.9803921568627451,0.6428571428571429,0.36531014184868,0.3982049040294551,1,0,0,1,24
0.6862745098039217,0.9285714285714286,0.27214587620881187,0.4948791182733302,0,0,0,3,1
0.9803921568627451,0.49999999999999994,0.5076014074221602,0.3769068556998988,0,0,0,3,12
0.4901960784313726,0.9142857142857143,0.29106640996702743,0.5039561321574664,0,0,0,4,24
0.5490196078431373,0.8857142857142858,0.4149903737635266,0.6034177126117798,0,0,0,4,1
0.3921568627450981,0.4857142857142857,0.7574409701476024,0.48989238356601006,0,1,0,2,1
0.1960784313725491,0.42857142857142855,0.6324105423886344,0.37288244511941004,1,0,0,3,1
0.5030496196232563,0.3857142857142857,0.767399145809821,0.38827159839306324,1,1,0,3,1
0.1960784313725491,0.0,0.728672907123415,0.0,1,1,1,3,1
0.6862745098039217,0.34285714285714286,0.8416428776914737,0.37493240436120795,1,1,0,2,12
0.9411764705882354,0.6,0.16293788311314705,0.24381534044264339,0,0,0,2,1
0.7450980392156864,0.9428571428571428,1.0000000000000002,0.9999999999999999,0,1,0,3,1
0.7647058823529412,0.8857142857142858,0.46621965522582937,0.6488750768333076,0,1,0,2,1
0.6666666666666666,0.7142857142857143,0.7344265197282525,0.7197239816634678,0,1,0,1,1
0.6470588235294118,0.014285714285714285,0.6897253756445154,0.0,1,1,1,3,24
0.9019607843137255,0.9,0.5662439974330038,0.756247315051424,1,0,0,2,1
0.4509803921568628,0.9714285714285714,1.0000000000000002,0.9999999999999999,0,0,0,2,24
0.4117647058823529,0.11428571428571427,0.18019872092765937,0.024334751275360604,0,1,0,3,1
0.07843137254901966,0.014285714285714285,0.40635995485627036,0.0,0,1,0,3,1
0.6274509803921569,0.4714285714285714,0.0810595498904601,0.1440870725007607,0,0,0,3,1
0.5030496196232563,0.8428571428571429,0.14091925026001906,0.3345822661817452,1,0,0,3,1
0.9019607843137255,0.8571428571428572,0.728672907123415,0.8599453708353776,0,0,0,2,12
0.37254901960784315,0.42857142857142855,0.0,0.06647137431131167,0,1,0,2,1
0.3529411764705882,0.12857142857142856,0.9242957356878887,0.14215117838918828,1,0,1,2,24
0.6666666666666666,0.49999999999999994,0.6403770829184092,0.4477878915526577,1,0,0,2,1
1.0,0.6857142857142857,0.42760406293567027,0.4693911845969019,0,0,0,2,24
0.823529411764706,0.9857142857142858,0.3064462590453429,0.561422466075263,0,1,0,2,1
0.3137254901960784,0.6857142857142857,0.07951050034300389,0.22150837800348747,1,1,0,4,1
0.8627450980392156,0.028571428571428574,0.9594812896943947,0.019866932583009686,0,0,1,1,1
0.823529411764706,0.05714285714285714,0.727898382349687,0.03707952138913977,0,1,1,3,1
0.5030496196232563,0.8571428571428572,0.3119785788576866,0.4887372733035863,0,1,0,2,24
0.1568627450980392,0.35714285714285715,0.01821239682223552,0.07743447922199226,0,0,0,3,1
0.4901960784313726,0.05714285714285714,0.3001394144592711,0.007199276923467439,0,0,0,2,1
0.019607843137254943,0.19999999999999998,0.14401734935493155,0.05992146535456421,0,0,0,2,1
0.1568627450980392,0.21428571428571427,0.8097767155723739,0.21671282288062968,1,0,0,4,1
0.1568627450980392,0.0,0.7359755692757088,0.0,0,0,1,3,24
0.7647058823529412,0.21428571428571427,0.49100444798512904,0.1440742200917212,1,0,0,4,12
0.3137254901960784,0.5142857142857143,0.9198698798380138,0.6101089980679615,1,0,0,2,12
0.0,0.028571428571428574,0.13970213990130342,0.0,0,0,0,1,1
0.47058823529411764,0.7285714285714286,0.4398858129190733,0.5098650272133696,0,0,0,1,24
0.823529411764706,0.6571428571428571,0.7260173936134902,0.6511563794378163,0,1,0,1,12
0.7647058823529412,0.17142857142857143,0.014782358538582452,0.022408496470567814,1,0,0,4,1
0.8039215686274509,0.7714285714285715,0.3521432206953021,0.4723986483121413,0,1,0,1,1
0.47058823529411764,0.2857142857142857,0.5723295492265819,0.22379450026138584,1,0,0,2,24
0.7450980392156864,0.9285714285714286,0.34561508331673646,0.5641246850758147,1,1,0,2,1
0.6666666666666666,0.7571428571428571,0.4710880966606918,0.555809176427268,0,0,0,4,12
0.03921568627450983,0.3714285714285714,0.612604837460444,0.31552535667844905,1,1,0,2,1
0.9607843137254902,0.5285714285714286,0.34738542565668645,0.3112953075533286,0,0,0,2,1
0.7058823529411765,0.8142857142857143,0.057049281904888394,0.2518770140126602,0,1,0,2,12
0.8431372549019608,0.8714285714285714,0.09400517825134436,0.3021620643796447,0,0,0,1,12
0.8431372549019608,0.6428571428571429,0.5228706101042291,0.5029905949283751,1,0,0,4,1
0.9803921568627451,0.14285714285714285,0.13306335612649095,0.033154716978707095,1,1,0,3,12
0.5686274509803921,0.09999999999999999,0.9242957356878887,0.10457073435773459,0,1,1,2,1
0.7254901960784313,1.0,0.8627763393746266,0.9999999999999999,0,0,0,1,12
0.6470588235294118,0.9,0.3259200247847928,0.5288801663872874,0,0,0,1,24
0.21568627450980393,0.2857142857142857,0.8592356546947266,0.3131878247843927,1,1,0,2,24
0.3529411764705882,0.8857142857142858,0.529730686671535,0.7087528439971376,0,1,0,2,1
0.7058823529411765,0.9,0.11580251831197858,0.33343679522610115,1,0,0,2,1
0.8431372549019608,0.2714285714285714,0.6193542676315034,0.22942867507407003,0,1,0,1,24
0.9411764705882354,0.09999999999999999,0.6916063643807122,0.07599982906295977,0,0,1,2,1
0.3137254901960784,0.8142857142857143,0.032596428334329186,0.22985119802124307,1,0,0,2,1
0.17647058823529416,0.6428571428571429,0.28774701807962116,0.3448882916802821,0,1,0,2,24
0.9411764705882354,0.42857142857142855,0.0,0.06950936249801992,0,0,0,3,1
0.9019607843137255,0.11428571428571427,0.2898492996083118,0.037347815427839014,0,0,0,3,1
0.21568627450980393,0.19999999999999998,0.3108721148952179,0.09475631350495797,0,0,0,2,1
0.2941176470588236,0.35714285714285715,0.6370576910310031,0.311435077501633,0,0,0,3,1
0.4509803921568628,0.12857142857142856,0.15995043041448143,0.0316076082405791,0,0,0,2,1
0.3529411764705882,0.39999999999999997,0.0,0.0709215209412333,1,0,0,1,24
0.13725490196078433,0.49999999999999994,0.2889641284383368,0.9999999999999999,1,0,0,4,1
0.5882352941176471,0.5142857142857143,0.8532607492973956,0.5733446820105151,1,1,0,2,1
0.3921568627450981,1.0,0.38135386930447673,0.648716028271444,1,1,0,3,24
0.3137254901960784,0.3142857142857143,0.39905729270397666,0.19174059211691064,0,0,0,3,12
0.43137254901960786,0.5714285714285715,0.45869570028104195,0.40509218872348907,0,0,0,2,12
0.7058823529411765,0.3857142857142857,0.7716037088672023,0.39000988671565356,0,1,0,4,1
0.2941176470588236,0.6714285714285715,0.47086680386819807,0.490094809008382,1,0,0,3,24
0.09803921568627455,0.5285714285714286,0.040784261656597876,0.1411470839329785,0,0,0,3,1
0.13725490196078433,0.42857142857142855,0.16813826373675012,0.1656550214201462,0,1,0,3,1
0.47058823529411764,0.1857142857142857,0.1476686804310784,0.04979698013371003,1,1,0,2,1
0.33333333333333337,0.39999999999999997,0.501737148421076,0.29316377150087536,0,1,0,2,1
0.47058823529411764,0.7142857142857143,0.0,0.15421959047726455,0,0,0,3,1
0.21568627450980393,0.6857142857142857,0.25355728163933705,0.3464691379921388,0,0,0,2,12
0.27450980392156865,0.6,0.6116090198942221,0.5237440224248832,0,1,0,2,1
0.4901960784313726,0.05714285714285714,0.3322268693708646,0.007957569056797037,0,0,0,3,12
0.7843137254901961,0.5857142857142857,0.7228086481223308,0.5778671234412838,0,0,0,2,1
0.8627450980392156,0.0857142857142857,0.3726128040009737,0.0305472844948216,1,0,0,2,1
0.4901960784313726,0.5857142857142857,1.0000000000000002,0.7623184717714506,0,1,0,3,1
0.9019607843137255,0.49999999999999994,1.0000000000000002,0.6397530795175334,0,0,0,2,24
0.607843137254902,0.3714285714285714,0.8247139790657021,0.39767634870770624,0,1,0,3,24
0.17647058823529416,0.8142857142857143,0.9957733076633695,0.9999999999999999,1,1,0,4,24
0.2941176470588236,0.6428571428571429,0.16636792139680012,0.26501699570440357,0,1,0,3,12
0.11764705882352944,0.9285714285714286,0.7706078913009804,0.9710833649020628,0,1,0,1,12
0.3137254901960784,0.34285714285714286,0.29571355860939613,0.17189807911107596,1,0,0,2,12
0.43137254901960786,0.3714285714285714,0.7422824138617807,0.36425044589826605,0,0,0,2,12
0.4901960784313726,0.0,0.3534709774502645,0.0,0,0,0,2,1
0.3921568627450981,0.5857142857142857,0.25997477262165575,0.29364252373759614,0,1,0,1,1
0.4117647058823529,0.7285714285714286,1.0000000000000002,0.9361328450703139,1,0,0,2,1
0.11764705882352944,0.34285714285714286,0.17201088760539074,0.12796693846298682,1,0,0,3,1
0.2549019607843137,0.7571428571428571,0.7791276638119897,0.7947852635563193,0,1,0,3,1
0.27450980392156865,0.9428571428571428,0.6862953373608622,0.9079812496204522,0,1,0,4,1
0.11764705882352944,0.07142857142857142,0.27557591449246505,0.015071377460151907,1,0,0,2,1
0.1568627450980392,0.8142857142857143,0.44685653588262636,0.5793467570319545,1,1,0,3,1
0.5030496196232563,0.9857142857142858,0.09787780211998498,0.35175629776075684,1,0,0,2,24
0.9215686274509803,0.7428571428571429,0.9590387041094073,0.9184318647206833,0,0,0,3,1
0.13725490196078433,0.9285714285714286,1.0000000000000002,0.9999999999999999,0,1,0,3,1
0.9607843137254902,0.8142857142857143,0.7502489543915556,0.8343385523753338,0,0,0,4,24
0.43137254901960786,0.014285714285714285,0.8795945916041517,0.0,0,1,1,3,1
0.5490196078431373,0.3,0.03115802518311983,0.06508492068617724,0,1,0,3,1
0.33333333333333337,0.5142857142857143,0.3646462634711987,0.31389792038382425,0,1,0,2,1
0.5882352941176471,0.2714285714285714,0.3057823806678616,0.13623103747537557,1,0,0,2,1
0.5686274509803921,0.32857142857142857,0.5649162406780412,0.2565456515962531,0,1,0,1,1
1.0,0.9142857142857143,0.1426895925999691,0.3668498456265019,0,0,0,1,1
0.7450980392156864,0.9142857142857143,0.5631458983380913,0.7635458768347214,0,1,0,1,1
0.6666666666666666,0.0,0.6638341189227468,0.0,0,1,1,3,24
0.33333333333333337,0.028571428571428574,0.08625993051406322,0.0,1,1,0,3,1
0.8039215686274509,0.6428571428571429,0.08548540574033509,0.21036212626399425,1,0,0,1,12
0.7450980392156864,0.7714285714285715,0.0,0.16987061158509725,0,0,0,2,1
0.3137254901960784,0.9,0.7816725309256678,0.952394355607522,1,0,0,4,1
0.2549019607843137,0.6285714285714286,0.30600367346035545,0.3483520159164233,1,1,0,4,24
0.5882352941176471,0.35714285714285715,0.1891610790236562,0.1424853410242149,0,1,0,1,1
0.4509803921568628,0.9142857142857143,0.8007037110801303,0.9855937347076414,0,0,0,2,24
0.6666666666666666,0.32857142857142857,0.09832038770497248,0.09848190557527864,1,1,0,1,1
0.8431372549019608,0.4857142857142857,0.4124455066498484,0.3164202056578232,1,1,0,0,24
0.8627450980392156,0.32857142857142857,0.7638584611299211,0.33080044482187676,1,1,0,4,1
0.6470588235294118,0.3857142857142857,0.5746531235477661,0.31412123099088535,0,0,0,3,1
0.03921568627450983,0.21428571428571427,0.5527451370908851,0.1610490393306208,0,0,0,1,12
0.7058823529411765,0.8285714285714286,0.11403217597202864,0.30669735821945293,1,1,0,1,12
0.823529411764706,0.7571428571428571,0.13992343269379726,0.2982902761564999,0,0,0,2,1
0.7647058823529412,0.21428571428571427,0.5843900064174912,0.16431033812439008,1,0,0,3,24
0.4901960784313726,0.19999999999999998,0.0,0.01948617996521495,1,1,0,2,1
0.43137254901960786,0.14285714285714285,0.9013919316647858,0.15282831719874032,0,1,1,2,1
0.8431372549019608,0.9142857142857143,0.3275797207284959,0.5451834472538739,1,0,0,2,1
0.7450980392156864,0.9571428571428572,0.40071698864767974,0.6396438340406978,0,0,0,4,12
0.27450980392156865,0.6,0.22567438978512472,0.28399518420233283,0,1,0,2,24
0.9411764705882354,0.9714285714285714,0.9098010577795483,0.9999999999999999,1,0,0,2,1
0.5030496196232563,0.17142857142857143,0.6506671977693688,0.13677405175729382,0,0,0,3,1
0.5030496196232563,0.12857142857142856,0.43756223859788884,0.06820002332712238,0,0,0,1,12
0.4117647058823529,0.5714285714285715,0.5873774591161567,0.4812137943620979,0,1,0,3,1
0.47058823529411764,0.7000000000000001,0.3606629932063113,0.4306443844451148,0,1,0,2,1
0.23529411764705888,1.0,0.45493372280864824,0.7248456666657026,0,0,0,3,1
0.33333333333333337,0.8285714285714286,0.33543561486202395,0.49438430052531,1,0,0,2,1
0.6274509803921569,0.5428571428571429,0.39418885126911424,0.3434664939302891,0,1,0,3,1
0.2941176470588236,0.028571428571428574,0.2883002500608555,0.0,1,0,0,1,1
0.5030496196232563,0.0857142857142857,0.02562570537077613,0.0,1,0,0,2,12
0.8039215686274509,0.6857142857142857,0.0,0.15407339432444042,0,0,0,2,12
0.8431372549019608,0.35714285714285715,0.13239947774900973,0.12226368195171541,1,1,0,4,1
0.019607843137254943,0.45714285714285713,0.21815043484033725,0.20417690441374217,1,0,0,4,1
0.6666666666666666,0.6714285714285715,0.9250702604616168,0.8063427923850761,0,0,0,2,1
0.8039215686274509,0.014285714285714285,0.6160348757440972,0.0,0,1,1,2,1
0.6470588235294118,1.0,1.0000000000000002,0.9999999999999999,1,1,0,4,12
0.5686274509803921,0.44285714285714284,0.3155192635375866,0.24182000393926337,1,1,0,2,24
0.23529411764705888,0.04285714285714286,0.38423067560689556,0.002419787311909012,1,0,0,1,12
0.23529411764705888,0.2714285714285714,0.7361968620682027,0.2627019555261663,1,1,0,1,12
0.33333333333333337,0.49999999999999994,0.579189625793888,0.41539500111976607,0,0,0,3,1
0.607843137254902,0.44285714285714284,0.523866427670451,0.33819218657071054,0,0,0,2,1
0.5030496196232563,0.3857142857142857,0.5766447586802099,0.3129709403818514,0,0,0,1,24
0.6666666666666666,0.0,0.5860497023611941,0.0,0,0,1,4,24
0.7450980392156864,0.8428571428571429,0.7869835579455178,0.8963803439111871,0,0,0,0,1
0.8823529411764707,0.7857142857142857,0.6789926752085684,0.7460987315636207,0,1,0,1,1
1.0,0.4857142857142857,0.9989820531545288,0.6138586884052313,0,0,0,2,12
0.5030496196232563,0.41428571428571426,0.9886919383035695,0.5166510991862175,0,1,0,2,1
0.9411764705882354,0.7571428571428571,0.4065812476487641,0.50336974099504,0,1,0,2,12
0.5490196078431373,0.49999999999999994,0.0,0.10105399393430553,0,1,0,4,24
0.8431372549019608,0.7714285714285715,0.0,0.15151255182332307,0,0,0,2,1
0.2941176470588236,0.8142857142857143,0.07608046205935076,0.26595040191089614,0,1,0,2,24
0.8431372549019608,0.9142857142857143,0.022638252672110448,0.25193324330220795,1,0,0,2,24
0.9019607843137255,0.9714285714285714,0.35291774546903015,0.6036972525083886,0,0,0,3,24
0.17647058823529416,0.7142857142857143,0.0,0.17362512157575674,0,1,0,4,1
0.5686274509803921,0.3,0.6311934320299188,0.2585120701792943,0,0,0,4,1
0.47058823529411764,0.7428571428571429,0.15021354754475652,0.2980396541802299,0,0,0,2,1
0.7450980392156864,0.49999999999999994,0.5084865785921353,0.3781133755984804,0,1,0,3,1
0.37254901960784315,0.9571428571428572,0.05384053641372899,0.2968315277305183,1,0,0,2,1
0.07843137254901966,0.49999999999999994,0.8555843236185798,0.5597918166783783,0,0,0,4,1
0.0,0.7285714285714286,0.8028059926088209,0.7850463506066496,1,1,0,3,12
0.5686274509803921,0.7428571428571429,0.3674124233773706,0.4628718001116231,0,1,0,2,1
0.9411764705882354,0.7000000000000001,0.9473101861072386,0.8583323935009222,1,0,0,1,1
0.03921568627450983,0.5714285714285715,0.14523445971364718,0.21937327155180306,1,0,0,1,1
0.8627450980392156,0.24285714285714283,0.8403151209365112,0.2553455579021912,1,0,0,2,12
0.2549019607843137,0.3,0.5437827789948881,0.2288197921958244,0,1,0,3,12
0.5030496196232563,0.9285714285714286,0.3044546239128992,0.524499101455953,1,0,0,0,1
0.9607843137254902,0.2857142857142857,0.033149660315563545,0.060139956308235466,1,1,0,3,24
0.05882352941176472,0.6142857142857143,0.1293013786540973,0.22725983104865696,1,0,0,2,1
0.33333333333333337,0.6571428571428571,0.8945318550974797,0.7652022310496851,1,0,0,3,1
0.7058823529411765,0.5428571428571429,0.6112770807054815,0.47053022934802613,1,0,0,3,12
0.47058823529411764,0.39999999999999997,0.2021067073845405,0.16880386163482,1,1,0,2,12
0.9215686274509803,0.7571428571428571,0.4884595808714511,0.5699821704955599,0,0,0,4,1
0.0,0.22857142857142856,0.05904091703733211,0.048384821690496634,0,1,0,1,24
0.8823529411764707,0.8428571428571429,0.049082741375113426,0.25351248306293467,0,1,0,3,24
0.27450980392156865,0.42857142857142855,0.9442120870123261,0.5166157550613589,0,0,0,2,1
0.5030496196232563,0.6857142857142857,0.4464139502976389,0.48228375741463503,0,0,0,2,1
0.27450980392156865,0.014285714285714285,0.3398614707118989,0.0,0,0,0,2,1
0.9411764705882354,0.6714285714285715,0.9899090486622852,0.8509920613882465,1,0,0,3,1
0.4509803921568628,0.1857142857142857,0.38124322290822993,0.10097205982667884,0,1,0,3,1
0.05882352941176472,0.8285714285714286,0.3117572860651929,0.47179458508728545,1,0,0,3,12
0.21568627450980393,0.8142857142857143,0.24182876363716838,0.405440810318685,0,0,0,1,1
0.7058823529411765,0.8142857142857143,0.565026887074288,0.6778572592173461,0,1,0,2,12
0.7058823529411765,0.7142857142857143,0.5576135785257474,0.5882084930646794,1,0,0,1,1
0.823529411764706,0.014285714285714285,0.0,0.0,0,0,0,2,1
0.09803921568627455,0.5714285714285715,0.6635021797340062,0.9999999999999999,0,0,0,2,1
0.7450980392156864,0.21428571428571427,0.8119896434973113,0.21907605959276497,1,0,0,1,1
0.8823529411764707,0.04285714285714286,0.621345902763947,0.016697207203646744,0,1,1,3,1
0.4509803921568628,0.15714285714285714,0.9022771028347607,0.16948985896730248,0,1,0,4,12
0.1960784313725491,0.39999999999999997,0.24559074110956208,0.18654661231382882,1,1,0,2,12
0.23529411764705888,0.0857142857142857,0.1522051826772003,0.0097649390779746,1,1,0,4,1
0.6470588235294118,0.1857142857142857,0.7113014229126557,0.16706557331222968,0,0,0,2,12
0.47058823529411764,0.15714285714285714,0.14844320520480653,0.04234418944193876,0,1,0,3,1
0.11764705882352944,0.05714285714285714,0.0405629688641041,0.0,1,0,0,3,1
1.0,0.44285714285714284,0.04664852065768221,0.11952451227517522,0,1,0,1,1
0.05882352941176472,0.6,0.7899710106441835,0.6307724587011934,1,0,0,2,12
0.13725490196078433,0.9714285714285714,0.0,0.22110513366987364,0,1,0,2,1
0.37254901960784315,0.6285714285714286,0.26008541901790266,0.3193618007767353,0,0,0,3,1
0.5490196078431373,0.11428571428571427,0.08271924583416324,0.013305777768352678,0,1,0,3,1
0.9803921568627451,0.6857142857142857,0.7750337471508553,0.7181961515388993,0,1,0,1,24
0.8627450980392156,0.45714285714285713,0.4968687069862135,0.33805241662240615,1,0,0,4,12
0.8823529411764707,0.24285714285714283,0.1671424461705282,0.08059295874344566,1,0,0,1,12
0.17647058823529416,0.11428571428571427,0.7700546593197461,0.1047924384136657,0,0,1,1,12
0.823529411764706,0.8714285714285714,0.7700546593197461,0.9104730104229823,1,0,0,3,1
0.6470588235294118,0.8,0.518444754254354,0.625541528222123,0,0,0,3,12
0.4901960784313726,0.39999999999999997,0.2449268627320808,0.18634900652484676,0,0,0,4,24
0.7843137254901961,0.34285714285714286,0.5884839230786254,0.2802374611094135,1,0,0,1,1
0.9411764705882354,0.19999999999999998,0.9726482108477728,0.23821008355029802,0,1,0,2,1
0.03921568627450983,0.07142857142857142,0.0,0.0,1,0,0,2,1
0.09803921568627455,0.5857142857142857,0.23507933346610904,0.2822552893286126,0,0,0,4,1
0.07843137254901966,0.39999999999999997,0.2551063311867933,0.1917486248725603,1,0,0,1,24
0.07843137254901966,0.04285714285714286,0.6388280333709533,0.017124549804209604,1,0,1,2,1
0.9019607843137255,0.8,0.6602934342428468,0.7433643815404704,0,1,0,3,1
0.43137254901960786,0.6857142857142857,0.16802761734050325,0.28426990444555184,0,0,0,2,24
0.9411764705882354,0.6142857142857143,0.17887096417269693,0.25856669291771206,0,0,0,2,1
0.1568627450980392,0.1857142857142857,0.9667839518466883,0.21797396551762913,0,0,0,1,1
0.6666666666666666,0.028571428571428574,0.7765827966983117,0.009369727500010437,0,0,1,1,24
0.37254901960784315,0.8714285714285714,0.9735333820177479,0.9999999999999999,0,1,0,2,1
0.9411764705882354,0.9,0.8577972515435173,0.9999999999999999,1,1,0,2,12
0.8039215686274509,0.6285714285714286,0.384673261191883,0.3988073607031809,1,0,0,1,1
0.6666666666666666,0.8142857142857143,0.07464205890814135,0.26577528783773313,1,1,0,2,1
0.9607843137254902,0.2714285714285714,0.6363938126535218,0.23297112031557807,1,0,0,3,1
0.33333333333333337,0.8142857142857143,0.3292394166721991,0.4790079996606963,1,0,0,2,1
0.3137254901960784,0.8,0.4104538715174047,0.5406112027380772,1,1,0,4,24
0.5030496196232563,0.9571428571428572,0.41100710349863917,0.6523773582965673,0,1,0,3,24
0.03921568627450983,0.7285714285714286,0.9759676027351791,0.9152878441593993,1,0,0,2,24
0.607843137254902,0.5142857142857143,0.01599946889729803,0.12413692056922035,0,1,0,2,1
0.6666666666666666,0.09999999999999999,0.15342229303591587,0.016004783666644498,0,1,0,1,24
0.7254901960784313,0.6142857142857143,0.6123835446679502,0.5341737523604252,0,0,0,1,12
0.23529411764705888,0.05714285714285714,0.9176569519130762,0.050707894624383514,1,0,1,2,1
0.5030496196232563,0.9714285714285714,0.9553873730332605,0.9999999999999999,0,0,0,1,12
0.47058823529411764,0.42857142857142855,0.5579455177144881,0.34189689347634206,0,0,0,2,1
0.1568627450980392,0.6285714285714286,0.0,0.13267252672256818,0,0,0,1,1
0.05882352941176472,0.11428571428571427,0.3412998738631083,0.04744177617722444,1,0,0,4,24
0.2549019607843137,0.44285714285714284,0.9563831905994822,0.5390175040171811,1,0,0,4,12
0.5030496196232563,0.45714285714285713,0.49288543672132595,0.3365551109693061,1,0,0,3,1
0.6470588235294118,0.9428571428571428,0.7437208170129899,0.9636337873125514,1,0,0,4,1
0.1960784313725491,0.41428571428571426,0.23762420057978711,0.1930692099013674,0,1,0,2,24
0.7843137254901961,0.39999999999999997,0.0,0.0693101501579079,0,0,0,3,12
0.03921568627450983,0.028571428571428574,0.5797428577751222,0.0030656208661431206,1,1,1,2,1
0.5294117647058824,0.8,0.8636615105446017,0.9133856876215556,1,1,0,2,1
0.5490196078431373,0.41428571428571426,1.0000000000000002,0.5407766775044605,1,0,0,2,1
0.1568627450980392,0.11428571428571427,0.8764964925092391,0.11763681469750087,1,1,1,4,24
0.03921568627450983,0.35714285714285715,0.5527451370908851,0.28209142111335916,0,1,0,2,1
0.47058823529411764,0.014285714285714285,0.6132687158379253,0.0,0,1,1,2,1
0.6470588235294118,0.8714285714285714,0.8517116997499392,0.9841494452418292,1,0,0,2,1
0.21568627450980393,0.028571428571428574,0.0,0.0,1,0,0,3,24
0.8039215686274509,0.6428571428571429,0.9926752085684569,0.8170311770525377,0,0,0,2,12
0.1568627450980392,0.9571428571428572,0.5275177587465978,0.7636519092092972,1,0,0,3,12
0.27450980392156865,0.34285714285714286,0.9932284405496914,0.4270151854425904,0,0,0,1,1
0.7647058823529412,0.7142857142857143,0.7856558011905554,0.756571838379671,0,0,0,3,1
0.47058823529411764,0.17142857142857143,0.1082785633671911,0.03544726544112519,0,1,0,2,24
0.07843137254901966,0.6142857142857143,0.12266259487928483,0.22454636619019572,1,0,0,4,24
0.1960784313725491,0.4857142857142857,0.33100975901214896,0.276481344567624,1,1,0,3,24
0.6470588235294118,0.7714285714285715,0.2318705879749497,0.374256046335505,0,1,0,2,24
0.4509803921568628,0.11428571428571427,0.4258337205957203,0.05829242250880951,1,0,0,3,24
0.27450980392156865,0.014285714285714285,0.6079576888180753,0.0,1,0,1,1,12
0.7254901960784313,0.8571428571428572,0.42284626789705465,0.5889619655446192,0,0,0,4,24
0.5030496196232563,0.5714285714285715,0.00216866936643878,0.13386298110985048,0,1,0,3,12
0.07843137254901966,0.6142857142857143,1.0000000000000002,0.7972577457452903,0,1,0,2,1
0.9215686274509803,0.9,0.41012193232866406,0.608028514354695,1,1,0,2,1
0.4901960784313726,0.42857142857142855,0.8814755803403485,0.4854631221007776,0,0,0,2,24
0.33333333333333337,0.6571428571428571,0.02164243510588859,0.16970513681871388,1,0,0,3,1
0.09803921568627455,0.014285714285714285,0.8361105578791301,0.0,1,0,1,1,24
0.7058823529411765,0.9714285714285714,0.13162495297528165,0.3797054677682466,0,0,0,3,1
0.9215686274509803,0.8142857142857143,0.6914957179844652,0.7853692673837668,1,0,0,4,1
0.23529411764705888,0.6142857142857143,0.6720219522450155,0.5769240779280116,1,1,0,4,1
0.5294117647058824,0.7857142857142857,0.9464250149372637,0.961873007274142,1,0,0,3,1
0.07843137254901966,0.6,0.2946070946469274,0.3268611814512747,0,0,0,2,1
0.23529411764705888,0.4714285714285714,0.0603686737922946,0.13072056709969646,0,0,0,1,1
0.3137254901960784,0.41428571428571426,0.8964128438336765,0.4781790192776496,0,1,0,4,24
0.9607843137254902,1.0,0.3066675518378366,0.5718136387836865,0,0,0,1,1
0.7647058823529412,0.9857142857142858,0.1970169731571843,0.45182194143992604,0,1,0,1,1
0.8627450980392156,0.7714285714285715,0.4777268804355043,0.5708802325771939,0,0,0,1,1
0.607843137254902,0.9428571428571428,0.10141848679988497,0.33777769637918714,1,0,0,2,12
0.5490196078431373,0.17142857142857143,0.26838389873641827,0.06686497933814592,1,1,0,4,12
0.9803921568627451,0.028571428571428574,0.3660846666224082,0.0,0,1,0,3,12
0.03921568627450983,0.35714285714285715,0.24658655867578388,0.16482122138370964,1,0,0,3,1
0.7647058823529412,0.8,0.4380048241828764,0.5611332868718746,1,0,0,2,1
0.6470588235294118,0.32857142857142857,0.3654207882449269,0.19004568067482858,0,0,0,3,12
0.7647058823529412,0.7428571428571429,0.7968310872114897,0.7943675602625361,0,0,0,2,24
0.5098039215686275,0.9857142857142858,0.9559406050144947,0.9999999999999999,0,0,0,2,1
0.23529411764705888,0.6,0.05140631569629778,0.17547104882405276,0,1,0,3,1
0.8627450980392156,0.8428571428571429,0.8507158821837173,0.94920053196121,0,0,0,4,1
0.6274509803921569,0.8142857142857143,0.970767222111576,0.9999999999999999,0,0,0,1,1
0.09803921568627455,0.6857142857142857,0.6994622585142403,0.6634175776614848,1,1,0,3,12
0.4509803921568628,0.5857142857142857,1.0000000000000002,0.7717890906824211,0,1,0,3,1
0.3529411764705882,0.9285714285714286,0.31042952931023043,0.5325222177988513,1,1,0,4,1
0.2941176470588236,0.14285714285714285,0.8584611299209985,0.14708650346035046,1,1,1,2,1
0.7647058823529412,0.24285714285714283,0.6851888733983935,0.21870494628174988,0,0,0,3,24
0.5294117647058824,0.7285714285714286,0.29759454734559304,0.40184213578762934,1,1,0,4,24
0.6274509803921569,0.6428571428571429,0.7194892562349244,0.6316946190497763,1,0,0,3,24
0.9215686274509803,0.6142857142857143,0.5036181371572728,0.46538444607884244,0,0,0,3,1
0.7843137254901961,0.3,0.14888579078979397,0.10228139899757635,1,1,0,2,12
0.23529411764705888,0.7428571428571429,0.132178184956516,0.2813989975763569,0,1,0,2,1
0.823529411764706,0.8285714285714286,0.7291154927084027,0.830770402315747,1,0,0,3,1
0.8627450980392156,0.41428571428571426,0.7274557967646995,0.40465199371388666,1,1,0,2,1
0.47058823529411764,0.09999999999999999,0.5270751731616101,0.0584000614345152,0,1,1,2,1
0.5030496196232563,0.8,0.49454513266502914,0.6076814993106289,0,1,0,3,1
0.6862745098039217,0.2714285714285714,0.13892761512757534,0.08455471382986687,0,1,0,1,24
0.5098039215686275,0.34285714285714286,0.41476908097103277,0.21626941476876746,0,1,0,3,1
0.7254901960784313,0.2571428571428571,0.9039367987784639,0.290252700853432,0,1,0,3,1
0.11764705882352944,0.05714285714285714,0.8854588506052359,0.05118504030997439,0,0,1,3,1
0.07843137254901966,0.3714285714285714,0.6710261346787936,0.3421860726797304,1,1,0,1,1
0.823529411764706,0.5571428571428572,1.0000000000000002,0.7331081591269615,1,0,0,2,1
0.8627450980392156,0.35714285714285715,0.9280577131602825,0.4213055027267991,1,1,0,3,1
0.9803921568627451,0.3714285714285714,0.10042266923366311,0.11367345305994975,1,1,0,3,1
0.5882352941176471,0.8714285714285714,0.38135386930447673,0.562145414083734,1,0,0,4,1
0.43137254901960786,0.7000000000000001,0.0857066985328288,0.23068017840428987,1,1,0,2,1
0.8039215686274509,0.5857142857142857,0.4554869547898825,0.4149564126612936,0,1,0,2,1
0.17647058823529416,0.39999999999999997,0.7988227223439335,0.4210227497279305,0,0,0,3,1
0.607843137254902,0.5428571428571429,0.11215118723583173,0.18601163078756028,1,1,0,3,1
0.823529411764706,0.8428571428571429,0.9138949744406826,0.9999999999999999,0,0,0,1,1
0.5686274509803921,0.5714285714285715,0.5694527429241629,0.468763023105097,0,1,0,1,24
0.7450980392156864,0.45714285714285713,0.768394963376043,0.46770751901272933,1,1,0,1,1
0.5882352941176471,0.21428571428571427,0.0,0.02755749284201143,0,1,0,2,1
0.33333333333333337,0.3142857142857143,0.043550421562769726,0.07324298732399026,1,0,0,2,24
0.6862745098039217,0.0857142857142857,0.626767576180044,0.056865805105426694,0,0,1,3,24
0.019607843137254943,0.35714285714285715,0.8672021952245015,0.3979141182749367,1,0,0,3,24
0.2549019607843137,0.15714285714285714,0.9067029586846358,0.1716554898904557,0,0,0,1,12
0.23529411764705888,0.05714285714285714,0.7014538936466841,0.03679516183914117,0,0,1,3,1
0.5490196078431373,0.9714285714285714,0.16205271194317206,0.40988292419295697,0,0,0,1,1
0.21568627450980393,0.6857142857142857,0.15552457456460644,0.276182526057456,0,0,0,4,12
0.7450980392156864,0.35714285714285715,0.9150014384031513,0.41583198302710855,0,0,0,3,24
0.019607843137254943,0.05714285714285714,0.0650158224346633,0.0,1,1,0,1,12
0.607843137254902,0.3,0.6989090265330058,0.2806840823235356,0,0,0,3,24
0.23529411764705888,0.17142857142857143,0.5300626258602756,0.11617324661812953,0,0,0,0,1
0.8823529411764707,0.3857142857142857,0.4060280156675297,0.2448403200635423,0,1,0,2,1
0.5098039215686275,0.45714285714285713,0.426940184558189,0.3037605827539306,0,0,0,0,24
0.9411764705882354,0.3142857142857143,0.985593839208657,0.3896966092453161,1,0,0,4,12
0.7843137254901961,0.24285714285714283,0.8928721591537765,0.2719637227902451,1,1,0,2,24
0.3137254901960784,0.41428571428571426,0.8968554294186639,0.4784280347027896,0,0,0,3,12
0.7647058823529412,0.35714285714285715,0.38965234902299234,0.21922386229671906,1,0,0,1,1
0.5882352941176471,0.21428571428571427,0.05815574586735711,0.043484840744193044,1,0,0,3,1
0.6470588235294118,0.5428571428571429,1.0000000000000002,0.7182314956637577,0,1,0,3,24
0.4509803921568628,0.45714285714285713,0.10053331562990997,0.14893403725977641,1,1,0,2,1
0.8627450980392156,0.35714285714285715,0.5102569209320853,0.26545558416287596,1,1,0,0,1
0.6666666666666666,0.6714285714285715,0.23253446635243097,0.3229685080634407,0,1,0,3,1
0.9215686274509803,0.9142857142857143,0.5048352475159883,0.7070065229188977,1,0,0,2,1
0.09803921568627455,0.5285714285714286,0.2771249640399213,0.27459043388768983,1,0,0,2,1
0.3529411764705882,0.014285714285714285,0.9321516298214167,0.001436578020388421,1,0,1,3,12
0.5686274509803921,0.07142857142857142,1.0000000000000002,0.07565924022341342,0,1,1,3,1
0.11764705882352944,0.6428571428571429,0.39352497289163296,0.4161275884350167,0,1,0,1,1
0.17647058823529416,0.7000000000000001,0.017437872048507386,0.18285636436836675,1,0,0,4,24
0.7843137254901961,0.5285714285714286,0.6736816481887185,0.4918764742114805,1,0,0,1,1
0.607843137254902,0.24285714285714283,0.35645843014893003,0.13239941303047917,0,0,0,1,24
0.6470588235294118,0.3714285714285714,1.0000000000000002,0.4793582278070223,1,0,0,1,1
0.5294117647058824,0.5714285714285715,0.038681980127907245,0.15206359886089096,0,0,0,2,24
0.27450980392156865,0.22857142857142856,0.07154395981322892,0.05009419209274812,0,1,0,3,1
0.5686274509803921,0.8714285714285714,0.7136249972338402,0.8624740823138962,1,0,0,3,1
0.7058823529411765,0.39999999999999997,0.7791276638119897,0.4112693778180914,0,1,0,3,24
0.5490196078431373,0.8142857142857143,0.4610192746022262,0.5906857949070401,1,0,0,2,12
0.4117647058823529,0.9857142857142858,0.24658655867578388,0.5018081732967424,1,0,0,2,1
0.05882352941176472,0.3,0.2825466374560181,0.14390874532533784,1,0,0,2,24
0.37254901960784315,0.07142857142857142,0.3137489211976366,0.016159012575118308,0,1,0,2,1
0.607843137254902,0.35714285714285715,0.1890504326274094,0.14322756764624514,1,0,0,3,24
0.6862745098039217,0.5428571428571429,0.880922348359114,0.6240008456885147,1,1,0,2,1
0.5030496196232563,0.15714285714285714,0.011794905839916825,0.019672539896287485,1,1,0,2,1
0.5030496196232563,0.1857142857142857,1.0000000000000002,0.10087406020775277,0,0,0,1,1
0.5098039215686275,0.3,0.7669565602248336,0.3026552755765349,1,0,0,4,1
0.3137254901960784,0.7142857142857143,0.0,0.13064987884997928,1,0,0,3,1
0.21568627450980393,0.3142857142857143,0.9112394609307575,0.36416369213724953,0,0,0,1,1
0.4117647058823529,0.6714285714285715,0.7212595985748744,0.6642240663287126,0,1,0,1,1
0.3137254901960784,1.0,0.02097855672840737,0.2767014420724252,0,1,0,1,1
0.17647058823529416,0.7000000000000001,0.9300493482927261,0.8446269058114415,1,1,0,3,1
0.0,0.17142857142857143,0.47894399079421995,0.10759265703314347,0,0,0,2,24
0.4117647058823529,0.12857142857142856,0.6613998982053155,0.10341241099305101,0,1,1,2,1
0.4901960784313726,0.7714285714285715,0.9156653167806326,0.9197540563006202,1,0,0,2,12
0.33333333333333337,0.11428571428571427,0.9147801456106577,0.12189096208957037,0,0,1,3,24
0.9607843137254902,0.7285714285714286,0.3919759233441767,0.474776343984446,0,0,0,3,12
0.2549019607843137,0.014285714285714285,0.20277058576202178,0.0,0,0,0,3,24
0.9019607843137255,0.34285714285714286,0.224567925822656,0.15032049088491084,0,1,0,2,1
0.5490196078431373,0.17142857142857143,0.7872048507380116,0.16769855445742432,0,0,0,2,1
0.21568627450980393,0.7142857142857143,0.9681117086016509,0.8893886333937074,1,0,0,2,1
0.6862745098039217,0.8142857142857143,0.019650799973444877,0.21742291848006126,0,0,0,1,1
0.6666666666666666,0.4714285714285714,0.0,0.08065882733977303,1,1,0,1,24
1.0,0.4857142857142857,0.8502732965987299,0.5382367201680324,0,1,0,3,1
0.21568627450980393,0.028571428571428574,0.36752306977361743,0.0,1,0,0,4,1
0.11764705882352944,0.8285714285714286,0.24559074110956208,0.41544480420479407,1,1,0,2,12
0.5490196078431373,0.9857142857142858,0.1482219124123128,0.4037651774901622,0,0,0,3,1
0.1960784313725491,0.6714285714285715,0.3231538648786209,0.3855501007789523,0,1,0,4,1
0.6274509803921569,0.9,1.0000000000000002,0.9999999999999999,0,0,0,3,1
0.09803921568627455,0.2571428571428571,1.0000000000000002,0.3239276190880123,0,0,0,2,24
0.9019607843137255,0.9428571428571428,0.3065569054415898,0.5348950938177663,1,0,0,1,24
0.27450980392156865,0.05714285714285714,1.0000000000000002,0.06027651315427999,0,0,1,2,1
0.607843137254902,0.9428571428571428,0.2715926442275776,0.5042533441165045,0,0,0,2,1
0.9803921568627451,0.14285714285714285,0.8852375578127423,0.15270461276173528,0,0,1,1,1
0.1960784313725491,0.9571428571428572,0.1743344619265751,0.41609706396354795,0,0,0,3,1
0.43137254901960786,0.9714285714285714,0.8542565668636175,0.9999999999999999,1,1,0,3,12
0.4901960784313726,0.0,0.3311204054083959,0.0,0,1,0,2,1
0.6470588235294118,0.8857142857142858,0.15629909933833458,0.3662747003219849,0,1,0,3,1
0.8823529411764707,0.39999999999999997,0.9740866139989821,0.49623183432473594,1,1,0,1,24
0.6470588235294118,0.15714285714285714,0.17676868264400636,0.045521947576951376,0,0,0,1,24
0.5490196078431373,0.5714285714285715,1.0000000000000002,0.7516429395130285,1,0,0,3,12
0.05882352941176472,0.014285714285714285,0.059926088207307104,0.0,0,0,0,3,1
0.3137254901960784,0.5142857142857143,0.0,0.09164281741514277,0,1,0,3,1
0.6666666666666666,0.6285714285714286,0.9032729204009826,0.7385093840258049,1,1,0,2,1
0.23529411764705888,0.6714285714285715,0.588815862267366,0.5720176707771883,1,0,0,3,12
0.7843137254901961,0.32857142857142857,0.40624930846002344,0.2041335275332339,0,0,0,3,1
0.7450980392156864,0.3,0.030494146805638556,0.06614845753419463,0,0,0,3,24
0.27450980392156865,0.14285714285714285,0.5758702339064816,0.10344132891338986,0,0,1,3,24
0.5490196078431373,0.8142857142857143,0.3753789639071456,0.5158863808483681,1,0,0,1,1
0.5490196078431373,0.6428571428571429,0.4748500741330855,0.4723681238406725,1,0,0,2,1
0.1960784313725491,0.39999999999999997,0.6372789838234969,0.35575018386977675,0,0,0,1,12
1.0,0.4857142857142857,0.6477903914669498,0.43674927873887015,1,0,0,3,24
0.607843137254902,0.19999999999999998,1.0000000000000002,0.24453025569546474,0,1,0,4,24
0.019607843137254943,0.8428571428571429,1.0000000000000002,0.7912974410532291,1,0,0,2,1
0.9019607843137255,0.5857142857142857,0.31529797074509286,0.32911838578883423,0,0,0,2,1
0.2549019607843137,0.6,0.3044546239128992,0.33090005099193276,1,1,0,3,12
0.37254901960784315,0.6857142857142857,0.4677687047732855,0.5011960773162369,0,1,0,1,12
0.4117647058823529,0.9,0.22667020735134663,0.4351234489953753,0,0,0,3,1
0.1960784313725491,0.44285714285714284,0.3562371373564363,0.2601073754513203,0,0,0,4,1
0.5098039215686275,0.9,0.8715174046781298,0.9999999999999999,1,0,0,1,12
0.03921568627450983,0.014285714285714285,0.8911018168138265,0.0,1,1,1,3,1
0.3137254901960784,0.32857142857142857,0.6344021775210782,0.2836272839935776,1,0,0,4,24
0.8431372549019608,0.9285714285714286,0.5846112992099848,0.7944575271258124,0,1,0,2,1
0.5294117647058824,0.5285714285714286,0.4123348602536016,0.34943322482686995,0,0,0,4,12
0.5490196078431373,0.42857142857142855,0.643364535617075,0.3824671291606059,0,0,0,2,12
0.3921568627450981,0.35714285714285715,0.831684702029255,0.3825972598021307,1,0,0,4,1
0.9019607843137255,0.39999999999999997,0.7561132133926398,0.4008573199449788,0,1,0,1,12
0.5030496196232563,0.9428571428571428,0.0,0.2174309512357109,1,1,0,1,12
0.7058823529411765,0.34285714285714286,0.7486999048440994,0.33866611915404154,1,1,0,2,24
0.5030496196232563,0.6714285714285715,0.7363075084644493,0.6726616728631343,0,0,0,3,1
0.09803921568627455,0.9142857142857143,0.04930403416760715,0.2780091746921928,1,1,0,4,12
0.3529411764705882,0.7428571428571429,0.10595498904600681,0.2621203840171296,0,1,0,3,12
0.07843137254901966,0.9428571428571428,0.8115470579123241,0.9999999999999999,0,0,0,3,1
0.03921568627450983,0.24285714285714283,0.5582774569032287,0.1845319971968896,0,0,0,2,24
0.0,0.11428571428571427,0.8488348934475205,0.11119936431984892,0,1,1,2,1
0.7254901960784313,0.5285714285714286,0.1441279957511784,0.20213497792759402,1,1,0,2,1
0.27450980392156865,0.2857142857142857,0.0,0.04512673599898722,0,0,0,4,1
0.6470588235294118,0.9142857142857143,0.11890061740689106,0.34343275635656045,1,0,0,2,1
0.6666666666666666,0.2857142857142857,0.4405496912965546,0.18483724191157733,1,0,0,1,24
0.9411764705882354,0.3714285714285714,0.5187766934430946,0.2770982602015193,0,1,0,2,12
0.47058823529411764,0.9857142857142858,0.888778242492642,0.9999999999999999,0,0,0,4,1
0.4509803921568628,0.6142857142857143,0.732213591803315,0.6140177369670949,1,0,0,4,24
0.21568627450980393,0.3857142857142857,1.0000000000000002,0.49922483907980597,1,0,0,1,1
0.33333333333333337,0.6285714285714286,1.0000000000000002,0.16543171081308516,0,1,0,1,1
0.27450980392156865,0.22857142857142856,0.08382570979663201,0.05596613647266275,1,1,0,4,1
0.8431372549019608,0.5571428571428572,0.033149660315563545,0.14592336044227708,0,0,0,2,1
0.2941176470588236,0.028571428571428574,0.5355949456726194,0.0,1,0,1,3,1
0.5098039215686275,0.9285714285714286,0.23507933346610904,0.4584425386463907,1,0,0,3,12
0.13725490196078433,0.6428571428571429,0.6961428666268341,0.6164227440086084,0,1,0,1,1
0.8823529411764707,0.41428571428571426,0.08659186970280386,0.12424295294379609,0,0,0,3,1
0.47058823529411764,0.9714285714285714,0.053951182809975906,0.30260868559376675,0,1,0,1,1
0.3137254901960784,0.11428571428571427,0.4489588174113169,0.05768835928395372,0,1,0,2,1
0.5490196078431373,0.14285714285714285,0.35568390537520206,0.06751884564802971,1,0,0,4,24
0.13725490196078433,0.9714285714285714,0.857244019562283,0.9999999999999999,0,1,0,2,1
0.27450980392156865,0.9285714285714286,0.8665383168470204,0.9999999999999999,1,1,0,2,24
0.5098039215686275,0.42857142857142855,0.06966297107703201,0.12353767699775436,0,0,0,3,1
0.8823529411764707,0.45714285714285713,0.8385447785965612,0.5011237825153899,0,1,0,4,12
0.9607843137254902,0.5428571428571429,0.5640310695080661,0.4425537479713275,1,0,0,3,1
1.0,0.6428571428571429,0.4969793533824604,0.4866101996075516,1,0,0,2,24
0.11764705882352944,0.5142857142857143,0.0446568855252385,0.14108442843891106,0,0,0,1,1
0.03921568627450983,0.8428571428571429,0.7581048485250836,0.8699670367839158,1,0,0,2,1
0.5490196078431373,0.42857142857142855,0.005709354046338766,0.09579896518828618,0,0,0,4,24
0.8431372549019608,0.14285714285714285,0.24702914426077155,0.04875272189925189,1,1,0,2,24
0.4509803921568628,0.014285714285714285,0.04532076390271972,0.0,1,0,0,3,1
0.5030496196232563,0.3714285714285714,0.5270751731616101,0.28107768735036975,1,0,0,1,24
0.37254901960784315,0.014285714285714285,0.6536546504680343,0.0,1,1,1,1,12
0.8823529411764707,0.2857142857142857,0.9255128460466044,0.3314960814611389,0,0,0,0,1
0.27450980392156865,0.8142857142857143,0.7517980039390117,0.8347771408338064,0,1,0,2,1
0.47058823529411764,0.05714285714285714,1.0000000000000002,0.057265836336780666,0,1,1,4,1
0.5686274509803921,0.7285714285714286,0.7816725309256678,0.7682161209694442,1,1,0,3,1
0.5030496196232563,0.6285714285714286,0.2696010090951338,0.3257735463363083,0,1,0,1,12
0.11764705882352944,0.2714285714285714,0.5456637677310852,0.2034876939789998,1,0,0,2,1
0.3137254901960784,0.8571428571428572,0.4464139502976389,0.6104415541518582,0,0,0,2,1
0.8431372549019608,0.5285714285714286,0.5660227046405097,0.43031182836121823,1,0,0,2,24
0.37254901960784315,0.2714285714285714,0.5727721348115691,0.21665498703995198,0,0,0,4,1
0.6862745098039217,0.34285714285714286,0.7166124499325057,0.3265462974298073,0,0,0,1,24
0.1568627450980392,0.014285714285714285,0.03160061076810733,0.0,1,0,0,2,24
0.7254901960784313,0.44285714285714284,0.7659607426586117,0.4520677437628061,1,0,0,1,24
0.9215686274509803,0.35714285714285715,0.09876297328995992,0.10900320892522691,0,1,0,2,24
0.4117647058823529,0.9857142857142858,0.0,0.21755786877497582,1,0,0,3,1
0.019607843137254943,0.5714285714285715,0.5139082520082321,0.43993346307840253,0,0,0,2,1
0.4509803921568628,0.9428571428571428,0.5831728960587754,0.8063267268737767,0,0,0,2,1
0.13725490196078433,0.0,0.0,0.0,0,0,0,2,1
0.1960784313725491,0.7142857142857143,0.5100356281395917,0.5510602112871783,0,0,0,3,12
0.23529411764705888,0.05714285714285714,0.5312797362189914,0.024267276127903317,1,0,1,3,1
0.5030496196232563,0.17142857142857143,0.0,0.01635983146636026,1,0,0,1,24
0.13725490196078433,0.2571428571428571,0.7271238575759589,0.24306508106496347,1,0,0,1,24
0.3921568627450981,0.15714285714285714,0.17245347319037824,0.04347520143741342,0,1,0,1,1
0.33333333333333337,0.6714285714285715,0.8188497200646176,0.7308188237668032,0,1,0,1,1
0.5686274509803921,0.34285714285714286,0.2836531014184868,0.17042326517379508,0,0,0,3,1
0.33333333333333337,0.8,0.4685432295470137,0.5864091557991514,0,1,0,3,24
0.8823529411764707,0.4857142857142857,0.9266193100090732,0.5794206583839315,0,1,0,3,12
0.9019607843137255,0.05714285714285714,0.8317953484255018,0.04571152061028378,0,0,1,2,1
0.5882352941176471,0.3,0.8049082741375115,0.3127540559793101,1,0,0,3,1
0.7254901960784313,0.8,0.11724092146318799,0.29546917237233294,0,0,0,2,1
0.607843137254902,0.6571428571428571,0.0,0.15254235109761177,0,0,0,2,24
0.1960784313725491,0.7571428571428571,0.6100599703467657,0.6643782952371863,1,0,0,2,1
0.8627450980392156,0.028571428571428574,0.39418885126911424,0.0,1,0,0,2,1
0.47058823529411764,0.7428571428571429,0.9456504901635354,0.9074816122190422,1,0,0,3,24
0.5030496196232563,0.42857142857142855,0.3265839031622741,0.23825506698193624,0,0,0,2,24
0.7254901960784313,0.9714285714285714,0.3939675584766204,0.6423444464901195,0,1,0,1,24
0.7843137254901961,0.45714285714285713,0.5217641461417601,0.3474041507497613,1,0,0,4,1
0.13725490196078433,0.7000000000000001,0.8209520015933083,0.7676554346250968,0,0,0,4,12
0.1960784313725491,0.21428571428571427,0.2366283830135653,0.08583513508042556,1,1,0,4,1
0.4117647058823529,0.5428571428571429,0.9818318617362634,0.6819877021724106,0,0,0,3,1
0.9803921568627451,0.6428571428571429,0.5371439952200756,0.5136452420221079,0,0,0,3,1
0.4509803921568628,0.6571428571428571,0.870300294319414,0.7517489718876043,0,1,0,3,1
0.7843137254901961,0.6142857142857143,0.5213215605567727,0.474376312753092,1,0,0,3,1
0.3137254901960784,0.11428571428571427,0.7939542809090709,0.10582866389247417,0,1,1,4,24
0.5030496196232563,0.7000000000000001,0.0,0.1673338673509289,1,1,0,3,1
0.8823529411764707,0.8428571428571429,0.8240501006882208,0.9264630138192314,0,0,0,1,24
0.607843137254902,0.19999999999999998,0.5195512182168227,0.13664552766689894,0,0,0,2,1
0.27450980392156865,0.49999999999999994,0.4370090066166545,0.34137797746137283,0,1,0,2,1
0.2941176470588236,0.8857142857142858,0.06324548009471337,0.2784220583325862,0,0,0,1,12
0.5030496196232563,0.9714285714285714,0.7603177764500211,0.9999999999999999,0,1,0,3,12
0.5294117647058824,0.5714285714285715,0.08493217375910067,0.18362911546186575,0,1,0,3,1
0.37254901960784315,0.32857142857142857,0.15253712186594082,0.11848186059184701,1,1,0,3,24
0.6274509803921569,0.6857142857142857,0.07962114673925075,0.222044966080886,1,1,0,3,1
0.17647058823529416,0.24285714285714283,0.0,0.026002351348233768,0,1,0,2,24
0.7647058823529412,0.0857142857142857,0.6721325986412623,0.06206299801076839,1,0,1,3,1
0.607843137254902,0.04285714285714286,0.2393945429197371,0.0,0,1,0,2,24
0.9607843137254902,0.9714285714285714,0.10518046427227873,0.34920348801528917,0,1,0,2,1
0.6274509803921569,0.8428571428571429,0.2938325698731992,0.4677203714217688,0,0,0,3,24
0.019607843137254943,0.7714285714285715,0.49200026555135096,0.5838515264002939,0,1,0,2,12
0.6274509803921569,0.21428571428571427,0.4967580605899667,0.14561008297193967,0,0,0,3,1
0.6274509803921569,0.39999999999999997,0.3460576689017239,0.2286511043271812,1,0,0,2,24
0.7843137254901961,0.3142857142857143,0.48735311690898225,0.22133969013484425,0,1,0,1,1
0.23529411764705888,0.1857142857142857,0.41255615304609533,0.10659498878145346,0,0,0,3,1
0.5686274509803921,0.6857142857142857,0.850052003806236,0.7720798764369394,0,1,0,3,24
0.6274509803921569,0.45714285714285713,0.0,0.08591706918805225,1,1,0,3,1
0.23529411764705888,0.34285714285714286,0.9001748213060701,0.39126460314813327,0,1,0,2,1
1.0,0.2857142857142857,0.20963066232932798,0.11880317081783412,1,0,0,2,1
0.5030496196232563,0.22857142857142856,0.7384097899931401,0.2178856052054827,1,0,0,4,24
0.4117647058823529,0.3142857142857143,0.38788200668304235,0.18797322971721164,0,0,0,3,1
0.7450980392156864,0.8,0.26539644603775253,0.41960737818245725,1,0,0,2,1
0.019607843137254943,0.8142857142857143,0.6205713779902189,0.7262465792510064,0,0,0,2,12
0.7254901960784313,0.1857142857142857,0.7905242426254178,0.18376245920565043,0,1,0,3,24
0.7450980392156864,0.2714285714285714,0.43756223859788884,0.17310299245852767,1,0,0,1,24
0.4901960784313726,0.41428571428571426,0.45604018677111685,0.2873994660466664,0,0,0,2,12
0.8823529411764707,0.2571428571428571,0.00493482927261063,0.04582879884276909,1,0,0,2,12
0.9607843137254902,0.7428571428571429,0.9621368032043198,0.9193411726602269,0,1,0,2,1
0.27450980392156865,0.7857142857142857,0.8768284316979797,0.9072727605721506,1,0,0,4,1
0.6470588235294118,0.3142857142857143,0.3801367589457611,0.18649359612654096,1,1,0,3,12
0.8039215686274509,0.8714285714285714,0.7862090331717897,0.9266766851195128,0,0,0,2,24
0.8431372549019608,0.45714285714285713,0.2864192613246587,0.23725579217911627,0,1,0,0,12
0.9411764705882354,0.24285714285714283,0.7479253800703713,0.2360075019511563,0,0,0,3,1
0.7647058823529412,0.45714285714285713,0.5114740312908008,0.34467783348226055,1,1,0,1,1
0.1960784313725491,0.44285714285714284,0.44962269578879815,0.3047598575567506,1,0,0,1,12
0.03921568627450983,0.8571428571428572,0.002279315762685641,0.21692649418091112,0,1,0,1,12
0.09803921568627455,0.7571428571428571,1.0000000000000002,0.9757921662639043,0,0,0,1,12
0.1568627450980392,0.22857142857142856,0.8663170240545266,0.24615126578556976,1,0,0,3,1
0.09803921568627455,0.2571428571428571,0.8176326097059021,0.26862370299110894,0,1,0,4,1
0.1568627450980392,0.9857142857142858,0.2771249640399213,0.5332146413358536,1,0,0,2,24
0.7450980392156864,0.4714285714285714,0.26019606541414947,0.2318963376096511,1,1,0,3,12
0.5882352941176471,0.34285714285714286,0.5739892451702848,0.275384070145878,0,0,0,1,1
0.607843137254902,0.9571428571428572,0.8760539069242517,0.9999999999999999,1,0,0,3,1
0.7843137254901961,0.14285714285714285,0.9738653212064883,0.16749773556618236,1,1,1,3,24
0.9607843137254902,0.21428571428571427,0.23729226139104648,0.08702719601883777,1,0,0,3,24
0.21568627450980393,0.8571428571428572,0.6118303126867157,0.7541491592757281,0,1,0,3,1
0.13725490196078433,0.0857142857142857,0.7407333643143243,0.0678658606920958,1,1,1,1,1
0.13725490196078433,0.21428571428571427,0.19026754298612497,0.07698303835448037,0,1,0,3,1
0.9607843137254902,0.21428571428571427,0.39064816658921425,0.11935100475314217,0,1,0,0,1
0.5294117647058824,0.5571428571428572,0.1472260948460909,0.21483315805860503,1,0,0,2,12
0.37254901960784315,0.15714285714285714,0.7130717652526057,0.13755483560644252,0,0,0,3,1
0.9019607843137255,0.4857142857142857,0.8955276726637014,0.5638756696506747,0,0,0,3,12
0.11764705882352944,0.2857142857142857,0.9106862289495232,0.3286524859611529,1,1,0,2,12
0.1960784313725491,0.7000000000000001,0.6812056031335061,0.6635252165871905,1,0,0,3,1
0.37254901960784315,0.6,0.323928389652349,0.34368980453735015,1,1,0,1,1
0.2941176470588236,0.22857142857142856,0.6711367810750404,0.19940866066009327,0,1,0,1,1
0.05882352941176472,0.44285714285714284,0.8960809046449358,0.5093364718916207,0,0,0,2,1
0.09803921568627455,0.5714285714285715,0.6322998959923876,0.5075676590975616,1,0,0,4,1
0.4117647058823529,0.07142857142857142,0.3966230719865454,0.022445447146556337,0,0,0,3,12
0.4901960784313726,0.3714285714285714,0.9574896545619511,0.9999999999999999,0,0,0,1,24
0.03921568627450983,0.2714285714285714,0.8638828033370953,0.298262964787291,1,1,0,2,12
0.7843137254901961,0.34285714285714286,0.91610790236562,0.399504603893573,0,1,0,2,24
0.8039215686274509,0.9285714285714286,0.9391223527849699,0.9999999999999999,1,0,0,2,12
0.2549019607843137,0.11428571428571427,0.3754896103033925,0.05174412010319198,0,0,0,3,12
0.1960784313725491,0.7428571428571429,0.8908805240213327,0.8684841900909852,1,1,0,3,1
0.33333333333333337,0.8571428571428572,0.5707804996791255,0.720594732375893,0,0,0,1,24
0.21568627450980393,0.5285714285714286,0.0,0.1088939634483913,1,0,0,4,1
0.43137254901960786,0.028571428571428574,0.6432538892208282,0.006264264165844913,0,0,1,1,1
0.21568627450980393,0.9857142857142858,0.46046604262099194,0.7195536872436947,1,1,0,2,1
0.23529411764705888,0.7714285714285715,0.24426298435459964,0.38845635177300586,0,0,0,2,24
0.47058823529411764,0.0,1.0000000000000002,0.0,1,1,1,3,24
0.8627450980392156,0.9857142857142858,0.0007302662152294248,0.25254694583384335,1,1,0,3,12
0.9803921568627451,0.6285714285714286,0.9863683639823853,0.793323302028078,1,0,0,2,12
0.3529411764705882,0.6571428571428571,0.11602381110447235,0.9999999999999999,1,0,0,3,1
0.8823529411764707,0.35714285714285715,0.3569010157339176,0.20603407751994773,0,0,0,3,24
0.6862745098039217,0.1857142857142857,0.401380867025161,0.10316982177243075,0,1,0,3,12
0.8627450980392156,0.7571428571428571,0.7485892584478524,0.773011676092302,0,0,0,2,24
0.13725490196078433,1.0,0.17831773219146257,0.4401037574981757,0,1,0,1,1
0.5490196078431373,0.6428571428571429,1.0000000000000002,0.8409189858035502,1,0,0,2,1
0.607843137254902,0.42857142857142855,0.76850560977229,0.439024155138859,1,1,0,3,24
0.9803921568627451,0.8285714285714286,0.8138706322335083,0.9045833939806385,0,1,0,2,1
0.8431372549019608,0.39999999999999997,0.05749186748987589,0.10638774368569176,0,1,0,4,24
0.33333333333333337,0.22857142857142856,0.4667728872070636,0.14820787614904551,0,1,0,3,1
0.09803921568627455,0.1857142857142857,0.9860364247936446,0.22343463280828027,1,0,0,3,24
0.5030496196232563,0.49999999999999994,0.23862001814600903,0.23599143643985696,1,0,0,2,1
0.3529411764705882,0.8142857142857143,0.10064396202615683,0.285212949958824,1,1,0,2,12
0.4117647058823529,0.32857142857142857,0.4768417092655293,0.2320794844384638,1,0,0,2,1
0.7058823529411765,0.8857142857142858,0.9692181725641198,0.9999999999999999,0,0,0,3,12
0.607843137254902,0.34285714285714286,0.4783907588129856,0.2384462465663986,1,0,0,3,1
0.7843137254901961,0.8285714285714286,0.3876607138905486,0.5370591181897896,0,1,0,2,24
0.03921568627450983,0.44285714285714284,0.6592976166766249,0.4025586575915806,0,0,0,2,12
0.5294117647058824,0.24285714285714283,0.9764101883201666,0.2939365225943744,0,1,0,3,1
0.17647058823529416,0.5142857142857143,0.0,0.11615236145344038,0,0,0,1,24
0.9803921568627451,0.35714285714285715,0.1094956737259068,0.11143231423368957,1,0,0,2,1
0.6666666666666666,0.11428571428571427,0.08670251609905072,0.013548366988972951,0,1,0,3,1
0.5490196078431373,0.9,0.0341454778817854,0.2602053750702464,1,0,0,3,1
0.5030496196232563,0.2714285714285714,0.2740268649450088,0.12532094875198288,0,1,0,2,24
0.6274509803921569,0.7571428571428571,0.19347628847728432,0.9999999999999999,1,1,0,3,1
0.11764705882352944,0.41428571428571426,0.5468808780898007,0.32295404910327136,0,1,0,2,1
0.21568627450980393,0.7428571428571429,0.301909756799221,0.41685696264800753,1,0,0,2,24
0.9411764705882354,0.8857142857142858,0.3881032994755362,0.5791877084700909,1,0,0,2,24
0.5686274509803921,0.14285714285714285,0.9819425081325102,0.16575302103907227,0,1,1,2,1
0.3921568627450981,0.42857142857142855,0.11204054083958487,0.1435328123609329,0,1,0,1,12
0.5882352941176471,0.6857142857142857,0.36962535130230817,0.4304323196959634,0,1,0,3,24
0.4509803921568628,0.2571428571428571,0.22423598663391536,0.10250631615576733,0,0,0,3,1
0.37254901960784315,0.15714285714285714,0.5474341100710352,0.10852124358624624,0,0,0,3,24
0.7058823529411765,0.19999999999999998,0.7544535174489369,0.1928442927431764,1,0,0,3,1
0.05882352941176472,0.42857142857142855,0.8437451592201644,0.471654815138981,0,0,0,2,12
0.5294117647058824,0.6,0.5099249817433447,0.45989164776559255,0,0,0,4,1
0.8431372549019608,0.5142857142857143,0.8856801433977295,0.5922200512361285,0,1,0,3,12
0.37254901960784315,0.39999999999999997,0.8084489588174115,0.4254391587841235,0,1,0,3,1
0.4509803921568628,0.35714285714285715,0.11347894399079428,0.1149940380887568,0,0,0,1,12
0.9607843137254902,0.014285714285714285,0.21129035827303105,0.0,0,0,0,3,1
0.9411764705882354,0.19999999999999998,0.6829759454734561,0.1717374239980824,0,0,0,1,1
0.9803921568627451,0.04285714285714286,1.0000000000000002,0.041573044899569665,0,1,1,4,1
0.607843137254902,0.7000000000000001,0.35590519816769567,0.42898803023015125,0,1,0,2,24
0.7843137254901961,0.5285714285714286,0.19402952045851868,0.22544603482295963,0,0,0,1,1
0.6862745098039217,0.3142857142857143,0.9013919316647858,0.3582066005474483,1,0,0,2,1
0.6470588235294118,0.8285714285714286,0.1606143087919627,0.34464891556192173,1,0,0,2,1
0.6862745098039217,0.3857142857142857,0.7114120693089026,0.36904278791886397,1,1,0,3,12
0.019607843137254943,0.9285714285714286,0.0,0.21020468425326055,0,0,0,4,1
0.27450980392156865,0.09999999999999999,0.0,0.0,1,0,0,3,12
0.6470588235294118,0.39999999999999997,0.43944322733408575,0.2691345862504285,0,1,0,2,1
0.6862745098039217,0.14285714285714285,0.6661576932439313,0.11749865130032641,0,1,1,2,1
0.09803921568627455,0.24285714285714283,0.09732457013875062,0.06312653485878575,0,0,0,1,1
0.7450980392156864,0.7714285714285715,0.7849919228130742,0.8165186872420881,1,0,0,2,24
0.8039215686274509,0.7000000000000001,0.08216601385292882,0.22767432124018036,1,0,0,3,1
0.9803921568627451,0.1857142857142857,0.5302839186527695,0.1321985941392372,0,0,0,2,1
0.9803921568627451,0.11428571428571427,0.2808869415123149,0.03882584246737978,0,1,0,1,1
0.21568627450980393,0.14285714285714285,0.7721569408484368,0.13226767583782442,0,1,1,3,12
0.03921568627450983,0.8857142857142858,0.8294717741043176,0.979469561800327,0,0,0,1,1
0.8627450980392156,0.9428571428571428,0.012901369802385543,0.24944148249967787,0,0,0,3,24
0.33333333333333337,0.7428571428571429,0.15286906105468145,0.30224881814066124,1,0,0,3,1
0.7647058823529412,0.5428571428571429,0.9273938347828012,0.6493441897632488,0,1,0,3,1
0.3921568627450981,0.7857142857142857,0.399610524685211,0.5182431913559837,0,1,0,3,1
0.27450980392156865,0.3857142857142857,0.4672154727920513,0.2691104879834795,1,1,0,3,12
0.5030496196232563,0.5428571428571429,0.1256500475779504,0.19460989243497565,0,1,0,4,12
0.6666666666666666,0.34285714285714286,1.0000000000000002,0.44479488679758766,0,0,0,4,1
0.4901960784313726,0.2857142857142857,0.9610303392418509,0.3439789837407386,1,0,0,3,24
0.13725490196078433,0.12857142857142856,0.0,0.0,0,1,0,2,1
0.6862745098039217,0.6,0.5490938060147381,0.4816170386957118,0,0,0,1,12
0.9215686274509803,0.19999999999999998,0.9049326163446858,0.22488856158087198,0,0,0,3,1
0.5686274509803921,0.6714285714285715,0.4160968377259953,0.4503680126673343,1,1,0,1,1
0.5030496196232563,0.2857142857142857,0.42306756068954837,0.17883195378787806,1,0,0,1,24
0.8039215686274509,0.8428571428571429,0.35944588284759565,0.5223238312260202,1,1,0,3,24
0.8431372549019608,0.7000000000000001,0.0,0.14714915895441796,1,0,0,3,1
0.2549019607843137,0.3142857142857143,0.8142025714222489,0.33140290149560264,1,1,0,3,1
0.2549019607843137,0.17142857142857143,0.4451968399389233,0.10366142641819104,0,1,0,3,1
0.019607843137254943,0.9714285714285714,0.5274071123503508,0.7743274414677193,0,0,0,3,12
0.7058823529411765,0.04285714285714286,0.2226869370864591,0.0,0,1,0,2,1
0.07843137254901966,0.11428571428571427,0.8073424948549426,0.10569050049529971,0,1,1,4,24
0.7254901960784313,0.4857142857142857,0.8179645488946428,0.5230805168082198,1,1,0,2,1
0.8627450980392156,0.2857142857142857,0.5515280267321694,0.2170823296405149,0,0,0,4,1
0.7843137254901961,0.8142857142857143,0.9406714023324261,0.9933533766652302,0,0,0,3,1
0.9019607843137255,0.24285714285714283,0.06800327513332893,0.055514695605150856,0,1,0,0,1
0.2549019607843137,0.6,0.8101086547611145,0.6465857414731494,1,1,0,2,1
0.7450980392156864,0.07142857142857142,0.5578348713182413,0.03583605081456962,0,0,1,2,1
0.47058823529411764,0.9428571428571428,0.19535727721348123,0.4299053709253445,1,1,0,3,12
0.37254901960784315,0.15714285714285714,0.08614928411781625,0.031781115762612146,0,0,0,2,1
0.019607843137254943,0.15714285714285714,0.27280975458629314,0.0639314169748835,0,1,0,2,12
0.7450980392156864,0.9285714285714286,0.8872291929451859,0.9999999999999999,1,0,0,3,1
0.09803921568627455,0.014285714285714285,0.8112151187235834,0.0,1,0,1,2,24
0.3137254901960784,0.19999999999999998,0.6535440040717875,0.16958785858622857,0,1,0,3,24
0.47058823529411764,0.3142857142857143,0.03967779769412916,0.07224692562343019,0,0,0,1,24
0.5294117647058824,0.39999999999999997,0.9962158932483571,0.5033552820348705,0,0,0,2,12
0.019607843137254943,0.0857142857142857,0.27767819602115557,0.022983641775084766,1,1,0,1,1
0.6666666666666666,0.3857142857142857,0.6113877271017283,0.32948467944645954,1,1,0,3,12
0.7058823529411765,0.1857142857142857,0.8283653101418489,0.18935968334234607,1,1,0,1,24
0.07843137254901966,0.6142857142857143,0.08681316249529752,0.20157268503211656,0,0,0,2,1
0.0,0.41428571428571426,0.6613998982053155,0.3784571775402867,1,1,0,2,1
0.7647058823529412,0.44285714285714284,0.0,0.08589136436997327,1,0,0,3,1
0.21568627450980393,0.9857142857142858,0.052402133262519635,0.3069174557242541,0,0,0,2,1
0.6862745098039217,0.07142857142857142,0.7398481931443495,0.8133409291070756,0,0,1,2,1
0.8627450980392156,0.3714285714285714,0.11137666246210359,0.12003860863675461,0,0,0,4,1
0.43137254901960786,0.32857142857142857,0.43048086923808887,0.21358968748403487,0,0,0,2,1
0.9019607843137255,0.4714285714285714,0.2144991037641904,0.2115734658159657,0,0,0,1,24
0.5882352941176471,0.5571428571428572,0.405806722875036,0.3624366496725688,1,0,0,3,1
0.1960784313725491,0.6571428571428571,0.025183119785788577,0.17354479401925996,0,1,0,2,24
0.17647058823529416,0.32857142857142857,0.7750337471508553,0.3346802658006713,0,1,0,3,1
0.03921568627450983,0.9142857142857143,0.027174754918232347,0.2546949046945673,0,1,0,2,1
0.2549019607843137,0.24285714285714283,0.8668702560357611,0.2655776820487511,0,0,0,3,1
0.2941176470588236,0.6142857142857143,0.6729071234149904,0.5747793321695476,0,1,0,3,1
0.17647058823529416,0.8,0.40071698864767974,0.5293765906864374,0,1,0,3,1
0.5490196078431373,0.3857142857142857,0.8985151253623671,0.4457186536973006,0,0,0,2,1
0.17647058823529416,1.0,0.14567704529863462,0.40366235821784635,0,0,0,2,1
0.21568627450980393,0.3142857142857143,0.23253446635243097,0.1354695322397861,0,0,0,0,12
0.5686274509803921,0.4714285714285714,0.09146031113766628,0.1489597420778554,1,0,0,1,1
0.7843137254901961,0.14285714285714285,0.36199074996127373,0.06590104866018454,0,1,0,3,1
0.0,0.4857142857142857,1.0000000000000002,0.6343004449825319,0,0,0,4,12
0.07843137254901966,0.5857142857142857,0.1179047998406692,0.20735144944649492,1,0,0,2,1
0.37254901960784315,0.3857142857142857,0.8592356546947266,0.430091730856417,1,0,0,3,1
0.13725490196078433,0.32857142857142857,0.6610679590165749,0.2921114805107675,0,0,0,4,1
0.823529411764706,0.09999999999999999,0.0,0.0,1,1,0,1,1
0.21568627450980393,0.7428571428571429,0.9852619000199163,0.9373152667019464,0,1,0,2,1
0.0,0.04285714285714286,1.0000000000000002,0.042570713151259675,1,0,1,3,1
0.37254901960784315,0.05714285714285714,0.9631326207705415,0.05723370531418195,0,1,1,3,1
0.5294117647058824,0.6857142857142857,0.4948770718537698,0.5165466733627717,0,1,0,2,12
0.823529411764706,0.41428571428571426,0.1836287592113125,0.16634101875262872,0,0,0,3,1
0.7058823529411765,0.8857142857142858,0.3727234503972206,0.5642564222684694,1,1,0,1,1
0.5030496196232563,0.6571428571428571,0.6193542676315034,0.5773835515511733,1,0,0,2,24
0.7058823529411765,0.35714285714285715,0.3588926508663613,0.2068726972097741,1,1,0,2,12
0.21568627450980393,0.8,0.7233618801035651,0.7954214578037738,0,1,0,2,1
0.7058823529411765,0.5142857142857143,0.8200668304233332,0.5564501903281123,1,0,0,3,24
0.9411764705882354,0.0857142857142857,0.17145765562415632,0.010055724832492938,0,1,0,0,1
0.9411764705882354,0.5571428571428572,0.38777136028679554,0.35248888507600745,0,0,0,2,1
0.8431372549019608,0.5428571428571429,0.9994246387395163,0.693151625974333,1,0,0,2,24
0.5294117647058824,0.8714285714285714,0.21615879970789353,0.4143330708228787,1,0,0,3,24
0.9019607843137255,0.7428571428571429,0.3230432184823741,0.4279164606264842,1,1,0,2,1
0.27450980392156865,0.04285714285714286,0.0,0.0,0,0,0,2,12
0.09803921568627455,0.34285714285714286,0.3075527230078117,0.18025857119126085,1,1,0,0,12
0.8431372549019608,0.0857142857142857,0.35015158556285825,0.030809152329001104,1,0,0,2,1
0.37254901960784315,0.3857142857142857,0.0501892053375822,0.09768505621483059,1,1,0,3,1
0.9607843137254902,0.9714285714285714,0.0,0.1894287650409333,0,1,0,2,1
0.2549019607843137,0.9428571428571428,0.5764234658877161,0.800107767449796,0,0,0,2,24
0.019607843137254943,0.2714285714285714,0.2733629865675275,0.12306695751668323,0,0,0,3,1
0.5030496196232563,0.14285714285714285,0.0,0.0028921133441100755,1,0,0,3,12
0.7058823529411765,0.9428571428571428,0.8912124632100733,0.9999999999999999,1,0,0,1,1
0.37254901960784315,0.0857142857142857,0.5863816415499348,0.05333942537521804,1,1,1,4,1
0.4901960784313726,0.3142857142857143,0.12919073225785038,0.10008845670521424,0,1,0,2,12
0.5490196078431373,0.8571428571428572,0.8970767222111578,0.9999999999999999,1,0,0,2,12
0.0,1.0,0.22036336276527474,0.4814483508270685,0,1,0,1,1
0.6666666666666666,0.4714285714285714,0.19137400694859374,0.19764627407055393,1,1,0,3,1
0.09803921568627455,0.2571428571428571,0.9296067627077387,0.298336866139268,0,0,0,3,1
0.7058823529411765,0.8142857142857143,0.13837438314634098,0.31845409938832164,1,1,0,3,1
0.5030496196232563,0.11428571428571427,0.9123459248932264,0.12156001255680363,0,0,1,3,1
0.6274509803921569,0.6714285714285715,0.8282546637456019,0.7413577991791809,0,0,0,3,12
0.9411764705882354,0.5714285714285715,0.2825466374560181,0.3022472115895313,0,0,0,2,1
0.9803921568627451,0.6714285714285715,0.0,0.14792191004791697,0,1,0,2,1
0.2549019607843137,0.6285714285714286,0.03115802518311983,0.1685821575788889,0,1,0,1,1
0.21568627450980393,0.34285714285714286,0.06092190577352896,0.08774371782278906,0,0,0,3,24
0.8039215686274509,0.34285714285714286,0.9254021996503574,0.4044431420669951,1,1,0,3,1
0.37254901960784315,0.2571428571428571,0.38677554272057363,0.14939190433180807,1,0,0,2,12
0.9607843137254902,0.5428571428571429,0.0,0.11189660751024094,0,0,0,0,1
0.4509803921568628,0.3714285714285714,0.5555112969970568,0.29177892442687087,0,0,0,3,1
0.823529411764706,0.8857142857142858,0.16990860607670005,0.37904035560045324,0,0,0,2,1
0.6470588235294118,0.9571428571428572,0.19989377945960302,0.440095724742526,0,1,0,3,1
0.47058823529411764,0.2571428571428571,0.11768350704817543,0.07444147446692223,0,0,0,3,24
0.9607843137254902,0.3857142857142857,0.7828896412843835,0.39720080957324533,1,1,0,4,1
0.5490196078431373,0.45714285714285713,0.0,0.07218748323162258,0,0,0,3,12
0.5030496196232563,0.12857142857142856,0.42550178140697964,0.06895188925593226,0,1,0,2,1
0.5882352941176471,0.41428571428571426,0.035915820221735395,0.10273765951847805,0,0,0,3,1
0.9019607843137255,0.3,0.5509747947509349,0.23153165050315574,1,0,0,1,1
0.823529411764706,0.028571428571428574,0.32260063289738655,0.0,0,1,0,3,12
0.9607843137254902,0.6714285714285715,0.0,0.14236484968946972,1,0,0,1,24
0.43137254901960786,0.014285714285714285,0.4498439885812919,0.0,1,1,0,3,24
0.8431372549019608,0.7571428571428571,0.5711124388678661,0.6364837479681145,0,1,0,1,1
0.7254901960784313,0.07142857142857142,0.21383522538670924,0.007457931655387072,0,1,0,1,12
0.37254901960784315,0.5571428571428572,0.7867622651530239,0.5878454125093139,0,0,0,3,1
0.43137254901960786,0.014285714285714285,0.35026223195910516,0.0,0,1,0,2,12
0.8627450980392156,0.014285714285714285,0.7688375489610306,0.0,1,0,1,1,24
1.0,0.7714285714285715,0.5804067361526035,0.6523323748649291,1,1,0,3,1
0.2941176470588236,0.8428571428571429,0.9016132244572796,0.996529528249113,0,0,0,3,1
0.9607843137254902,0.07142857142857142,0.5448892429573569,0.0382089268334845,1,0,1,2,12
0.8039215686274509,0.2571428571428571,0.14512381331740032,0.08111990751406453,0,0,0,2,12
0.13725490196078433,0.3714285714285714,0.8499413574099892,0.4073943764926868,0,1,0,2,1
0.5030496196232563,0.0,0.8061253844962271,0.0,1,0,1,4,24
0.3921568627450981,0.45714285714285713,1.0000000000000002,0.5852251276163889,0,1,0,1,12
0.0,0.5571428571428572,0.04332912877027595,0.1507028500538355,1,1,0,3,1
0.13725490196078433,0.44285714285714284,0.5939055964947222,0.3682379058027662,0,0,0,2,1
0.5490196078431373,0.9714285714285714,0.4838124322290824,0.731199576384598,0,1,0,2,12
0.607843137254902,0.22857142857142856,0.682090774303481,0.20330936680357692,0,1,0,2,1
0.7254901960784313,0.09999999999999999,1.0000000000000002,0.11778783050371483,1,1,1,2,1
0.07843137254901966,0.8,0.5287348691053133,0.6334537925370558,1,1,0,2,1
0.9019607843137255,0.5857142857142857,0.6984664409480184,0.5605163712379793,1,1,0,1,12
0.4117647058823529,0.11428571428571427,0.323928389652349,0.04332097252893961,0,0,0,3,12
0.9019607843137255,0.4857142857142857,0.2705968266613557,0.24563877597512027,0,1,0,1,1
0.6470588235294118,1.0,0.31076146849897107,0.5772614536652981,1,0,0,3,12
0.0,0.7428571428571429,0.0,0.16936454797916753,0,0,0,2,24
0.4901960784313726,0.7571428571428571,0.2547743919980527,0.38495407030974615,0,0,0,1,1
0.823529411764706,0.34285714285714286,0.13107172099404724,0.11539888897350059,0,0,0,2,12
0.17647058823529416,0.9428571428571428,0.44586071831640445,0.6713121699139885,1,0,0,4,24
0.5686274509803921,0.8714285714285714,0.44962269578879815,0.6233662579921901,0,0,0,2,12
0.9607843137254902,0.7714285714285715,0.7864303259642833,0.8178039281460366,1,1,0,1,12
0.33333333333333337,0.6428571428571429,0.49554095023125105,0.4863145941996434,0,0,0,1,1
0.3137254901960784,0.32857142857142857,0.45216756290247634,0.22151641075913717,1,0,0,3,1
0.4901960784313726,0.6428571428571429,0.1960211555909624,0.282769385690192,0,0,0,3,1
0.13725490196078433,0.3,0.8830246298878046,0.3358241302051854,0,1,0,2,12
0.9019607843137255,0.14285714285714285,0.04045232246785724,0.015940521621447067,0,0,0,2,24
0.7647058823529412,0.6714285714285715,1.0000000000000002,0.8742613479542337,0,0,0,2,1
0.9411764705882354,0.09999999999999999,0.46655159441457,0.05157543223454875,1,0,0,3,1
0.21568627450980393,0.5428571428571429,0.14556639890238782,0.2066686652162723,0,0,0,2,1
0.5098039215686275,0.4857142857142857,0.33178428378587715,0.27747901281931403,0,0,0,2,12
0.13725490196078433,0.6857142857142857,0.0,0.13559805633018093,1,0,0,2,1
0.47058823529411764,0.6428571428571429,0.12399035163424726,0.23605730503618436,0,1,0,1,12
0.8823529411764707,0.5285714285714286,0.31076146849897107,0.2892261146814032,0,0,0,3,1
0.05882352941176472,0.09999999999999999,0.5531877226758726,0.06004677634269919,0,1,1,1,1
0.6274509803921569,0.7571428571428571,0.08305118502290387,0.24993148059430823,0,0,0,2,1
0.0,0.5142857142857143,0.6877337405120716,0.4868126250499235,1,1,0,3,24
0.3529411764705882,0.5571428571428572,0.873951625395561,0.6371327946246084,0,1,0,1,1
0.5882352941176471,0.4714285714285714,0.5729934276040631,0.3865011790478742,0,1,0,3,24
0.2941176470588236,0.22857142857142856,0.26827325234017124,0.10455145574417538,1,0,0,2,1
0.2549019607843137,0.45714285714285713,0.07408882692690705,0.13795326028666655,0,0,0,2,1
0.9215686274509803,0.6571428571428571,0.0,0.1297614560751249,1,1,0,3,1
0.07843137254901966,0.7285714285714286,0.7494744296178275,0.7446078521150405,1,0,0,3,24
0.7843137254901961,0.11428571428571427,0.6351767022948063,0.0855796934507658,1,0,1,3,12
0.4901960784313726,0.45714285714285713,0.4667728872070636,0.3242184048425306,0,0,0,2,1
0.5294117647058824,0.8428571428571429,0.05262342605501341,0.25325704143327493,0,0,0,1,12
0.5030496196232563,0.2857142857142857,0.1688021421142314,0.10067324131651081,1,1,0,1,1
0.9607843137254902,0.8142857142857143,0.8417535240877205,0.9106561572517949,0,1,0,1,1
0.09803921568627455,0.9714285714285714,0.47075615747195115,0.7189383781609294,1,1,0,0,1
0.1568627450980392,0.12857142857142856,1.0000000000000002,0.15166035452727714,0,0,1,3,24
0.6274509803921569,0.07142857142857142,1.0000000000000002,0.08115846474118299,0,1,1,2,1
0.7843137254901961,0.17142857142857143,0.8257097966319238,0.17066906749667524,0,0,0,3,1
0.47058823529411764,0.9142857142857143,0.225453096992631,0.44434183937894584,0,1,0,3,1
0.9215686274509803,0.2714285714285714,1.0000000000000002,0.10366624607158084,0,1,0,1,1
0.23529411764705888,0.8,0.22036336276527474,0.38012638416428973,0,0,0,2,1
0.1568627450980392,0.6428571428571429,1.0000000000000002,0.8436003196394127,0,0,0,3,1
0.23529411764705888,0.09999999999999999,0.31076146849897107,0.032168294584926614,0,1,0,3,1
0.5882352941176471,0.12857142857142856,0.7213702449711215,0.11028684327804547,0,0,1,2,24
0.7843137254901961,0.9428571428571428,1.0000000000000002,0.9999999999999999,0,0,0,1,1
0.1960784313725491,0.14285714285714285,0.8466219655225831,0.14386376189369965,0,0,1,2,1
0.05882352941176472,0.15714285714285714,0.6009869658545222,0.11559810131361259,0,1,0,4,1
0.6470588235294118,0.12857142857142856,0.12675651154041911,0.02247918472028499,0,1,0,4,1
0.7254901960784313,0.34285714285714286,0.13328464891898478,0.11551938030824574,1,0,0,3,24
0.8823529411764707,0.6857142857142857,0.48458695700281046,0.5097140114071556,0,0,0,4,1
0.05882352941176472,0.6857142857142857,0.9930071477571976,0.8718081443788221,0,0,0,2,24
0.7254901960784313,0.14285714285714285,0.9405607559361793,0.15917901381537575,0,0,1,3,12
0.3529411764705882,0.8714285714285714,0.12365841244550663,0.3276998011411011,0,0,0,2,12
0.09803921568627455,0.49999999999999994,0.25809378388545895,0.2473352939683323,1,1,0,1,1
0.6470588235294118,0.5428571428571429,0.5912500829847971,0.459008044644128,1,1,0,2,1
0.33333333333333337,0.7428571428571429,0.46798999756577925,0.5428619808711169,0,1,0,3,1
0.23529411764705888,0.7857142857142857,0.07187589900196956,0.25120226253808725,1,0,0,3,24
0.7843137254901961,0.0,0.34838124322290825,0.0,1,0,0,3,1
0.43137254901960786,0.7857142857142857,0.9961052468521101,0.9997137125886454,1,0,0,2,1
0.3529411764705882,0.04285714285714286,0.9924539157759633,0.03839689331568697,0,0,1,2,1
0.8627450980392156,0.41428571428571426,0.5587200424882162,0.3312599184450384,0,0,0,3,12
0.1960784313725491,0.15714285714285714,0.6427006572395937,0.12571134067655723,0,1,0,2,12
0.0,0.4857142857142857,0.18528845515501563,0.20137347269200453,1,1,0,4,1
0.4509803921568628,0.7285714285714286,0.7607603620350087,0.7494467841184066,0,0,0,2,1
0.11764705882352944,0.42857142857142855,0.0,0.08776781608973808,1,0,0,1,1
0.47058823529411764,0.9571428571428572,0.18396069840005314,0.42523512679062164,1,0,0,1,1
0.3921568627450981,0.7285714285714286,0.0,0.13669372420079706,0,1,0,3,12
0.27450980392156865,0.0857142857142857,0.3665272522073956,0.03033200664341023,1,0,0,3,24
0.0,0.3,0.8805904091703733,0.3337918430258169,1,0,0,2,12
0.21568627450980393,0.7857142857142857,1.0000000000000002,0.9999999999999999,1,1,0,3,1
0.11764705882352944,0.8142857142857143,0.6786607360198278,0.7737378372030329,1,0,0,3,12
0.27450980392156865,0.9,0.7639691075261679,0.9370469726632472,0,1,0,3,24
0.3921568627450981,0.15714285714285714,0.23043218482374034,0.053988472031712025,1,0,0,2,24
0.3529411764705882,0.0857142857142857,0.5154573015556885,0.048269150009141275,0,0,1,0,24
0.5490196078431373,0.7714285714285715,0.7547854566376775,0.7917087181424927,0,1,0,4,1
0.47058823529411764,0.8714285714285714,0.49000863041890735,0.6616712565832448,1,0,0,4,12
0.6274509803921569,0.7714285714285715,0.03768616256168539,0.2203179236162052,0,1,0,3,24
0.9411764705882354,0.49999999999999994,0.759543251676293,0.5094007339368182,0,1,0,3,12
0.607843137254902,0.32857142857142857,0.18274358804133756,0.12833483867174209,0,0,0,3,1
0.9411764705882354,0.6142857142857143,0.04786563101639779,0.17448623298140226,0,0,0,1,24
0.6666666666666666,0.22857142857142856,0.46876452233950744,0.14971964076231492,0,1,0,3,1
0.8431372549019608,0.014285714285714285,0.022306313483369866,0.0,1,1,0,2,1
0.7254901960784313,0.17142857142857143,0.6361725198610282,0.13977348271688358,0,0,0,3,1
0.4901960784313726,0.42857142857142855,0.6484542698444311,0.384184532318507,0,1,0,4,12
0.1960784313725491,0.3857142857142857,0.22379340104892792,0.17225312691079173,0,1,0,2,1
0.6666666666666666,0.8428571428571429,1.0000000000000002,0.9999999999999999,0,1,0,0,1
0.13725490196078433,0.3714285714285714,0.8520436389386798,0.41121796818193346,0,0,0,1,12
0.8823529411764707,0.19999999999999998,0.06103255216977588,0.038457942258624526,1,0,0,3,12
0.2549019607843137,0.45714285714285713,0.7679523777910553,0.4694940038692177,0,1,0,2,12
0.17647058823529416,0.2714285714285714,0.3304565270309147,0.14212708012223926,0,0,0,3,1
0.019607843137254943,0.5857142857142857,0.7699440129234991,0.6062709474185454,1,1,0,3,12
0.8823529411764707,0.15714285714285714,0.8258204430281706,0.15915973520181656,1,0,0,2,1
0.1568627450980392,0.3142857142857143,0.1072827458009693,0.09863452793262253,0,1,0,1,1
0.5030496196232563,0.1857142857142857,0.6720219522450155,0.16020078033401483,0,1,0,1,1
0.3921568627450981,0.34285714285714286,0.8943105623049858,0.3933386606568801,1,0,0,3,24
0.4901960784313726,0.42857142857142855,0.29759454734559304,0.2248435781492338,1,1,0,2,1
0.13725490196078433,0.7571428571428571,0.028613158069441702,0.20847282213518997,0,1,0,4,1
0.9215686274509803,0.05714285714285714,0.0,0.0,1,0,0,2,1
0.019607843137254943,0.17142857142857143,0.061475137754763376,0.032055836005831125,1,0,0,1,1
0.09803921568627455,0.3857142857142857,0.0,0.056671412418704485,0,1,0,2,24
0.5294117647058824,0.6,0.30146717121423355,0.33117637778628173,0,0,0,2,24
0.5490196078431373,0.6571428571428571,0.27092876585009634,0.3399690321204193,0,0,0,4,1
0.4901960784313726,1.0,0.061807076943504013,0.32124146559875993,0,0,0,1,1
0.47058823529411764,0.5285714285714286,0.6601827878465998,0.4832541142971162,0,0,0,4,1
0.21568627450980393,0.9428571428571428,1.0000000000000002,0.9999999999999999,0,0,0,4,12
0.07843137254901966,0.8714285714285714,0.9365774856712918,0.9999999999999999,1,0,0,2,1
0.6470588235294118,0.5428571428571429,0.21958883799154666,0.24980938270843314,1,1,0,3,1
0.9215686274509803,0.5142857142857143,0.7917413529841335,0.5400938932742378,1,0,0,3,1
0.7058823529411765,0.09999999999999999,0.9764101883201666,0.11283322681899341,0,0,1,2,1
0.27450980392156865,0.7285714285714286,0.9426630374648699,0.8907011856668647,0,1,0,2,1
0.8431372549019608,0.45714285714285713,0.9184314766868045,0.5390448153863899,0,1,0,3,1
0.6862745098039217,0.5857142857142857,0.8099980083648677,0.9999999999999999,0,1,0,2,1
0.27450980392156865,0.3714285714285714,0.2639580428865432,0.18041922630425442,0,1,0,3,1
0.823529411764706,0.09999999999999999,0.03226448914558855,1.638682152534099e-05,0,1,0,4,24
0.9215686274509803,0.3142857142857143,0.4794972227754543,0.21753537705915674,1,1,0,3,1
0.43137254901960786,0.9,0.00039832702648878726,0.22531269107917498,0,1,0,2,1
0.09803921568627455,0.2714285714285714,1.0000000000000002,0.3481913608034297,0,0,0,2,24
0.8823529411764707,0.21428571428571427,0.33621013963575214,0.10683115179755398,0,0,0,3,24
0.9607843137254902,0.22857142857142856,1.0000000000000002,0.2828834508204174,1,1,0,2,1
0.8431372549019608,0.2571428571428571,0.7951713912677865,0.2629798888716452,0,0,0,1,12
0.823529411764706,0.09999999999999999,0.3948527296465955,0.04089186722047696,0,0,0,3,1
0.8627450980392156,0.5285714285714286,0.07065878864325392,0.15854924577244103,0,0,0,2,12
0.3921568627450981,0.5285714285714286,0.20221735378078737,0.2300953937929933,0,0,0,3,24
0.43137254901960786,0.7428571428571429,0.6844143486246652,0.709769790862387,1,1,0,2,1
0.823529411764706,0.42857142857142855,0.8580185443360111,0.4772488261734169,1,0,0,1,1
0.2941176470588236,0.6142857142857143,1.0000000000000002,0.7962665036981199,0,0,0,2,1
0.9019607843137255,0.8428571428571429,0.08603863772156944,0.28554068638933094,0,1,0,1,12
0.27450980392156865,0.22857142857142856,0.11226183363207864,0.06322453447771184,0,1,0,3,1
0.47058823529411764,0.5428571428571429,0.0,0.11539406932011079,0,0,0,4,12
0.6862745098039217,0.5857142857142857,0.22788731771006215,0.2752796443224322,0,1,0,2,1
0.1960784313725491,0.6714285714285715,0.8482816614662863,0.7510163845723538,1,0,0,1,1
0.9803921568627451,0.15714285714285714,0.1591759056407533,0.04383506889051899,0,0,0,2,1
0.27450980392156865,0.24285714285714283,0.5459957069198258,0.18063450415566581,0,0,0,1,1
0.05882352941176472,0.07142857142857142,0.43368961472924833,0.02619835058608591,0,1,0,2,1
0.3921568627450981,0.6,0.3002500608555179,0.32819943854251105,1,0,0,3,1
0.23529411764705888,0.4857142857142857,0.623890769877625,0.42483991521265746,1,1,0,3,12
0.4117647058823529,0.7571428571428571,0.49554095023125105,0.5754267722749117,1,1,0,2,12
0.3529411764705882,0.8714285714285714,0.3102082365177366,0.4996971651120071,0,0,0,1,24
0.6470588235294118,0.9714285714285714,0.7020071256279183,0.9523798966473526,0,1,0,1,1
0.2549019607843137,0.21428571428571427,0.2495740113744495,0.08781922572589601,0,0,0,3,24
0.05882352941176472,0.09999999999999999,0.6514417225430968,0.07391131259404349,1,0,1,1,12
0.9215686274509803,0.42857142857142855,0.998871406758282,0.5437616495038808,1,1,0,2,1
1.0,0.12857142857142856,0.746376330522915,0.11675160502490636,0,0,1,2,1
0.5030496196232563,0.7857142857142857,0.40270862378012356,0.5199975451898734,0,0,0,2,1
0.5098039215686275,0.9857142857142858,0.7669565602248336,0.9999999999999999,0,0,0,2,24
0.5490196078431373,0.2714285714285714,0.8351147403129082,0.2899956526726424,1,0,0,1,1
0.9019607843137255,0.05714285714285714,0.3002500608555179,0.008773697030804335,1,0,0,1,1
0.5294117647058824,0.3142857142857143,0.7199318418199121,0.30148891945620165,0,0,0,1,1
0.6666666666666666,0.11428571428571427,0.4204120471796234,0.05510502506701726,1,0,0,1,24
0.13725490196078433,0.8142857142857143,0.8454048551638673,0.9129776236345519,0,0,0,2,1
0.2941176470588236,0.8285714285714286,0.26661355639646817,0.4360809534688169,1,0,0,2,1
0.8039215686274509,0.7571428571428571,0.9774060058863885,0.952371863891703,1,0,0,1,1
0.6862745098039217,0.6428571428571429,0.5757595875102348,0.5340596872301997,0,1,0,3,1
0.5686274509803921,0.3,0.3306778198234083,0.15793233013854574,0,1,0,2,1
0.33333333333333337,0.9,0.4038150877425923,0.6029775176021773,1,0,0,2,1
0.019607843137254943,0.09999999999999999,0.32459226802983027,0.036803194594790846,0,1,0,4,24
0.9411764705882354,0.2714285714285714,0.10152913319613183,0.0741201642409351,0,0,0,1,24
0.23529411764705888,0.7142857142857143,0.015556883312310532,0.18680848014800833,1,0,0,3,12
0.05882352941176472,0.5428571428571429,0.29582420500564305,0.29166967895003526,1,1,0,2,1
0.4901960784313726,0.5142857142857143,0.4472991214676139,0.3549549410604586,0,0,0,3,12
0.47058823529411764,0.7000000000000001,0.34008276350439265,0.4154303452446247,1,1,0,3,1
0.5686274509803921,0.4714285714285714,0.0,0.07992302692226252,0,0,0,3,1
0.1960784313725491,0.45714285714285713,0.5804067361526035,0.3770562649549828,0,1,0,0,24
0.11764705882352944,0.42857142857142855,0.09998008364867556,0.13376819459318431,1,0,0,1,24
0.5882352941176471,0.7571428571428571,0.17322799796410637,0.32148887447277,1,0,0,2,1
0.8431372549019608,0.6142857142857143,0.07331430215317891,0.19269006383470258,1,0,0,3,24
0.17647058823529416,0.4714285714285714,0.5155679479519353,0.3563879846683612,1,1,0,2,24
0.7450980392156864,1.0,0.04509947111022594,0.3017973772731493,1,0,0,3,12
0.23529411764705888,0.8714285714285714,0.22346146186018728,0.4183590879544973,0,1,0,2,12
0.5882352941176471,0.3142857142857143,0.43955387373033267,0.20693213960158172,0,1,0,1,12
0.5030496196232563,0.6428571428571429,0.12531810838920981,0.23306751338337414,0,0,0,1,1
0.9411764705882354,0.7857142857142857,0.4334683219367546,0.5475595363750486,0,1,0,1,1
0.8039215686274509,0.0857142857142857,0.31894930182123976,0.02316036239937768,1,0,0,3,12
0.8039215686274509,0.8571428571428572,0.8919869879838016,0.9999999999999999,1,0,0,2,1
0.6862745098039217,0.028571428571428574,0.8192923056496051,0.011861488302540565,1,0,1,2,1
0.37254901960784315,0.5285714285714286,1.0000000000000002,0.6927226768226402,1,0,0,4,1
0.05882352941176472,0.4714285714285714,0.5249728916329195,0.3607385251282268,1,1,0,3,1
0.11764705882352944,0.6142857142857143,0.5764234658877161,0.5158333646610803,0,0,0,3,24
0.0,0.41428571428571426,1.0000000000000002,0.5156036278494994,0,0,0,2,12
0.8431372549019608,0.22857142857142856,0.3819071012857112,0.12686805749011087,0,0,0,2,1
0.8627450980392156,0.8285714285714286,1.0000000000000002,0.6842352672031904,1,0,0,4,24
0.8039215686274509,0.12857142857142856,0.35922459005510193,0.05860409342801703,0,0,0,3,24
0.9019607843137255,0.24285714285714283,0.5437827789948881,0.17873395416895196,0,0,0,2,1
0.23529411764705888,0.6285714285714286,0.02916639005067606,0.16784635716137836,1,0,0,3,24
0.4117647058823529,0.8285714285714286,0.807010555666202,0.8971804063738952,1,0,0,4,1
0.3921568627450981,0.8714285714285714,1.0000000000000002,0.9999999999999999,0,0,0,3,1
0.4117647058823529,0.8285714285714286,0.012458784217398045,0.2156798105040811,0,0,0,1,1
0.5294117647058824,0.6857142857142857,0.8260417358206644,0.753005294871214,0,1,0,3,12
0.1568627450980392,0.8857142857142858,0.20719644161189676,0.9999999999999999,0,0,0,3,1
0.4901960784313726,0.44285714285714284,0.1582907344707783,0.16909946704272813,1,1,0,1,12
0.1568627450980392,0.12857142857142856,0.7069862134590277,0.10839593259811126,1,0,1,2,12
0.27450980392156865,0.14285714285714285,0.0,0.006877966697480316,0,0,0,3,1
0.17647058823529416,0.9857142857142858,1.0000000000000002,0.712635878078192,1,0,0,3,1
0.4509803921568628,0.8714285714285714,0.0,0.16710573709047807,1,0,0,2,1
0.8039215686274509,0.6571428571428571,0.5531877226758726,0.5359489913590041,0,0,0,1,1
0.13725490196078433,0.4714285714285714,0.4510610989400075,0.3268868862693537,1,1,0,3,12
0.4509803921568628,0.22857142857142856,0.9527318595233354,0.26713924974704845,1,1,0,4,1
0.2941176470588236,0.7571428571428571,0.7367500940494369,0.7651909851917755,0,0,0,1,1
0.9411764705882354,0.5571428571428572,0.07917856115426325,0.17463564223648623,1,0,0,3,1
0.4901960784313726,0.2571428571428571,0.3320055765783709,0.13381157147369258,0,1,0,2,12
0.5098039215686275,0.9428571428571428,0.9705459293190821,0.9999999999999999,1,0,0,3,24
0.7058823529411765,0.7428571428571429,0.7422824138617807,0.7532768020121731,0,1,0,3,24
0.05882352941176472,0.9,0.5973356347783754,0.7800258783256009,1,0,0,1,24
0.9607843137254902,0.6571428571428571,0.5583881032994755,0.5377145910508032,1,1,0,3,1
0.4509803921568628,0.07142857142857142,0.3802474053420081,0.01964362197594864,0,0,0,1,1
0.3529411764705882,0.21428571428571427,0.5872668127199097,0.16702219643172142,1,1,0,3,12
0.6862745098039217,0.24285714285714283,0.7936223417203303,0.24818194641380834,1,1,0,3,24
0.7450980392156864,0.7285714285714286,0.08083825709796633,0.23576009307714627,0,0,0,2,1
0.17647058823529416,0.6714285714285715,1.0000000000000002,0.867341932237601,1,0,0,3,1
0.5030496196232563,0.6,0.20465157449821858,0.26966796122556713,1,0,0,3,1
0.33333333333333337,0.5428571428571429,0.4351280178804577,0.3721803822756282,0,0,0,4,12
0.3529411764705882,0.6857142857142857,0.0,0.13916299328750806,0,0,0,2,1
0.6862745098039217,0.15714285714285714,0.5486512204297507,0.10792681966817008,0,0,0,2,1
0.17647058823529416,0.12857142857142856,0.36232268915001437,0.05759196621615759,0,0,0,3,24
0.6274509803921569,1.0,0.21615879970789353,0.48002815962820544,0,0,0,4,1
0.9607843137254902,0.7714285714285715,1.0000000000000002,0.9999999999999999,0,1,0,1,1
0.07843137254901966,0.0,0.4134413242160703,0.0,1,1,0,2,1
0.9019607843137255,0.6857142857142857,0.39817212153400167,0.4478955304783634,1,0,0,3,1
0.9411764705882354,0.49999999999999994,0.45216756290247634,0.34699126710936784,0,0,0,2,1
0.5030496196232563,0.2857142857142857,0.06833521432206957,0.0716605344610037,0,1,0,4,1
0.8431372549019608,0.5142857142857143,0.3747150855296643,0.31987589713831466,0,1,0,3,1
0.6470588235294118,0.32857142857142857,0.3119785788576866,0.16993648018142457,1,1,0,1,12
0.6274509803921569,0.7714285714285715,0.4543804908274139,0.5524996810996007,1,0,0,2,12
0.3921568627450981,0.34285714285714286,0.8875611321339265,0.38940743004192774,0,1,0,2,1
0.3137254901960784,0.0857142857142857,0.15309035384717523,0.008685336718657871,0,0,0,2,1
0.4117647058823529,1.0,0.6121622518754564,0.8838187206262207,0,0,0,1,24
0.9215686274509803,1.0,0.0,0.23504357127319495,1,0,0,1,1
0.7058823529411765,0.32857142857142857,0.29029188519329924,0.16329339125914086,1,1,0,3,1
0.27450980392156865,0.14285714285714285,0.4627896169421762,0.0849483188567011,1,0,0,2,1
0.5030496196232563,0.15714285714285714,0.02197437429462923,0.01860578994601024,0,0,0,3,12
0.5294117647058824,0.4857142857142857,0.5416804974661977,0.3809023483600486,0,1,0,2,1
0.11764705882352944,0.8857142857142858,0.28309986943725246,0.4809165824030598,0,0,0,0,12
0.607843137254902,0.9571428571428572,1.0000000000000002,0.9999999999999999,0,0,0,2,12
0.1960784313725491,0.8,0.6379428622009782,0.7291656826540995,0,0,0,1,24
0.17647058823529416,0.17142857142857143,0.20996260151806861,0.05829081595767958,0,1,0,4,1
0.1568627450980392,0.3142857142857143,0.05339795082874155,0.07516924212878306,1,1,0,3,12
0.5030496196232563,0.5428571428571429,0.0,0.11461328547096206,1,0,0,3,1
0.23529411764705888,0.15714285714285714,0.04023102967536346,0.020503126830464194,0,0,0,1,1
0.47058823529411764,0.4714285714285714,0.6922702427581935,0.4463660938026647,1,0,0,3,1
0.019607843137254943,1.0,0.8857907897939765,0.9999999999999999,0,1,0,2,1
0.6666666666666666,0.42857142857142855,0.11314700480205364,0.1430187159993535,0,1,0,3,24
0.11764705882352944,0.8714285714285714,0.384673261191883,0.564441175648412,1,0,0,4,1
0.3921568627450981,0.17142857142857143,0.33167363738963024,0.08057689323214631,1,0,0,0,1
0.33333333333333337,0.42857142857142855,0.6528801256943062,0.3854296094442071,1,0,0,2,1
0.03921568627450983,0.014285714285714285,0.14191506782624097,0.0,0,0,0,2,12
0.8039215686274509,0.19999999999999998,0.9945561973046539,0.24287711458276098,1,1,0,2,1
0.7450980392156864,0.8,0.7459337449379275,0.8144735476536802,0,0,0,3,24
0.7843137254901961,0.4714285714285714,0.9965478324370978,0.5933414239248236,1,1,0,2,24
0.9411764705882354,0.9571428571428572,0.2466972050720309,0.49047234852391686,0,0,0,2,24
0.1960784313725491,0.39999999999999997,0.5900329726260816,0.33253873314446714,1,0,0,3,1
0.7450980392156864,0.9285714285714286,0.750027661599062,0.9536105148128833,0,0,0,0,12
0.4509803921568628,0.21428571428571427,0.7264599791984776,0.19862466370868473,0,0,0,2,1
0.8823529411764707,0.5428571428571429,0.0,0.10487919217468222,0,1,0,2,24
0.3529411764705882,0.5142857142857143,1.0000000000000002,0.6754811700961713,0,1,0,2,12
0.05882352941176472,0.2857142857142857,0.9666733054504417,0.34514052020768204,0,0,0,4,1
0.4901960784313726,0.6142857142857143,0.07231848458695705,0.18958138739827718,1,0,0,1,12
0.7254901960784313,0.2571428571428571,0.5412379118812101,0.19318970123611254,0,0,0,3,1
0.8039215686274509,1.0,0.2878576644758681,0.5507003438340727,0,0,0,3,1
0.607843137254902,0.09999999999999999,0.9122352784969794,0.10548325539953801,0,0,1,2,1
0.7450980392156864,0.9285714285714286,0.7115227157051496,0.9165313147339695,1,1,0,4,24
0.8627450980392156,0.5714285714285715,0.18705879749496562,0.245246777499416,1,1,0,0,24
0.8823529411764707,0.9857142857142858,0.0,0.22873303843480788,1,1,0,3,12
0.6862745098039217,0.8571428571428572,0.2625196397353338,0.4486152653845745,1,0,0,0,24
0.7647058823529412,0.35714285714285715,0.0,0.06300283042178073,0,0,0,2,1
0.7058823529411765,1.0,0.09610745978003504,0.35580962626158436,1,1,0,3,24
0.6274509803921569,0.9857142857142858,0.6435858284095688,0.9023229765408189,1,0,0,2,1
0.6862745098039217,0.39999999999999997,0.7641904003186617,0.405440810318685,0,1,0,3,12
0.03921568627450983,0.9285714285714286,0.4575892363185731,0.672468886727542,0,1,0,1,12
0.1568627450980392,0.2571428571428571,0.6039744185531877,0.2070799423055358,0,0,0,3,1
0.13725490196078433,0.9571428571428572,0.11226183363207864,0.3524181968262903,1,0,0,2,1
0.6274509803921569,0.8142857142857143,0.29029188519329924,0.44557406409560646,1,0,0,3,1
0.09803921568627455,0.9857142857142858,0.7285622607271682,0.9913676794686298,0,0,0,3,24
0.7843137254901961,0.8,0.34351280178804583,0.48150458011661623,1,1,0,3,1
0.7450980392156864,0.5142857142857143,1.0000000000000002,0.2913981718090761,1,0,0,3,1
0.05882352941176472,0.8571428571428572,0.15441811060213773,0.34983486260935387,1,0,0,2,12
0.23529411764705888,0.41428571428571426,0.5978888667596098,0.3473495280113435,0,0,0,2,1
0.9411764705882354,1.0,0.8354466795016489,0.9999999999999999,1,1,0,3,1
0.019607843137254943,0.34285714285714286,0.4591382858660294,0.2341985253788488,0,1,0,3,12
0.07843137254901966,0.9142857142857143,0.06756068954834143,0.29587723635933655,0,1,0,2,1
0.8431372549019608,0.07142857142857142,0.8674234880169955,0.0665163577429499,0,1,1,1,12
0.5098039215686275,0.24285714285714283,0.01876562880346988,0.04391378989588584,1,0,0,2,1
0.5030496196232563,0.12857142857142856,0.46168315297970747,0.07365265786212385,1,1,0,2,1
0.3921568627450981,0.14285714285714285,0.22866184248379035,0.04703692529248065,0,0,0,3,1
0.13725490196078433,0.9142857142857143,0.9757463099426853,0.9999999999999999,1,0,0,3,1
0.7254901960784313,0.9142857142857143,1.0000000000000002,0.9454893988510589,0,0,0,2,24
0.13725490196078433,0.7285714285714286,0.5664652902254974,0.6038370224566929,0,1,0,1,24
0.9607843137254902,0.9428571428571428,0.6786607360198278,0.8958501820383084,1,0,0,3,1
0.03921568627450983,0.42857142857142855,0.5291774546903008,0.32828458575239766,0,1,0,3,1
0.8431372549019608,0.22857142857142856,0.10307818274358804,0.06223811208393137,0,1,0,1,1
0.5030496196232563,0.7714285714285715,0.724357697669787,0.7678594666185986,0,1,0,3,1
0.4117647058823529,0.49999999999999994,0.484918896191551,0.36611886486238115,0,0,0,2,1
0.09803921568627455,0.35714285714285715,0.6415941932771252,0.3130994644722463,0,1,0,0,24
0.019607843137254943,0.7428571428571429,0.0,0.17473364185541232,0,0,0,2,1
0.43137254901960786,0.22857142857142856,0.09688198455376312,0.05856874930315844,0,1,0,4,1
0.8431372549019608,0.34285714285714286,0.5919139613622784,0.28199181494330317,0,0,0,3,1
0.019607843137254943,0.014285714285714285,0.4480736462413419,0.0,1,0,0,3,1
0.7254901960784313,0.05714285714285714,0.19082077496735933,0.0,1,0,0,3,12
0.3137254901960784,0.04285714285714286,0.20620062404567485,0.0,1,1,0,3,1
0.6666666666666666,0.49999999999999994,0.6387173869747063,0.4457893419470178,1,0,0,1,1
0.6470588235294118,0.07142857142857142,0.005045475668857491,0.0,1,0,0,2,1
0.43137254901960786,0.2857142857142857,0.4203014007833766,0.17773146626387215,0,1,0,2,24
0.5686274509803921,0.35714285714285715,0.5185554006506008,0.2667440381690843,1,0,0,0,1
1.0,0.7714285714285715,0.2806656487198213,0.4131394033333365,0,0,0,1,24
0.13725490196078433,0.5428571428571429,0.847617783088805,0.6062645212140256,0,0,0,2,1
0.4117647058823529,0.45714285714285713,0.002611254951426223,0.09848993833092831,0,0,0,2,24
0.8431372549019608,0.1857142857142857,0.897740600588639,0.20619473263294127,0,1,0,2,12
0.5030496196232563,0.7857142857142857,0.7400694859368431,0.7929120249388144,1,1,0,1,1
0.07843137254901966,0.2857142857142857,0.4335789683330014,0.18395845844350256,0,0,0,1,24
0.23529411764705888,0.6428571428571429,0.9626900351855541,0.7947242146133817,0,1,0,3,12
0.5490196078431373,0.21428571428571427,0.7167230963287525,0.19786797812648504,0,0,0,1,1
0.5882352941176471,0.21428571428571427,0.9698820509416008,0.25557690126490196,1,0,0,3,1
0.9019607843137255,0.39999999999999997,0.4626789705459294,0.27611344435886875,0,0,0,3,12
0.2941176470588236,0.09999999999999999,0.440992276881542,0.05115933549189542,0,0,0,3,12
0.8039215686274509,0.028571428571428574,0.5269645267653633,0.0015152990257552568,0,0,1,3,12
0.5686274509803921,0.2571428571428571,0.012126845028657407,0.04686984397496736,1,1,0,1,12
0.2941176470588236,0.9285714285714286,0.9449866117860541,0.9999999999999999,0,1,0,3,12
0.21568627450980393,0.3,0.678550089623581,0.2730336858427822,0,0,0,2,12
0.3137254901960784,0.6428571428571429,0.6231162451038972,0.5672060501430312,0,0,0,1,1
0.2941176470588236,0.17142857142857143,0.9649029631104917,0.19674178578440019,0,0,0,2,1
0.21568627450980393,0.45714285714285713,1.0000000000000002,0.5953415800815934,1,0,0,2,24
0.13725490196078433,0.05714285714285714,0.12056031335059425,0.0,1,0,0,3,1
0.37254901960784315,0.3714285714285714,0.76850560977229,0.3754834513987758,1,0,0,2,1
0.03921568627450983,0.32857142857142857,0.5814025537188254,0.26505876603378187,1,1,0,2,12
0.2941176470588236,0.9428571428571428,0.4498439885812919,0.6759165454523839,1,0,0,2,1
0.5686274509803921,0.8857142857142858,1.0000000000000002,0.9999999999999999,1,0,0,2,1
0.8627450980392156,0.6714285714285715,0.8805904091703733,0.7715834521377892,1,0,0,2,1
0.43137254901960786,0.8857142857142858,0.7106375445351745,0.872932730169777,0,1,0,1,12
0.5294117647058824,0.15714285714285714,0.3632078603199895,0.07696054663866125,0,0,0,1,24
0.5030496196232563,0.3857142857142857,0.6766691008873842,0.3534881598788275,1,0,0,2,1
0.7647058823529412,0.6142857142857143,0.528070990727832,0.4845216831386353,1,1,0,3,1
0.07843137254901966,0.6,0.21571621412290604,0.27511416955604884,0,0,0,3,1
0.37254901960784315,0.22857142857142856,0.4381154705791233,0.14277773332986318,0,0,0,4,1
0.5030496196232563,0.5571428571428572,0.1745557547190688,0.23121676648168835,1,0,0,3,1
0.8431372549019608,0.6857142857142857,0.4934386687025604,0.5140179618842531,0,0,0,1,1
0.0,0.8,0.7366394476531899,0.8076714101695328,1,1,0,2,1
0.5686274509803921,0.9,0.0,0.20959419482388505,0,0,0,3,1
0.3921568627450981,0.8,0.7866516187567774,0.8489533480043582,0,1,0,3,1
0.37254901960784315,0.9857142857142858,0.0,0.21036533936625412,1,0,0,3,12
0.09803921568627455,0.6,0.5121379096682821,0.45979846780005634,0,1,0,3,24
0.4117647058823529,0.3142857142857143,0.5743211843590255,0.2511669184132287,1,1,0,2,24
0.33333333333333337,0.3714285714285714,0.7820044701144084,0.37860337369311076,0,1,0,2,12
0.13725490196078433,0.8142857142857143,0.7817831773219146,0.8583356066031822,0,1,0,2,1
0.7450980392156864,0.5142857142857143,0.40171280621390165,0.3352779028210073,0,0,0,2,12
0.607843137254902,0.07142857142857142,0.01323330899112618,0.0,1,0,0,4,1
0.6274509803921569,0.9142857142857143,0.7070968598552745,0.9004770492925229,0,0,0,4,12
0.2941176470588236,0.07142857142857142,0.5051671867047289,0.03497654596005407,0,1,1,2,12
0.21568627450980393,0.7000000000000001,0.3083272477815398,0.3939089863080073,0,0,0,1,12
0.7254901960784313,0.3,0.1996724866671093,0.1182649761893057,1,0,0,3,24
1.0,0.34285714285714286,0.07231848458695705,0.09410566029733405,1,0,0,3,12
0.6470588235294118,0.7142857142857143,0.26628161720772753,0.37303506747675397,0,0,0,2,12
0.2549019607843137,0.6714285714285715,0.4470778286751201,0.47417549386185,0,1,0,3,1
0.6862745098039217,0.9857142857142858,0.4682112903582731,0.7273374274682327,0,1,0,2,24
0.6274509803921569,0.9142857142857143,0.5845006528137378,0.7821143947945172,0,0,0,3,1
0.43137254901960786,0.8428571428571429,0.34085728827812084,0.5080608702944518,1,0,0,2,24
0.9607843137254902,0.6428571428571429,0.9576003009581979,0.7918163570681983,0,0,0,3,1
0.8627450980392156,0.49999999999999994,0.4884595808714511,0.3683294792171725,1,1,0,3,1
0.5030496196232563,0.8142857142857143,0.4085728827812078,0.5450918738394676,0,0,0,2,24
0.7843137254901961,0.5285714285714286,0.0,0.11600455874948629,0,0,0,3,1
0.3921568627450981,0.14285714285714285,0.6025360154019785,0.1045980457269435,0,0,1,3,24
0.5030496196232563,0.15714285714285714,0.6068512248556066,0.119130907248341,1,0,0,2,1
0.5098039215686275,0.5857142857142857,0.585164531191219,0.49248375053859617,0,1,0,1,24
0.1568627450980392,0.5428571428571429,0.9218615149704577,0.6492092394683344,1,1,0,1,12
0.0,1.0,0.7838854588506055,0.9999999999999999,1,0,0,3,12
0.1960784313725491,0.14285714285714285,0.8995109429285888,0.15429991803376134,1,0,1,0,1
0.03921568627450983,0.49999999999999994,0.005488061253844989,0.1135545682763345,1,1,0,2,1
1.0,0.7285714285714286,0.2917302883445087,0.39794946239979534,0,1,0,2,24
0.43137254901960786,0.42857142857142855,0.29239416672198987,0.22384430334641384,0,0,0,2,1
0.4901960784313726,0.45714285714285713,0.6667109252251655,0.41642480039405483,0,1,0,3,1
0.05882352941176472,0.17142857142857143,0.4361238354466795,0.09826502117273733,1,0,0,2,12
0.33333333333333337,0.24285714285714283,0.800039832702649,0.24618821646155828,1,0,0,4,1
0.5030496196232563,0.5714285714285715,0.36508884905618627,0.3478925422932618,1,0,0,0,1
0.6666666666666666,0.8142857142857143,0.184956515966275,0.3580314864742853,1,0,0,4,1
0.4117647058823529,0.7857142857142857,0.26174511496160574,0.4071774920901455,0,1,0,1,1
0.823529411764706,0.32857142857142857,0.1416937750337472,0.11082343135544398,1,0,0,1,24
0.27450980392156865,0.42857142857142855,0.1587333200557658,0.16341548914501597,0,1,0,2,1
0.4117647058823529,0.7714285714285715,0.179645488946425,0.3326544048258225,1,0,0,3,24
0.7058823529411765,0.12857142857142856,0.0,0.0,1,0,0,2,1
1.0,0.8428571428571429,0.7321029454070682,0.8470977814492825,1,1,0,2,1
0.8039215686274509,0.014285714285714285,0.3819071012857112,0.0,0,1,0,2,1
0.21568627450980393,0.19999999999999998,0.0,0.02134335307142051,1,1,0,2,1
0.9019607843137255,0.028571428571428574,0.34915576799663633,0.0,0,0,0,2,12
0.9411764705882354,0.6,0.9415565735024012,0.7309168233857293,0,1,0,3,24
0.5030496196232563,0.42857142857142855,0.5053884794972228,0.31699535096234016,1,0,0,1,1
0.7254901960784313,0.9857142857142858,1.0000000000000002,0.9999999999999999,0,0,0,1,12
0.33333333333333337,0.9428571428571428,0.5372546416163226,0.7624855530889639,1,0,0,2,1
0.8627450980392156,0.7857142857142857,1.0000000000000002,0.9999999999999999,1,0,0,4,1
0.6666666666666666,0.8857142857142858,0.1630485295093939,0.3727667734380547,0,1,0,2,1
0.5686274509803921,0.19999999999999998,0.2605280046028901,0.08145888980248095,0,0,0,3,24
0.4509803921568628,0.12857142857142856,0.7142888756113215,0.10894055343115944,0,1,1,3,1
0.8039215686274509,0.5285714285714286,1.0000000000000002,0.6901136377876248,1,1,0,3,24
0.5686274509803921,0.6571428571428571,0.852928810108655,0.7389672510978367,1,0,0,1,1
0.2549019607843137,0.8,0.5524131979021445,0.6539549915061641,1,0,0,2,1
0.09803921568627455,0.7000000000000001,0.03403483148553854,0.19367809277961295,0,1,0,2,1
0.03921568627450983,1.0,0.34295956980681136,0.6088109047549736,0,0,0,2,24
0.2941176470588236,0.19999999999999998,0.035362588240501036,0.03232413004453038,0,1,0,4,12
0.11764705882352944,0.24285714285714283,0.2842063333997212,0.11448958103395704,0,0,0,2,1
1.0,0.014285714285714285,0.22611697537011227,0.0,1,0,0,1,24
0.2549019607843137,0.6,0.369735997698555,0.37154740113043355,1,0,0,2,1
0.1568627450980392,0.35714285714285715,0.8662063776582798,0.39999620853933326,1,0,0,4,24
0.27450980392156865,1.0,0.10617628183850053,0.36453319889713476,0,0,0,3,24
0.3921568627450981,0.5285714285714286,0.27845272079488376,0.2755929217927696,0,0,0,1,12
0.6666666666666666,0.5857142857142857,0.22866184248379035,0.27452456529136243,1,0,0,3,24
0.019607843137254943,0.05714285714285714,0.26738808117019636,0.0055959388957916995,1,0,0,2,1
0.5098039215686275,0.14285714285714285,0.3387550067494302,0.06546727985510192,0,1,0,2,12
0.019607843137254943,0.9142857142857143,0.21007324791431548,0.4276802976103837,0,1,0,2,1
0.6666666666666666,0.4714285714285714,0.9827170329062385,0.5888832445392523,0,1,0,3,1
0.33333333333333337,0.0,0.40458961251632036,0.0,1,0,0,4,1
0.2549019607843137,0.014285714285714285,0.06601164000088522,0.0,0,1,0,2,1
0.37254901960784315,0.2714285714285714,0.4572572971298325,0.18035175115679714,0,1,0,3,1
0.33333333333333337,0.8571428571428572,0.14379605656243777,0.34029676855092617,1,1,0,2,1
0.17647058823529416,0.2857142857142857,0.17887096417269693,0.10533545269558395,0,0,0,2,1
0.47058823529411764,0.9571428571428572,0.2551063311867933,0.49744638697896726,1,0,0,3,1
0.019607843137254943,0.15714285714285714,0.0778508043993007,0.029360043209799187,1,0,0,2,24
0.47058823529411764,0.3,0.7376352652194118,0.2918801371480568,0,1,0,2,1
0.6274509803921569,0.2714285714285714,0.8159729137621989,0.2834473502670248,0,0,0,3,12
0.6862745098039217,0.0,0.37604284228462687,0.0,0,0,0,3,1
0.5882352941176471,0.41428571428571426,0.7021177720241654,0.3951717354961367,1,0,0,3,1
0.2549019607843137,0.32857142857142857,0.37017858328354253,0.19221131159798177,0,0,0,2,1
0.0,0.1857142857142857,0.12133483812432228,0.0472955800244003,1,0,0,2,1
0.8823529411764707,0.49999999999999994,1.0000000000000002,0.3097080350369522,1,0,0,3,12
0.5030496196232563,0.9714285714285714,0.5560645289782913,0.8048310277718066,1,0,0,1,12
0.8823529411764707,0.32857142857142857,0.0,0.05892540365400415,0,0,0,2,1
1.0,0.8428571428571429,0.6639447653189936,0.7898579712408068,1,1,0,4,1
0.03921568627450983,0.7714285714285715,0.76142424041249,0.7976433180164747,0,1,0,2,24
0.6666666666666666,0.32857142857142857,0.8913231096063203,0.37138835256857,1,0,0,3,1
0.7843137254901961,0.32857142857142857,0.05350859722498841,0.08218987056660165,0,0,0,0,1
0.09803921568627455,0.7571428571428571,0.0,0.13977990892140332,0,0,0,2,12
0.47058823529411764,0.35714285714285715,0.02086791033216051,0.07763529811323422,0,0,0,3,1
0.23529411764705888,0.9285714285714286,0.9622474496005666,0.9999999999999999,0,0,0,3,24
0.6470588235294118,0.5285714285714286,0.786872911549271,0.5566927795487325,1,1,0,4,12
0.13725490196078433,0.9142857142857143,0.8641040961295892,0.9999999999999999,0,1,0,3,1
0.3921568627450981,0.7142857142857143,0.5118059704795415,0.5520610926411282,0,0,0,3,1
0.6470588235294118,0.4857142857142857,0.5225386709154884,0.3760569901521629,1,0,0,2,1
0.05882352941176472,0.6,0.27004359468012135,0.3096759040143535,0,0,0,2,1
0.47058823529411764,0.39999999999999997,0.8722919294518579,0.45004509589021724,1,0,0,2,24
0.27450980392156865,0.5142857142857143,0.8579078979397643,0.5771763064554115,1,0,0,3,12
0.05882352941176472,0.8142857142857143,0.3737192679634424,0.5181885686175659,0,0,0,3,1
0.8627450980392156,0.7571428571428571,0.30412268472415854,0.42390972210842476,0,1,0,2,1
0.21568627450980393,0.5428571428571429,0.7567770917701211,0.5539696753834916,1,0,0,2,1
0.607843137254902,0.5857142857142857,0.0,0.11805612454241407,0,1,0,3,1
0.607843137254902,0.3857142857142857,0.8912124632100733,0.4423384701199161,0,0,0,3,12
0.5294117647058824,0.39999999999999997,0.4334683219367546,0.26717780697416693,0,0,0,3,12
0.23529411764705888,0.6,0.4280466485206577,0.40759680193505865,0,0,0,0,1
0.5882352941176471,0.028571428571428574,0.6800991391710371,0.005419218271498785,1,0,1,3,1
0.2549019607843137,0.12857142857142856,0.6542078824492685,0.10167733577272056,0,0,1,3,12
0.37254901960784315,0.8285714285714286,0.23408351589988724,0.40654290439382085,1,0,0,2,1
0.33333333333333337,0.1857142857142857,0.9834915576799665,0.22147785353201874,0,1,0,2,12
0.5490196078431373,0.6571428571428571,1.0000000000000002,0.8616451019308494,1,0,0,1,1
0.09803921568627455,0.5857142857142857,0.5217641461417601,0.4569709378113696,0,1,0,4,12
0.607843137254902,0.44285714285714284,0.5609329704131536,0.35623375575988736,1,0,0,1,24
0.5490196078431373,0.44285714285714284,0.5530770762796258,0.3528455394268532,0,0,0,3,24
0.823529411764706,0.5857142857142857,0.47728429485051677,0.42589541930502517,1,0,0,2,24
0.019607843137254943,0.44285714285714284,0.985593839208657,0.5534346938572231,0,0,0,1,24
0.5030496196232563,0.35714285714285715,0.21062647989554978,0.15119927435298564,1,1,0,0,12
0.3529411764705882,0.0,0.059262209829825885,0.0,0,1,0,2,24
0.5882352941176471,0.7857142857142857,0.9682223549978979,0.9806439506763097,1,0,0,3,24
0.5030496196232563,0.014285714285714285,0.1754409258890438,0.0,0,0,0,2,12
0.07843137254901966,0.41428571428571426,0.7687269025647836,0.42262448120447627,0,1,0,3,1
0.3529411764705882,1.0,0.16537210383057827,0.42991822333438395,0,1,0,2,1
0.6470588235294118,0.7285714285714286,1.0000000000000002,0.9346226870081743,0,0,0,3,24
0.17647058823529416,0.11428571428571427,0.8150877425922238,0.10393935976366989,1,1,1,0,1
0.47058823529411764,0.3,0.9562725442032354,0.3586580414149602,1,1,0,2,24
0.019607843137254943,0.4714285714285714,0.9920113301909756,0.5946122058686026,0,0,0,1,1
0.1960784313725491,0.6857142857142857,0.033149660315563545,0.18789932836523462,0,0,0,1,1
0.9607843137254902,0.0,0.41930558321715466,0.0,0,0,0,4,12
0.5882352941176471,0.7428571428571429,0.6568633959591936,0.6851927716766321,1,0,0,4,24
0.27450980392156865,0.5571428571428572,0.8277014317643676,0.6085104796936756,0,0,0,3,1
0.1568627450980392,0.6285714285714286,0.206975148819403,0.2845430181376409,0,0,0,1,24
0.43137254901960786,0.9571428571428572,0.9517360419571135,0.9999999999999999,1,1,0,4,12
0.3529411764705882,0.11428571428571427,0.18429263758879377,0.02428334163920267,1,1,0,3,1
0.1568627450980392,0.3,0.8981831861736265,0.34318213438029055,0,1,0,3,1
0.6666666666666666,0.24285714285714283,0.507048175440926,0.16923441733764275,1,1,0,4,1
0.3921568627450981,0.6,0.5100356281395917,0.45996394256643963,0,0,0,3,1
0.1568627450980392,0.5428571428571429,0.3535816238465113,0.3252337451566499,0,0,0,4,1
0.5294117647058824,0.07142857142857142,0.054283121998716544,0.0,0,0,0,2,1
0.8823529411764707,0.6714285714285715,0.3238177432561022,0.3852512822687843,0,0,0,2,1
0.9803921568627451,0.0857142857142857,0.41189227466861406,0.03614129552925737,0,0,0,2,24
0.11764705882352944,0.9714285714285714,0.46976033990572935,0.7168354027318438,1,0,0,2,1
0.2941176470588236,0.21428571428571427,0.7575516165438492,0.20613850334339356,1,1,0,3,12
0.2941176470588236,0.0,0.3293500630684459,0.0,0,0,0,2,1
0.6274509803921569,0.5142857142857143,0.38965234902299234,0.3263968881747233,0,0,0,3,24
0.05882352941176472,0.5142857142857143,0.9423310982761293,0.6210704964275121,0,1,0,3,24
0.05882352941176472,0.9,0.7724888800371774,0.9444194357985217,0,1,0,3,1
0.7450980392156864,0.8714285714285714,0.0,0.185569829226828,1,1,0,3,24
0.7647058823529412,0.8571428571428572,0.8383234858040673,0.9583016441122952,1,0,0,3,24
0.3137254901960784,0.45714285714285713,1.0000000000000002,0.5983586831036125,1,1,0,4,12
0.7058823529411765,0.9285714285714286,0.9796189338113259,0.9999999999999999,0,0,0,1,12
0.7450980392156864,0.41428571428571426,0.8647679745070704,0.4643160895774352,0,0,0,3,1
1.0,0.2714285714285714,0.6359512270685344,0.23295344825314876,1,1,0,3,1
0.5490196078431373,0.8428571428571429,0.2475823762420058,0.4260400089067194,0,0,0,2,1
1.0,0.32857142857142857,0.6638341189227468,0.2953856317135763,0,0,0,3,1
0.6862745098039217,0.04285714285714286,0.709420434176459,0.022686429816046676,0,1,1,1,1
0.7254901960784313,0.5142857142857143,0.2513443537143995,0.24962623587962043,0,0,0,1,24
0.7450980392156864,0.04285714285714286,0.22224435150147165,0.0,1,1,0,2,1
0.9607843137254902,0.24285714285714283,0.3789196485870456,0.13947145110445572,0,0,0,3,24
0.7058823529411765,0.9285714285714286,0.6491181482219124,0.8573925610899098,0,0,0,1,1
1.0,0.6714285714285715,0.2640686892827901,0.34791021435569097,0,1,0,2,1
0.5030496196232563,0.45714285714285713,0.5546261258270817,0.36284632021070234,0,0,0,3,1
0.11764705882352944,0.8142857142857143,0.934696496935095,0.9898928655313489,0,1,0,2,1
0.5098039215686275,0.3857142857142857,0.26628161720772753,0.1867217263869918,0,1,0,3,24
0.5294117647058824,0.4857142857142857,1.0000000000000002,0.6192759788153741,0,1,0,1,24
0.4117647058823529,0.12857142857142856,0.46345349531965746,0.07536202826437532,1,1,0,3,1
0.2549019607843137,0.9142857142857143,0.05140631569629778,0.2788574336887988,1,0,0,4,24
0.11764705882352944,0.5857142857142857,0.0006196198189825086,0.13654592149684297,1,0,0,2,12
0.7058823529411765,0.11428571428571427,0.31452344597136467,0.0434928734998427,1,0,0,2,1
0.4117647058823529,0.8428571428571429,0.22611697537011227,0.40384229194439913,1,1,0,1,12
0.07843137254901966,0.19999999999999998,0.8732877470180798,0.21874029040660845,0,0,0,2,12
0.019607843137254943,0.8,0.7558919206001462,0.82670100830362,1,1,0,3,1
0.5098039215686275,0.9714285714285714,0.9184314766868045,0.9999999999999999,0,0,0,1,12
0.3921568627450981,0.3,0.5918033149660318,0.2446828780528086,0,0,0,3,1
0.7254901960784313,0.9,0.421629157538339,0.6181176554506905,0,1,0,3,1
0.27450980392156865,0.5714285714285715,0.2391732501272434,0.2733003733303515,0,0,0,3,1
0.3921568627450981,1.0,0.5849432383987254,0.8602120583229469,1,0,0,4,24
0.17647058823529416,0.7857142857142857,0.6235588306888844,0.7024503439144003,0,0,0,2,12
0.43137254901960786,0.3142857142857143,0.3744937927371706,0.1848533074228767,1,0,0,3,1
0.7450980392156864,0.34285714285714286,0.9760782491314259,0.42208789312707784,0,0,0,2,1
0.07843137254901966,0.07142857142857142,0.6479010378631969,0.04650355031734204,0,0,1,1,1
0.0,0.4714285714285714,0.8664276704507736,0.5309156666689158,1,0,0,2,12
0.23529411764705888,0.8857142857142858,0.6262143441988095,0.7994169504639236,1,1,0,2,1
0.3921568627450981,0.11428571428571427,0.2899599460045586,0.039270857130371935,0,0,0,2,24
0.4901960784313726,0.8428571428571429,0.7547854566376775,0.8671812771246076,0,1,0,3,24
0.9607843137254902,0.6857142857142857,0.1945827524397531,0.3055872313886674,0,0,0,4,12
0.8627450980392156,0.7142857142857143,0.5998805018920534,0.6176903128501277,1,0,0,2,1
0.3921568627450981,0.8428571428571429,0.38500520038062364,0.5456911174109336,0,0,0,3,1
0.33333333333333337,0.9857142857142858,0.10562304985726617,0.9999999999999999,1,0,0,2,1
0.7058823529411765,0.5142857142857143,0.39695501117528603,0.3306413962600132,0,0,0,2,12
0.8627450980392156,0.42857142857142855,0.28309986943725246,0.2203661201501033,0,1,0,2,12
0.607843137254902,0.5714285714285715,0.06390935847219459,0.16841346971024562,1,0,0,2,1
0.6862745098039217,0.8714285714285714,0.8512691141649518,0.9854619975149866,1,0,0,1,1
0.3137254901960784,0.8142857142857143,0.4914470335701167,0.61438885027811,0,0,0,3,24
0.6666666666666666,0.1857142857142857,0.3230432184823741,0.08721355594991029,1,1,0,4,1
0.9411764705882354,0.49999999999999994,0.49852840292991657,0.37307523125500236,0,0,0,4,1
0.1960784313725491,0.49999999999999994,0.7747018079621146,0.5170929007469498,0,0,0,3,12
0.3921568627450981,0.09999999999999999,0.0,0.0,1,1,0,2,1
1.0,0.35714285714285715,1.0000000000000002,0.9999999999999999,1,1,0,2,12
0.4901960784313726,0.49999999999999994,0.4699816326982231,0.35922997361721726,0,1,0,3,24
0.05882352941176472,0.6714285714285715,0.9279470667640357,0.8058286960234966,0,1,0,3,12
0.6470588235294118,0.3857142857142857,0.5549580650158223,0.30892082498328377,0,0,0,1,1
1.0,0.9571428571428572,0.09168160393016,0.3334946310667788,1,0,0,2,1
0.9215686274509803,0.8714285714285714,0.3698466440948019,0.5533800711188054,1,1,0,1,1
0.33333333333333337,0.7142857142857143,0.6269888689725376,0.6337718896607831,0,0,0,3,1
0.7647058823529412,0.5857142857142857,0.0,0.13054545302653348,0,0,0,2,24
0.6666666666666666,0.39999999999999997,0.9185421230830513,0.4680175833808069,1,1,0,2,12
0.7843137254901961,0.12857142857142856,0.014782358538582452,0.006690000215277846,1,0,0,1,1
0.5490196078431373,0.5428571428571429,0.0,0.1096153049057324,0,0,0,2,24
1.0,0.0,0.0,0.0,0,1,0,1,12
0.5490196078431373,0.5428571428571429,0.6962535130230809,0.5208474107376093,1,1,0,2,1
0.7254901960784313,0.2857142857142857,0.44420102237270137,0.1891765365135334,0,0,0,3,1
0.8039215686274509,0.9142857142857143,0.05350859722498841,0.2796976599297551,1,0,0,3,1
0.3921568627450981,0.19999999999999998,0.8871185465489391,0.2187917000427664,1,0,0,1,24
0.8039215686274509,0.04285714285714286,0.16404434707561583,0.0,0,0,0,2,1
0.23529411764705888,0.8428571428571429,0.3008032928367524,0.4742236903957481,0,0,0,4,24
0.9411764705882354,0.8571428571428572,0.13638274801389727,0.3354498037919104,1,0,0,2,1
0.7843137254901961,0.2714285714285714,0.9652349022992324,0.327153573756923,1,1,0,1,24
0.3137254901960784,0.12857142857142856,0.7785744318307555,0.11947470919014722,1,0,1,2,1
0.1568627450980392,0.4714285714285714,0.7408440107105714,0.4692642670576368,0,0,0,1,24
0.7843137254901961,0.6714285714285715,0.0,0.1518338620493102,1,1,0,2,24
0.0,0.45714285714285713,0.5181128150656134,0.3482797211155762,1,0,0,2,1
0.019607843137254943,0.8571428571428572,0.5765341122839629,0.7246078970984722,1,0,0,2,12
0.9215686274509803,0.12857142857142856,0.36298656752749564,0.05918887803931359,0,1,0,2,12
0.5490196078431373,0.7571428571428571,0.29582420500564305,0.41510903501863755,0,0,0,2,24
0.6274509803921569,0.9142857142857143,0.8823607515103233,0.9999999999999999,1,1,0,2,1
0.17647058823529416,0.0,0.0,0.0,0,1,0,2,1
0.9607843137254902,0.05714285714285714,0.6317466640111533,0.03159475583153961,1,0,1,1,24
0.7647058823529412,0.19999999999999998,0.37593219588837995,0.10969563246222919,0,1,0,3,12
0.3921568627450981,0.3857142857142857,0.6766691008873842,0.3537130770370184,1,0,0,3,1
0.5294117647058824,0.3142857142857143,0.1587333200557658,0.11399958293932666,1,1,0,3,24
0.5030496196232563,0.22857142857142856,0.2038770497244905,0.08206777268072654,1,1,0,2,1
0.6470588235294118,0.17142857142857143,0.5891478014561067,0.13187567736212016,0,1,0,1,12
0.13725490196078433,0.1857142857142857,1.0000000000000002,0.23241846672688019,0,0,0,1,1
0.4117647058823529,0.14285714285714285,1.0000000000000002,0.1712185079831132,0,1,1,4,1
0.13725490196078433,0.3857142857142857,0.21527362853791854,0.16561485764189782,1,0,0,3,1
0.9411764705882354,0.5857142857142857,0.05306601164000091,0.1666928534500846,1,0,0,2,1
0.27450980392156865,0.8571428571428572,0.5929097789285003,0.7410204234418943,0,0,0,1,1
0.5030496196232563,0.9,0.40447896612007356,0.6019991279640465,0,0,0,2,1
0.43137254901960786,0.42857142857142855,0.7825577020956429,0.4433570235362953,0,0,0,3,1
0.4509803921568628,0.12857142857142856,0.5239770740666976,0.08020256681887131,0,0,1,2,1
0.8627450980392156,0.09999999999999999,0.5047246011197415,0.059290090760499535,1,0,1,3,12
0.3529411764705882,0.2857142857142857,0.6550930536192436,0.24907518884205257,0,0,0,3,1
0.07843137254901966,0.8285714285714286,0.07962114673925075,0.27447154910407456,1,0,0,4,1
0.607843137254902,0.7000000000000001,0.6890614972670341,0.6700301421122997,0,0,0,4,12
0.8431372549019608,0.9714285714285714,0.4802717475491823,0.7276250001204912,1,0,0,3,24
0.5030496196232563,0.9857142857142858,0.8471751975038175,0.9999999999999999,1,1,0,1,12
0.43137254901960786,0.41428571428571426,0.09323065347761622,0.12769864442428758,1,0,0,2,1
0.7058823529411765,0.22857142857142856,0.2724778153975525,0.10270552849587936,0,0,0,3,24
0.13725490196078433,0.2714285714285714,0.9911261590210008,0.334063350166776,0,0,0,0,24
0.5030496196232563,0.6714285714285715,0.5517493195246632,0.5484110084739144,0,0,0,2,1
0.13725490196078433,0.014285714285714285,0.9680010622054043,8.707507124251085e-05,0,0,1,2,24
0.43137254901960786,0.5142857142857143,0.7021177720241654,0.49470400420016725,0,0,0,2,1
0.823529411764706,0.0,0.9647923167142447,0.0,1,1,1,2,1
0.0,0.04285714285714286,0.29139834915576807,0.0,0,0,0,2,1
0.8627450980392156,0.7571428571428571,0.03989909048662288,0.21575853150944793,0,0,0,2,12
0.9803921568627451,0.34285714285714286,0.827369492575627,0.3657975546363941,0,0,0,1,1
0.4509803921568628,0.028571428571428574,0.829914359689305,0.01391787374885814,1,0,1,2,1
0.6666666666666666,0.11428571428571427,0.6244440018588595,0.08326304672139864,1,0,1,1,1
0.4509803921568628,0.4714285714285714,0.5810706145300848,0.3872273401586051,1,1,0,4,1
0.3137254901960784,0.6,0.9520679811458541,0.7384483350828673,0,0,0,2,1
0.07843137254901966,0.3,0.13505499125893472,0.09840318456991179,0,0,0,2,1
0.37254901960784315,0.9857142857142858,0.6218991347451814,0.8832757063443025,1,1,0,1,1
0.3921568627450981,0.014285714285714285,0.0,0.0,0,1,0,1,24
0.7647058823529412,0.9285714285714286,0.09566487419504754,0.3281030454747149,1,0,0,3,1
0.5882352941176471,0.44285714285714284,0.42362079267078273,0.29220466047630383,1,1,0,1,1
0.8823529411764707,0.21428571428571427,0.8483923078625331,0.2244098093441512,0,1,0,1,1
0.6862745098039217,0.0,0.7509128327690369,0.0,1,0,1,2,1
0.1960784313725491,0.6714285714285715,1.0000000000000002,0.8689034999358985,1,0,0,4,1
1.0,0.7000000000000001,0.0,0.1636821766325853,0,0,0,1,1
0.27450980392156865,0.17142857142857143,0.36176945716878,0.08522946530443981,0,0,0,2,12
0.3529411764705882,0.19999999999999998,0.11547057912323799,0.0507882221808803,0,0,0,0,1
0.11764705882352944,0.7428571428571429,0.0,0.16469109074218485,1,0,0,4,1
0.9803921568627451,0.6142857142857143,0.23231317355993714,0.2912985656390201,1,0,0,2,1
0.5294117647058824,0.09999999999999999,0.21029454070680925,0.022003645585824044,1,0,0,2,24
0.9803921568627451,0.6428571428571429,0.40447896612007356,0.4229136604078647,0,1,0,3,12
0.823529411764706,0.9714285714285714,0.09477970302507249,0.3412928302514862,1,0,0,3,1
0.07843137254901966,0.2571428571428571,0.4803823939454292,0.17853956148222974,1,0,0,1,1
0.07843137254901966,0.5285714285714286,0.9578215937506918,0.6498293682044894,1,0,0,2,24
0.5686274509803921,0.14285714285714285,0.7676204386023147,0.1326323629443198,0,1,1,1,1
0.607843137254902,0.6,0.8716280510743766,0.6805900026893665,1,0,0,1,1
0.13725490196078433,0.2714285714285714,0.8301356524817989,0.28919719676106437,1,0,0,3,1
0.17647058823529416,0.2714285714285714,0.3708424616610238,0.15930593135464072,0,1,0,1,1
0.7254901960784313,0.2857142857142857,0.7242470512735402,0.2714223150594568,1,0,0,4,24
0.9019607843137255,0.8,0.7743698687733742,0.8376319821917019,1,0,0,1,24
0.607843137254902,0.7000000000000001,0.16725309256677517,0.2911202384635973,1,1,0,3,12
0.9215686274509803,0.35714285714285715,0.891655048795061,0.40564162920992697,0,0,0,3,1
0.5294117647058824,0.41428571428571426,0.4461926575051451,0.28278063154810157,1,0,0,3,1
0.3137254901960784,0.42857142857142855,0.0,0.07523350417398048,1,0,0,4,1
0.5882352941176471,0.5857142857142857,0.6516630153355907,0.53305719932512,1,0,0,2,24
0.13725490196078433,0.9571428571428572,0.6886189116820467,0.9218875562011748,0,0,0,3,12
0.7647058823529412,0.8571428571428572,0.5503109163734539,0.7016824124742911,1,0,0,2,1
0.47058823529411764,0.8571428571428572,0.1747770475115626,0.3683953478134999,0,0,0,3,1
0.1568627450980392,0.9857142857142858,0.47341167098187625,0.729925581338559,0,1,0,2,1
0.019607843137254943,0.9571428571428572,0.38246033326694556,0.6200133857840145,1,0,0,2,24
0.27450980392156865,0.22857142857142856,1.0000000000000002,0.28493341006221523,1,0,0,2,1
0.9607843137254902,0.2571428571428571,0.8522649317311737,0.28003021601365174,0,1,0,1,1
0.03921568627450983,0.7142857142857143,0.7827789948881365,0.7550295492949328,0,1,0,2,1
0.9411764705882354,0.9857142857142858,0.14014472548629092,0.39587379833991854,0,0,0,2,1
0.6862745098039217,0.8857142857142858,0.30600367346035545,0.5037778049820435,0,0,0,2,24
0.05882352941176472,0.41428571428571426,0.3598884684325832,0.24477605801834487,1,1,0,3,24
0.2549019607843137,0.34285714285714286,0.4848082497953043,0.24182000393926337,0,1,0,3,24
0.7843137254901961,1.0,0.0,0.2297580180557068,1,1,0,1,12
0.7843137254901961,0.35714285714285715,0.595897231627166,0.29684759324181775,0,0,0,2,1
0.47058823529411764,0.7857142857142857,0.3357675540507646,0.46496995588731904,0,1,0,1,1
0.9607843137254902,0.3,0.5612649096018942,0.9999999999999999,1,1,0,1,1
0.17647058823529416,0.2571428571428571,0.0,0.026815266219981183,1,1,0,0,12
0.3921568627450981,0.42857142857142855,0.2953816194206555,0.22142644389586078,1,0,0,4,1
0.6862745098039217,0.35714285714285715,0.7903029498329242,0.37030393055586347,0,1,0,2,12
0.21568627450980393,0.5857142857142857,0.4942131934762885,0.43612915000271496,0,1,0,3,1
0.5098039215686275,0.5714285714285715,0.8126535218747926,0.615209797905507,0,1,0,3,1
0.7647058823529412,0.3142857142857143,0.7131824116488528,0.2972990341093296,0,1,0,0,24
0.019607843137254943,0.6571428571428571,0.8856801433977295,0.7612806397415122,1,1,0,1,24
0.23529411764705888,0.17142857142857143,0.0,0.007220162088156602,1,0,0,1,1
0.607843137254902,0.9285714285714286,0.22888313527628407,0.4566174965627838,1,0,0,3,1
0.5882352941176471,0.9285714285714286,0.5469915244860475,0.7565670187262813,1,1,0,1,24
0.2941176470588236,0.21428571428571427,0.9809466905662882,0.2559592604338266,0,0,0,2,12
0.607843137254902,0.3857142857142857,0.6919383035694529,0.3615498334488443,0,0,0,3,1
0.607843137254902,0.4857142857142857,0.44497554714642945,0.3332456156416388,0,1,0,2,1
0.6470588235294118,0.5714285714285715,0.08371506340038504,0.18141368145368456,0,1,0,2,1
0.1960784313725491,0.42857142857142855,0.48547212817278534,0.3085513182233986,1,0,0,3,1
0.5030496196232563,0.44285714285714284,0.427825355728164,0.29517999316894455,1,0,0,3,24
0.27450980392156865,0.7571428571428571,0.8010356502688709,0.8142116798195006,1,1,0,3,1
0.3137254901960784,0.8285714285714286,0.39706565757153295,0.5465666877767484,0,1,0,3,1
0.7647058823529412,0.5714285714285715,1.0000000000000002,0.3058394599160673,0,0,0,4,1
0.33333333333333337,0.9285714285714286,0.03901391931664788,0.27101907072584297,1,0,0,2,1
0.1568627450980392,0.7571428571428571,0.0,0.1786359545500259,0,0,0,3,1
0.47058823529411764,0.5571428571428572,0.42561242780322645,0.377302067277863,0,0,0,3,1
0.7647058823529412,0.3857142857142857,0.32359645046360846,0.21358326127951513,1,1,0,2,1
0.2549019607843137,0.5142857142857143,0.5541835402420943,0.4158030651067697,0,1,0,3,1
0.47058823529411764,0.9142857142857143,0.7274557967646995,0.9181218003526057,0,0,0,1,1
0.9607843137254902,0.7714285714285715,0.0,0.17869218383957364,1,0,0,1,1
0.4117647058823529,0.04285714285714286,0.4887915200601917,0.00789009390933975,0,1,0,2,12
1.0,0.12857142857142856,0.8935360375312578,0.1345184539708642,1,0,1,3,1
0.5686274509803921,0.6571428571428571,0.4434264975989732,0.4606194154274534,0,0,0,1,1
0.37254901960784315,0.1857142857142857,0.5164531191219104,0.12707048293248274,0,1,0,2,1
0.3921568627450981,0.5285714285714286,0.4783907588129856,0.9999999999999999,0,0,0,3,24
0.8431372549019608,0.15714285714285714,0.3710637544535174,0.08032787780700629,1,0,0,1,24
0.607843137254902,0.6285714285714286,0.06158578415101024,0.19055977703640797,1,0,0,2,1
0.9803921568627451,0.22857142857142856,0.07962114673925075,0.8389654196295486,1,0,0,2,12
0.8823529411764707,0.4857142857142857,0.13793179756135343,0.178234316767542,1,1,0,1,1
0.9411764705882354,0.9285714285714286,0.816747438535927,0.9999999999999999,0,0,0,2,1
0.5030496196232563,0.5714285714285715,0.24437363075084645,0.27687494959445824,1,0,0,3,1
0.6666666666666666,0.9428571428571428,0.9888025846998165,0.9999999999999999,1,1,0,2,1
0.607843137254902,0.39999999999999997,0.8362212042753767,0.43591708525356354,0,0,0,3,1
0.5686274509803921,0.24285714285714283,0.697138684193056,0.21796111310858965,0,1,0,4,12
0.7450980392156864,0.2714285714285714,0.736860740445684,0.2614167146222178,1,1,0,3,12
0.9411764705882354,0.1857142857142857,0.0,0.022920986281017283,0,0,0,3,1
0.21568627450980393,0.4714285714285714,0.5686782181504348,0.38562239557979944,0,1,0,3,1
0.7843137254901961,0.6857142857142857,0.9810573369625353,0.8634187343782983,1,0,0,2,1
0.9019607843137255,0.7571428571428571,0.0,0.17494249350230395,0,0,0,1,1
0.33333333333333337,0.42857142857142855,0.26174511496160574,0.2101082911854644,0,1,0,1,24
0.3921568627450981,0.8142857142857143,0.0,0.1980109611770493,0,0,0,3,12
0.23529411764705888,0.5857142857142857,0.5701166213016442,0.4846068303485219,1,0,0,3,24
0.3921568627450981,0.8142857142857143,0.06833521432206957,0.26283369271882107,1,0,0,3,12
0.5030496196232563,0.41428571428571426,0.47009227909447,0.29069289586303443,0,0,0,4,1
0.8823529411764707,0.34285714285714286,0.7363075084644493,0.3322993570261067,0,0,0,3,1
0.7647058823529412,0.8857142857142858,0.12166677731306291,0.3348569864249642,0,1,0,2,1
0.8823529411764707,0.2571428571428571,0.77558697913209,0.2563207344380621,0,1,0,3,1
0.11764705882352944,0.09999999999999999,0.0063732324238199856,0.0,0,0,0,1,24
0.43137254901960786,0.028571428571428574,0.10529111066852559,0.0,0,1,0,2,1
0.8431372549019608,0.9428571428571428,0.24968465777069643,0.478691509088099,0,0,0,2,1
0.607843137254902,0.22857142857142856,0.8206200624045676,0.23475921172319633,0,0,0,4,12
0.5030496196232563,0.1857142857142857,0.8803691163778797,0.20382988936967608,1,1,0,4,24
0.4117647058823529,0.11428571428571427,0.1836287592113125,0.025820811070551043,0,1,0,3,1
0.4117647058823529,0.8714285714285714,0.04576334948770722,0.2565327991872136,1,1,0,4,12
0.823529411764706,0.2857142857142857,0.8780455420566953,0.3205217306925488,1,0,0,3,1
0.47058823529411764,0.5142857142857143,0.658301799110403,0.4719375681378497,0,0,0,3,1
0.4117647058823529,0.14285714285714285,0.11447476155701608,0.03027256425160261,1,1,0,2,1
0.5294117647058824,0.2714285714285714,0.5568390537520194,0.20782698858095588,1,1,0,3,1
0.5490196078431373,0.4857142857142857,0.9050432627409326,0.5676205403345546,0,1,0,3,12
0.23529411764705888,0.7428571428571429,0.01666334727477925,0.1947432361787603,0,1,0,3,1
0.5030496196232563,0.6571428571428571,0.03237513554183541,0.18151650072600045,0,0,0,2,12
0.019607843137254943,0.7285714285714286,0.24249264201464965,0.3598067254728642,0,0,0,2,24
0.5490196078431373,0.09999999999999999,0.6615105446015623,0.07337954417003478,1,1,1,1,1
0.3921568627450981,0.04285714285714286,0.1367146872026378,0.0,1,0,0,1,12
0.27450980392156865,0.3714285714285714,0.8430812808426831,0.40787473528053747,1,1,0,2,1
1.0,0.6142857142857143,0.7700546593197461,0.6367857795805422,0,1,0,3,1
0.5098039215686275,0.5571428571428572,0.5604903848281662,0.45516035468793214,0,1,0,2,12
0.9607843137254902,0.6571428571428571,0.06822456792582265,0.20391021692617284,0,0,0,2,12
0.5882352941176471,0.6142857142857143,1.0000000000000002,0.8045643402842373,1,0,0,3,1
0.27450980392156865,0.6714285714285715,0.48193144349288547,0.495807704826433,1,1,0,2,24
0.9803921568627451,0.7285714285714286,0.4399964593153201,0.5079644772266557,0,1,0,3,1
0.43137254901960786,0.9571428571428572,1.0000000000000002,0.9999999999999999,1,1,0,2,24
0.5030496196232563,0.14285714285714285,0.8956383190599484,0.15149487976089376,0,1,1,1,1
0.8431372549019608,0.04285714285714286,0.44475425435393573,0.00768606191583792,1,0,0,2,1
0.23529411764705888,0.6714285714285715,0.403151209365111,0.4441908235727319,1,1,0,2,1
0.4117647058823529,0.35714285714285715,0.04587399588395408,0.08897594253944965,1,0,0,2,1
0.823529411764706,0.5428571428571429,0.9649029631104917,0.6693843085580657,0,1,0,1,1
0.7058823529411765,0.8142857142857143,0.8733983934143266,0.9390358829621075,1,0,0,2,12
0.5030496196232563,0.2571428571428571,0.2827679302485118,0.121201751654828,1,0,0,0,1
0.03921568627450983,0.8142857142857143,0.7732634048109055,0.8541296557450107,0,0,0,2,1
0.5030496196232563,0.3857142857142857,0.7836641660581116,0.3972714978229625,0,1,0,1,1
0.43137254901960786,0.9285714285714286,0.1919272389298281,0.4205825547183281,0,1,0,3,1
0.5490196078431373,0.12857142857142856,0.6188010356502689,0.09758705659590453,1,1,1,2,12
0.5686274509803921,0.8142857142857143,0.221912412312731,0.3887230392605751,0,0,0,4,12
0.5030496196232563,0.1857142857142857,0.8137599858372613,0.18884880008302654,1,1,0,1,24
0.8431372549019608,0.19999999999999998,0.10993825931089429,0.052078282738218594,1,1,0,2,1
0.9019607843137255,0.45714285714285713,0.6798778463785435,0.42496040654740264,0,0,0,3,1
0.47058823529411764,0.22857142857142856,0.30047135364801175,0.108577472875794,1,1,0,2,1
0.7058823529411765,0.32857142857142857,0.0,0.05625049602266135,0,0,0,1,24
0.9019607843137255,0.41428571428571426,0.07663369404058512,0.1192979885658543,0,0,0,2,12
0.13725490196078433,0.8714285714285714,0.664387350903981,0.8172930448867172,1,0,0,0,1
0.8039215686274509,0.17142857142857143,0.205204806479453,0.058567142752028505,1,0,0,2,1
0.2941176470588236,0.8714285714285714,0.6379428622009782,0.7925457312811891,0,1,0,2,12
0.13725490196078433,0.6571428571428571,0.398725353515236,0.42981861716432795,0,1,0,4,12
0.0,0.21428571428571427,0.7062116886852996,0.19676427750021927,0,1,0,2,24
0.8431372549019608,0.9285714285714286,0.48514018898404493,0.6990974717062247,0,1,0,2,1
0.5030496196232563,0.6,0.28110823430480875,0.31690859720132364,0,1,0,2,24
0.03921568627450983,0.09999999999999999,0.10108654761114433,0.008577697792952185,1,0,0,1,1
0.0,0.028571428571428574,0.31717895948128977,0.0,0,1,0,3,24
0.05882352941176472,0.15714285714285714,0.6422580716546062,0.12655638657090335,1,1,0,3,24
0.7647058823529412,0.21428571428571427,0.7591006660913056,0.20719079433350138,0,0,0,3,12
0.6666666666666666,0.8285714285714286,0.11713027506694113,0.30745725690391246,1,1,0,1,12
0.607843137254902,0.6857142857142857,0.6747881121511874,0.6455575487499907,0,1,0,2,1
0.8039215686274509,0.8857142857142858,0.1381530903538472,0.3496966992121794,1,1,0,2,1
0.6470588235294118,0.8714285714285714,0.18517780875876877,0.38786514095718955,0,0,0,3,1
0.823529411764706,0.6857142857142857,0.5276284051428446,0.5424394579239439,0,0,0,3,1
0.47058823529411764,0.7142857142857143,0.259753479829162,0.36641447027028934,0,0,0,2,1
0.17647058823529416,0.45714285714285713,0.6718006594525217,0.4226485794714253,0,1,0,2,1
0.3921568627450981,0.41428571428571426,0.9973223572108258,0.5216249814844981,0,0,0,4,24
0.8823529411764707,0.8285714285714286,0.10451658589479745,0.29550451649719156,1,1,0,3,1
0.7450980392156864,0.19999999999999998,0.5710017924716193,0.15151737147671288,0,0,0,3,12
0.5098039215686275,0.3142857142857143,0.9613622784305915,0.3802581213569444,0,0,0,2,12
0.5098039215686275,0.6285714285714286,0.13505499125893472,0.2385137217138559,1,0,0,1,1
0.019607843137254943,0.8714285714285714,0.34572572971298327,0.5317526798076122,0,0,0,2,1
0.7843137254901961,1.0,0.07652304764433826,0.33400069467270854,0,1,0,3,1
0.9215686274509803,0.19999999999999998,0.6501139657881343,0.1647296479693033,0,1,0,1,12
0.23529411764705888,0.6428571428571429,0.6800991391710371,0.610594176509202,1,0,0,2,1
0.1568627450980392,0.9,0.6746774657549404,0.8525664814955832,0,1,0,3,1
0.5030496196232563,0.6428571428571429,0.5395782159375069,0.5137850119704124,1,0,0,2,24
0.6862745098039217,0.7857142857142857,0.7655181570736243,0.817574191334456,0,0,0,3,1
0.4117647058823529,0.6142857142857143,1.0000000000000002,0.1340670131033523,0,0,0,3,12
0.8039215686274509,0.39999999999999997,0.9992033459470226,0.5072302833602751,0,0,0,1,1
0.4901960784313726,0.8714285714285714,0.1855097479475094,0.3849026606735883,0,1,0,1,12
0.21568627450980393,0.7285714285714286,0.07431011971940071,0.23562835588449152,1,1,0,2,24
0.3137254901960784,0.7571428571428571,0.9810573369625353,0.955315065561745,0,1,0,3,12
0.2549019607843137,0.8,0.8585717763172456,0.9130290332707098,1,1,0,2,1
0.2549019607843137,0.9285714285714286,0.7860983867755427,0.9899233900028178,1,0,0,2,1
0.6470588235294118,0.3,0.05561087875367898,0.07245899037258169,1,1,0,3,24
0.37254901960784315,0.2714285714285714,0.8332337515767112,0.2874958591144625,1,0,0,3,1
0.1960784313725491,0.45714285714285713,0.6136006550266659,0.3897303468190447,0,1,0,0,1
0.2941176470588236,0.34285714285714286,0.7495850760140743,0.3404204729879312,0,0,0,1,12
0.9803921568627451,0.6428571428571429,1.0000000000000002,0.8373010326589352,0,0,0,2,1
0.5882352941176471,0.8,0.15486069618712517,0.32741222848884266,1,0,0,3,1
0.09803921568627455,0.05714285714285714,0.4978645245524353,0.01785231746607044,0,0,1,1,24
0.3529411764705882,0.7714285714285715,0.7733740512071523,0.8054559761613516,0,0,0,3,1
0.7058823529411765,0.8571428571428572,0.4196375224058953,0.586846137706494,0,0,0,1,1
0.05882352941176472,0.09999999999999999,0.00028768063024187107,0.0006541876201097765,0,0,0,4,12
0.9019607843137255,0.21428571428571427,0.06302418730221959,0.04500463811311212,0,0,0,2,24
0.05882352941176472,0.6714285714285715,0.6059660536856315,0.9999999999999999,0,0,0,3,1
0.37254901960784315,0.8571428571428572,0.2551063311867933,0.43868677940157247,1,0,0,3,12
0.17647058823529416,0.19999999999999998,0.09223483591139442,0.046786303316210705,1,1,0,3,12
0.4509803921568628,0.9142857142857143,0.3158512027263272,0.5284030207016964,0,0,0,3,1
0.6666666666666666,0.3,0.16216335833941892,0.10868832490375954,0,1,0,3,1
0.4901960784313726,0.028571428571428574,0.0,0.0,0,1,0,3,1
0.7058823529411765,0.7571428571428571,0.1077253313859568,0.2729437189795058,0,1,0,1,12
0.7254901960784313,0.1857142857142857,0.9168824271393483,0.2081627577671124,0,1,0,3,24
0.3921568627450981,0.49999999999999994,0.0,0.08594277400613123,0,1,0,1,1
0.7647058823529412,0.9428571428571428,0.7960565624377616,0.9999999999999999,1,0,0,3,24
0.5030496196232563,0.12857142857142856,0.7734846976033991,0.11723517691501698,0,0,1,4,12
0.3921568627450981,0.6857142857142857,0.5640310695080661,0.5672317549611101,1,1,0,4,1
0.17647058823529416,0.9142857142857143,0.17035119166168766,0.39054486824192214,1,0,0,2,12
0.7254901960784313,0.8,0.9113501073270045,0.9509854102665686,0,1,0,2,1
0.8823529411764707,0.3714285714285714,0.4654451304521013,0.25931695229539203,1,1,0,1,24
0.05882352941176472,0.05714285714285714,0.13140366018278787,0.0,1,0,0,2,1
0.8627450980392156,1.0,0.41443714178229213,0.6818286536105469,1,0,0,1,12
0.37254901960784315,0.8,0.15541392816835958,0.32453007576173815,1,1,0,2,12
0.3137254901960784,0.19999999999999998,0.35579455177144886,0.1024597261729992,1,1,0,3,1
0.11764705882352944,0.41428571428571426,0.4893447520414261,0.9999999999999999,1,1,0,1,24
0.05882352941176472,0.2714285714285714,0.33798048197570213,0.14462205402702924,0,0,0,2,12
0.5490196078431373,0.5142857142857143,0.6667109252251655,0.4739955601352972,0,1,0,2,24
0.2549019607843137,0.028571428571428574,0.9753037243576979,0.021708040177915895,0,0,1,4,1
0.03921568627450983,0.5714285714285715,0.3249242072185709,0.3260530862329171,0,0,0,3,1
0.4509803921568628,0.5428571428571429,0.3333333333333334,0.3161278133521749,0,0,0,0,24
0.7058823529411765,0.35714285714285715,0.7566664453738743,0.35812466643982155,1,0,0,2,12
0.2941176470588236,0.014285714285714285,0.5268538803691165,0.0,1,0,1,2,12
1.0,0.3142857142857143,0.4142158489897985,0.2005027219795794,0,0,0,1,24
0.05882352941176472,0.3142857142857143,0.8402044745402644,0.34010237586420394,0,0,0,2,1
0.4509803921568628,0.21428571428571427,0.9256234924428512,0.24849683043527573,1,1,0,3,1
0.6470588235294118,0.11428571428571427,0.5932417181172409,0.07893499797735212,1,0,1,1,1
0.5686274509803921,0.17142857142857143,0.1445705813361659,0.04591555260378561,0,1,0,3,12
0.33333333333333337,0.3857142857142857,0.4557082475823762,0.26546843657191543,0,0,0,3,24
0.5030496196232563,0.3714285714285714,0.4978645245524353,0.27032664718884075,0,1,0,1,24
0.5882352941176471,0.7142857142857143,1.0000000000000002,0.485080762931853,1,1,0,3,1
0.3529411764705882,0.9,0.2301002456349997,0.4435915800012659,0,1,0,3,12
0.9411764705882354,0.7285714285714286,0.46234703135718874,0.5230098285585026,0,0,0,1,24
0.8823529411764707,0.5285714285714286,0.43380026112549525,0.3610405567406547,0,1,0,2,12
0.3529411764705882,0.9142857142857143,0.17156830202040324,0.39123568522779445,0,1,0,2,1
0.4117647058823529,0.24285714285714283,0.9393436455774637,0.27996434741732446,0,1,0,2,12
0.4509803921568628,0.8857142857142858,0.9193166478567794,0.9999999999999999,0,1,0,2,24
0.8627450980392156,0.7142857142857143,0.7802341277744584,0.7521232983008792,0,0,0,3,24
0.21568627450980393,0.11428571428571427,0.38334550443692056,0.053026147904880604,1,1,0,2,12
0.5686274509803921,0.17142857142857143,0.349487707185377,0.0847539261699789,0,1,0,2,24
0.5030496196232563,0.5571428571428572,0.7325455309920557,0.5554171779515636,0,0,0,3,1
0.5882352941176471,0.7714285714285715,0.612604837460444,0.6781207336026556,0,0,0,1,1
0.6862745098039217,0.6,0.6043063577419283,0.5185404033150218,0,0,0,2,24
0.3529411764705882,0.6142857142857143,0.07707627962557256,0.1952717915005091,0,0,0,3,1
0.9215686274509803,0.9571428571428572,0.623890769877625,0.8611792021031681,0,1,0,3,1
0.8627450980392156,0.45714285714285713,0.9376839496337606,0.5493058574532886,1,0,0,2,1
0.5030496196232563,0.32857142857142857,0.03469870986301976,0.07490255464121373,1,0,0,4,1
0.5686274509803921,0.49999999999999994,0.31507667795259914,0.27681229410039077,0,0,0,4,12
0.9411764705882354,0.12857142857142856,0.5029542587797917,0.07703605454176823,1,0,1,1,1
0.6274509803921569,0.2714285714285714,0.698798380136759,0.2509677060731167,0,1,0,2,24
0.33333333333333337,0.15714285714285714,0.03890327292040102,0.018539921349682874,1,1,0,3,24
1.0,0.8714285714285714,0.90548584832592,0.9999999999999999,0,0,0,3,1
0.9411764705882354,0.24285714285714283,0.0,0.03473395673943378,0,1,0,2,1
0.5294117647058824,0.8857142857142858,0.888778242492642,0.9999999999999999,1,0,0,2,12
0.9019607843137255,0.34285714285714286,0.0,0.05410253716193745,0,0,0,3,12
0.1960784313725491,0.15714285714285714,0.10960632012215366,0.031827705745380276,0,1,0,3,1
0.8627450980392156,0.2857142857142857,0.8252672110469363,0.30197409789744223,1,1,0,1,1
0.6274509803921569,0.34285714285714286,0.8915444023988139,0.39324387414021394,1,1,0,2,1
0.3137254901960784,0.14285714285714285,1.0000000000000002,0.17380826840456942,0,1,1,1,1
0.09803921568627455,0.9,0.06778198234083521,0.29052742109665103,1,1,0,4,1
0.05882352941176472,0.7000000000000001,0.5223173781229946,0.5506649997092142,0,1,0,4,12
0.5030496196232563,0.8714285714285714,0.025183119785788577,0.24288193423615076,1,1,0,4,12
0.9215686274509803,0.6857142857142857,0.112815065613313,0.24560021874800184,1,1,0,3,12
0.9019607843137255,0.1857142857142857,0.13284206333399728,0.048147052123266164,1,1,0,2,1
0.5098039215686275,0.0,0.009913917103719971,0.0,1,0,0,2,12
0.27450980392156865,0.34285714285714286,0.9278364203677887,0.4029378036582454,1,0,0,2,1
0.09803921568627455,0.8285714285714286,0.07962114673925075,0.27734888217778925,0,1,0,3,1
0.9019607843137255,0.9714285714285714,0.6360618734647814,0.8857401557776237,1,1,0,3,12
0.2549019607843137,0.05714285714285714,0.6320786031998937,0.03171203406402492,1,0,1,3,12
0.1960784313725491,0.2571428571428571,0.15950784482949393,0.08754450548267703,1,1,0,3,1
0.7450980392156864,0.3142857142857143,1.0000000000000002,0.40815266862601635,0,0,0,2,12
0.1568627450980392,0.11428571428571427,0.3241496824448428,0.04360693863006814,0,1,0,3,24
0.4901960784313726,0.7000000000000001,0.9412246343136605,0.8535512973382339,0,1,0,2,1
0.2941176470588236,0.21428571428571427,0.9890238774923101,0.2598278355547115,1,0,0,1,12
0.5030496196232563,0.45714285714285713,0.9897984022660384,0.5773176829548459,0,0,0,3,24
1.0,0.014285714285714285,0.772710172829671,0.0,0,0,1,2,12
0.17647058823529416,0.1857142857142857,0.22058465555776857,0.06793494239068301,0,1,0,1,1
0.9607843137254902,0.0,0.07331430215317891,0.0,1,0,0,4,1
0.03921568627450983,0.8142857142857143,0.570337914094138,0.6811683610961433,0,0,0,1,1
0.23529411764705888,0.21428571428571427,0.33809112837194893,0.10612748240264219,1,0,0,2,1
0.823529411764706,0.6571428571428571,0.8592356546947266,0.7441965750257771,1,0,0,1,12
0.5030496196232563,0.6142857142857143,0.7640797539224149,0.6321990761045762,1,0,0,3,1
0.5686274509803921,0.1857142857142857,0.245701387505809,0.07396272223020142,0,0,0,1,24
0.8627450980392156,0.32857142857142857,0.0,0.04938248994218664,1,1,0,3,1
0.09803921568627455,0.7714285714285715,0.20232800017703423,0.3516872160621696,0,0,0,1,12
0.3137254901960784,0.19999999999999998,0.5672398149992255,0.14764237015130818,0,0,0,2,1
0.8627450980392156,0.4714285714285714,0.027174754918232347,0.11838707407518081,0,0,0,2,1
0.9803921568627451,0.014285714285714285,0.6681493283763749,0.0,0,0,1,2,24
0.3529411764705882,0.3714285714285714,0.6829759454734561,0.3408638810997935,0,1,0,2,1
0.8039215686274509,0.3142857142857143,0.1271990971254066,0.10223802211706809,0,0,0,2,1
0.6666666666666666,0.9571428571428572,0.5995485627033128,0.8329504921990696,1,1,0,2,1
0.8823529411764707,0.1857142857142857,0.6113877271017283,0.14319864972590632,0,0,0,3,1
0.4901960784313726,0.8857142857142858,0.4686538759432605,0.6533557479346981,0,1,0,1,12
0.9803921568627451,0.9142857142857143,0.9944455509084069,0.9999999999999999,1,0,0,0,24
0.07843137254901966,0.9571428571428572,0.059483502622319606,0.29894253591525377,1,0,0,2,1
0.5490196078431373,0.8857142857142858,0.38965234902299234,0.5774590594542802,1,0,0,2,1
0.5030496196232563,0.9,0.9166611343468545,0.9999999999999999,0,0,0,2,12
0.37254901960784315,0.44285714285714284,0.3671911305848769,0.26830239276512186,1,0,0,3,24
0.9411764705882354,0.17142857142857143,0.4095687003474297,0.09282684559790533,1,1,0,3,24
0.5030496196232563,0.9285714285714286,0.6792139680010623,0.8835777379567303,0,0,0,2,12
0.17647058823529416,0.2571428571428571,0.6762265153023967,0.2308440466195433,0,0,0,1,1
0.07843137254901966,0.32857142857142857,0.0,0.050270912717041046,1,0,0,2,1
0.6862745098039217,0.14285714285714285,0.44397972958020754,0.08129180848496764,0,0,0,2,1
0.09803921568627455,0.8285714285714286,1.0000000000000002,0.4699470512878595,0,0,0,2,1
0.4901960784313726,0.19999999999999998,0.6342915311248312,0.1677579968492319,0,1,0,3,12
0.05882352941176472,0.12857142857142856,0.5546261258270817,0.0843844194100937,0,0,1,4,12
0.7450980392156864,0.5714285714285715,0.6599614950541062,0.5259787350466237,1,1,0,4,12
0.7450980392156864,0.3714285714285714,0.6631702405452655,0.33781625360630557,0,1,0,2,1
0.9607843137254902,0.8428571428571429,0.2218017659164842,0.40293941020937535,0,0,0,1,12
0.5030496196232563,0.7285714285714286,0.2125074686317467,0.33684750327495444,0,0,0,3,1
0.0,0.3857142857142857,0.349487707185377,0.22282253682777484,0,1,0,3,1
0.4509803921568628,0.9142857142857143,0.2075283808006374,0.4282249184434318,0,0,0,3,1
0.6862745098039217,0.22857142857142856,0.695257695456859,0.20486932795074442,1,1,0,3,24
0.09803921568627455,0.6142857142857143,0.6068512248556066,0.5349545362095739,1,0,0,2,1
0.7843137254901961,0.12857142857142856,0.17920290336143757,0.03202852463662224,1,1,0,3,24
0.8823529411764707,0.8857142857142858,0.9179888911018168,0.9999999999999999,1,1,0,1,1
0.8431372549019608,0.6571428571428571,0.44951204939255124,0.4663210653875949,0,0,0,3,1
0.5882352941176471,0.5285714285714286,0.08039567151297888,0.16597633164613335,1,0,0,3,24
0.37254901960784315,0.9857142857142858,0.1754409258890438,0.42950373314286056,1,1,0,3,1
0.4509803921568628,0.7428571428571429,0.5371439952200756,0.5939744050700182,0,1,0,3,1
0.5030496196232563,0.6142857142857143,0.31419150678262414,0.3499874849666978,0,1,0,2,1
0.6862745098039217,0.7571428571428571,0.8815862267365953,0.8757377684426446,0,1,0,2,24
0.3921568627450981,0.2714285714285714,0.48713182411648853,0.1887748987310495,0,1,0,1,1
0.5030496196232563,0.42857142857142855,0.9525105667308418,0.5213229498720703,0,0,0,2,1
0.5030496196232563,0.0857142857142857,0.052402133262519635,0.31339828298241434,0,0,0,1,1
0.8431372549019608,0.8142857142857143,0.6795459071898029,0.777829722930979,0,0,0,2,1
0.8039215686274509,0.12857142857142856,0.9198698798380138,0.13956623762112189,0,1,1,3,1
0.5686274509803921,0.12857142857142856,0.26384739649029637,0.044084084315659015,1,0,0,2,12
0.4117647058823529,0.5428571428571429,0.08991126159021001,0.1778776624166963,0,0,0,1,12
0.5294117647058824,0.3857142857142857,0.44497554714642945,0.2601925226612069,0,1,0,1,1
0.11764705882352944,0.41428571428571426,1.0000000000000002,0.5261634884265662,0,0,0,0,12
0.6666666666666666,0.5142857142857143,0.6407090221071499,0.46081380811417555,0,1,0,3,24
0.5294117647058824,0.9428571428571428,0.652326893713072,0.8750019680251341,0,1,0,4,24
0.2549019607843137,0.6,0.6827546526809622,0.5682615542353988,0,1,0,3,1
0.17647058823529416,0.7285714285714286,0.0,0.16473286107156318,1,0,0,3,1
0.2941176470588236,0.7857142857142857,0.43280444355927333,0.5429133905072748,1,1,0,1,24
0.2941176470588236,0.9571428571428572,0.02562570537077613,0.26562587858264913,1,0,0,3,1
0.5882352941176471,0.11428571428571427,0.28929606762707744,0.03668752291343549,1,0,0,2,1
0.8039215686274509,0.3142857142857143,0.8488348934475205,0.3423917112243622,1,0,0,1,24
0.47058823529411764,0.8857142857142858,1.0000000000000002,0.8279541181849698,0,1,0,3,1
0.23529411764705888,0.8571428571428572,1.0000000000000002,0.9999999999999999,0,0,0,4,1
0.09803921568627455,0.5571428571428572,0.1302971962203191,0.2044484115547013,0,0,0,2,1
0.8431372549019608,0.6142857142857143,0.3791409413795393,0.38850454830690395,0,0,0,1,24
0.1568627450980392,0.32857142857142857,0.8355573258978954,0.3551332682358815,0,0,0,1,1
0.8627450980392156,0.7142857142857143,0.17842837858770944,0.30709899600193685,1,1,0,4,24
0.6862745098039217,0.8142857142857143,0.10982761291464738,0.29529245174804003,0,1,0,3,12
0.823529411764706,0.45714285714285713,0.41288809223483597,0.2972588703310812,0,0,0,1,1
0.37254901960784315,0.21428571428571427,0.3643143242824581,0.11491853018564982,1,0,0,3,1
0.33333333333333337,0.3,1.0000000000000002,0.3808123814967722,1,1,0,0,1
0.823529411764706,0.8,0.4446436079576888,0.566412413884843,1,1,0,2,12
0.3921568627450981,0.8714285714285714,0.8923189271725422,0.9999999999999999,0,1,0,4,1
0.05882352941176472,1.0,0.9223041005554451,0.9999999999999999,0,0,0,2,24
0.9607843137254902,0.9857142857142858,0.11447476155701608,0.36600158662989585,0,1,0,3,1
0.6274509803921569,0.41428571428571426,0.7312177742370931,0.40644008512150503,1,1,0,2,1
0.5098039215686275,0.3142857142857143,0.24691849786452452,0.14204193291235268,1,0,0,2,1
0.11764705882352944,0.44285714285714284,0.04454623912899158,0.11842241820003938,1,0,0,2,12
0.5030496196232563,0.8,0.9075881298546107,0.9464886736538787,1,0,0,3,1
0.27450980392156865,0.11428571428571427,0.263294164509062,0.03572359223547413,1,0,0,2,1
0.33333333333333337,0.42857142857142855,0.3219367545199053,0.2375594303426741,1,0,0,1,24
0.607843137254902,1.0,0.2982584257230742,0.565564154888237,0,0,0,1,1
0.1960784313725491,0.11428571428571427,0.16138883356569078,0.022866363542599466,1,1,0,2,1
0.37254901960784315,0.17142857142857143,0.4205226935758703,0.0966118800600336,0,0,0,2,12
0.5030496196232563,0.8142857142857143,0.41366261700856405,0.5537560040832102,0,1,0,3,12
0.27450980392156865,0.028571428571428574,0.3920865697404236,0.0,0,1,0,4,1
0.9215686274509803,0.4857142857142857,0.9536170306933105,0.5949447619524993,0,1,0,1,1
0.11764705882352944,0.2857142857142857,0.3157405563300803,0.14522129759849522,1,0,0,3,24
0.3921568627450981,0.9,0.0,0.20278241803295805,0,0,0,1,1
0.8039215686274509,0.7285714285714286,0.13715727278762535,0.2794277593399259,0,0,0,3,12
0.4901960784313726,0.4714285714285714,0.7380778508043995,0.46630178677403566,1,0,0,1,1
0.8431372549019608,0.4857142857142857,0.5935736573059816,0.41070226526922415,1,1,0,3,1
0.2549019607843137,0.19999999999999998,0.992785854964704,0.2436370132672205,0,1,0,3,1
0.7058823529411765,0.07142857142857142,0.7080926774214964,0.050489403670712286,0,0,1,1,1
0.3921568627450981,0.44285714285714284,0.1546394033946315,0.17000716843114175,1,1,0,3,12
0.33333333333333337,0.7285714285714286,0.07320365575693205,0.2322883360853554,1,1,0,2,1
0.07843137254901966,0.3857142857142857,0.5160105335369227,0.288856607921518,0,0,0,1,1
0.03921568627450983,0.9,0.6758945761136561,0.8546871289870984,1,0,0,2,24
0.43137254901960786,0.2571428571428571,0.12299453406802546,0.07625687724374947,0,1,0,3,1
0.4901960784313726,0.19999999999999998,0.6055234681006441,0.16029717340181096,1,0,0,2,24
0.7058823529411765,0.07142857142857142,0.8968554294186639,0.06603439240396922,0,0,1,2,24
0.4509803921568628,0.5285714285714286,0.7448272809754588,0.5301284566152473,1,1,0,1,24
0.9411764705882354,0.35714285714285715,0.6746774657549404,0.3241155855702148,1,1,0,2,24
0.3529411764705882,0.7142857142857143,0.8130961074597802,0.7786506705583761,0,1,0,3,1
0.9803921568627451,0.7428571428571429,0.05494700037619776,0.22346033762635922,1,1,0,2,24
0.47058823529411764,0.7857142857142857,0.1652614574343314,0.32710055756963513,1,1,0,2,24
0.3921568627450981,0.8285714285714286,0.0,0.1902754174864094,0,0,0,2,24
0.21568627450980393,0.9857142857142858,0.10020137644116933,0.354395861267241,1,0,0,0,1
0.7843137254901961,0.8142857142857143,0.9501869924096573,0.9999999999999999,1,0,0,3,24
0.6274509803921569,0.17142857142857143,0.1855097479475094,0.05228231473172041,1,1,0,2,12
0.9607843137254902,0.6,0.6723538914337559,0.5599605045470216,0,1,0,2,12
0.05882352941176472,0.7142857142857143,0.7049945783265839,0.6932367731842195,0,0,0,1,1
0.8039215686274509,0.2571428571428571,0.6537652968642811,0.22329646941110584,0,0,0,3,1
0.5030496196232563,0.2857142857142857,0.5526344906946381,0.22145696836732956,0,0,0,3,24
0.4117647058823529,0.32857142857142857,0.4776162340392574,0.22865592398057097,1,1,0,1,1
0.6274509803921569,0.35714285714285715,0.40436831972382664,0.22500583981335728,1,0,0,1,1
0.3137254901960784,0.6285714285714286,0.9542809090707915,0.7715754193821396,0,0,0,4,24
0.4509803921568628,0.3857142857142857,0.0,0.0575293107220901,0,1,0,1,1
0.6470588235294118,0.39999999999999997,0.0,0.08424786256404918,0,0,0,3,1
0.5294117647058824,0.22857142857142856,0.4846976033990574,0.15795321530323492,0,0,0,3,1
0.823529411764706,0.9571428571428572,0.305450441479121,0.5454694133550024,1,1,0,2,1
0.7843137254901961,0.6142857142857143,0.39142269136294233,0.39431062409049117,0,0,0,3,1
0.7450980392156864,0.8571428571428572,1.0000000000000002,0.9999999999999999,0,0,0,2,1
0.4117647058823529,0.9571428571428572,0.7973843191927241,0.9999999999999999,1,1,0,1,1
0.9411764705882354,0.34285714285714286,0.9105755825532762,0.3982675595235226,1,1,0,3,12
0.3137254901960784,0.9428571428571428,0.3476067184491802,0.5758541148754746,0,1,0,2,24
0.6470588235294118,0.014285714285714285,0.20487286729071236,0.0,0,1,0,1,1
0.09803921568627455,0.6857142857142857,0.7895284250591958,0.7274145419224697,0,0,0,3,1
0.8823529411764707,0.9857142857142858,0.8333443979729582,0.9999999999999999,0,0,0,2,1
0.09803921568627455,0.35714285714285715,0.548208634844763,0.2807146067950043,0,0,0,2,24
0.6470588235294118,0.3714285714285714,0.931045165858948,0.442466994210311,1,0,0,1,24
0.0,0.24285714285714283,1.0000000000000002,0.302926782717494,0,1,0,2,1
0.17647058823529416,0.7571428571428571,0.4609086282059793,0.547101669303017,0,0,0,3,1
0.3921568627450981,0.0,0.18617362632499068,0.0,0,1,0,3,12
0.07843137254901966,0.8571428571428572,0.5119166168757883,0.666828285710338,0,1,0,3,12
0.019607843137254943,0.028571428571428574,1.0000000000000002,0.023953998657565867,0,0,1,2,1
0.4117647058823529,0.9571428571428572,0.26384739649029637,0.5031946269218769,1,0,0,4,12
0.9215686274509803,0.5714285714285715,0.6231162451038972,0.5043802616557694,0,0,0,2,12
0.019607843137254943,0.5142857142857143,0.707650091836509,0.4992168063241563,0,0,0,3,24
0.17647058823529416,0.7142857142857143,0.17643674345526572,0.3050634957203084,0,0,0,2,1
0.6470588235294118,0.19999999999999998,0.5909181437960564,0.1554357496826258,1,0,0,4,24
0.2941176470588236,0.09999999999999999,0.28774701807962116,0.03034485905244972,1,1,0,3,1
0.9215686274509803,0.5285714285714286,0.8849056186240016,0.6085024469380259,0,0,0,2,12
0.9803921568627451,0.7857142857142857,0.7306645422558589,0.7862416246473218,0,1,0,3,1
0.7450980392156864,0.6571428571428571,0.8540352740711237,0.7408437028176014,0,1,0,0,1
0.4117647058823529,0.12857142857142856,0.16072495518820956,0.02583527003072047,0,1,0,2,12
0.21568627450980393,0.6857142857142857,0.0,0.15128442156287222,0,1,0,2,1
0.4509803921568628,0.5714285714285715,0.8808117019628672,0.6581754013245049,1,0,0,1,1
0.9019607843137255,0.41428571428571426,0.36774436256611126,0.2480245044030747,1,1,0,2,1
0.7647058823529412,0.05714285714285714,0.1385956759388347,0.0,1,1,0,1,1
0.7254901960784313,1.0,0.04144814003407915,0.29798021178842227,1,0,0,1,1
0.17647058823529416,0.42857142857142855,0.5112527384983072,0.3190388839996182,0,0,0,3,24
0.6666666666666666,0.7285714285714286,0.10584434264975989,0.25884944591658077,0,0,0,3,1
0.9803921568627451,0.3142857142857143,0.566797229414238,0.24808715989714217,1,0,0,3,1
0.5030496196232563,0.6714285714285715,0.7444953417867182,0.6825660605791872,1,1,0,2,1
0.607843137254902,0.5571428571428572,0.5318329682002259,0.43806986376767726,0,1,0,1,1
0.11764705882352944,0.07142857142857142,0.9396755847662044,0.0718099437160877,0,0,1,2,1
0.3921568627450981,0.5285714285714286,0.11192989444333801,0.18278406956751964,1,0,0,3,1
0.37254901960784315,0.5714285714285715,0.48635729934276056,0.42060986608753703,0,1,0,1,1
0.5030496196232563,0.3714285714285714,0.12033902055810047,0.1218700769248812,1,0,0,2,1
0.05882352941176472,0.9714285714285714,0.9089158866095732,0.9999999999999999,1,0,0,4,12
0.8823529411764707,0.8,0.9712098076965634,0.9999999999999999,0,1,0,1,12
1.0,0.22857142857142856,0.38234968687069865,0.12799103672993586,0,0,0,3,1
0.4117647058823529,1.0,0.2780101352098962,0.5414241176098246,0,0,0,3,1
0.27450980392156865,0.6571428571428571,0.24879948660072143,0.32702986931991795,0,1,0,3,24
0.7647058823529412,0.17142857142857143,0.8909911704175797,0.19009548375985658,1,1,0,1,1
0.3921568627450981,0.14285714285714285,0.6948151098718716,0.12046595123731749,0,0,1,1,24
0.27450980392156865,0.32857142857142857,0.9141162672331764,0.3806115626055303,0,0,0,2,1
0.4117647058823529,0.04285714285714286,0.06977361747327893,0.0,0,1,0,1,1
1.0,0.6428571428571429,0.466440948018323,0.4670359806404162,0,0,0,3,12
0.5294117647058824,0.24285714285714283,0.6879550333045654,0.22095572441478964,1,1,0,2,24
0.2549019607843137,0.6,0.9323729226139106,0.7260762848312334,0,1,0,1,1
0.5098039215686275,0.45714285714285713,0.3624333355462613,0.27370201111283543,0,1,0,0,1
0.5030496196232563,0.12857142857142856,0.286197968532165,0.04851334578089148,1,0,0,3,1
0.7647058823529412,0.8285714285714286,0.9499656996171635,0.9999999999999999,1,0,0,0,24
0.5294117647058824,0.42857142857142855,0.0,0.08774532437391899,1,0,0,3,12
0.4901960784313726,0.3857142857142857,0.4704242182832105,0.26896589838178525,0,0,0,1,1
0.5030496196232563,0.8428571428571429,0.447188475071367,0.6006544446682904,1,0,0,1,1
0.019607843137254943,0.028571428571428574,0.10141848679988497,0.0,1,1,0,3,1
0.47058823529411764,0.7714285714285715,0.37681736705835495,0.4911567393052694,0,0,0,1,1
0.5030496196232563,0.1857142857142857,0.739294961163115,0.17119922936955398,1,0,0,2,1
0.13725490196078433,0.8142857142857143,0.34572572971298327,0.49465420111513925,1,1,0,3,12
0.8431372549019608,0.19999999999999998,0.2824359910597712,0.9999999999999999,0,1,0,3,1
0.6274509803921569,0.014285714285714285,0.8049082741375115,0.0,1,0,1,2,1
0.8039215686274509,0.32857142857142857,1.0000000000000002,0.42320765926464293,1,1,0,1,12
1.0,0.9,0.8021421142313396,0.9688133081554638,1,1,0,4,1
0.5030496196232563,1.0,0.8761645533204985,0.9999999999999999,1,0,0,2,1
0.09803921568627455,0.32857142857142857,0.9792869946225853,0.4041314711477876,0,0,0,1,1
0.7450980392156864,0.3714285714285714,0.8269269069906395,0.40050066559413305,0,1,0,2,1
1.0,0.5142857142857143,1.0000000000000002,0.6699208966354641,0,0,0,1,24
0.43137254901960786,0.5428571428571429,0.766624621036093,0.5591074258970258,1,0,0,3,12
0.47058823529411764,0.8857142857142858,0.6716900130562748,0.8385605687448048,1,0,0,3,1
0.9607843137254902,0.35714285714285715,0.7068755670627809,0.3404028009255019,0,0,0,2,1
0.823529411764706,0.9142857142857143,0.935692314501317,0.9999999999999999,1,0,0,3,1
0.3529411764705882,0.04285714285714286,0.6954789882493528,0.020401914109278246,1,0,1,3,1
0.07843137254901966,0.39999999999999997,0.7820044701144084,0.41023797199267276,0,0,0,3,1
0.9803921568627451,0.0,0.17876031777645007,0.0,0,1,0,1,1
0.1960784313725491,0.7000000000000001,0.949523114032176,0.9999999999999999,0,1,0,3,1
0.21568627450980393,0.14285714285714285,0.4345747858992233,0.08148620117168986,0,0,0,3,1
0.17647058823529416,0.8285714285714286,0.11801544623691607,0.30656080137340835,1,1,0,4,12
0.13725490196078433,0.8714285714285714,0.8247139790657021,0.9608897979826215,0,1,0,0,24
0.4509803921568628,0.49999999999999994,0.3341078581070615,0.28498642624950316,0,1,0,1,24
0.5294117647058824,0.7857142857142857,0.14346411737369713,0.31005986973440813,1,0,0,3,1
0.7843137254901961,0.2857142857142857,0.22335081546394037,0.11747937268676717,0,0,0,2,12
0.6862745098039217,0.17142857142857143,0.0,0.012740271770615347,0,1,0,4,12
0.7058823529411765,0.11428571428571427,0.04000973688286974,0.006982392520926126,0,0,0,4,24
0.3921568627450981,0.14285714285714285,0.5954546460421786,0.10414339175717172,1,1,1,2,1
0.13725490196078433,0.9857142857142858,0.8981831861736265,0.9999999999999999,0,0,0,3,12
0.1568627450980392,0.0,0.43601318905043257,0.0,1,0,0,2,1
0.9019607843137255,0.9857142857142858,0.6325211887848814,0.8958132313623199,0,0,0,2,12
0.27450980392156865,0.7857142857142857,0.8356679722941425,0.8732668928048036,1,1,0,2,1
0.9215686274509803,0.42857142857142855,0.33455044369204895,0.24252367333417515,0,0,0,3,12
0.8823529411764707,0.5142857142857143,0.6637234725265,0.47217533770508024,0,1,0,2,24
0.7647058823529412,0.6571428571428571,0.327469074332249,0.38486089034420995,0,0,0,1,1
0.33333333333333337,0.6571428571428571,0.6508884905618624,0.6011797868877794,1,0,0,1,1
0.8039215686274509,0.9714285714285714,0.1805306601164,0.426997513380161,0,0,0,4,1
0.37254901960784315,0.8142857142857143,1.0000000000000002,0.9999999999999999,1,1,0,3,1
0.09803921568627455,0.49999999999999994,0.02407665582331986,0.1253305880587625,0,0,0,2,1
0.21568627450980393,0.44285714285714284,0.4987496957224103,0.3298734648199039,0,1,0,1,1
0.019607843137254943,0.9,0.2565447343380027,0.4668062438288354,0,1,0,3,24
0.11764705882352944,1.0,0.6045276505344221,0.8772688116694732,0,0,0,4,1
0.2941176470588236,0.5857142857142857,0.41366261700856405,0.3877414365201845,0,1,0,3,12
0.03921568627450983,0.6714285714285715,0.27911659917236503,0.357790503804795,1,1,0,2,24
0.8627450980392156,0.41428571428571426,0.2163800925003873,0.1853095679437784,0,1,0,2,24
0.03921568627450983,0.2857142857142857,0.1416937750337472,0.09386307107671377,0,1,0,3,12
0.5098039215686275,0.8428571428571429,0.8060147380999803,0.9144363720605335,1,1,0,2,1
0.9607843137254902,0.17142857142857143,0.18562039434375627,0.050871762839636965,1,0,0,2,24
0.823529411764706,0.0,0.7956139768527739,0.0,0,0,1,4,1
0.7647058823529412,0.9142857142857143,0.47639912368054177,0.6787440754410704,0,0,0,2,24
0.7254901960784313,0.45714285714285713,0.019650799973444877,0.1100217623416061,1,1,0,3,12
0.6274509803921569,0.5285714285714286,0.12277324127553169,0.1878350663200372,0,0,0,1,12
0.5294117647058824,0.34285714285714286,0.9277257739715419,0.40438209312405754,1,0,0,2,1
0.0,0.35714285714285715,0.6067405784593596,0.30234039155506753,0,0,0,3,1
0.13725490196078433,0.8285714285714286,0.1436854101661909,0.32826530713883845,0,0,0,2,24
0.7058823529411765,0.45714285714285713,0.7184934386687025,0.44436111799250505,1,0,0,4,24
0.607843137254902,0.5714285714285715,0.8507158821837173,0.6369335822844963,1,0,0,2,1
0.9215686274509803,0.41428571428571426,0.3056717342716148,0.2226988323907698,0,1,0,3,24
0.823529411764706,0.8,0.5556219433933036,0.6596550349151756,0,1,0,3,1
0.7058823529411765,0.6857142857142857,0.26440062847153073,0.3540408134675253,0,0,0,3,12
0.05882352941176472,0.6714285714285715,0.02839186527694798,0.18124017393165154,0,1,0,1,12
0.5686274509803921,0.6857142857142857,0.3817964548894643,0.4361644941275736,0,1,0,1,1
0.09803921568627455,0.6571428571428571,0.7711611232822149,0.6811892462608324,0,0,0,2,1
0.8823529411764707,0.7857142857142857,0.4472991214676139,0.558153134525844,0,0,0,2,12
0.3529411764705882,0.9142857142857143,0.388213945871783,0.5983538634502228,0,1,0,3,1
0.607843137254902,0.15714285714285714,0.34472991214676146,0.07741038095504321,0,0,0,3,1
0.1568627450980392,0.9714285714285714,0.44752041426010764,0.6948208325983362,0,0,0,2,12
0.21568627450980393,0.07142857142857142,0.2918409347407555,0.015434458015517356,1,0,0,3,24
0.1960784313725491,0.9142857142857143,0.6171413397065657,0.8149860374641296,0,0,0,2,1
0.8823529411764707,0.34285714285714286,0.010135209896213693,0.07276102198500958,0,0,0,1,1
0.2941176470588236,0.0,0.8331231051804644,0.0,0,0,1,3,1
0.0,0.44285714285714284,0.13140366018278787,0.15646233585465466,0,0,0,3,12
0.8627450980392156,0.028571428571428574,0.6405983757109033,0.004373353485910704,0,0,1,1,1
0.3921568627450981,0.6857142857142857,0.43756223859788884,0.4752085062383986,1,0,0,2,12
0.5686274509803921,0.2571428571428571,0.7956139768527739,0.2645703744902814,0,0,0,3,24
0.23529411764705888,0.8428571428571429,0.8538139812786298,0.954240282855818,1,0,0,1,1
0.6470588235294118,0.39999999999999997,0.1657040430193189,0.15324762704365352,1,1,0,1,1
0.05882352941176472,0.7000000000000001,0.6890614972670341,0.6700815517484576,0,1,0,3,24
0.5030496196232563,0.014285714285714285,0.14988160835601588,0.0,1,0,0,4,1
0.7254901960784313,0.7857142857142857,0.0769656332293257,0.2561873906942775,1,1,0,1,12
0.5882352941176471,0.22857142857142856,0.9691075261678728,0.2725260156857226,0,0,0,2,24
0.5098039215686275,0.8428571428571429,0.12166677731306291,0.318820393045947,1,1,0,3,24
0.07843137254901966,0.49999999999999994,0.19214853172232188,0.21172930127556946,1,0,0,4,1
0.47058823529411764,0.8571428571428572,0.08393635619287881,0.2872468436893225,0,0,0,2,1
0.03921568627450983,0.22857142857142856,0.4601341034322513,0.14798777864424434,0,0,0,1,24
0.6274509803921569,0.6857142857142857,0.9572683617694573,0.8498771149040711,1,1,0,1,12
0.05882352941176472,0.8428571428571429,0.2319812343711965,0.4110894440915387,1,0,0,1,1
0.47058823529411764,0.2714285714285714,0.5393569231450133,0.2045705094405764,0,1,0,1,1
0.37254901960784315,0.7000000000000001,0.39507402243908923,0.45585759787832425,1,0,0,4,1
0.6470588235294118,0.028571428571428574,0.31153599327269915,0.0,0,0,0,2,24
0.4901960784313726,0.6,0.5728827812078161,0.4999799181108757,0,0,0,0,1
0.07843137254901966,0.8,0.5581668105069819,0.6572371754646225,0,1,0,3,24
0.6666666666666666,0.7000000000000001,0.33742724999446766,0.41296268270904357,0,0,0,2,24
0.5294117647058824,0.9571428571428572,0.880922348359114,0.9999999999999999,1,1,0,3,24
0.5490196078431373,0.7000000000000001,0.0,0.16859500998792837,0,1,0,3,12
0.1568627450980392,0.5142857142857143,1.0000000000000002,0.1349200917533481,0,0,0,1,24
1.0,0.6428571428571429,1.0000000000000002,0.8462093586744281,0,0,0,2,1
0.7254901960784313,0.5857142857142857,0.7670672066210804,0.6030819434256232,0,0,0,2,1
0.9607843137254902,0.19999999999999998,0.8292504813118238,0.2086672148219122,0,1,0,4,24
0.09803921568627455,0.45714285714285713,0.6066299320631128,0.3919281087647967,0,0,0,2,1
0.3529411764705882,0.14285714285714285,0.40436831972382664,0.07498127564658058,1,0,0,2,1
0.8431372549019608,0.2714285714285714,0.6359512270685344,0.23223210679580766,1,0,0,2,1
0.1960784313725491,0.32857142857142857,0.04222266480780723,0.07973988009344984,1,0,0,4,1
0.019607843137254943,0.9,0.7782424926420148,0.9488985003487821,1,0,0,3,12
0.9019607843137255,0.9142857142857143,0.5380291663900507,0.7395938060385114,0,0,0,0,12
0.8431372549019608,0.22857142857142856,0.9983181747770478,0.9999999999999999,0,0,0,1,1
0.8431372549019608,0.8571428571428572,0.645134877957025,0.7868264092586184,0,0,0,1,24
0.1568627450980392,0.19999999999999998,0.10761468498970994,0.04944675198738408,0,0,0,0,1
0.3921568627450981,0.7142857142857143,0.4682112903582731,0.5239593002762946,1,1,0,3,12
0.4509803921568628,0.3714285714285714,0.003717718913894996,0.0772465127397898,0,0,0,2,1
0.6470588235294118,0.8571428571428572,0.7645223395074023,0.8937857638363412,0,0,0,3,12
0.4117647058823529,0.8142857142857143,0.4949877182500167,0.6183088350351529,0,0,0,3,1
0.03921568627450983,0.42857142857142855,0.3488238288078957,0.2504937734897857,1,0,0,2,1
0.21568627450980393,0.15714285714285714,1.0000000000000002,0.18944322400110272,0,1,0,4,24
0.5294117647058824,0.6428571428571429,0.9805041049813008,0.80848753814354,0,0,0,1,1
0.5686274509803921,0.42857142857142855,0.9940029653234195,0.5382045891454337,0,0,0,2,24
0.4901960784313726,0.44285714285714284,0.18429263758879377,0.18453842340140933,1,1,0,2,12
0.9215686274509803,0.44285714285714284,0.7459337449379275,0.4420846350413863,1,0,0,2,1
0.3921568627450981,0.7428571428571429,0.985815132001151,0.938545884867477,1,0,0,3,12
0.5294117647058824,0.8571428571428572,0.5714443780566067,0.7206814861369095,0,1,0,4,1
0.4901960784313726,0.6428571428571429,0.17676868264400636,0.2720119193241432,0,0,0,3,1
0.6274509803921569,0.0857142857142857,0.8446303303901392,0.0794667664013608,0,0,1,1,24
0.3921568627450981,0.04285714285714286,0.9133417424594481,0.03314025801853767,0,1,1,1,1
0.6666666666666666,0.7285714285714286,0.7178295602912212,0.7212550248902966,1,0,0,2,12
1.0,0.42857142857142855,0.26462192126402445,0.21290047704929252,0,0,0,1,1
0.6470588235294118,0.49999999999999994,0.15076677952599088,0.18836683474404586,0,1,0,4,12
0.7843137254901961,0.7571428571428571,0.6305295536524376,0.6787521081967202,1,1,0,3,1
0.9803921568627451,0.7571428571428571,0.4739649029631105,0.5571490400696343,0,1,0,4,1
0.9019607843137255,0.22857142857142856,0.6797671999822965,0.20147789851545037,1,1,0,3,24
0.33333333333333337,0.41428571428571426,0.06335612649096023,0.11612344353310153,1,0,0,1,1
0.1960784313725491,0.3,0.09013255438270384,0.08672516440640987,0,1,0,2,12
0.43137254901960786,0.6,0.3412998738631083,0.35329858684549503,0,0,0,3,1
0.9215686274509803,0.3714285714285714,0.22611697537011227,0.16659646038228845,0,0,0,2,1
0.4117647058823529,0.5142857142857143,0.624997233840094,0.4497029004995409,1,1,0,4,12
0.3137254901960784,0.6428571428571429,0.34638960809046454,0.3851725612634174,0,0,0,2,1
0.07843137254901966,0.4857142857142857,0.6965854522118216,0.4611608231582417,0,0,0,3,1
0.5030496196232563,0.04285714285714286,0.790413596229171,0.028073195754720774,0,0,1,3,24
0.1960784313725491,0.35714285714285715,0.14689415565735026,0.12396180649605734,0,1,0,0,24
0.5686274509803921,0.2571428571428571,0.9574896545619511,0.30479841478386904,0,1,0,4,1
0.27450980392156865,0.6285714285714286,0.8107725331385958,0.6795071872277898,1,1,0,1,1
0.5098039215686275,0.35714285714285715,0.6332957135586095,0.30939475756661483,0,1,0,2,12
0.6666666666666666,0.3,0.9454291973710418,0.35646188602033824,0,0,0,3,24
0.6274509803921569,0.8142857142857143,0.23397286950364032,0.40212488878649794,1,1,0,1,24
0.37254901960784315,0.8857142857142858,0.40635995485627036,0.5945109931474167,0,1,0,3,24
0.2941176470588236,0.3857142857142857,0.03469870986301976,0.09506155821964574,0,0,0,2,1
0.6470588235294118,0.9142857142857143,0.444532961561442,0.6490726826222898,0,1,0,3,24
0.019607843137254943,0.6142857142857143,0.5000774524773728,0.4622372124152985,1,1,0,4,24
0.6666666666666666,0.6,0.621456549160194,0.5286954130073448,1,0,0,2,1
0.7647058823529412,0.5142857142857143,0.010577795481201191,0.11958395466698282,1,0,0,2,1
0.5294117647058824,0.9285714285714286,0.0,0.21045209312727065,0,1,0,1,1
0.9019607843137255,0.22857142857142856,1.0000000000000002,0.13473533837340554,1,0,0,2,12
0.7450980392156864,0.5571428571428572,0.14899643718604083,0.21491509216623175,1,0,0,1,1
0.09803921568627455,0.5285714285714286,0.7793489566044836,0.5509252609922637,0,0,0,3,1
0.5030496196232563,0.8571428571428572,0.6796565535860497,0.8173364217672254,1,0,0,4,1
0.37254901960784315,0.11428571428571427,0.3002500608555179,0.03915357889788664,0,1,0,3,1
0.0,0.8571428571428572,0.0,0.20441949363436246,0,0,0,2,1
0.13725490196078433,0.21428571428571427,0.14158312863750033,0.05984435090032731,0,0,0,2,12
0.43137254901960786,0.014285714285714285,0.7051052247228309,0.0,0,0,1,3,1
0.03921568627450983,0.6,1.0000000000000002,0.7884442062464634,0,0,0,3,24
0.05882352941176472,0.5857142857142857,0.3010245856292461,0.32270182057587143,0,0,0,2,24
0.47058823529411764,0.8,0.8271481997831331,0.8829206585445867,0,0,0,2,24
0.9019607843137255,0.9428571428571428,0.8991790037398482,0.9999999999999999,1,0,0,2,12
0.7254901960784313,0.41428571428571426,0.0,0.08529051424737738,0,0,0,2,1
0.27450980392156865,0.17142857142857143,0.9535063842970637,0.19834191070981605,0,0,0,4,1
0.3921568627450981,0.2571428571428571,0.4555976011861294,0.16742222766307538,0,1,0,2,1
0.6666666666666666,0.0857142857142857,1.0000000000000002,0.09214245481655275,0,1,1,4,24
0.8823529411764707,0.11428571428571427,0.5357055920688663,0.07380849332172759,0,1,1,2,1
0.5030496196232563,0.7571428571428571,0.19989377945960302,0.34243026845148067,0,1,0,2,1
0.2549019607843137,0.8571428571428572,1.0000000000000002,0.9999999999999999,1,0,0,3,12
0.6862745098039217,0.014285714285714285,0.2089667839518467,0.0,1,1,0,3,24
0.21568627450980393,0.7000000000000001,0.916218548761867,0.8384979132507372,0,1,0,2,12
0.3137254901960784,0.42857142857142855,0.131293013786541,0.15046508048660504,1,0,0,3,12
0.7450980392156864,0.45714285714285713,0.686405983757109,0.42772367449089194,1,1,0,4,1
0.1568627450980392,0.14285714285714285,0.3948527296465955,0.07273371061580067,0,1,0,2,12
0.6666666666666666,0.45714285714285713,1.0000000000000002,0.5866726301844609,1,0,0,2,1
0.23529411764705888,0.0857142857142857,0.14423864214742527,0.008211404135326873,0,0,0,4,24
0.27450980392156865,0.42857142857142855,0.3920865697404236,0.2674236092970471,1,1,0,1,1
0.33333333333333337,0.6714285714285715,0.6476797450707032,0.6097603764727655,0,0,0,3,1
0.9803921568627451,0.6571428571428571,1.0000000000000002,0.8529392013577284,0,1,0,2,24
0.6274509803921569,0.7428571428571429,0.2760185000774525,0.3958320280105402,1,0,0,2,1
0.09803921568627455,0.2571428571428571,0.3789196485870456,0.14583660668126056,0,0,0,3,24
0.5098039215686275,0.07142857142857142,0.450729159751267,0.026084285455860487,0,0,0,3,24
0.43137254901960786,0.6857142857142857,0.21936754519905294,0.3197248813321007,0,0,0,2,24
0.5098039215686275,0.7000000000000001,0.8441877448051518,0.7821593782261553,0,0,0,2,1
0.6470588235294118,0.15714285714285714,0.041558786430325956,0.020123980763799384,0,0,0,2,1
0.8823529411764707,0.3142857142857143,0.7195999026311715,0.29892968350621424,1,1,0,0,24
0.7254901960784313,0.7571428571428571,0.5305052114452633,0.6004536257770485,0,1,0,2,24
0.2549019607843137,0.9714285714285714,0.20741773440439043,0.4565275296995074,1,0,0,4,1
0.6862745098039217,0.8285714285714286,0.485029542587798,0.622519605546714,0,1,0,2,1
0.13725490196078433,0.49999999999999994,0.8580185443360111,0.5642644550241191,1,0,0,2,1
0.6666666666666666,0.028571428571428574,0.4325831507667796,0.0,0,1,0,2,24
0.3529411764705882,0.8142857142857143,0.07464205890814135,0.26453824346768273,1,0,0,4,1
0.5030496196232563,0.7714285714285715,0.0,0.1797235896649923,1,0,0,1,1
0.2549019607843137,0.8,0.8003717718913896,0.8610828090353719,0,1,0,2,12
0.37254901960784315,0.22857142857142856,0.3053397950828742,0.10839593259811126,0,0,0,2,1
0.9411764705882354,0.5428571428571429,0.9701033437340947,0.6747019927981525,0,0,0,2,24
0.47058823529411764,0.9571428571428572,0.6225630131226625,0.8583323935009222,0,0,0,2,1
0.7647058823529412,0.7714285714285715,0.422514328708314,0.5244043149392867,1,1,0,1,1
0.4509803921568628,0.6285714285714286,0.5643630086968068,0.5166976891689856,0,0,0,3,1
0.5030496196232563,0.0,0.4455287791276638,0.0,1,0,0,2,1
0.4901960784313726,0.2857142857142857,0.9419991590873886,0.3404429647037503,1,1,0,2,1
0.7254901960784313,0.2857142857142857,0.4465245966938857,0.9999999999999999,0,1,0,4,1
0.43137254901960786,0.7285714285714286,0.05494700037619776,0.2181908499201705,0,1,0,3,1
0.4117647058823529,0.6,0.6004337338732877,0.5145625827173012,1,0,0,3,24
0.9215686274509803,0.7285714285714286,0.6290911505012282,0.6538714508474074,1,1,0,2,1
0.3529411764705882,0.9428571428571428,0.7865409723605303,0.9999999999999999,0,0,0,2,24
0.8823529411764707,0.6142857142857143,0.9724269180552791,0.7648616422101386,0,1,0,3,12
0.9803921568627451,0.44285714285714284,0.43003828365310154,0.2979288021522644,0,1,0,2,1
0.03921568627450983,0.12857142857142856,0.3293500630684459,0.054224635047812574,0,0,0,1,1
0.8039215686274509,0.9,0.48281661466286047,0.6741059623289464,1,0,0,1,1
0.3529411764705882,0.9714285714285714,0.9358029608975635,0.9999999999999999,0,0,0,1,1
0.1568627450980392,0.9571428571428572,1.0000000000000002,0.9999999999999999,1,0,0,2,1
0.5294117647058824,0.3857142857142857,1.0000000000000002,0.4920210638131747,1,0,0,3,1
0.37254901960784315,0.7428571428571429,0.19391887406227182,0.3305755276636858,1,0,0,1,12
0.8627450980392156,0.7142857142857143,0.4895660448339198,0.5366494476516559,0,0,0,3,1
0.11764705882352944,0.7428571428571429,0.22689150014384035,0.35656631184378407,1,0,0,2,1
0.2549019607843137,0.04285714285714286,0.3469428400716989,0.001692019650048178,0,0,0,4,1
0.1568627450980392,0.22857142857142856,0.0,0.026203170239475715,0,0,0,1,12
0.3529411764705882,0.9428571428571428,0.11746221425568176,0.35154744611386524,0,0,0,4,1
0.9019607843137255,0.6571428571428571,0.3791409413795393,0.41710919117540735,1,1,0,3,24
1.0,0.7857142857142857,0.343291508995552,0.47399074048190737,1,1,0,4,1
0.2549019607843137,0.3142857142857143,0.24824625461948707,0.14258334064314096,0,1,0,1,24
0.7254901960784313,0.24285714285714283,0.1945827524397531,0.0885405671832371,1,0,0,1,1
0.6862745098039217,0.0,0.76850560977229,0.0,0,1,1,0,24
0.7647058823529412,0.4857142857142857,0.26561773883024636,0.2425076078228758,0,1,0,3,12
0.3137254901960784,0.9,0.7214808913673683,0.8991982345930942,0,0,0,1,1
0.5686274509803921,0.8142857142857143,0.3476067184491802,0.4936709918236186,1,0,0,3,1
0.1568627450980392,0.8285714285714286,0.8271481997831331,0.9139672591305923,0,1,0,1,1
0.6274509803921569,0.0,0.1247648764079754,0.0,0,0,0,3,24
1.0,0.028571428571428574,0.11414282236827544,0.0,0,1,0,1,12
0.47058823529411764,0.9428571428571428,0.6918276571732058,0.9118932016218454,1,0,0,4,1
0.2549019607843137,0.5142857142857143,0.9520679811458541,0.627834076684541,0,0,0,1,1
0.1960784313725491,0.39999999999999997,0.09798844851623184,0.12422367433023684,0,1,0,1,1
0.6666666666666666,0.45714285714285713,0.02131049591714801,0.1105856617882135,1,1,0,2,12
0.7843137254901961,0.8571428571428572,0.9738653212064883,0.9999999999999999,0,1,0,3,12
0.2549019607843137,0.04285714285714286,0.06955232468078515,0.0,1,1,0,2,1
0.5686274509803921,0.1857142857142857,0.21682267808537475,0.06655652152119829,0,1,0,2,1
0.7843137254901961,0.45714285714285713,0.9682223549978979,0.5641102261156453,0,0,0,2,1
0.5030496196232563,0.3,0.828144017349355,0.3232914248405578,1,0,0,2,1
0.05882352941176472,0.6714285714285715,0.31905994821748657,0.38264545633602876,1,0,0,4,1
0.5294117647058824,0.028571428571428574,0.9958839540596165,0.019344803465780616,0,0,1,1,1
0.13725490196078433,0.3142857142857143,0.5682356325654474,0.2492792208355544,1,0,0,2,1
0.019607843137254943,0.9571428571428572,0.019650799973444877,0.26082068415301174,0,1,0,1,24
0.7843137254901961,0.2857142857142857,0.7177189138949744,0.2680100004594736,1,1,0,3,12
0.8823529411764707,0.6,0.5342671889176571,0.47208055118841397,1,0,0,2,24
0.4117647058823529,0.35714285714285715,0.5733253667928038,0.28652228912972155,0,0,0,2,1
0.7843137254901961,0.5714285714285715,1.0000000000000002,0.7503817968760291,0,1,0,3,24
0.2941176470588236,0.5285714285714286,0.10849985615968488,0.17818612023364394,0,0,0,3,12
0.5490196078431373,0.14285714285714285,0.6664896324326719,0.11606239459016399,0,1,1,2,1
0.9411764705882354,0.39999999999999997,0.4472991214676139,0.26813691799873846,0,0,0,2,1
0.9215686274509803,0.8428571428571429,0.24061165327845274,0.4207191115643727,0,0,0,1,12
0.5686274509803921,0.9428571428571428,0.7070968598552745,0.9259087536794036,1,0,0,2,24
0.21568627450980393,0.9142857142857143,0.6791033216048152,0.8710161146717638,1,1,0,1,1
0.6666666666666666,0.8571428571428572,0.8874504857376797,0.9999999999999999,1,1,0,2,1
0.1960784313725491,0.2571428571428571,0.9122352784969794,0.2949759611754427,0,0,0,4,12
0.8823529411764707,0.6428571428571429,0.5613755559981413,0.527018173627692,0,0,0,2,24
0.9607843137254902,0.6857142857142857,0.3000287680630242,0.37953356679734346,0,1,0,3,12
0.3921568627450981,0.3,0.5257474164066476,0.2254090841469711,0,0,0,1,1
0.3921568627450981,0.8,0.33731660359822085,0.47559407850958313,1,0,0,3,1
0.07843137254901966,0.1857142857142857,0.2466972050720309,0.07363659235082448,0,1,0,3,1
0.9215686274509803,0.6142857142857143,0.55008962358096,0.49455459494508314,1,0,0,2,24
0.37254901960784315,0.21428571428571427,0.6677067427913874,0.18745913335563227,0,1,0,3,12
0.7058823529411765,0.15714285714285714,0.5932417181172409,0.11632265587321355,0,0,0,2,1
0.03921568627450983,0.7714285714285715,0.9957733076633695,0.9999999999999999,0,0,0,1,1
0.8431372549019608,0.7142857142857143,0.27015424107636815,0.3754191893535784,0,0,0,2,24
0.6274509803921569,0.5428571428571429,0.3517006351103144,0.32478712394252784,0,1,0,3,12
0.1568627450980392,0.45714285714285713,0.6784394432273342,0.42392739417085407,0,0,0,1,24
0.1568627450980392,0.45714285714285713,0.6040850649494347,0.3895953965241302,1,1,0,1,1
0.05882352941176472,0.39999999999999997,0.0,0.05797432538508226,1,0,0,1,24
0.6666666666666666,0.9714285714285714,0.2853127973621899,0.5303855047960371,0,0,0,2,24
0.3137254901960784,0.9857142857142858,0.22058465555776857,0.4756904715773793,0,0,0,2,1
0.6470588235294118,0.42857142857142855,0.8690831839606985,0.4823801504824312,0,1,0,2,24
0.4509803921568628,0.42857142857142855,0.8981831861736265,0.4945304966781342,1,0,0,3,1
0.5030496196232563,0.6428571428571429,0.2538892208280777,0.3247549929199291,0,1,0,3,12
0.0,0.7285714285714286,0.05273407245126027,0.21596095695181985,1,0,0,4,24
0.13725490196078433,0.12857142857142856,0.16681050698178768,0.03037859662617836,1,1,0,1,1
0.8627450980392156,0.5714285714285715,0.13516563765518158,0.2148460104676445,0,1,0,1,12
0.43137254901960786,0.028571428571428574,0.20243864657328114,0.0,1,1,0,3,1
0.9019607843137255,0.8285714285714286,0.19934054747836866,0.37581279438041265,1,1,0,3,12
0.7647058823529412,0.7285714285714286,0.47064551107570435,0.5334379519429147,0,1,0,3,24
0.5030496196232563,0.4714285714285714,0.2933899842882118,0.24960213761267144,1,1,0,3,12
0.21568627450980393,0.6857142857142857,0.5591626280732038,0.5645809455967163,0,0,0,3,24
0.8823529411764707,0.3857142857142857,0.3204983513686959,0.21281051018601613,0,0,0,2,1
0.9019607843137255,0.17142857142857143,0.8412002921064863,0.17623737371303203,0,1,0,3,1
0.27450980392156865,0.9714285714285714,0.991790037398482,0.9999999999999999,0,1,0,3,1
0.7843137254901961,0.9428571428571428,0.3866648963243267,0.613042560431224,0,0,0,3,12
0.5030496196232563,0.8571428571428572,0.0,0.21062881375156353,0,1,0,2,1
0.4901960784313726,0.8428571428571429,0.20487286729071236,0.38908933291820047,0,0,0,2,12
1.0,1.0,0.05251277965876655,0.3091248569767856,0,0,0,1,1
0.5490196078431373,0.32857142857142857,0.321272876142424,0.17411672622151703,0,0,0,2,12
0.4117647058823529,0.8857142857142858,0.6535440040717875,0.819839428427665,0,0,0,4,1
0.5030496196232563,0.8571428571428572,0.5139082520082321,0.669948208004673,0,0,0,1,12
0.3921568627450981,0.3142857142857143,0.2085241983668592,0.12715241704010946,0,1,0,1,12
0.9803921568627451,0.41428571428571426,0.7887539002854678,0.43076166267760013,0,1,0,3,24
0.7254901960784313,0.8428571428571429,0.08526411294784131,0.2846201325918778,0,1,0,0,12
0.37254901960784315,0.24285714285714283,0.19225917811856869,0.08640224762929283,0,0,0,1,12
0.5030496196232563,0.7857142857142857,0.6877337405120716,0.7514710385421255,0,0,0,4,24
0.9803921568627451,0.7428571428571429,0.15795879528203766,0.3021941954022434,1,0,0,4,12
0.05882352941176472,0.0857142857142857,0.6908318396069839,0.06639747295933465,0,1,1,3,1
0.11764705882352944,0.9714285714285714,1.0000000000000002,0.9999999999999999,1,0,0,1,24
0.5294117647058824,0.7285714285714286,0.8596782402797143,0.8265981890313042,0,1,0,3,12
0.5294117647058824,0.04285714285714286,0.11679833587820049,0.0,0,0,0,2,1
0.05882352941176472,0.4714285714285714,0.5156785943481821,0.35735994810197225,0,0,0,4,12
0.4117647058823529,0.9714285714285714,0.40702383323375163,0.6525669313298997,0,0,0,3,24
0.5030496196232563,0.45714285714285713,1.0000000000000002,0.5979200946451401,0,0,0,2,24
0.8627450980392156,0.9714285714285714,1.0000000000000002,0.9999999999999999,1,0,0,2,24
0.03921568627450983,0.5285714285714286,0.08039567151297888,0.16619803570206443,0,0,0,2,1
0.4117647058823529,0.35714285714285715,0.945207904578548,0.42890930922478443,1,1,0,4,1
0.8431372549019608,0.0,0.1537542322246565,0.0,1,1,0,4,1
0.5030496196232563,0.04285714285714286,0.293279337891965,0.0,0,0,0,3,1
0.4509803921568628,0.5428571428571429,0.33078846621965535,0.31677043380414915,0,0,0,2,24
0.6470588235294118,0.7571428571428571,0.25709796631923704,0.3881350415470187,0,0,0,3,1
0.5098039215686275,0.45714285714285713,0.8837991546615327,0.5216169487288485,0,1,0,4,12
0.7843137254901961,0.45714285714285713,0.3047865631016398,0.2483747325494006,1,0,0,2,12
0.0,0.2714285714285714,0.8434132200314237,0.292024726749751,0,1,0,3,12
0.13725490196078433,0.21428571428571427,1.0000000000000002,0.275459578048985,1,0,0,2,1
0.43137254901960786,0.2857142857142857,0.8700790015269204,0.31537755397449496,1,0,0,3,1
0.7254901960784313,0.6285714285714286,0.32271127929363347,0.3619113074530798,0,0,0,2,1
0.09803921568627455,0.8714285714285714,0.7267919183872182,0.872760829198874,1,0,0,4,1
0.4117647058823529,0.42857142857142855,0.5305052114452633,0.33482324885123554,1,0,0,2,24
0.47058823529411764,0.5857142857142857,0.8099980083648677,0.6302390837260546,1,0,0,1,24
0.33333333333333337,0.15714285714285714,0.10916373453716616,0.037945452448175064,0,0,0,2,1
0.3137254901960784,0.9142857142857143,0.6457987563345062,0.840949510275019,0,0,0,1,24
0.21568627450980393,0.028571428571428574,0.7958352696452677,0.013339515342081318,0,0,1,3,1
0.09803921568627455,0.11428571428571427,0.7820044701144084,0.10676046354783683,0,1,1,2,12
0.4901960784313726,0.7142857142857143,1.0000000000000002,0.9171691155325539,0,1,0,3,1
0.5098039215686275,0.21428571428571427,0.004381597291376216,0.03302779943944217,1,1,0,3,12
0.13725490196078433,0.028571428571428574,0.32237934010489283,0.0,1,0,0,2,1
0.3529411764705882,0.32857142857142857,0.46710482639580425,0.2261705893825606,0,1,0,1,1
0.8039215686274509,0.17142857142857143,0.2825466374560181,0.0716557148076139,0,0,0,3,1
0.0,0.014285714285714285,0.2825466374560181,0.0,0,1,0,2,1
0.5490196078431373,1.0,0.13461240567394722,0.3949002283551776,1,1,0,2,12
0.8627450980392156,0.2857142857142857,0.8393193033702893,0.3058876564499654,1,1,0,3,1
0.9411764705882354,0.2571428571428571,0.9445440262010667,0.3034922887152314,1,0,0,2,12
0.6666666666666666,0.6571428571428571,0.030826085994379193,0.17445892161219334,0,1,0,3,12
0.7647058823529412,0.3,0.11115536966960993,0.09207658622022538,1,1,0,3,12
0.2549019607843137,0.45714285714285713,0.19259111730730932,0.19494566162113217,0,0,0,1,12
0.6666666666666666,0.44285714285714284,0.5029542587797917,0.32985097310408484,1,0,0,3,1
0.9215686274509803,0.9,0.8151983889884709,0.9816143075587908,0,0,0,3,1
0.8627450980392156,0.5428571428571429,0.01887627519971674,0.13635313536125068,1,0,0,1,24
0.37254901960784315,0.5857142857142857,0.6443603531832969,0.5284544303378544,1,0,0,1,12
0.9411764705882354,0.11428571428571427,0.10495917147978495,0.015847341655910806,1,0,0,2,12
0.23529411764705888,0.34285714285714286,1.0000000000000002,0.43667055773350333,1,0,0,3,12
0.7254901960784313,0.014285714285714285,0.9342539113501074,0.0012325460268865912,1,1,1,0,1
0.9411764705882354,0.2571428571428571,0.9904622806435195,0.3176958072549921,0,1,0,3,12
0.8823529411764707,0.2714285714285714,0.057270574697382115,0.063669549140704,1,1,0,2,24
0.9411764705882354,0.9857142857142858,0.4797185155679479,0.7390427590009435,1,0,0,3,1
0.13725490196078433,0.22857142857142856,0.12255194848303796,0.06597495001216158,0,0,0,3,24
0.823529411764706,0.9571428571428572,0.6040850649494347,0.8393365329405637,0,0,0,2,1
0.37254901960784315,0.028571428571428574,0.19723826594967808,0.0,1,0,0,2,1
0.6274509803921569,0.7142857142857143,0.7924052313616148,0.7610284112141124,0,0,0,4,24
0.4901960784313726,0.35714285714285715,0.652326893713072,0.315777585205849,0,0,0,3,24
0.7450980392156864,0.7857142857142857,0.5722189028303348,0.6591039878776076,1,0,0,3,24
0.3921568627450981,0.9,0.8528181637124079,0.9999999999999999,0,0,0,2,24
0.9411764705882354,0.09999999999999999,0.4933280223063135,0.05416358610487502,1,1,1,2,1
0.8039215686274509,0.5142857142857143,0.2383987253535153,0.9999999999999999,1,0,0,1,12
0.823529411764706,0.3714285714285714,0.6265462833875501,0.3194630134979213,0,0,0,2,1
0.7843137254901961,0.6285714285714286,0.998760760362035,0.8033417548743563,1,0,0,2,1
0.1568627450980392,0.04285714285714286,0.6049702361194096,0.018172021140927627,1,0,1,2,1
0.4509803921568628,0.5142857142857143,0.6363938126535218,0.4602948920992064,0,1,0,4,12
0.7058823529411765,1.0,0.9740866139989821,0.9999999999999999,0,1,0,2,1
0.9411764705882354,0.45714285714285713,0.5099249817433447,0.3435773459582547,0,1,0,1,24
0.7843137254901961,0.42857142857142855,1.0000000000000002,0.5621855778619824,0,0,0,2,12
0.5030496196232563,0.7714285714285715,0.11646639668945985,0.28308748281391927,0,0,0,3,1
0.4509803921568628,0.15714285714285714,0.5339352497289165,0.1073323957500939,0,0,0,3,12
0.3921568627450981,0.14285714285714285,0.17533027949279695,0.03393068117446598,1,0,0,1,1
0.9803921568627451,0.44285714285714284,0.44132421607028266,0.3021251137036562,0,1,0,2,1
0.7450980392156864,0.8,0.12852685388036916,0.30542336317341395,1,1,0,2,24
0.7843137254901961,0.5285714285714286,0.18595233353249685,0.22297355263398874,1,0,0,2,1
0.7450980392156864,0.8428571428571429,0.1730067051716126,0.9999999999999999,0,0,0,3,24
0.23529411764705888,0.2571428571428571,0.2938325698731992,0.12474419689633598,0,0,0,3,12
0.1960784313725491,0.7857142857142857,0.08869415123149443,0.26495915986372587,1,0,0,2,1
0.8823529411764707,0.1857142857142857,0.835225386709155,0.19170524799205205,1,1,0,3,12
0.3529411764705882,0.45714285714285713,0.18396069840005314,0.1864694978595919,0,1,0,2,1
0.1960784313725491,0.12857142857142856,0.40071698864767974,0.0664585219022722,0,1,0,2,1
0.23529411764705888,0.9,0.0,0.18881184940703802,0,1,0,2,1
0.8823529411764707,0.9,0.05583217154617276,0.2772380301498237,0,0,0,3,1
0.8627450980392156,0.8714285714285714,0.9314877514439355,0.9999999999999999,0,0,0,2,1
0.0,0.9571428571428572,0.866095731262033,0.9999999999999999,0,0,0,3,24
0.7647058823529412,0.6,0.8701896479231672,0.6830191079978292,0,0,0,1,1
0.8431372549019608,0.8285714285714286,0.3949633760428423,0.5447737767157403,0,0,0,2,12
0.3529411764705882,0.7285714285714286,0.09632875257252871,0.2517195720019266,0,0,0,2,1
0.21568627450980393,0.2571428571428571,0.05915156343357897,0.06054480719297923,0,0,0,1,1
0.13725490196078433,0.2857142857142857,0.6098386775542721,0.24058617267147278,0,1,0,2,1
0.5030496196232563,0.3,0.8561375555998141,0.3286091090806446,1,0,0,3,12
