Age,Tenure,MonthlyCharges,TotalCharges,OnlineSecurity,TechSupport,TotalServiceUsage,ContractLength
0.7058823529411765,0.7571428571428571,0.624886587443847,0.6751180895408058,1,1,3,1
0.0980392156862745,0.2428571428571428,0.0973245701387506,0.0631265348587857,0,0,1,1
0.3137254901960784,0.6285714285714286,0.9542809090707915,0.7715754193821396,0,0,4,24
0.9803921568627452,0.0857142857142857,0.411892274668614,0.0361412955292573,0,0,2,24
0.5030496196232563,0.3571428571428571,0.404921551705061,0.2239294505563004,0,0,3,24
0.7843137254901961,0.6142857142857143,0.5213215605567727,0.474376312753092,1,0,3,1
0.4117647058823529,0.9857142857142858,0.2465865586757838,0.5018081732967424,1,0,2,1
0.6274509803921569,0.4714285714285714,0.4634534953196574,0.3319571616354305,0,1,3,1
0.7254901960784313,0.0142857142857142,0.9342539113501074,0.0012325460268865,1,1,0,1
1.0,0.8428571428571429,0.7321029454070682,0.8470977814492825,1,1,2,1
0.5294117647058824,0.7000000000000001,1.0000000000000002,0.4013874818178575,0,1,1,12
0.4509803921568628,0.0428571428571428,0.248356901015734,0.0,1,1,2,24
0.1568627450980392,0.0,0.4360131890504325,0.0,1,0,2,1
0.7647058823529412,0.1285714285714285,0.0,0.0040729284246127,0,0,2,1
0.2352941176470588,0.1714285714285714,0.0,0.0072201620881566,1,0,1,1
0.2156862745098039,0.6857142857142857,0.0,0.1512844215628722,0,1,2,1
0.5686274509803921,0.7285714285714286,0.7816725309256678,0.7682161209694442,1,1,3,1
0.8627450980392156,0.8714285714285714,0.1005333156299099,0.3098204936160477,0,1,4,1
0.7058823529411765,0.7142857142857143,0.5576135785257474,0.5882084930646794,1,0,1,1
0.4705882352941176,0.2285714285714285,0.3004713536480117,0.108577472875794,1,1,2,1
0.9215686274509804,0.5571428571428572,0.3936356192878799,0.3552216285480279,0,0,2,1
0.4509803921568628,0.1857142857142857,0.3812432229082299,0.1009720598266788,0,1,3,1
0.4901960784313726,0.4571428571428571,0.872181283055611,0.5155891688893302,0,0,2,1
0.7450980392156864,0.5857142857142857,0.8129854610635332,0.6324577308364957,0,0,2,1
0.2549019607843137,0.1142857142857142,0.3754896103033925,0.0517441201031919,0,0,3,12
0.8039215686274509,0.0428571428571428,0.1640443470756158,0.0,0,0,2,1
0.0392156862745098,0.5285714285714286,0.0803956715129788,0.1661980357020644,0,0,2,1
0.3529411764705882,0.0142857142857142,0.9321516298214167,0.0014365780203884,1,0,3,12
0.823529411764706,0.9714285714285714,0.0947797030250724,0.3412928302514862,1,0,3,1
0.7450980392156864,0.9285714285714286,0.3456150833167364,0.5641246850758147,1,1,2,1
0.2156862745098039,0.2571428571428571,0.0591515634335789,0.0605448071929792,0,0,1,1
0.5490196078431373,0.1428571428571428,0.6664896324326719,0.1160623945901639,0,1,2,1
0.3137254901960784,0.0428571428571428,0.2062006240456748,0.0,1,1,3,1
0.4901960784313726,0.1999999999999999,0.3078846621965523,0.0921167499984737,1,0,3,1
0.0588235294117647,0.6714285714285715,0.6059660536856315,1.0,0,0,3,1
0.3137254901960784,0.5142857142857143,0.0,0.0916428174151427,0,1,3,1
0.5882352941176471,0.0857142857142857,0.7608710084312555,0.0718195830228673,0,0,1,12
0.5882352941176471,0.8,0.9156653167806326,0.95718509107699,0,0,2,1
0.8627450980392156,0.0,0.0,0.0,1,0,3,1
0.1176470588235294,0.6,0.4033725021576047,0.392816531539651,0,1,2,12
0.2745098039215686,0.8714285714285714,0.4692071079244949,0.6387056081808153,0,1,2,12
0.0980392156862745,0.6857142857142857,0.6994622585142403,0.6634175776614848,1,1,3,12
0.0196078431372549,0.3571428571428571,0.8672021952245015,0.3979141182749367,1,0,3,24
0.0196078431372549,0.9142857142857144,0.2100732479143154,0.4276802976103837,0,1,2,1
0.6274509803921569,0.6,0.8634402177521079,0.6790541398091481,0,0,3,1
0.3725490196078431,0.3999999999999999,0.8084489588174115,0.4254391587841235,0,1,3,1
0.7058823529411765,0.7285714285714286,1.0000000000000002,0.9497596117544276,1,1,4,1
0.7254901960784313,0.9142857142857144,0.2003363650445905,0.4188330205378283,0,1,1,24
0.6666666666666666,0.6571428571428571,0.0308260859943791,0.1744589216121933,0,1,3,12
0.5098039215686275,0.8,0.0,0.1582584600179226,0,1,2,1
0.9411764705882354,0.4999999999999999,0.4521675629024763,0.3469912671093678,0,0,2,1
0.4901960784313726,0.4571428571428571,0.6092854455730379,0.3938752487342786,0,0,4,24
0.7843137254901961,0.5285714285714286,0.1940295204585186,0.2254460348229596,0,0,1,1
0.2156862745098039,0.0714285714285714,0.2918409347407555,0.0154344580155173,1,0,3,24
0.2352941176470588,0.9571428571428572,0.7822257629069023,1.0,0,0,2,12
0.3137254901960784,0.4285714285714285,0.0,0.0752335041739804,1,0,4,1
0.1764705882352941,1.0,0.1456770452986346,0.4036623582178463,0,0,2,1
0.7254901960784313,0.1571428571428571,0.1838500520038062,0.0447925733639606,0,1,3,1
0.8039215686274509,0.1285714285714285,0.3592245900551019,0.058604093428017,0,0,3,24
0.7647058823529412,0.4142857142857142,0.0256257053707761,0.098022431952117,0,0,2,12
0.1176470588235294,0.8285714285714286,0.245590741109562,0.415444804204794,1,1,2,12
0.5098039215686275,0.4857142857142857,0.3317842837858771,0.277479012819314,0,0,2,12
0.7647058823529412,0.3857142857142857,0.3235964504636084,0.2135832612795151,1,1,2,1
1.0,0.9285714285714286,0.3117572860651929,0.5335086401926319,1,1,2,12
0.2941176470588236,0.7571428571428571,0.7367500940494369,0.7651909851917755,0,0,1,1
0.5030496196232563,0.9142857142857144,0.2961561441943837,0.5118394785520604,0,0,2,1
0.1960784313725491,0.2571428571428571,0.1595078448294939,0.087544505482677,1,1,3,1
0.8627450980392156,0.7857142857142857,1.0000000000000002,1.0,1,0,4,1
0.4313725490196078,0.9285714285714286,0.1919272389298281,0.4205825547183281,0,1,3,1
0.9215686274509804,0.4142857142857142,0.4104538715174047,0.26635203969338,0,0,2,24
0.6862745098039217,0.0,0.76850560977229,0.0,0,1,0,24
0.1764705882352941,0.9714285714285714,0.644139060390803,0.8909421683363551,0,0,2,1
0.8431372549019608,0.2285714285714285,0.9983181747770478,1.0,0,0,1,1
0.0392156862745098,0.8142857142857143,0.08460023457036,0.2737453879933437,0,0,2,1
0.6274509803921569,0.5428571428571429,0.3941888512691142,0.3434664939302891,0,1,3,1
0.9803921568627452,0.4428571428571428,0.4413242160702826,0.3021251137036562,0,1,2,1
0.3137254901960784,0.3571428571428571,0.9315983978401824,0.4217955008214295,0,0,2,24
0.5098039215686275,0.5857142857142857,0.585164531191219,0.4924837505385961,0,1,1,24
0.6470588235294118,0.3857142857142857,0.5549580650158223,0.3089208249832837,0,0,1,1
0.4705882352941176,0.7857142857142857,0.1652614574343314,0.3271005575696351,1,1,2,24
0.7843137254901961,0.1142857142857142,0.6351767022948063,0.0855796934507658,1,0,3,12
0.1568627450980392,0.1142857142857142,0.8764964925092391,0.1176368146975008,1,1,4,24
0.5294117647058824,0.6285714285714286,0.0,0.1367274617745256,1,1,2,12
0.5686274509803921,0.9857142857142858,0.2730310473787868,0.5306329136700471,0,0,3,1
0.2549019607843137,0.0142857142857142,0.2027705857620217,0.0,0,0,3,24
0.0980392156862745,0.3857142857142857,0.0,0.0566714124187044,0,1,2,24
0.6274509803921569,0.5428571428571429,0.1861736263249906,0.2262284252232383,0,0,3,1
0.5882352941176471,0.3,0.3980614751377548,0.1835295092918097,1,0,4,1
0.9803921568627452,0.6428571428571429,1.0000000000000002,0.8373010326589352,0,0,2,1
0.7254901960784313,0.3571428571428571,0.5961185244196596,0.295191239026854,1,1,3,24
0.3725490196078431,0.4285714285714285,0.0,0.0664713743113116,0,1,2,1
0.8039215686274509,0.7285714285714286,0.1371572727876253,0.2794277593399259,0,0,3,12
0.7450980392156864,0.1999999999999999,0.0,0.024572520842591,1,1,2,24
0.4117647058823529,0.7714285714285715,0.1011971940073912,0.2693161265281112,0,0,1,1
0.6666666666666666,0.4714285714285714,0.1913740069485937,0.1976462740705539,1,1,3,1
0.8039215686274509,0.8428571428571429,0.2995861824780367,0.4699406250833398,1,0,4,1
0.1176470588235294,0.9,0.2305428312199872,0.4397487096984599,0,0,2,12
0.9215686274509804,0.0571428571428571,0.0,0.0,1,0,2,1
0.0392156862745098,0.3571428571428571,0.5527451370908851,0.2820914211133591,0,1,2,1
0.0980392156862745,0.4999999999999999,0.0240766558233198,0.1253305880587625,0,0,2,1
0.5686274509803921,0.1714285714285714,0.349487707185377,0.0847539261699789,0,1,2,24
0.1372549019607843,0.4999999999999999,0.8580185443360111,0.5642644550241191,1,0,2,1
0.0588235294117647,0.5285714285714286,0.5752063555290006,0.4355507915959382,0,0,3,12
0.1960784313725491,0.3,0.0901325543827038,0.0867251644064098,0,1,2,12
0.1176470588235294,0.8285714285714286,0.0698842638695257,0.2650378808690927,1,0,3,1
0.0588235294117647,0.5571428571428572,0.92318927172542,0.6647879657753198,0,0,3,1
0.4705882352941176,0.7000000000000001,0.3400827635043926,0.4154303452446247,1,1,3,1
0.5686274509803921,0.3142857142857143,0.3965124255902986,0.1927719979423293,1,0,2,1
0.2745098039215686,0.6,0.6116090198942221,0.5237440224248832,0,1,2,1
0.3333333333333333,0.8,0.4685432295470137,0.5864091557991514,0,1,3,24
0.5294117647058824,0.2142857142857142,0.6338489455398439,0.1787966096630194,0,1,2,12
0.9803921568627452,0.3142857142857143,0.291398349155768,0.1602666489303422,0,1,2,24
0.4117647058823529,0.0999999999999999,0.1652614574343314,0.0184033645036383,1,0,2,12
0.823529411764706,0.2857142857142857,0.800150479098896,0.2960105801031212,0,0,4,1
0.5030496196232563,0.1714285714285714,0.0,0.0163598314663602,1,0,1,24
0.4509803921568628,0.4714285714285714,0.5810706145300848,0.3872273401586051,1,1,4,1
0.6470588235294118,0.9142857142857144,0.444532961561442,0.6490726826222898,0,1,3,24
0.0588235294117647,0.5857142857142857,0.9032729204009826,0.6856522452997935,0,1,3,1
0.2156862745098039,0.6857142857142857,0.253557281639337,0.3464691379921388,0,0,2,12
0.5294117647058824,0.3999999999999999,0.7786850782270023,0.4107376093940827,1,0,3,12
0.5030496196232563,0.7857142857142857,0.2354112726548496,0.3862618029295138,0,0,3,1
0.0980392156862745,0.2571428571428571,0.9296067627077388,0.298336866139268,0,0,3,1
0.3137254901960784,0.9,0.7214808913673683,0.8991982345930942,0,0,1,1
0.5294117647058824,0.6,0.3014671712142335,0.3311763777862817,0,0,2,24
0.9019607843137256,0.8714285714285714,0.7938436345128239,0.9341583937316228,1,1,3,12
0.3725490196078431,0.7000000000000001,0.9217508685742106,0.8395550238942349,0,0,3,12
0.7843137254901961,0.3428571428571428,0.5884839230786254,0.2802374611094135,1,0,1,1
0.3921568627450981,0.9714285714285714,0.248246254619487,0.4961531133193692,0,0,1,1
0.9019607843137256,0.4142857142857142,0.4342428467104827,0.2772733742746823,1,1,2,1
0.0,1.0,0.040673615260351,0.2986324715471761,1,1,4,1
0.5882352941176471,0.0,0.1820797096638562,0.0,0,0,0,1
0.9019607843137256,0.7000000000000001,0.8396512425590299,0.7781140824809776,1,1,1,1
0.9411764705882354,0.2571428571428571,0.9904622806435196,0.3176958072549921,0,1,3,12
0.4705882352941176,0.2285714285714285,1.0000000000000002,0.2845606902000702,0,0,4,24
0.9019607843137256,0.0714285714285714,0.9755250171501916,0.0762488444880997,0,0,2,12
0.6274509803921569,0.5428571428571429,0.3517006351103144,0.3247871239425278,0,1,3,12
0.5030496196232563,0.1999999999999999,0.4097899931399234,0.1150245625602255,1,0,2,24
0.4313725490196078,0.8714285714285714,0.9635752063555292,1.0,1,0,2,1
0.6274509803921569,0.2714285714285714,0.698798380136759,0.2509677060731167,0,1,2,24
0.6862745098039217,0.2714285714285714,0.0642412976609352,0.066911569320914,0,0,2,12
0.3529411764705882,0.0,0.0592622098298258,0.0,0,1,2,24
0.0196078431372549,0.9428571428571428,0.0,0.1924828187389409,0,0,4,1
0.5030496196232563,0.5714285714285715,0.3650888490561862,0.3478925422932618,1,0,0,1
0.0980392156862745,0.5285714285714286,0.0407842616565978,0.1411470839329785,0,0,3,1
1.0,1.0,0.5587200424882162,0.8297582751038876,0,0,3,1
0.7058823529411765,0.0285714285714285,0.2802230631348337,0.0,0,0,2,24
0.6666666666666666,0.9571428571428572,0.5995485627033128,0.8329504921990696,1,1,2,1
0.7058823529411765,0.9285714285714286,0.0,0.2051070975179748,0,1,3,12
0.5882352941176471,0.4142857142857142,0.0359158202217353,0.102737659518478,0,0,3,1
0.8039215686274509,0.8428571428571429,0.3594458828475956,0.5223238312260202,1,1,3,24
0.7058823529411765,0.8142857142857143,0.8733983934143266,0.9390358829621076,1,0,2,12
0.9411764705882354,0.1142857142857142,0.1049591714797849,0.0158473416559108,1,0,2,12
0.7647058823529412,0.6,0.8701896479231672,0.6830191079978292,0,0,1,1
0.9411764705882354,0.7857142857142857,0.3183960698400053,0.4564214973249317,0,1,2,12
0.8039215686274509,0.8571428571428572,0.8919869879838016,1.0,1,0,2,1
0.3137254901960784,0.6857142857142857,0.0138971873686074,0.1777041548946632,1,1,0,24
0.3725490196078431,0.7000000000000001,0.0197614463696917,0.183098953588987,0,0,2,24
0.8627450980392156,0.5714285714285715,0.1870587974949656,0.245246777499416,1,1,0,24
0.5098039215686275,0.9714285714285714,0.9184314766868044,1.0,0,0,1,12
0.3725490196078431,0.0285714285714285,0.197238265949678,0.0,1,0,2,1
0.5098039215686275,0.4571428571428571,0.426940184558189,0.3037605827539306,0,0,0,24
0.9607843137254902,0.0,0.1177941534444224,0.0,1,1,3,1
0.9411764705882354,0.0428571428571428,0.7763615039058178,0.0261340885408884,1,0,2,1
0.8627450980392156,0.2142857142857142,0.0,0.0248520607391998,0,0,1,12
0.5030496196232563,0.9714285714285714,1.0000000000000002,1.0,0,0,2,1
0.9215686274509804,0.9857142857142858,0.9183208302905574,1.0,0,1,2,1
0.0196078431372549,0.3428571428571428,0.4591382858660294,0.2341985253788488,0,1,3,12
0.8039215686274509,0.7714285714285715,1.0000000000000002,0.9891859830341772,1,0,2,1
0.0588235294117647,0.5142857142857143,0.9370200712562792,0.6184903753128356,0,1,2,1
0.2352941176470588,0.0571428571428571,0.7014538936466841,0.0367951618391411,0,0,3,1
0.2156862745098039,0.1999999999999999,0.8076744340436832,0.1990455801047278,0,0,2,1
0.607843137254902,0.7714285714285715,1.0000000000000002,0.9947109123700258,0,0,3,1
0.5098039215686275,0.0714285714285714,0.450729159751267,0.0260842854558604,0,0,3,24
0.3333333333333333,0.1857142857142857,0.9834915576799664,0.2214778535320187,0,1,2,12
0.4117647058823529,0.1428571428571428,1.0000000000000002,0.1712185079831132,0,1,4,1
0.9607843137254902,0.0142857142857142,0.4997455132886322,0.0,0,0,3,12
0.2941176470588236,0.1857142857142857,0.7307751886521057,0.1730708614359289,0,0,4,24
0.7058823529411765,0.8285714285714286,0.1140321759720286,0.3066973582194529,1,1,1,12
0.2941176470588236,0.0999999999999999,0.8882250105114078,0.100093276358604,1,1,3,12
1.0,0.2714285714285714,0.6359512270685344,0.2329534482531487,1,1,3,1
0.8039215686274509,0.3999999999999999,0.9992033459470226,0.5072302833602751,0,0,1,1
0.5030496196232563,0.0428571428571428,0.293279337891965,0.0,0,0,3,1
0.6274509803921569,0.7142857142857143,0.6661576932439313,0.6672620545154208,0,0,3,12
0.6470588235294118,0.9142857142857144,0.0514063156962977,0.2808945405215571,1,0,4,24
0.1764705882352941,0.9428571428571428,0.2486888402044746,0.480465141535548,0,0,2,1
0.3529411764705882,0.9142857142857144,0.388213945871783,0.5983538634502228,0,1,3,1
0.4509803921568628,0.7428571428571429,0.5371439952200756,0.5939744050700182,0,1,3,1
0.823529411764706,0.0999999999999999,0.0322644891455885,1.638682152534099e-05,0,1,4,24
0.9019607843137256,0.2428571428571428,0.0680032751333289,0.0555146956051508,0,1,0,1
0.4901960784313726,0.5142857142857143,0.4472991214676139,0.3549549410604586,0,0,3,12
0.6862745098039217,0.8142857142857143,0.0141184801611011,0.2126964450557907,1,1,2,1
0.607843137254902,0.9428571428571428,0.1014184867998849,0.3377776963791871,1,0,2,12
0.607843137254902,0.0428571428571428,0.2393945429197371,0.0,0,1,2,24
0.8823529411764707,0.3428571428571428,0.0101352098962136,0.0727610219850095,0,0,1,1
0.5294117647058824,0.4999999999999999,0.9157759631768794,0.59418004361465,0,0,1,24
0.3529411764705882,0.9285714285714286,0.3104295293102304,0.5325222177988513,1,1,4,1
0.3921568627450981,0.8571428571428572,0.6682599747726217,0.8046334219828246,0,0,0,24
0.6862745098039217,0.3285714285714285,0.0625816017172321,0.0842430429106593,0,0,3,24
0.5294117647058824,0.0714285714285714,0.0542831219987165,0.0,0,0,2,1
0.0196078431372549,0.9857142857142858,0.135718869636416,0.3885318596761127,0,0,2,1
0.6666666666666666,0.2428571428571428,0.6235588306888844,0.2021638958479328,0,0,3,1
0.2549019607843137,0.9142857142857144,0.0514063156962977,0.2788574336887988,1,0,4,24
0.3529411764705882,0.5571428571428572,0.873951625395561,0.6371327946246084,0,1,1,1
0.3333333333333333,0.8142857142857143,0.4796078691717012,0.6028216821425737,1,0,4,1
0.5490196078431373,0.6571428571428571,0.7586580805063181,0.6766041493359962,0,0,3,24
0.7450980392156864,0.4999999999999999,0.5084865785921353,0.3781133755984804,0,1,3,1
0.0588235294117647,0.1714285714285714,0.8009250038726239,0.1703397245150384,0,1,2,24
0.607843137254902,0.1285714285714285,0.7791276638119897,0.1190634321008836,0,0,3,24
0.5030496196232563,0.0857142857142857,0.7609816548275024,0.0688619223926558,1,0,1,24
0.4509803921568628,0.6571428571428571,0.870300294319414,0.7517489718876043,0,1,3,1
0.1176470588235294,0.8714285714285714,0.9845980216424352,1.0,1,0,3,1
0.5030496196232563,0.2857142857142857,0.1751089867003032,0.1053226002865444,0,0,3,24
0.1960784313725491,0.5428571428571429,0.8678660736019828,0.6178879186391097,0,0,4,1
0.9803921568627452,0.3142857142857143,0.566797229414238,0.2480871598971421,1,0,3,1
0.1960784313725491,0.7857142857142857,0.0886941512314944,0.2649591598637258,1,0,2,1
0.7450980392156864,0.5142857142857143,0.2887428356458431,0.2690430128360221,0,1,3,12
0.0,0.5714285714285715,0.0,0.1161170173285817,1,0,1,12
0.1568627450980392,0.7571428571428571,0.0,0.1786359545500259,0,0,3,1
0.3921568627450981,0.5285714285714286,0.2784527207948837,0.2755929217927696,0,0,1,12
0.2745098039215686,0.3285714285714285,0.9141162672331764,0.3806115626055303,0,0,2,1
0.5030496196232563,0.6428571428571429,0.1253181083892098,0.2330675133833741,0,0,1,1
0.5294117647058824,0.4857142857142857,1.0000000000000002,0.6192759788153741,0,1,1,24
0.2745098039215686,0.3428571428571428,0.9278364203677888,0.4029378036582454,1,0,2,1
0.5030496196232563,0.9428571428571428,0.0,0.2174309512357109,1,1,1,12
0.0196078431372549,0.7285714285714286,0.2424926420146496,0.3598067254728642,0,0,2,24
0.7843137254901961,0.1285714285714285,0.0147823585385824,0.0066900002152778,1,0,1,1
1.0,0.1285714285714285,0.746376330522915,0.1167516050249063,0,0,2,1
0.2352941176470588,0.8428571428571429,0.3008032928367524,0.4742236903957481,0,0,4,24
0.8039215686274509,0.6285714285714286,0.0079222819712762,0.1558165023004205,1,1,4,1
0.0784313725490196,0.0142857142857142,0.4063599548562703,0.0,0,1,3,1
0.8431372549019608,0.8,0.2671667883777026,0.4155813610508386,0,0,3,1
0.9803921568627452,0.4428571428571428,0.4300382836531015,0.2979288021522644,0,1,2,1
0.5030496196232563,0.1428571428571428,0.8956383190599484,0.1514948797608937,0,1,1,1
0.2156862745098039,0.8142857142857143,0.2418287636371683,0.405440810318685,0,0,1,1
0.7647058823529412,0.1999999999999999,0.3759321958883799,0.1096956324622291,0,1,3,12
0.2745098039215686,0.2285714285714285,0.083825709796632,0.0559661364726627,1,1,4,1
0.4705882352941176,0.2571428571428571,0.1176835070481754,0.0744414744669222,0,0,3,24
0.0588235294117647,0.7428571428571429,0.0800637323242382,0.2476373255807602,0,0,0,24
0.3921568627450981,0.7285714285714286,0.0,0.136693724200797,0,1,3,12
0.5490196078431373,0.8142857142857143,0.3753789639071456,0.5158863808483681,1,0,1,1
0.5030496196232563,0.6,0.2811082343048087,0.3169085972013236,0,1,2,24
0.1960784313725491,0.2571428571428571,0.9122352784969794,0.2949759611754427,0,0,4,12
0.7647058823529412,0.4428571428571428,0.0,0.0858913643699732,1,0,3,1
0.4313725490196078,0.7857142857142857,0.3983934143264955,0.5176969639718056,0,0,2,1
0.4117647058823529,0.5714285714285715,0.5873774591161567,0.4812137943620979,0,1,3,1
0.7254901960784313,0.0714285714285714,0.2138352253867092,0.007457931655387,0,1,1,12
0.2352941176470588,0.4714285714285714,0.0603686737922946,0.1307205670996964,0,0,1,1
0.6470588235294118,0.0285714285714285,0.3115359932726991,0.0,0,0,2,24
0.2941176470588236,0.0999999999999999,0.9701033437340948,0.1118837551012014,1,1,3,12
0.0588235294117647,0.8142857142857143,0.3737192679634424,0.5181885686175659,0,0,3,1
0.4705882352941176,0.8571428571428572,0.0839363561928788,0.2872468436893225,0,0,2,1
0.4705882352941176,0.8857142857142858,0.6716900130562748,0.8385605687448048,1,0,3,1
0.3921568627450981,0.3571428571428571,0.1795348425501782,0.1386601427838382,0,1,2,24
0.6666666666666666,0.8142857142857143,0.184956515966275,0.3580314864742853,1,0,4,1
0.7450980392156864,0.0714285714285714,0.5578348713182413,0.0358360508145696,0,0,2,1
0.3529411764705882,0.6857142857142857,0.0,0.139162993287508,0,0,2,1
0.5030496196232563,0.5571428571428572,0.1745557547190688,0.2312167664816883,1,0,3,1
0.6470588235294118,0.3857142857142857,0.5746531235477661,0.3141212309908853,0,0,3,1
0.8431372549019608,0.9714285714285714,0.4802717475491823,0.7276250001204912,1,0,3,24
0.1568627450980392,0.9857142857142858,0.2771249640399213,0.5332146413358536,1,0,2,24
0.9803921568627452,0.5571428571428572,0.4807143331341698,0.4075148678274319,0,0,4,1
0.7647058823529412,0.6571428571428571,0.327469074332249,0.3848608903442099,0,0,1,1
0.2549019607843137,0.2142857142857142,0.2495740113744495,0.087819225725896,0,0,3,24
0.6470588235294118,0.3857142857142857,0.6205713779902189,0.3288211738297961,1,1,2,24
0.3333333333333333,0.5571428571428572,0.3270264887472615,0.317946429231262,0,0,2,24
0.4705882352941176,0.7428571428571429,0.8658744384695392,0.8487702011755455,0,1,3,1
0.7254901960784313,0.2428571428571428,0.9936710261346788,0.3000060727632711,0,1,1,24
0.9803921568627452,0.6285714285714286,0.9863683639823853,0.793323302028078,1,0,2,12
0.6862745098039217,0.0,0.3760428422846268,0.0,0,0,3,1
0.1372549019607843,0.2142857142857142,1.0000000000000002,0.275459578048985,1,0,2,1
0.6666666666666666,0.3,0.1621633583394189,0.1086883249037595,0,1,3,1
0.7450980392156864,0.3428571428571428,0.976078249131426,0.4220878931270778,0,0,2,1
0.8627450980392156,0.4142857142857142,0.5587200424882162,0.3312599184450384,0,0,3,12
0.8627450980392156,0.3285714285714285,0.7638584611299211,0.3308004448218767,1,1,4,1
0.5686274509803921,0.4571428571428571,1.0000000000000002,0.5983394044900533,1,1,1,12
0.1372549019607843,0.1857142857142857,0.7031135895903871,0.1641898467896449,0,0,3,1
0.8627450980392156,0.5857142857142857,0.56248201996061,0.4818178575869537,0,1,1,1
0.7450980392156864,0.5714285714285715,0.6599614950541062,0.5259787350466237,1,1,4,12
0.3333333333333333,0.0285714285714285,0.0862599305140632,0.0,1,1,3,1
0.5490196078431373,0.0,0.1184580318219035,0.0,0,0,3,12
0.2745098039215686,0.7142857142857143,0.228108610502556,0.3447967182658757,1,1,3,1
0.4705882352941176,0.9571428571428572,0.2551063311867933,0.4974463869789672,1,0,3,1
0.5030496196232563,0.8,0.4344641395029764,0.559027098340529,0,1,3,24
0.9803921568627452,0.4999999999999999,0.5076014074221602,0.3769068556998988,0,0,3,12
0.4901960784313726,0.0571428571428571,0.3322268693708646,0.007957569056797,0,0,3,12
1.0,1.0,0.0525127796587665,0.3091248569767856,0,0,1,1
0.1568627450980392,0.2142857142857142,0.4170926552922172,0.1282593307686351,0,0,0,24
0.1372549019607843,0.0142857142857142,0.3823496868706986,0.0,1,0,3,1
0.8823529411764707,0.7857142857142857,0.4472991214676139,0.558153134525844,0,0,2,12
0.0980392156862745,0.4428571428571428,0.2472504370532651,0.2085386907315173,0,0,2,1
0.2941176470588236,0.0999999999999999,0.2877470180796211,0.0303448590524497,1,1,3,1
0.4901960784313726,0.1999999999999999,0.0,0.0194861799652149,1,1,2,1
0.8627450980392156,0.4999999999999999,0.4884595808714511,0.3683294792171725,1,1,3,1
0.5490196078431373,0.0999999999999999,0.6615105446015623,0.0733795441700347,1,1,1,1
0.4313725490196078,1.0,0.9178782447055702,1.0,0,0,1,1
0.1568627450980392,0.9714285714285714,0.7042200535528558,0.950174101945951,0,0,3,1
0.0980392156862745,0.5714285714285715,0.6635021797340062,1.0,0,0,2,1
0.3921568627450981,0.5857142857142857,1.0000000000000002,0.7494644561808359,1,0,3,1
0.5686274509803921,0.4428571428571428,0.5353736528801256,0.3433090519195554,0,1,2,1
0.8823529411764707,0.4999999999999999,1.0000000000000002,0.3097080350369522,1,0,3,12
0.6470588235294118,0.8285714285714286,0.1606143087919627,0.3446489155619217,1,0,2,1
0.0588235294117647,0.9,0.5973356347783754,0.7800258783256009,1,0,1,24
0.9215686274509804,0.9428571428571428,0.1498816083560158,0.3848014479524023,0,1,3,24
0.4117647058823529,0.9,0.2266702073513466,0.4351234489953753,0,0,3,1
0.6274509803921569,0.6714285714285715,0.5027329659872979,0.514567402370691,1,1,3,12
0.3137254901960784,0.1285714285714285,0.3259200247847928,0.0518148083529091,0,1,2,24
0.2549019607843137,0.3,0.9234105645179138,0.348907882607381,1,1,3,1
0.0784313725490196,0.8571428571428572,0.3634291531124832,0.5372647567344213,1,1,4,1
0.7254901960784313,0.9857142857142858,1.0000000000000002,1.0,0,0,1,12
0.6666666666666666,0.4999999999999999,0.6387173869747063,0.4457893419470178,1,0,1,1
0.0,0.7000000000000001,0.3624333355462613,0.4307664823309899,0,0,3,12
0.6274509803921569,0.9142857142857144,0.7070968598552745,0.9004770492925229,0,0,4,12
0.1960784313725491,0.3571428571428571,0.1468941556573502,0.1239618064960573,0,1,0,24
0.2352941176470588,0.0857142857142857,0.1522051826772003,0.0097649390779746,1,1,4,1
0.7058823529411765,0.1571428571428571,0.610834495120494,0.118330844785633,1,1,2,1
0.8431372549019608,0.6571428571428571,0.6791033216048152,0.6183586381201809,1,0,1,1
0.607843137254902,0.3999999999999999,0.8362212042753767,0.4359170852535635,0,0,3,1
0.2156862745098039,0.2714285714285714,0.0990949124787005,0.0760158945742591,0,0,3,24
0.1960784313725491,0.6,0.1244329372192347,0.2192688457283572,1,1,2,12
0.3921568627450981,0.2428571428571428,0.0,0.0216212864168993,1,0,3,24
0.607843137254902,0.4999999999999999,0.6315253712186595,0.4419737830134207,0,0,3,24
0.8823529411764707,0.4142857142857142,0.0865918697028038,0.124242952943796,0,0,3,1
0.0980392156862745,0.5285714285714286,0.2771249640399213,0.2745904338876898,1,0,2,1
0.5030496196232563,0.6571428571428571,0.0323751355418354,0.1815165007260004,0,0,2,12
0.2352941176470588,0.3428571428571428,1.0000000000000002,0.4366705577335033,1,0,3,12
0.9803921568627452,0.2142857142857142,0.0,0.0305408582903018,1,1,3,12
0.3137254901960784,0.1999999999999999,0.5672398149992255,0.1476423701513081,0,0,2,1
0.7647058823529412,0.8571428571428572,0.8383234858040673,0.9583016441122952,1,0,3,24
0.4509803921568628,0.5714285714285715,0.8808117019628672,0.6581754013245049,1,0,1,1
0.1372549019607843,0.0571428571428571,0.1205603133505942,0.0,1,0,3,1
0.2549019607843137,0.6,0.3044546239128992,0.3309000509919327,1,1,3,12
0.5030496196232563,0.3999999999999999,0.7688375489610306,0.4082040782621743,0,0,3,12
0.3137254901960784,1.0,0.0209785567284073,0.2767014420724252,0,1,1,1
0.0196078431372549,0.1285714285714285,0.5278496979353384,0.0812436119510695,0,0,4,24
0.9411764705882354,0.1571428571428571,0.6896147292482684,0.1350919927242512,0,0,1,12
0.4901960784313726,0.8857142857142858,0.4686538759432605,0.6533557479346981,0,1,1,12
0.3921568627450981,0.6285714285714286,0.140919250260019,0.2411500721180801,0,0,2,12
0.4117647058823529,0.0714285714285714,0.8832459226802984,0.0660890151423869,1,0,3,1
0.0,0.7428571428571429,0.0,0.1693645479791675,0,0,2,24
0.1960784313725491,0.3857142857142857,1.0000000000000002,0.4915760491501826,1,1,2,12
0.1568627450980392,0.4571428571428571,0.6784394432273342,0.423927394170854,0,0,1,24
0.7254901960784313,0.3714285714285714,0.6930447675319216,0.3448577672088133,1,0,3,1
0.8627450980392156,0.8714285714285714,0.9314877514439356,1.0,0,0,2,1
0.4509803921568628,0.1714285714285714,0.4280466485206577,0.1011150428772431,1,0,2,24
0.8431372549019608,0.2285714285714285,0.103078182743588,0.0622381120839313,0,1,1,1
0.9215686274509804,0.0142857142857142,0.0031644869326606,0.0,1,0,1,12
0.7450980392156864,0.0142857142857142,0.0737568877381664,0.0,1,0,0,12
0.8823529411764707,0.6,0.5342671889176571,0.4720805511884139,1,0,2,24
0.1372549019607843,0.8857142857142858,0.1086105025559317,0.320216485977861,1,0,3,12
0.0196078431372549,0.7428571428571429,0.3844519683993893,0.4756824388217296,0,1,3,1
0.7647058823529412,0.0,0.0411162008453385,0.0,1,0,3,1
0.9607843137254902,0.6,0.8091128371948926,0.6477729827581719,0,1,1,1
0.607843137254902,0.6571428571428571,0.0,0.1525423510976117,0,0,2,24
0.2941176470588236,0.0999999999999999,0.440992276881542,0.0511593354918954,0,0,3,12
0.5030496196232563,0.2857142857142857,0.4230675606895483,0.178831953787878,1,0,1,24
0.3725490196078431,0.2285714285714285,0.3053397950828742,0.1083959325981112,0,0,2,1
0.9019607843137256,0.3999999999999999,0.4626789705459294,0.2761134443588687,0,0,3,12
0.4901960784313726,0.9571428571428572,0.6190223284427627,0.8539593613252374,0,0,3,24
0.4313725490196078,0.8714285714285714,0.0,0.1736861705186943,0,1,2,12
0.8431372549019608,0.6142857142857143,0.3791409413795393,0.3885045483069039,0,0,1,24
0.1372549019607843,0.9714285714285714,0.857244019562283,1.0,0,1,2,1
0.7450980392156864,0.5571428571428572,0.1489964371860408,0.2149150921662317,1,0,1,1
0.4117647058823529,0.5428571428571429,0.08991126159021,0.1778776624166963,0,0,1,12
0.2352941176470588,0.8428571428571429,0.8538139812786298,0.954240282855818,1,0,1,1
0.3137254901960784,0.6428571428571429,0.6231162451038972,0.5672060501430312,0,0,1,1
0.0,0.9571428571428572,0.8670915488282549,1.0,1,0,3,1
0.1372549019607843,0.0285714285714285,0.3223793401048928,0.0,1,0,2,1
0.3725490196078431,0.2285714285714285,0.4381154705791233,0.1427777333298631,0,0,4,1
0.0784313725490196,0.9285714285714286,0.910022350572042,1.0,0,0,2,24
0.0980392156862745,0.2571428571428571,0.8176326097059021,0.2686237029911089,0,1,4,1
0.9803921568627452,0.7428571428571429,0.1579587952820376,0.3021941954022434,1,0,4,12
0.7843137254901961,0.3142857142857143,1.0000000000000002,0.4016622020610765,0,1,2,1
0.3333333333333333,0.0428571428571428,0.1011971940073912,0.0,0,1,3,24
0.5030496196232563,0.3,0.828144017349355,0.3232914248405578,1,0,2,1
0.8627450980392156,0.6857142857142857,0.7388523755781276,0.6926503820217931,1,0,1,24
0.5686274509803921,0.3,0.3306778198234083,0.1579323301385457,0,1,2,1
0.5490196078431373,0.8142857142857143,0.4610192746022262,0.5906857949070401,1,0,2,12
0.5686274509803921,0.4714285714285714,0.5468808780898007,0.3721964477869275,0,1,4,1
0.6862745098039217,0.9857142857142858,0.4682112903582731,0.7273374274682327,0,1,2,24
0.1568627450980392,0.0857142857142857,0.0,0.0,1,0,4,12
0.5030496196232563,0.1714285714285714,0.75434287105269,0.1592529151673528,1,1,2,1
0.5490196078431373,0.8142857142857143,0.614375179800394,0.71817687292534,0,0,3,12
0.5490196078431373,0.9,0.0341454778817854,0.2602053750702464,1,0,3,1
0.823529411764706,0.9857142857142858,0.2830998694372524,0.5393082897716994,0,0,3,1
0.1372549019607843,0.3714285714285714,0.8520436389386798,0.4112179681819334,0,0,1,12
0.6274509803921569,0.9142857142857144,0.8823607515103233,1.0,1,1,2,1
0.5294117647058824,0.3999999999999999,0.9962158932483572,0.5033552820348705,0,0,2,12
0.0,0.1142857142857142,0.8488348934475205,0.1111993643198489,0,1,2,1
0.7843137254901961,0.7714285714285715,0.3966230719865454,0.5044525564566165,0,0,1,1
0.5686274509803921,0.0999999999999999,0.9242957356878888,0.1045707343577345,0,1,2,1
0.0784313725490196,0.4285714285714285,0.9827170329062384,0.5357545986722818,1,1,1,1
0.2156862745098039,0.2285714285714285,0.6960322202305871,0.2050235568592182,0,0,3,1
0.3333333333333333,0.6571428571428571,0.6508884905618624,0.6011797868877794,1,0,1,1
0.4117647058823529,0.9285714285714286,0.6331850671623627,0.8425351762402654,0,0,2,1
0.0,0.8571428571428572,0.0,0.2044194936343624,0,0,2,1
0.3137254901960784,0.9,0.7816725309256678,0.952394355607522,1,0,4,1
0.5882352941176471,0.4428571428571428,0.4236207926707827,0.2922046604763038,1,1,1,1
0.6862745098039217,0.8857142857142858,0.3060036734603554,0.5037778049820435,0,0,2,24
0.0784313725490196,0.4285714285714285,0.1216667773130629,0.144228449000195,0,1,3,1
0.5490196078431373,0.2571428571428571,0.4113390426873797,0.1554614545007047,0,1,2,1
0.6862745098039217,0.7571428571428571,0.8815862267365953,0.8757377684426446,0,1,2,24
0.8431372549019608,0.8571428571428572,0.645134877957025,0.7868264092586184,0,0,1,24
0.1568627450980392,0.8857142857142858,0.0602580273960477,0.2758017734396613,0,0,4,24
0.7450980392156864,0.2142857142857142,0.8119896434973113,0.2190760595927649,1,0,1,1
0.2156862745098039,0.6571428571428571,0.0986523268937131,0.2268742587774724,0,0,3,24
0.2745098039215686,1.0,0.1061762818385005,0.3645331988971347,0,0,3,24
0.2745098039215686,0.9571428571428572,0.5216534997455133,0.7576353752276884,0,0,0,1
0.4117647058823529,0.8142857142857143,0.4949877182500167,0.6183088350351529,0,0,3,1
0.9019607843137256,0.7571428571428571,0.8133174002522738,0.8215696839946057,1,1,3,1
0.4117647058823529,0.0142857142857142,0.8097767155723739,0.310361901346836,1,1,2,12
0.8431372549019608,0.0857142857142857,0.2309854168049747,0.0169703208957357,1,0,3,24
0.2156862745098039,0.4571428571428571,1.0000000000000002,0.5953415800815934,1,0,2,24
0.3333333333333333,0.6714285714285715,0.7131824116488528,0.6594815273931426,1,0,3,1
0.4509803921568628,0.5428571428571429,0.527296465954104,0.4222453351378115,1,0,3,1
0.2352941176470588,0.7714285714285715,0.2442629843545996,0.3884563517730058,0,0,2,24
0.0784313725490196,0.2142857142857142,0.1720108876053907,0.0743434748479961,1,0,3,1
0.5294117647058824,0.3857142857142857,0.4449755471464294,0.2601925226612069,0,1,1,1
0.0784313725490196,0.0714285714285714,0.6479010378631969,0.046503550317342,0,0,1,1
0.4509803921568628,0.3714285714285714,0.0037177189138949,0.0772465127397898,0,0,2,1
0.9019607843137256,0.3,0.5509747947509349,0.2315316505031557,1,0,1,1
0.6862745098039217,0.8857142857142858,0.4042576733275797,0.5950138436510866,0,0,3,1
1.0,0.6142857142857143,0.7700546593197461,0.6367857795805422,0,1,3,1
0.4117647058823529,0.0428571428571428,0.0697736174732789,0.0,0,1,1,1
0.2745098039215686,0.2285714285714285,1.0000000000000002,0.2849334100622152,1,0,2,1
0.8627450980392156,0.4857142857142857,0.2189249596140653,0.2196463852438921,0,0,2,1
0.4313725490196078,0.8857142857142858,0.7106375445351745,0.872932730169777,0,1,1,12
0.8823529411764707,0.3428571428571428,0.387328774701808,0.2061593885080826,1,0,3,24
0.9019607843137256,0.3142857142857143,0.0903538471751975,0.0890514504425566,0,0,2,12
0.4117647058823529,0.8285714285714286,0.807010555666202,0.8971804063738952,1,0,4,1
0.3333333333333333,0.3571428571428571,0.7459337449379275,0.3529515718014289,0,0,2,1
0.3137254901960784,0.8142857142857143,0.4914470335701167,0.61438885027811,0,0,3,24
0.7254901960784313,0.9,0.421629157538339,0.6181176554506905,0,1,3,1
0.9607843137254902,0.5428571428571429,0.0,0.1118966075102409,0,0,0,1
0.4117647058823529,0.0999999999999999,1.0000000000000002,0.1170520300862043,0,0,1,1
1.0,0.7285714285714286,0.2917302883445087,0.3979494623997953,0,1,2,24
0.1960784313725491,0.4428571428571428,0.3562371373564363,0.2601073754513203,0,0,4,1
0.8823529411764707,0.8142857142857143,0.3008032928367524,0.4543458332650548,0,0,2,1
0.9411764705882354,0.7571428571428571,0.4065812476487641,0.50336974099504,0,1,2,12
0.0588235294117647,0.7000000000000001,0.6890614972670341,0.6700815517484576,0,1,3,24
0.4117647058823529,0.6142857142857143,1.0000000000000002,0.1340670131033523,0,0,3,12
0.0784313725490196,0.1142857142857142,0.8073424948549426,0.1056905004952997,0,1,4,24
0.9215686274509804,0.8142857142857143,0.6914957179844652,0.7853692673837668,1,0,4,1
0.7450980392156864,0.4142857142857142,0.8647679745070704,0.4643160895774352,0,0,3,1
0.8431372549019608,0.5428571428571429,0.9994246387395164,0.693151625974333,1,0,2,24
0.5294117647058824,0.6285714285714286,0.5592732744694504,0.5114651521387854,1,1,3,1
0.4705882352941176,0.9571428571428572,0.6225630131226625,0.8583323935009222,0,0,2,1
0.1764705882352941,0.0857142857142857,0.7207063665936402,0.068408874974014,0,1,2,12
0.8039215686274509,0.2571428571428571,1.0000000000000002,0.2721854268461762,0,0,2,24
0.7450980392156864,0.3999999999999999,0.273805572152515,0.1971418170157541,0,1,0,1
0.5030496196232563,0.1285714285714285,0.7734846976033991,0.1172351769150169,0,0,4,12
0.3333333333333333,0.8428571428571429,1.0000000000000002,1.0,1,1,2,24
0.5686274509803921,0.6857142857142857,0.3410785810706145,0.4079181121610457,1,0,3,1
0.9019607843137256,0.7428571428571429,0.3230432184823741,0.4279164606264842,1,1,2,1
0.0392156862745098,0.8428571428571429,0.7581048485250836,0.8699670367839158,1,0,2,1
0.5030496196232563,0.8571428571428572,0.3119785788576866,0.4887372733035863,0,1,2,24
0.4313725490196078,0.3571428571428571,0.0983203877049724,0.111319855654594,1,1,1,12
0.5030496196232563,0.6714285714285715,0.7846599836243335,0.7065647213581653,0,0,3,24
0.2352941176470588,0.0571428571428571,0.9176569519130762,0.0507078946243835,1,0,2,1
0.8823529411764707,0.9857142857142858,0.0,0.2287330384348078,1,1,3,12
0.5686274509803921,0.1428571428571428,0.9819425081325102,0.1657530210390722,0,1,2,1
0.4117647058823529,0.0714285714285714,0.3966230719865454,0.0224454471465563,0,0,3,12
0.0980392156862745,0.3571428571428571,0.0052667684613512,0.0719224022951832,1,1,2,1
0.1372549019607843,0.9571428571428572,0.1122618336320786,0.3524181968262903,1,0,2,1
0.6862745098039217,0.1714285714285714,0.7197105490274183,0.1508265544908405,0,0,3,24
0.8627450980392156,0.7142857142857143,0.4895660448339198,0.5366494476516559,0,0,3,1
0.0,0.6428571428571429,0.906260373099648,0.7589559602564955,0,1,3,1
0.7254901960784313,1.0,0.0414481400340791,0.2979802117884222,1,0,1,1
0.7450980392156864,0.7428571428571429,0.0267321693332448,0.2029350403903019,0,0,2,1
0.1568627450980392,0.7000000000000001,0.1210028989355817,0.258144169970539,0,0,4,12
0.4901960784313726,0.4428571428571428,0.1842926375887937,0.1845384234014093,1,1,2,12
0.0980392156862745,0.6571428571428571,0.7711611232822149,0.6811892462608324,0,0,2,1
0.2941176470588236,0.8428571428571429,0.9016132244572796,0.996529528249113,0,0,3,1
0.1372549019607843,0.6428571428571429,0.6961428666268341,0.6164227440086084,0,1,1,1
0.4313725490196078,0.9428571428571428,0.7295580782933901,0.9488920741442624,1,0,3,1
0.2745098039215686,0.9285714285714286,0.8665383168470204,1.0,1,1,2,24
0.7647058823529412,0.9,0.6867379229458497,0.8648019749011729,0,0,2,1
0.6666666666666666,0.3999999999999999,0.9185421230830512,0.4680175833808069,1,1,2,12
0.1568627450980392,0.3,0.8981831861736265,0.3431821343802905,0,1,3,1
0.8039215686274509,0.9285714285714286,0.93912235278497,1.0,1,0,2,12
0.0784313725490196,0.8714285714285714,0.9365774856712918,1.0,1,0,2,1
0.0,1.0,0.2203633627652747,0.4814483508270685,0,1,1,1
0.3921568627450981,0.1571428571428571,0.2304321848237403,0.053988472031712,1,0,2,24
0.3921568627450981,0.3142857142857143,0.2085241983668592,0.1271524170401094,0,1,1,12
0.607843137254902,0.4285714285714285,0.76850560977229,0.439024155138859,1,1,3,24
0.4313725490196078,0.4285714285714285,0.2923941667219898,0.2238443033464138,0,0,2,1
0.6862745098039217,0.6,0.6043063577419283,0.5185404033150218,0,0,2,24
0.8823529411764707,0.5857142857142857,0.346832193675452,0.3492099142198089,1,1,2,1
0.7450980392156864,0.1285714285714285,0.630972139237425,0.0987534127162377,0,1,0,24
0.8627450980392156,0.4285714285714285,0.2830998694372524,0.2203661201501033,0,1,2,12
0.7254901960784313,0.5714285714285715,0.6099493239505189,0.4973981904450693,0,0,3,1
0.3921568627450981,0.1428571428571428,0.5954546460421786,0.1041433917571717,1,1,2,1
0.3725490196078431,0.0142857142857142,0.6536546504680343,0.0,1,1,1,12
0.0196078431372549,0.4999999999999999,0.5128017880457634,0.3794966161213549,0,0,3,1
0.0196078431372549,0.2714285714285714,0.2733629865675275,0.1230669575166832,0,0,3,1
0.0588235294117647,0.6142857142857143,0.3751576711146518,0.3857991162040923,1,1,4,24
0.607843137254902,0.6285714285714286,0.5155679479519353,0.4844349293776188,0,1,3,1
0.7843137254901961,0.9142857142857144,0.6295337360862157,0.8246269507948731,0,1,2,12
0.0392156862745098,0.7714285714285715,0.9957733076633696,1.0,0,0,1,1
0.3137254901960784,0.3714285714285714,0.7890858394742084,0.3833202078106017,0,0,2,12
1.0,0.9,0.8021421142313396,0.9688133081554638,1,1,4,1
0.5030496196232563,0.2571428571428571,0.2827679302485118,0.121201751654828,1,0,0,1
0.2941176470588236,0.0,0.1565203921308283,0.0,1,1,1,1
0.2156862745098039,0.9857142857142858,0.1002013764411693,0.354395861267241,1,0,0,1
0.6274509803921569,0.3571428571428571,0.4043683197238266,0.2250058398133572,1,0,1,1
0.1568627450980392,0.0142857142857142,0.0316006107681073,0.0,1,0,2,24
0.5490196078431373,0.5714285714285715,0.2445949235433401,0.2774565211034949,1,1,2,24
0.9803921568627452,0.8857142857142858,0.9348071433313418,1.0,0,0,4,1
0.1960784313725491,0.4714285714285714,0.161167540773197,0.1853031417392586,1,1,3,1
0.4313725490196078,0.3714285714285714,0.7422824138617807,0.364250445898266,0,0,2,12
0.5294117647058824,0.3285714285714285,0.3530283918652769,0.1851537324841746,1,1,2,1
0.7843137254901961,0.3142857142857143,0.5889265086636128,0.2544683809852464,1,1,3,12
0.8039215686274509,0.2571428571428571,0.6537652968642811,0.2232964694111058,0,0,3,1
0.5686274509803921,0.1857142857142857,0.3175108986700304,0.0845964841592452,0,0,1,1
0.5030496196232563,0.0,0.689172143663281,0.0,0,1,3,1
0.2156862745098039,1.0,0.8815862267365953,1.0,0,0,2,24
0.1176470588235294,0.4285714285714285,0.0999800836486755,0.1337681945931843,1,0,1,24
0.6274509803921569,0.9857142857142858,0.6435858284095688,0.9023229765408188,1,0,2,1
0.5490196078431373,0.7857142857142857,0.2371816149947996,0.3879342226557767,0,1,2,24
0.1568627450980392,0.0428571428571428,0.8104405939498551,0.0291544046651674,1,0,2,24
0.5030496196232563,0.8,0.4945451326650291,0.6076814993106289,0,1,3,1
0.9215686274509804,0.8857142857142858,0.675009404943681,0.8403663322148524,1,1,4,1
0.7647058823529412,0.0571428571428571,0.1385956759388347,0.0,1,1,1,1
0.6274509803921569,0.5857142857142857,0.3247029144260772,0.3346401020224229,0,1,2,1
0.8627450980392156,0.4857142857142857,0.9810573369625352,0.6078228758100631,0,0,3,12
0.6274509803921569,0.1714285714285714,0.1855097479475094,0.0522823147317204,1,1,2,12
0.5030496196232563,0.7857142857142857,0.6877337405120716,0.7514710385421255,0,0,4,24
0.4901960784313726,0.4999999999999999,0.4699816326982231,0.3592299736172172,0,1,3,24
1.0,0.6428571428571429,1.0000000000000002,0.8462093586744281,0,0,2,1
0.6862745098039217,0.5285714285714286,0.6703622563013123,0.4914989346959456,0,1,3,1
1.0,0.3428571428571428,0.3986147071189891,0.210990287755799,1,0,3,1
0.2352941176470588,0.6,0.4280466485206577,0.4075968019350586,0,0,0,1
0.9411764705882354,0.9285714285714286,0.816747438535927,1.0,0,0,2,1
0.5030496196232563,0.8428571428571429,0.140919250260019,0.3345822661817452,1,0,3,1
0.5030496196232563,0.1857142857142857,0.8137599858372613,0.1888488000830265,1,1,1,24
0.9019607843137256,0.2142857142857142,0.0630241873022195,0.0450046381131121,0,0,2,24
0.9411764705882354,0.5857142857142857,0.0530660116400009,0.1666928534500846,1,0,2,1
0.4313725490196078,0.7142857142857143,0.3730553895859612,0.449603294329485,0,0,3,24
0.2745098039215686,0.2142857142857142,0.0821660138529288,0.051344088871838,1,0,4,12
1.0,0.3571428571428571,1.0000000000000002,1.0,1,1,2,12
0.3529411764705882,1.0,0.1653721038305782,0.4299182233343839,0,1,2,1
0.3725490196078431,0.9857142857142858,0.0,0.2103653393662541,1,0,3,12
0.7843137254901961,0.5428571428571429,0.042443957600301,0.1486416449541281,0,0,2,1
0.9019607843137256,0.2285714285714285,0.6797671999822965,0.2014778985154503,1,1,3,24
0.0588235294117647,0.8571428571428572,0.1544181106021377,0.3498348626093538,1,0,2,12
0.8431372549019608,0.7571428571428571,0.5711124388678661,0.6364837479681145,0,1,1,1
0.4117647058823529,0.6571428571428571,0.7264599791984776,0.6543003999991003,1,1,3,24
0.5490196078431373,0.1714285714285714,0.7872048507380116,0.1676985544574243,0,0,2,1
0.2352941176470588,0.9,0.0,0.188811849407038,0,1,2,1
0.8039215686274509,0.8,0.1835181128150656,0.3519073135669708,0,1,2,24
0.0980392156862745,0.8285714285714286,0.6515523689393437,0.7635940733686195,0,1,2,12
0.2941176470588236,0.0142857142857142,0.4995242204961385,0.0,0,1,3,1
0.1372549019607843,0.9857142857142858,0.8981831861736265,1.0,0,0,3,12
0.0784313725490196,0.3714285714285714,0.6710261346787936,0.3421860726797304,1,1,1,1
0.9019607843137256,0.3428571428571428,0.0,0.0541025371619374,0,0,3,12
0.7843137254901961,0.4571428571428571,0.968222354997898,0.5641102261156453,0,0,2,1
1.0,0.5142857142857143,1.0000000000000002,0.6699208966354641,0,0,1,24
0.4509803921568628,0.8857142857142858,0.9193166478567794,1.0,0,1,2,24
0.0,0.3999999999999999,0.7828896412843835,0.4117433104014224,1,0,2,1
0.607843137254902,0.4285714285714285,0.3395295315231584,0.243823373198293,1,0,2,12
0.6666666666666666,0.2857142857142857,0.4405496912965546,0.1848372419115773,1,0,1,24
0.1568627450980392,0.1285714285714285,0.7069862134590277,0.1083959325981112,1,0,2,12
0.1372549019607843,0.9714285714285714,0.1496603155635221,0.3990917202531795,0,1,4,1
0.5030496196232563,0.6142857142857143,0.2417181172409214,0.2968941832245859,0,1,2,1
0.1960784313725491,0.5857142857142857,0.4725264998119012,0.4234309698717039,0,0,3,12
0.4509803921568628,0.2285714285714285,0.9527318595233354,0.2671392497470484,1,1,4,1
0.4313725490196078,0.3285714285714285,0.4304808692380888,0.2135896874840348,0,0,2,1
0.0392156862745098,0.2428571428571428,0.5582774569032287,0.1845319971968896,0,0,2,24
0.5030496196232563,0.3857142857142857,0.6766691008873842,0.3534881598788275,1,0,2,1
0.4705882352941176,0.6428571428571429,0.1239903516342472,0.2360573050361843,0,1,1,12
0.4901960784313726,1.0,0.061807076943504,0.3212414655987599,0,0,1,1
0.0980392156862745,0.1714285714285714,0.3992785854964704,0.0928268455979053,0,0,1,1
0.0980392156862745,0.6,0.5121379096682821,0.4597984678000563,0,1,3,24
0.4117647058823529,0.1285714285714285,0.3930823873066454,0.0630349614443794,1,0,2,12
0.3725490196078431,0.3714285714285714,0.76850560977229,0.3754834513987758,1,0,2,1
0.7450980392156864,0.8714285714285714,0.0,0.185569829226828,1,1,3,24
0.0196078431372549,0.9714285714285714,0.0,0.2488807961553303,0,0,3,1
0.4705882352941176,0.9857142857142858,0.888778242492642,1.0,0,0,4,1
0.0,0.0285714285714285,0.1397021399013034,0.0,0,0,1,1
0.0784313725490196,0.5714285714285715,0.9921219765872228,0.7230977390363327,1,0,3,12
0.4509803921568628,0.2142857142857142,0.9256234924428512,0.2484968304352757,1,1,3,1
0.3921568627450981,0.9,0.0,0.202782418032958,0,0,1,1
0.5686274509803921,0.8142857142857143,0.5105888601208259,0.6335550052582417,1,1,2,24
0.7058823529411765,1.0,0.974086613998982,1.0,0,1,2,1
0.4901960784313726,0.0,0.3534709774502645,0.0,0,0,2,1
0.4117647058823529,0.3714285714285714,0.4177565336696985,0.2375658565471938,1,0,3,12
0.3529411764705882,0.9142857142857144,0.1715683020204032,0.3912356852277944,0,1,2,1
0.3725490196078431,0.3857142857142857,0.8592356546947266,0.430091730856417,1,0,3,1
0.1764705882352941,0.7000000000000001,0.930049348292726,0.8446269058114415,1,1,3,1
0.4705882352941176,0.4714285714285714,0.6251078802363408,0.41155534391922,0,0,3,1
0.4901960784313726,0.6,0.5728827812078161,0.4999799181108757,0,0,0,1
0.7843137254901961,0.3285714285714285,0.6586337382991436,0.2935172127494612,0,0,2,12
0.9803921568627452,0.6428571428571429,0.4044789661200735,0.4229136604078647,0,1,3,12
0.1568627450980392,0.0,0.7359755692757088,0.0,0,0,3,24
0.0,0.4857142857142857,0.8612272898271705,0.5465747205323981,1,1,1,1
0.1176470588235294,0.2428571428571428,0.2842063333997212,0.114489581033957,0,0,2,1
0.7843137254901961,0.2857142857142857,0.7177189138949744,0.2680100004594736,1,1,3,12
0.3529411764705882,0.3428571428571428,0.7530151142977275,0.3407144718447094,1,1,3,24
1.0,0.1285714285714285,0.8935360375312578,0.1345184539708642,1,0,3,1
0.4705882352941176,0.3999999999999999,0.2021067073845405,0.16880386163482,1,1,2,12
0.9019607843137256,0.3142857142857143,0.087255748080285,0.0888875822273032,0,0,2,1
0.1176470588235294,0.7714285714285715,0.8606740578459362,0.8792737874796329,0,0,2,24
0.8431372549019608,0.5571428571428572,0.98725353515236,0.7017418548660987,0,0,2,24
0.7058823529411765,0.3571428571428571,0.0,0.0668328483155472,1,0,3,1
0.8823529411764707,0.3999999999999999,0.974086613998982,0.4962318343247359,1,1,1,24
0.8039215686274509,1.0,0.2878576644758681,0.5507003438340727,0,0,3,1
0.8431372549019608,0.2714285714285714,0.6193542676315034,0.22942867507407,0,1,1,24
0.2745098039215686,0.4285714285714285,0.944212087012326,0.5166157550613589,0,0,2,1
0.0588235294117647,0.6,0.6453561707495188,0.5439978125199815,1,1,1,1
0.1568627450980392,0.9428571428571428,0.624886587443847,0.8472230924374176,0,0,2,12
0.9607843137254902,0.2428571428571428,0.8865653145677046,0.2668340050323607,0,0,3,1
0.0588235294117647,0.7285714285714286,0.5342671889176571,0.5793804946056832,0,0,2,1
0.9019607843137256,0.4999999999999999,1.0000000000000002,0.6397530795175334,0,0,2,24
0.1568627450980392,0.6428571428571429,1.0000000000000002,0.8436003196394127,0,0,3,1
0.0392156862745098,0.3285714285714285,0.3021310495917148,0.169726021983403,0,1,2,1
0.2352941176470588,0.1857142857142857,0.4125561530460953,0.1065949887814534,0,0,3,1
0.4117647058823529,0.0428571428571428,0.4887915200601917,0.0078900939093397,0,1,2,12
0.0588235294117647,0.9714285714285714,0.9089158866095732,1.0,1,0,4,12
0.4313725490196078,0.2142857142857142,0.2037664033282436,0.0765508761005276,0,1,2,1
0.9607843137254902,0.0571428571428571,0.6317466640111533,0.0315947558315396,1,0,1,24
0.607843137254902,0.9857142857142858,0.7936223417203303,1.0,1,0,0,1
0.1176470588235294,0.5857142857142857,0.0006196198189825,0.1365459214968429,1,0,2,12
0.607843137254902,0.0714285714285714,0.3039013919316648,0.0158939316386789,1,1,2,24
0.3725490196078431,0.5714285714285715,0.3595565292438425,0.3468016940760354,1,0,2,12
0.823529411764706,0.7571428571428571,0.1399234326937972,0.2982902761564999,0,0,2,1
0.3725490196078431,0.4142857142857142,0.3280223063134834,0.228779628417576,0,0,3,1
0.8039215686274509,0.6857142857142857,0.0,0.1540733943244404,0,0,2,12
0.3529411764705882,0.5285714285714286,0.4969793533824604,0.3957661594142128,1,0,2,1
0.0980392156862745,0.9857142857142858,0.7285622607271682,0.9913676794686298,0,0,3,24
0.4509803921568628,0.5428571428571429,0.3333333333333334,0.3161278133521749,0,0,0,24
0.9215686274509804,0.9571428571428572,0.623890769877625,0.8611792021031681,0,1,3,1
0.1568627450980392,0.8714285714285714,0.6525481865055656,0.8051410921398842,0,1,1,1
0.0980392156862745,0.8285714285714286,1.0000000000000002,0.4699470512878595,0,0,2,1
0.4509803921568628,0.9142857142857144,0.8007037110801303,0.9855937347076414,0,0,2,24
0.4117647058823529,0.7571428571428571,0.495540950231251,0.5754267722749117,1,1,2,12
0.4705882352941176,0.2714285714285714,0.5393569231450133,0.2045705094405764,0,1,1,1
0.4705882352941176,0.3999999999999999,0.8722919294518579,0.4500450958902172,1,0,2,24
0.0196078431372549,0.7428571428571429,0.0,0.1747336418554123,0,0,2,1
0.0,0.0142857142857142,0.2825466374560181,0.0,0,1,2,1
0.7843137254901961,0.5285714285714286,0.0,0.1160045587494862,0,0,3,1
0.1372549019607843,0.8142857142857143,0.8454048551638673,0.912977623634552,0,0,2,1
0.5294117647058824,0.1571428571428571,0.3632078603199895,0.0769605466386612,0,0,1,24
0.0392156862745098,0.3714285714285714,0.612604837460444,0.315525356678449,1,1,2,1
0.6862745098039217,0.0857142857142857,0.5188873398393414,0.0438511344018183,0,1,2,24
0.5030496196232563,0.4571428571428571,0.9897984022660384,0.5773176829548459,0,0,3,24
0.4509803921568628,0.7428571428571429,0.0078116355750293,0.1875796246903774,0,0,3,12
0.7843137254901961,0.6571428571428571,0.6303082608599437,0.5872718737559269,1,0,2,1
0.2156862745098039,0.0714285714285714,0.4920002655513509,0.0292668632442629,1,0,2,1
0.2745098039215686,0.9428571428571428,0.6862953373608622,0.9079812496204522,0,1,4,1
0.5030496196232563,0.7714285714285715,0.1164663966894598,0.2830874828139192,0,0,3,1
0.4509803921568628,0.4999999999999999,0.3341078581070615,0.2849864262495031,0,1,1,24
0.2549019607843137,0.7142857142857143,0.7839961052468523,0.7502516662345043,0,1,2,12
0.8431372549019608,0.6571428571428571,0.4495120493925512,0.4663210653875949,0,0,3,1
0.6666666666666666,0.0285714285714285,0.4325831507667796,0.0,0,1,2,24
0.6470588235294118,0.3142857142857143,0.4561508331673637,0.2104504865761407,1,0,3,1
0.0784313725490196,0.7285714285714286,0.7494744296178275,0.7446078521150405,1,0,3,24
0.4705882352941176,0.2714285714285714,0.9008386996835512,0.3084147613773541,0,0,3,12
0.1764705882352941,0.1999999999999999,0.0922348359113944,0.0467863033162107,1,1,3,12
0.607843137254902,0.2142857142857142,0.977627298678882,0.2591434447733589,1,0,3,1
0.4313725490196078,0.5571428571428572,0.6093960919692845,0.4854727614075572,0,1,2,24
0.0196078431372549,0.1714285714285714,0.0614751377547633,0.0320558360058311,1,0,1,1
0.5098039215686275,0.2142857142857142,0.0043815972913762,0.0330277994394421,1,1,3,12
0.1960784313725491,0.7142857142857143,0.5100356281395917,0.5510602112871783,0,0,3,12
0.1568627450980392,0.6285714285714286,0.0,0.1326725267225681,0,0,1,1
0.4705882352941176,0.4285714285714285,0.5579455177144881,0.341896893476342,0,0,2,1
0.1568627450980392,0.1142857142857142,0.3241496824448428,0.0436069386300681,0,1,3,24
0.3921568627450981,0.6,0.3002500608555179,0.328199438542511,1,0,3,1
0.9215686274509804,1.0,0.0,0.2350435712731949,1,0,1,1
0.5294117647058824,0.5285714285714286,0.4123348602536016,0.3494332248268699,0,0,4,12
0.7254901960784313,0.3285714285714285,0.8694151231494391,0.3662265037880868,1,1,2,24
0.9019607843137256,0.1714285714285714,0.7174976211024808,0.1539898536656837,1,1,1,1
0.9411764705882354,0.9428571428571428,0.8475071366925582,1.0,0,0,2,1
0.8431372549019608,1.0,0.3211622297461772,0.5862356482771184,0,0,2,12
0.4509803921568628,0.1142857142857142,0.4258337205957203,0.0582924225088095,1,0,3,24
0.9411764705882354,0.7857142857142857,0.4334683219367546,0.5475595363750486,0,1,1,1
0.5294117647058824,0.8571428571428572,0.5714443780566067,0.7206814861369095,0,1,4,1
0.7254901960784313,0.4142857142857142,0.0,0.0852905142473773,0,0,2,1
0.0588235294117647,0.5857142857142857,0.3010245856292461,0.3227018205758714,0,0,2,24
0.9019607843137256,0.3142857142857143,0.1264245723516785,0.0985333152114365,1,0,3,1
0.6470588235294118,0.7714285714285715,0.2318705879749497,0.374256046335505,0,1,2,24
0.5098039215686275,0.3,0.7669565602248336,0.3026552755765349,1,0,4,1
0.5030496196232563,0.8428571428571429,0.447188475071367,0.6006544446682904,1,0,1,1
0.1372549019607843,0.9857142857142858,0.7421717674655337,1.0,0,0,2,1
0.0588235294117647,0.2714285714285714,0.3379804819757021,0.1446220540270292,0,0,2,12
0.6274509803921569,0.0714285714285714,1.0000000000000002,0.0811584647411829,0,1,2,1
0.7647058823529412,0.9285714285714286,0.0956648741950475,0.3281030454747149,1,0,3,1
0.5490196078431373,0.6428571428571429,0.4748500741330855,0.4723681238406725,1,0,2,1
0.5882352941176471,0.8,0.1548606961871251,0.3274122284888426,1,0,3,1
0.5490196078431373,0.1285714285714285,0.6188010356502689,0.0975870565959045,1,1,2,12
0.8627450980392156,0.0857142857142857,0.3726128040009737,0.0305472844948216,1,0,2,1
0.6274509803921569,0.0428571428571428,0.9122352784969794,0.0364336878349056,1,0,2,1
0.5882352941176471,0.0714285714285714,0.9622474496005666,0.0739755746392409,1,0,4,1
0.2549019607843137,0.6,0.369735997698555,0.3715474011304335,1,0,2,1
0.6666666666666666,0.5571428571428572,0.5064949434596915,0.4187880371061901,0,0,1,1
0.3725490196078431,0.1142857142857142,0.2569873199229901,0.0340929428385894,0,0,2,1
0.0196078431372549,0.5714285714285715,0.0146717121423355,0.143429993088617,0,1,1,1
1.0,0.3999999999999999,0.1356082232401691,0.1421463587357984,1,0,1,1
0.0588235294117647,0.7142857142857143,0.5199938038018102,0.5587812960176488,0,1,1,1
0.5490196078431373,0.9714285714285714,0.162052711943172,0.4098829241929569,0,0,1,1
0.2352941176470588,1.0,0.4549337228086482,0.7248456666657026,0,0,3,1
0.3921568627450981,0.4428571428571428,0.1546394033946315,0.1700071684311417,1,1,3,12
0.5294117647058824,0.9,0.7224767089335902,0.8991950214908344,0,0,1,1
0.2156862745098039,0.9571428571428572,1.0000000000000002,1.0,0,1,3,1
0.4901960784313726,0.2142857142857142,0.6990196729292528,0.1959883133044604,0,0,2,12
0.1176470588235294,0.2857142857142857,0.9106862289495232,0.3286524859611529,1,1,2,12
0.607843137254902,0.4857142857142857,0.1740025227378344,0.1930451116344183,1,1,2,24
0.3333333333333333,0.5142857142857143,0.3646462634711987,0.3138979203838242,0,1,2,1
0.5030496196232563,0.9714285714285714,0.7603177764500211,1.0,0,1,3,12
0.0196078431372549,0.5142857142857143,0.707650091836509,0.4992168063241563,0,0,3,24
0.8823529411764707,0.8,0.9712098076965634,1.0,0,1,1,12
0.8039215686274509,0.5285714285714286,1.0000000000000002,0.6901136377876248,1,1,3,24
0.3333333333333333,0.4428571428571428,0.4293744052756202,0.2960635962904091,1,1,2,1
1.0,0.4857142857142857,0.8502732965987299,0.5382367201680324,0,1,3,1
0.1960784313725491,0.5714285714285715,0.7859877403792961,0.6019830624527472,0,1,2,1
0.8627450980392156,0.3714285714285714,0.1113766624621035,0.1200386086367546,0,0,4,1
0.5294117647058824,0.0428571428571428,0.8868972537564452,0.0338889108450876,0,1,2,1
0.5686274509803921,0.6857142857142857,0.3817964548894643,0.4361644941275736,0,1,1,1
0.8823529411764707,0.2857142857142857,0.9255128460466044,0.3314960814611389,0,0,0,1
0.4509803921568628,0.1571428571428571,0.5339352497289165,0.1073323957500939,0,0,3,12
0.2156862745098039,0.1428571428571428,0.7721569408484368,0.1322676758378244,0,1,3,12
0.607843137254902,0.0999999999999999,0.9122352784969794,0.105483255399538,0,0,2,1
0.4313725490196078,0.9,0.3150766779525991,0.5211590816568169,1,0,3,12
0.2941176470588236,0.7000000000000001,1.0000000000000002,0.9317983701217476,0,0,3,12
0.7254901960784313,0.9714285714285714,0.3045652703091461,0.554687803738573,0,1,2,24
0.4901960784313726,0.8285714285714286,0.0748633517006351,0.269496060254664,1,0,1,1
0.1176470588235294,0.0571428571428571,0.0405629688641041,0.0,1,0,3,1
0.5030496196232563,0.5857142857142857,0.1411405430525128,0.220595856961684,0,0,3,1
0.823529411764706,0.0,0.7956139768527739,0.0,0,0,4,1
0.8627450980392156,0.9428571428571428,0.0129013698023855,0.2494414824996778,0,0,3,24
0.9215686274509804,0.8428571428571429,0.2406116532784527,0.4207191115643727,0,0,1,12
0.7254901960784313,0.2571428571428571,0.5412379118812101,0.1931897012361125,0,0,3,1
0.2156862745098039,0.4285714285714285,0.626656929783797,0.3770016422165649,1,1,1,1
0.8823529411764707,0.2571428571428571,0.77558697913209,0.2563207344380621,0,1,3,1
0.7450980392156864,0.7857142857142857,0.8592356546947266,0.891996065877593,1,1,3,1
0.3725490196078431,0.7142857142857143,0.4996348668923853,0.542211327663493,0,0,2,1
0.5030496196232563,0.0857142857142857,0.0524021332625196,0.3133982829824143,0,0,1,1
0.1764705882352941,0.0571428571428571,0.6786607360198278,0.0342825158719218,0,1,0,12
0.3921568627450981,0.4857142857142857,0.7574409701476024,0.48989238356601,0,1,2,1
0.3529411764705882,0.7142857142857143,0.6571953351479343,0.6575777643041688,0,1,2,1
0.0392156862745098,0.0714285714285714,0.0,0.0,1,0,2,1
0.8039215686274509,0.3142857142857143,0.1271990971254066,0.102238022117068,0,0,2,1
0.9215686274509804,0.7571428571428571,0.4884595808714511,0.5699821704955599,0,0,4,1
0.6470588235294118,0.2714285714285714,0.8541459204673705,0.294269078678271,1,0,2,24
0.1372549019607843,0.9142857142857144,0.9757463099426852,1.0,1,0,3,1
0.4705882352941176,0.5285714285714286,0.6601827878465998,0.4832541142971162,0,0,4,1
0.1764705882352941,0.8,0.4007169886476797,0.5293765906864374,0,1,3,1
0.5882352941176471,0.8857142857142858,0.2639580428865432,0.4633634047573834,1,1,2,1
0.4509803921568628,0.5571428571428572,0.2213591803314966,0.2586373811674292,0,0,2,12
0.0980392156862745,0.6285714285714286,0.9436588550310918,0.7672168461666243,0,0,1,1
0.4705882352941176,0.3,0.9562725442032354,0.3586580414149602,1,1,2,24
0.6274509803921569,0.4999999999999999,0.8538139812786298,0.5567088450600319,0,1,2,1
0.2352941176470588,0.6285714285714286,0.029166390050676,0.1678463571613783,1,0,3,24
0.4705882352941176,0.7571428571428571,0.4252804886144859,0.5181982079243455,1,0,2,1
0.7843137254901961,0.7571428571428571,0.6305295536524376,0.6787521081967202,1,1,3,1
0.7450980392156864,0.7285714285714286,0.8295824205005644,0.8013399921664566,1,0,3,1
0.8431372549019608,0.9428571428571428,0.2496846577706964,0.478691509088099,0,0,2,1
0.2745098039215686,0.3857142857142857,0.8307995308592799,0.4166754223703248,0,0,4,1
0.9607843137254902,0.8,0.7012326008541903,0.7805062371134516,0,0,3,24
0.823529411764706,0.5571428571428572,1.0000000000000002,0.7331081591269615,1,0,2,1
0.3725490196078431,0.2714285714285714,0.5727721348115691,0.2166549870399519,0,0,4,1
0.3137254901960784,0.4571428571428571,1.0000000000000002,0.5983586831036125,1,1,4,12
0.3921568627450981,0.8,0.7866516187567774,0.8489533480043582,0,1,3,1
0.0196078431372549,0.9285714285714286,0.0,0.2102046842532605,0,0,4,1
0.1176470588235294,0.4142857142857142,0.4893447520414261,1.0,1,1,1,24
0.1372549019607843,0.2571428571428571,0.7271238575759589,0.2430650810649634,1,0,1,24
0.1960784313725491,0.6857142857142857,0.0331496603155635,0.1878993283652346,0,0,1,1
0.0588235294117647,0.2857142857142857,0.9666733054504416,0.345140520207682,0,0,4,1
0.0196078431372549,0.5714285714285715,0.5139082520082321,0.4399334630784025,0,0,2,1
0.0980392156862745,0.3285714285714285,0.9792869946225852,0.4041314711477876,0,0,1,1
0.6274509803921569,0.3428571428571428,0.8915444023988139,0.3932438741402139,1,1,2,1
0.9019607843137256,0.3999999999999999,0.7561132133926398,0.4008573199449788,0,1,1,12
0.823529411764706,0.0571428571428571,0.727898382349687,0.0370795213891397,0,1,3,1
0.3333333333333333,0.3142857142857143,0.0435504215627697,0.0732429873239902,1,0,2,24
0.6470588235294118,0.7142857142857143,0.2662816172077275,0.3730350674767539,0,0,2,12
0.1372549019607843,0.9857142857142858,0.0031644869326606,0.2528425512417515,1,0,4,24
0.9607843137254902,0.2285714285714285,0.4578105291110668,0.1459811962829547,0,0,4,1
0.8039215686274509,0.2571428571428571,0.7468189161079024,0.252355766249381,0,0,4,1
0.8823529411764707,0.1142857142857142,0.5357055920688663,0.0738084933217275,0,1,2,1
0.3137254901960784,0.5285714285714286,0.4755139525105668,0.3815465753631527,1,0,4,12
0.2745098039215686,0.3428571428571428,0.9932284405496914,0.4270151854425904,0,0,1,1
0.2549019607843137,0.1999999999999999,0.992785854964704,0.2436370132672205,0,1,3,1
0.3333333333333333,0.7428571428571429,0.1528690610546814,0.3022488181406612,1,0,3,1
0.2156862745098039,0.5285714285714286,1.0000000000000002,0.6986283587762835,1,1,2,24
0.7254901960784313,0.2428571428571428,0.1945827524397531,0.0885405671832371,1,0,1,1
0.4705882352941176,0.7285714285714286,0.2199207771802873,0.3435130839130572,0,0,3,1
0.7647058823529412,0.3571428571428571,0.3896523490229923,0.219223862296719,1,0,1,1
0.8627450980392156,0.1285714285714285,0.8247139790657021,0.125542652807914,1,1,3,1
0.5882352941176471,0.2142857142857142,0.0,0.0275574928420114,0,1,2,1
0.6274509803921569,0.6857142857142857,0.9572683617694572,0.8498771149040711,1,1,1,12
0.4509803921568628,0.3571428571428571,0.1134789439907942,0.1149940380887568,0,0,1,12
0.0,0.9571428571428572,0.866095731262033,1.0,0,0,3,24
0.9019607843137256,1.0,0.2013321826108124,0.4639096321415615,0,1,2,1
0.7843137254901961,0.5428571428571429,0.3561264909601895,0.32672783770749,1,1,2,1
0.8823529411764707,0.1857142857142857,0.835225386709155,0.191705247992052,1,1,3,12
0.4117647058823529,0.1857142857142857,0.7563345061851336,0.1762646850822409,1,1,2,12
0.7647058823529412,0.5857142857142857,0.176104804266525,0.2446330749677806,1,1,3,1
0.8823529411764707,0.2714285714285714,0.0572705746973821,0.063669549140704,1,1,2,24
0.1176470588235294,0.8428571428571429,0.7738166367921397,0.8867779878075621,1,1,2,1
0.9215686274509804,0.4285714285714285,0.3345504436920489,0.2425236733341751,0,0,3,12
0.3333333333333333,0.6571428571428571,0.0216424351058885,0.1697051368187138,1,0,3,1
0.5490196078431373,0.9142857142857144,0.7056584567040651,0.8987082364984639,0,1,3,1
0.2745098039215686,0.7857142857142857,0.8356679722941425,0.8732668928048036,1,1,2,1
1.0,0.4857142857142857,0.6477903914669498,0.4367492787388701,1,0,3,24
0.9607843137254902,0.1714285714285714,0.1856203943437562,0.0508717628396369,1,0,2,24
0.4705882352941176,0.1857142857142857,0.1476686804310784,0.04979698013371,1,1,2,1
0.3137254901960784,0.8142857142857143,1.0000000000000002,1.0,0,1,2,12
0.0,0.5142857142857143,0.6877337405120716,0.4868126250499235,1,1,3,24
0.2352941176470588,0.0999999999999999,0.310761468498971,0.0321682945849266,0,1,3,1
0.7843137254901961,1.0,0.0,0.2297580180557068,1,1,1,12
0.3333333333333333,0.8571428571428572,0.5707804996791255,0.720594732375893,0,0,1,24
0.9019607843137256,0.4714285714285714,0.2144991037641904,0.2115734658159657,0,0,1,24
0.4313725490196078,0.6714285714285715,0.1587333200557658,0.2723460819591697,1,0,3,1
0.2352941176470588,0.2285714285714285,0.2091880767443404,0.0896523005651525,1,1,1,1
0.7647058823529412,0.8285714285714286,0.9499656996171636,1.0,1,0,0,24
0.7058823529411765,0.2428571428571428,0.580849321737591,0.1898753862550554,0,0,2,1
0.9215686274509804,0.5571428571428572,0.7324348845958089,0.5544869848473309,0,0,2,1
0.6666666666666666,0.5571428571428572,0.0,0.1189686455842174,0,0,1,1
0.4901960784313726,0.2857142857142857,0.9419991590873886,0.3404429647037503,1,1,2,1
0.3529411764705882,0.3714285714285714,0.0,0.0593077628229288,0,0,4,1
0.0784313725490196,0.6,0.215716214122906,0.2751141695560488,0,0,3,1
0.5882352941176471,0.5571428571428572,0.405806722875036,0.3624366496725688,1,0,3,1
0.1176470588235294,0.9714285714285714,1.0000000000000002,1.0,1,0,1,24
0.8627450980392156,0.4142857142857142,0.7274557967646995,0.4046519937138866,1,1,2,1
0.9215686274509804,0.3714285714285714,0.2261169753701122,0.1665964603822884,0,0,2,1
0.8823529411764707,0.7857142857142857,0.6789926752085684,0.7460987315636207,0,1,1,1
0.607843137254902,0.9857142857142858,0.5795215649826284,0.8409896740532674,0,0,1,1
0.9019607843137256,0.8571428571428572,0.0820553674566819,0.2873817939842371,0,0,1,1
0.9803921568627452,0.0285714285714285,0.3660846666224082,0.0,0,1,3,12
0.5294117647058824,0.8714285714285714,0.2161587997078935,0.4143330708228787,1,0,3,24
0.8627450980392156,0.3285714285714285,0.0,0.0493824899421866,1,1,3,1
0.3921568627450981,0.5285714285714286,0.2022173537807873,0.2300953937929933,0,0,3,24
0.5490196078431373,0.8571428571428572,0.8970767222111578,1.0,1,0,2,12
0.7647058823529412,0.9571428571428572,0.4403283985040607,0.677233917378931,0,1,2,1
0.2941176470588236,0.2285714285714285,0.2682732523401712,0.1045514557441753,1,0,2,1
0.1176470588235294,0.3428571428571428,0.663612826130253,0.3077030592267926,0,1,2,24
0.4117647058823529,0.2428571428571428,0.9393436455774636,0.2799643474173244,0,1,2,12
0.0784313725490196,0.1999999999999999,0.8732877470180798,0.2187402904066084,0,0,2,12
0.3137254901960784,0.0142857142857142,0.1014184867998849,0.0,0,0,1,1
0.823529411764706,0.1285714285714285,0.5570603465445132,0.0849772367770399,1,0,2,1
0.6862745098039217,0.3857142857142857,0.7114120693089026,0.3690427879188639,1,1,3,12
0.8823529411764707,0.3857142857142857,0.4060280156675297,0.2448403200635423,0,1,2,1
0.6666666666666666,0.8428571428571429,0.2322025271636903,0.4135217625022611,1,0,3,1
0.7058823529411765,0.3285714285714285,0.0,0.0562504960226613,0,0,1,24
0.8039215686274509,0.3142857142857143,0.8488348934475205,0.3423917112243622,1,0,1,24
0.2549019607843137,0.4857142857142857,0.7972736727964771,0.5124403286746563,0,0,4,1
0.6274509803921569,0.6142857142857143,0.015999468897298,0.1533311677024101,0,0,4,24
0.823529411764706,0.7857142857142857,1.0000000000000002,1.0,0,1,3,12
0.9607843137254902,0.3857142857142857,0.7828896412843835,0.3972008095732453,1,1,4,1
0.3921568627450981,0.1428571428571428,0.1753302794927969,0.0339306811744659,1,0,1,1
0.3921568627450981,0.3,0.5918033149660318,0.2446828780528086,0,0,3,1
0.607843137254902,0.5571428571428572,0.5318329682002259,0.4380698637676772,0,1,1,1
0.9215686274509804,0.4857142857142857,0.9536170306933104,0.5949447619524993,0,1,1,1
0.1372549019607843,0.7000000000000001,0.8967447830224171,0.8203342461756852,0,1,4,12
0.607843137254902,0.3857142857142857,0.8912124632100733,0.4423384701199161,0,0,3,12
0.0784313725490196,0.1714285714285714,0.3844519683993893,0.0905005595617585,1,1,2,24
0.4901960784313726,0.1857142857142857,0.5830622496625286,0.1381637184846881,1,0,1,1
0.3921568627450981,0.3428571428571428,0.0279492796919604,0.0771951031036318,1,0,3,24
0.3333333333333333,0.7428571428571429,0.4679899975657792,0.5428619808711169,0,1,3,1
0.9607843137254902,0.3,0.5612649096018942,1.0,1,1,1,1
0.0588235294117647,0.0857142857142857,0.6908318396069839,0.0663974729593346,0,1,3,1
0.3921568627450981,0.7857142857142857,0.399610524685211,0.5182431913559837,0,1,3,1
0.6666666666666666,0.8571428571428572,0.8874504857376797,1.0,1,1,2,1
0.4901960784313726,0.2571428571428571,0.0726504237756976,0.063168305188164,0,1,4,24
0.4117647058823529,0.3142857142857143,0.5743211843590255,0.2511669184132287,1,1,2,24
0.7843137254901961,0.5714285714285715,1.0000000000000002,0.7503817968760291,0,1,3,24
0.1960784313725491,0.3999999999999999,0.0979884485162318,0.1242236743302368,0,1,1,1
0.5030496196232563,0.3714285714285714,0.4978645245524353,0.2703266471888407,0,1,1,24
0.7843137254901961,0.2857142857142857,0.2233508154639403,0.1174793726867671,0,0,2,12
0.7058823529411765,0.5428571428571429,0.6648299364889687,0.5021230573182098,1,0,2,1
0.3921568627450981,0.3428571428571428,0.8875611321339265,0.3894074300419277,0,1,2,1
0.823529411764706,0.0285714285714285,0.9901303414547792,0.0200597187186019,0,1,2,12
0.3921568627450981,0.3571428571428571,0.831684702029255,0.3825972598021307,1,0,4,1
0.9607843137254902,0.6714285714285715,0.0,0.1423648496894697,1,0,1,24
0.2549019607843137,0.7857142857142857,0.0448781783177322,0.2292808723701159,1,0,2,24
0.4901960784313726,0.4285714285714285,0.9138949744406826,0.5028556446334604,0,0,3,1
0.5686274509803921,0.3571428571428571,0.5185554006506008,0.2667440381690843,1,0,0,1
0.1176470588235294,0.9285714285714286,0.7706078913009804,0.9710833649020628,0,1,1,12
0.9019607843137256,0.0571428571428571,0.8317953484255018,0.0457115206102837,0,0,2,1
0.7843137254901961,0.2285714285714285,0.3043439775166524,0.1102274008862378,0,1,3,1
0.6862745098039217,0.3428571428571428,0.7166124499325057,0.3265462974298073,0,0,1,24
0.2352941176470588,0.0857142857142857,0.1442386421474252,0.0082114041353268,0,0,4,24
0.3921568627450981,0.0428571428571428,0.1367146872026378,0.0,1,0,1,12
0.823529411764706,0.6857142857142857,0.5276284051428446,0.5424394579239439,0,0,3,1
0.3921568627450981,0.9714285714285714,1.0000000000000002,1.0,0,0,4,1
0.6666666666666666,0.3428571428571428,0.4949877182500167,0.2474204411782188,0,0,1,12
0.1568627450980392,0.9,0.6746774657549404,0.8525664814955832,0,1,3,1
0.3921568627450981,0.9,0.8528181637124079,1.0,0,0,2,24
0.6470588235294118,0.8142857142857143,0.5901436190223286,0.6999746486231696,1,0,1,24
0.9803921568627452,0.5142857142857143,0.2243466330301622,0.2336619373014503,0,1,3,1
0.0196078431372549,0.7714285714285715,0.7093097877802119,0.7564304618802367,0,1,1,12
0.1372549019607843,0.9285714285714286,1.0000000000000002,1.0,0,1,3,1
0.6470588235294118,0.0,0.999867224324504,0.0,1,0,2,1
0.1960784313725491,0.1142857142857142,0.2138352253867092,0.0324221296634564,1,1,3,1
0.0392156862745098,0.2857142857142857,0.0,0.041364193252678,0,0,3,12
0.4313725490196078,0.5142857142857143,0.7021177720241654,0.4947040042001672,0,0,2,1
0.6470588235294118,0.3285714285714285,0.3119785788576866,0.1699364801814245,1,1,1,12
0.2156862745098039,0.3142857142857143,0.9112394609307576,0.3641636921372495,0,0,1,1
0.6470588235294118,0.3714285714285714,0.931045165858948,0.442466994210311,1,0,1,24
1.0,0.6428571428571429,0.466440948018323,0.4670359806404162,0,0,3,12
0.4117647058823529,0.5428571428571429,0.9818318617362634,0.6819877021724106,0,0,3,1
0.4901960784313726,0.0,0.498085817344929,0.0,1,1,0,1
0.3921568627450981,0.1428571428571428,0.2286618424837903,0.0470369252924806,0,0,3,1
0.5098039215686275,0.7428571428571429,0.4666622408108169,0.5405501537951396,0,0,2,24
1.0,0.7714285714285715,0.5804067361526035,0.6523323748649291,1,1,3,1
0.0588235294117647,0.8285714285714286,0.3117572860651929,0.4717945850872854,1,0,3,12
0.2941176470588236,0.6714285714285715,0.470866803868198,0.490094809008382,1,0,3,24
0.9411764705882354,0.5571428571428572,0.0791785611542632,0.1746356422364862,1,0,3,1
0.7843137254901961,0.1428571428571428,0.9738653212064884,0.1674977355661823,1,1,3,24
0.7450980392156864,0.2428571428571428,0.2804443559273274,0.1164752782305574,1,1,1,1
0.2352941176470588,0.5857142857142857,0.5701166213016442,0.4846068303485219,1,0,3,24
0.607843137254902,0.7000000000000001,0.3559051981676956,0.4289880302301512,0,1,2,24
0.6470588235294118,0.3428571428571428,0.1239903516342472,0.1129231936822698,0,0,3,12
0.0392156862745098,0.8142857142857143,0.570337914094138,0.6811683610961433,0,0,1,1
0.5294117647058824,0.3428571428571428,0.927725773971542,0.4043820931240575,1,0,2,1
0.1960784313725491,0.3857142857142857,0.2237934010489279,0.1722531269107917,0,1,2,1
0.6666666666666666,0.0,0.8989577109473545,0.0,0,1,3,1
0.7058823529411765,0.3999999999999999,0.7791276638119897,0.4112693778180914,0,1,3,24
0.2941176470588236,0.1999999999999999,0.035362588240501,0.0323241300445303,0,1,4,12
0.2352941176470588,0.0571428571428571,0.5312797362189914,0.0242672761279033,1,0,3,1
0.7058823529411765,0.5142857142857143,0.8200668304233332,0.5564501903281123,1,0,3,24
0.3137254901960784,0.5714285714285715,0.8469539047113237,0.6376966940712157,0,1,2,1
0.8627450980392156,0.8,1.0000000000000002,1.0,1,1,4,1
0.3921568627450981,0.1142857142857142,0.2899599460045586,0.0392708571303719,0,0,2,24
0.1960784313725491,0.1857142857142857,0.8783774812454359,0.2031760230597923,0,0,3,24
0.5882352941176471,0.7857142857142857,0.968222354997898,0.9806439506763096,1,0,3,24
0.4705882352941176,0.7000000000000001,0.3606629932063113,0.4306443844451148,0,1,2,1
0.3725490196078431,0.5571428571428572,0.7867622651530239,0.5878454125093139,0,0,3,1
0.6470588235294118,0.8714285714285714,0.8517116997499392,0.9841494452418292,1,0,2,1
0.1372549019607843,0.8285714285714286,0.1970169731571843,0.3746512579134692,1,0,2,1
0.4313725490196078,0.1714285714285714,0.831574055633008,0.1745006919415716,0,0,1,1
0.9215686274509804,0.4428571428571428,0.7459337449379275,0.4420846350413863,1,0,2,1
0.6862745098039217,1.0,0.2264489145588528,0.4899614652645973,0,0,2,1
0.6666666666666666,0.4857142857142857,0.4644493128858794,0.3457413703302779,0,0,4,24
0.7843137254901961,0.4714285714285714,0.9965478324370978,0.5933414239248236,1,1,2,24
0.0784313725490196,0.6857142857142857,0.0421120184115603,0.1945938269236762,0,1,2,24
0.9019607843137256,0.6142857142857143,0.8400938281440176,0.6816856705599826,0,0,2,1
0.2549019607843137,0.7285714285714286,0.4336896147292483,0.5003060479902527,0,1,1,12
0.4509803921568628,0.0142857142857142,0.0453207639027197,0.0,1,0,3,1
0.3529411764705882,0.3285714285714285,0.4671048263958042,0.2261705893825606,0,1,1,1
0.5030496196232563,0.7142857142857143,0.6596295558653655,0.666005731531811,0,0,1,1
0.0,0.4142857142857142,1.0000000000000002,0.5156036278494994,0,0,2,12
0.4313725490196078,0.5142857142857143,0.6217884883489346,0.4497029004995409,1,1,3,24
0.3137254901960784,0.2428571428571428,0.028281218880701,0.0470353187413507,0,1,2,24
0.9215686274509804,0.1571428571428571,0.6647192900927217,0.1297984067511134,0,0,1,24
0.8627450980392156,0.8,0.0269534621257385,0.2225558493402054,0,1,3,12
0.2549019607843137,0.3428571428571428,0.4848082497953043,0.2418200039392633,0,1,3,24
0.4901960784313726,0.4285714285714285,0.8814755803403485,0.4854631221007776,0,0,2,24
0.6470588235294118,0.3,0.7021177720241654,0.2791193015229783,0,0,3,1
0.1372549019607843,0.7571428571428571,0.0286131580694417,0.2084728221351899,0,1,4,1
0.3529411764705882,0.5285714285714286,0.7064329814777934,0.5080785423568811,0,0,3,12
0.0392156862745098,0.3571428571428571,0.6471265130894688,0.3156490611154541,1,1,2,1
0.4901960784313726,0.6428571428571429,0.1767686826440063,0.2720119193241432,0,0,3,1
0.4509803921568628,0.1285714285714285,0.8274801389718738,0.1273114656019731,1,1,2,12
0.1568627450980392,0.4571428571428571,0.484918896191551,0.3324744710992697,0,1,2,1
0.1176470588235294,0.4857142857142857,0.3294607094646928,0.2760989853986993,1,0,2,24
0.8039215686274509,0.7857142857142857,1.0000000000000002,1.0,0,0,1,1
0.0588235294117647,0.1142857142857142,0.3412998738631083,0.0474417761772244,1,0,4,24
0.1372549019607843,0.8714285714285714,0.664387350903981,0.8172930448867172,1,0,0,1
0.4705882352941176,0.3142857142857143,0.3604417004138175,0.1795034921601911,0,1,2,1
0.607843137254902,0.3999999999999999,0.4679899975657792,1.0,0,1,2,1
0.7254901960784313,0.9714285714285714,0.0599260882073071,0.3044112359615545,0,0,1,1
0.2156862745098039,0.1999999999999999,0.0,0.0213433530714205,1,1,2,1
0.1764705882352941,0.9428571428571428,0.4458607183164044,0.6713121699139885,1,0,4,24
0.6274509803921569,0.1285714285714285,1.0000000000000002,0.1565362372066317,0,1,3,1
0.3921568627450981,0.0999999999999999,0.0,0.0,1,1,2,1
0.5294117647058824,0.2714285714285714,0.5568390537520194,0.2078269885809558,1,1,3,1
0.0392156862745098,0.7714285714285715,0.76142424041249,0.7976433180164747,0,1,2,24
0.3725490196078431,0.6285714285714286,0.2600854190179026,0.3193618007767353,0,0,3,1
0.9803921568627452,0.8,0.0748633517006351,0.2587996428315527,1,0,1,1
0.0784313725490196,0.9428571428571428,0.8115470579123241,1.0,0,0,3,1
0.1960784313725491,0.2142857142857142,0.2366283830135653,0.0858351350804255,1,1,4,1
0.7450980392156864,0.7428571428571429,0.7326561773883025,0.7457822409910235,0,0,1,1
0.2156862745098039,0.2714285714285714,0.3154086171413398,0.1418796712482291,0,1,2,24
0.5030496196232563,0.1857142857142857,1.0000000000000002,0.1008740602077527,0,0,1,1
0.1372549019607843,0.2571428571428571,0.9436588550310918,0.3036577634816148,1,0,2,24
0.5490196078431373,0.6428571428571429,0.2834318086259931,0.3416012880684339,0,0,3,12
0.0196078431372549,0.9571428571428572,0.0196507999734448,0.2608206841530117,0,1,1,24
0.1176470588235294,0.6142857142857143,0.5764234658877161,0.5158333646610803,0,0,3,24
0.0784313725490196,0.6142857142857143,1.0000000000000002,0.7972577457452903,0,1,2,1
0.7843137254901961,0.2428571428571428,0.8928721591537765,0.2719637227902451,1,1,2,24
0.3921568627450981,0.7142857142857143,0.5118059704795415,0.5520610926411282,0,0,3,1
0.2352941176470588,0.4142857142857142,0.5978888667596098,0.3473495280113435,0,0,2,1
0.0392156862745098,0.3142857142857143,0.6371683374272501,0.2729565713885453,0,1,2,12
0.8039215686274509,0.5428571428571429,0.0489720949788665,0.1555016182789531,1,0,1,12
0.9019607843137256,0.4999999999999999,0.9332580937838856,0.5995298588773356,0,0,2,1
0.0,0.4714285714285714,0.8664276704507736,0.5309156666689158,1,0,2,12
0.4705882352941176,0.7142857142857143,0.4824846754741198,0.5268253874920997,0,0,4,1
0.7843137254901961,0.6714285714285715,0.0,0.1518338620493102,1,1,2,24
0.0196078431372549,0.8428571428571429,0.3219367545199053,0.4911181820781509,0,1,3,12
0.5030496196232563,0.6714285714285715,0.5517493195246632,0.5484110084739144,0,0,2,1
0.3137254901960784,0.1142857142857142,0.0377968089579322,0.0073374403206419,1,0,3,1
0.7450980392156864,0.9571428571428572,0.4007169886476797,0.6396438340406978,0,0,4,12
0.0980392156862745,0.9714285714285714,0.4707561574719511,0.7189383781609294,1,1,0,1
0.7450980392156864,0.4571428571428571,0.768394963376043,0.4677075190127293,1,1,1,1
0.8823529411764707,0.9,0.0558321715461727,0.2772380301498237,0,0,3,1
0.7058823529411765,0.9142857142857144,0.7064329814777934,0.8969779809315233,0,0,2,1
0.1372549019607843,0.9714285714285714,0.0,0.2211051336698736,0,1,2,1
0.2549019607843137,0.0428571428571428,0.0695523246807851,0.0,1,1,2,1
0.2352941176470588,0.6142857142857143,0.7082033238177434,0.5976775054245198,0,0,3,12
0.5490196078431373,0.3285714285714285,0.321272876142424,0.174116726221517,0,0,2,12
0.8431372549019608,0.4857142857142857,0.4124455066498484,0.3164202056578232,1,1,0,24
0.607843137254902,0.2285714285714285,0.682090774303481,0.2033093668035769,0,1,2,1
0.3529411764705882,0.6285714285714286,0.2248998650113966,0.2980990965720376,0,0,3,12
0.9215686274509804,0.3142857142857143,0.4794972227754543,0.2175353770591567,1,1,3,1
0.7450980392156864,0.3142857142857143,1.0000000000000002,0.4081526686260163,0,0,2,12
0.8039215686274509,0.1999999999999999,0.994556197304654,0.2428771145827609,1,1,2,1
0.8431372549019608,0.8285714285714286,0.3949633760428423,0.5447737767157403,0,0,2,12
0.6666666666666666,0.2428571428571428,0.507048175440926,0.1692344173376427,1,1,4,1
1.0,0.2285714285714285,0.3056717342716148,0.1106306452198516,0,0,2,1
0.1372549019607843,0.0857142857142857,0.7407333643143243,0.0678658606920958,1,1,1,1
0.2156862745098039,0.9,0.023966009427073,0.2495073510960052,1,0,2,12
0.2745098039215686,0.1428571428571428,0.4627896169421762,0.0849483188567011,1,0,2,1
0.5030496196232563,0.9285714285714286,0.6792139680010623,0.8835777379567303,0,0,2,12
0.2745098039215686,0.0285714285714285,0.3920865697404236,0.0,0,1,4,1
0.0,0.7285714285714286,0.8028059926088209,0.7850463506066496,1,1,3,12
0.9803921568627452,0.7142857142857143,0.1966850339684436,0.319792356479558,1,1,2,1
0.6666666666666666,1.0,0.9413352807099074,1.0,1,0,2,1
0.9019607843137256,0.8,0.7743698687733742,0.8376319821917019,1,0,1,24
0.4117647058823529,0.5142857142857143,0.624997233840094,0.4497029004995409,1,1,4,12
0.7058823529411765,0.1571428571428571,0.5932417181172409,0.1163226558732135,0,0,2,1
0.1568627450980392,0.2142857142857142,0.6564208103742062,0.1808562082115969,0,1,3,12
0.3921568627450981,0.5857142857142857,0.2599747726216557,0.2936425237375961,0,1,1,1
0.5686274509803921,0.6571428571428571,0.852928810108655,0.7389672510978367,1,0,1,1
0.5030496196232563,0.6285714285714286,0.4456394255239107,0.4373308502479068,0,0,3,1
0.9411764705882354,0.7857142857142857,0.1666998605855407,0.3304630690845903,1,0,1,1
0.823529411764706,0.0142857142857142,0.0,0.0,0,0,2,1
0.8431372549019608,0.8142857142857143,0.040673615260351,0.2370887108616029,0,1,2,1
0.6470588235294118,0.3999999999999999,0.4394432273340857,0.2691345862504285,0,1,2,1
0.8039215686274509,0.7714285714285715,0.5371439952200756,0.6205692524749723,0,1,2,1
0.5030496196232563,0.8714285714285714,0.6419261324658656,0.7956029980814565,0,0,2,1
0.2156862745098039,0.5428571428571429,0.7567770917701211,0.5539696753834916,1,0,2,1
0.607843137254902,0.2142857142857142,0.2481356082232401,0.0887221074609198,0,1,1,1
0.1960784313725491,0.4285714285714285,0.4854721281727853,0.3085513182233986,1,0,3,1
0.4901960784313726,0.3857142857142857,0.4704242182832105,0.2689658983817852,0,0,1,1
0.9019607843137256,0.0285714285714285,0.5186660470468476,0.0018992647458098,1,0,1,1
0.8823529411764707,0.9857142857142858,1.0000000000000002,1.0,0,0,2,1
0.0,0.8,0.7366394476531899,0.8076714101695328,1,1,2,1
0.4901960784313726,0.7571428571428571,0.2547743919980527,0.3849540703097461,0,0,1,1
0.5030496196232563,0.2285714285714285,0.0,0.0337925177772915,1,0,0,24
0.6862745098039217,0.1857142857142857,0.7816725309256678,0.1786391676522857,1,0,1,1
0.1568627450980392,0.8285714285714286,0.8271481997831331,0.9139672591305924,0,1,1,1
0.9803921568627452,0.9,1.0000000000000002,1.0,1,1,3,1
0.4901960784313726,0.7142857142857143,1.0000000000000002,0.917169115532554,0,1,3,1
0.8627450980392156,0.7142857142857143,0.1784283785877094,0.3070989960019368,1,1,4,24
0.6666666666666666,0.8142857142857143,0.0746420589081413,0.2657752878377331,1,1,2,1
0.3725490196078431,0.1714285714285714,0.4205226935758703,0.0966118800600336,0,0,2,12
0.6666666666666666,0.4714285714285714,0.0,0.080658827339773,1,1,1,24
0.5294117647058824,0.8428571428571429,0.3306778198234083,0.4967395044817956,0,0,2,24
0.4117647058823529,1.0,0.4263869525769545,0.6944368668782814,0,0,2,1
0.5686274509803921,0.2571428571428571,0.0121268450286574,0.0468698439749673,1,1,1,12
0.6274509803921569,0.8142857142857143,0.2902918851932992,0.4455740640956064,1,0,3,1
0.6666666666666666,0.6714285714285715,0.0876983336652725,0.2209428720057501,1,0,4,24
0.8627450980392156,0.0428571428571428,0.6625063621677842,0.0184435282818867,0,1,2,24
0.3725490196078431,0.1571428571428571,0.5474341100710352,0.1085212435862462,0,0,3,24
0.6470588235294118,0.8857142857142858,0.1562990993383345,0.3662747003219849,0,1,3,1
0.7058823529411765,0.4285714285714285,0.1618314191506782,0.1624081815865463,0,0,1,24
0.7058823529411765,0.8571428571428572,0.6128261302529376,0.7587969116946317,1,0,2,12
0.2549019607843137,0.2428571428571428,0.8668702560357611,0.2655776820487511,0,0,3,1
0.8431372549019608,0.2428571428571428,0.7915200601916397,0.245744808349696,1,1,3,1
0.2156862745098039,0.3,0.678550089623581,0.2730336858427822,0,0,2,12
0.2941176470588236,0.9285714285714286,0.944986611786054,1.0,0,1,3,12
0.3725490196078431,0.8285714285714286,0.2340835158998872,0.4065429043938208,1,0,2,1
0.3529411764705882,0.0428571428571428,0.3460576689017239,0.0013433980548521,1,0,0,12
0.5098039215686275,0.6857142857142857,0.6384960941822126,0.6176919194012576,0,0,3,1
0.7843137254901961,0.0,0.3483812432229082,0.0,1,0,3,1
0.6862745098039217,0.3999999999999999,0.7641904003186617,0.405440810318685,0,1,3,12
0.7843137254901961,0.8857142857142858,0.0,0.2220867364102643,0,1,3,12
0.2745098039215686,0.8571428571428572,0.0989842660824537,0.3010824620203279,0,0,4,1
0.6862745098039217,0.3428571428571428,0.8416428776914737,0.3749324043612079,1,1,2,12
0.4705882352941176,0.9142857142857144,0.225453096992631,0.4443418393789458,0,1,3,1
0.0784313725490196,0.6142857142857143,0.1089424417446723,0.2119204808600318,1,0,3,1
0.9411764705882354,0.6142857142857143,0.1788709641726969,0.258566692917712,0,0,2,1
0.0784313725490196,0.9714285714285714,0.5660227046405097,0.8155210189903983,0,0,3,1
0.5030496196232563,0.2285714285714285,0.7384097899931401,0.2178856052054827,1,0,4,24
0.7647058823529412,0.1714285714285714,0.0147823585385824,0.0224084964705678,1,0,4,1
0.6862745098039217,0.7000000000000001,0.0757485228706101,0.2243760717704225,0,1,1,1
0.4901960784313726,0.5571428571428572,0.8548097988448518,0.6247655640263641,0,0,3,1
0.0784313725490196,0.1857142857142857,0.2466972050720309,0.0736365923508244,0,1,3,1
0.6274509803921569,0.5285714285714286,0.1227732412755316,0.1878350663200372,0,0,1,12
0.9411764705882354,0.7571428571428571,0.4481842926375889,0.5376631814146453,0,0,3,1
0.5030496196232563,0.9285714285714286,0.8862333753789642,1.0,0,1,4,24
0.8431372549019608,0.6285714285714286,0.2504591825444245,0.3123990081795944,1,0,4,1
0.9215686274509804,0.2714285714285714,1.0000000000000002,0.1036662460715808,0,1,1,1
0.2352941176470588,0.1714285714285714,0.5300626258602756,0.1161732466181295,0,0,0,1
0.6666666666666666,0.3285714285714285,0.8913231096063203,0.37138835256857,1,0,3,1
0.4705882352941176,0.1714285714285714,0.1082785633671911,0.0354472654411251,0,1,2,24
0.0392156862745098,0.5714285714285715,0.2427139348071433,0.2750225961416425,0,0,2,12
0.3529411764705882,0.1571428571428571,0.1416937750337472,0.0382410578560832,0,0,3,1
0.5490196078431373,0.4571428571428571,0.0,0.0721874832316225,0,0,3,12
0.9215686274509804,0.8714285714285714,0.3698466440948019,0.5533800711188054,1,1,1,1
0.7450980392156864,0.9285714285714286,0.7115227157051496,0.9165313147339696,1,1,4,24
0.6862745098039217,0.9285714285714286,0.2721458762088118,0.4948791182733302,0,0,3,1
0.8431372549019608,0.1571428571428571,0.6511097833543562,0.130654698503369,1,1,2,12
0.5686274509803921,0.6571428571428571,0.4434264975989732,0.4606194154274534,0,0,1,1
0.0588235294117647,0.5857142857142857,1.0000000000000002,0.7657693435985523,1,1,1,1
0.7647058823529412,0.3571428571428571,0.0,0.0630028304217807,0,0,2,1
0.7647058823529412,0.5428571428571429,0.9273938347828012,0.6493441897632488,0,1,3,1
0.6666666666666666,0.2428571428571428,0.7804554205669523,0.2403949930870104,0,1,4,1
0.0588235294117647,0.0999999999999999,0.6514417225430968,0.0739113125940434,1,0,1,12
0.5030496196232563,0.9285714285714286,0.3044546239128992,0.524499101455953,1,0,0,1
0.5294117647058824,0.7285714285714286,0.8596782402797143,0.8265981890313042,0,1,3,12
0.2745098039215686,0.8714285714285714,0.877381663679214,1.0,1,0,2,24
0.0588235294117647,0.1714285714285714,0.4361238354466795,0.0982650211727373,1,0,2,12
0.6274509803921569,0.9142857142857144,0.5845006528137378,0.7821143947945172,0,0,3,1
0.4509803921568628,0.3285714285714285,0.9498550532209168,0.3964875008715539,0,0,1,1
0.8431372549019608,0.0142857142857142,0.0223063134833698,0.0,1,1,2,1
0.4705882352941176,0.5714285714285715,0.1976808515346655,0.249786890992614,1,0,4,1
0.1960784313725491,0.1571428571428571,0.6427006572395937,0.1257113406765572,0,1,2,12
0.2745098039215686,0.0857142857142857,0.3665272522073956,0.0303320066434102,1,0,3,24
0.2156862745098039,0.4428571428571428,0.4987496957224103,0.3298734648199039,0,1,1,1
0.0196078431372549,0.1428571428571428,0.9309345194627012,0.1550678494738705,0,1,1,1
0.8823529411764707,0.5285714285714286,0.4338002611254952,0.3610405567406547,0,1,2,12
0.7450980392156864,0.0285714285714285,0.7820044701144084,0.0143548556562006,1,0,3,1
0.1764705882352941,0.1142857142857142,0.7700546593197461,0.1047924384136657,0,0,1,12
0.0392156862745098,0.0142857142857142,0.061807076943504,0.0,1,0,2,1
0.2352941176470588,0.7428571428571429,0.132178184956516,0.2813989975763569,0,1,2,1
0.2352941176470588,0.8857142857142858,0.6262143441988095,0.7994169504639236,1,1,2,1
0.5490196078431373,0.6714285714285715,0.0927880678926287,0.2253914120845418,0,1,2,1
0.5686274509803921,0.0285714285714285,0.0218637278983823,0.0,1,0,3,1
0.5030496196232563,0.7000000000000001,0.1121511872358317,0.2503925607685997,1,0,2,12
0.7450980392156864,0.0428571428571428,0.2222443515014716,0.0,1,1,2,1
0.0196078431372549,0.8714285714285714,0.0,0.1687267471805831,1,1,3,1
0.5030496196232563,0.4571428571428571,1.0000000000000002,0.5979200946451401,0,0,2,24
0.2745098039215686,0.9,0.2400584212972183,0.4506909294444514,0,1,1,1
0.6470588235294118,0.1857142857142857,0.7113014229126557,0.1670655733122296,0,0,2,12
0.5882352941176471,0.5285714285714286,0.5793002721901348,0.4373340633501666,0,0,2,1
0.2745098039215686,0.6,0.2256743897851247,0.2839951842023328,0,1,2,24
0.9411764705882354,0.9857142857142858,0.4797185155679479,0.7390427590009435,1,0,3,1
0.5030496196232563,0.7857142857142857,0.7400694859368431,0.7929120249388144,1,1,1,1
0.4509803921568628,0.3142857142857143,0.4622363849609418,1.0,0,1,2,24
0.9607843137254902,0.8714285714285714,0.1298546106353316,0.3357020323193103,0,1,1,24
0.4509803921568628,0.7571428571428571,0.5632565447343381,0.6275850612594011,1,1,0,1
0.5294117647058824,0.8857142857142858,0.888778242492642,1.0,1,0,2,12
0.8627450980392156,0.4571428571428571,0.4968687069862135,0.3380524166224061,1,0,4,12
0.9803921568627452,0.0428571428571428,1.0000000000000002,0.0415730448995696,0,1,4,1
0.5686274509803921,0.1428571428571428,0.7676204386023147,0.1326323629443198,0,1,1,1
0.7647058823529412,0.2428571428571428,0.6851888733983935,0.2187049462817498,0,0,3,24
0.2941176470588236,0.7714285714285715,0.3725021576047269,0.4873363607182825,0,0,2,12
0.6666666666666666,0.8428571428571429,0.1834074664188187,0.3686652484033291,0,1,3,1
0.1372549019607843,0.2571428571428571,0.4976432317599417,0.1808803064785459,1,0,2,1
0.3725490196078431,0.3428571428571428,0.5089291641771228,0.252256160079325,0,0,3,1
0.6470588235294118,0.4857142857142857,0.5225386709154884,0.3760569901521629,1,0,2,1
0.0784313725490196,0.3999999999999999,0.2551063311867933,0.1917486248725603,1,0,1,24
0.5294117647058824,0.3142857142857143,0.1587333200557658,0.1139995829393266,1,1,3,24
0.4509803921568628,0.7285714285714286,0.7607603620350087,0.7494467841184066,0,0,2,1
0.3333333333333333,0.2857142857142857,0.7472615016928901,0.2790582525800407,0,0,3,1
0.3529411764705882,0.8857142857142858,0.529730686671535,0.7087528439971376,0,1,2,1
0.2549019607843137,0.4142857142857142,0.6013189050432628,0.3485158841316767,0,1,3,1
0.9019607843137256,0.5857142857142857,0.3152979707450928,0.3291183857888342,0,0,2,1
0.9019607843137256,0.7857142857142857,0.3883245922680299,0.5100562067978319,1,1,3,1
0.8431372549019608,0.0714285714285714,0.8674234880169955,0.0665163577429499,0,1,1,12
0.4705882352941176,0.9571428571428572,0.1839606984000531,0.4252351267906216,1,0,1,1
0.3725490196078431,0.9,0.4897873376264135,0.6853903774656142,0,0,2,12
0.5490196078431373,0.6428571428571429,1.0000000000000002,0.8409189858035502,1,0,2,1
0.4313725490196078,0.4571428571428571,0.9331474473876388,0.5459160345691245,1,0,3,1
0.2156862745098039,0.5857142857142857,0.4942131934762885,0.4361291500027149,0,1,3,1
0.4117647058823529,0.9857142857142858,0.0,0.2175578687749758,1,0,3,1
0.7058823529411765,0.8571428571428572,0.4196375224058953,0.586846137706494,0,0,1,1
0.6862745098039217,0.3571428571428571,0.7837748124543584,0.3678571531849715,1,1,2,1
0.6862745098039217,0.2714285714285714,0.903051627608489,0.3076082727101264,0,0,4,24
0.2745098039215686,0.5571428571428572,0.6550930536192436,0.5085685404515115,0,0,4,1
0.2745098039215686,0.0142857142857142,0.3398614707118989,0.0,0,0,2,1
0.607843137254902,0.1999999999999999,0.9525105667308418,0.2335896425006032,0,1,2,1
0.0588235294117647,0.1285714285714285,0.5546261258270817,0.0843844194100937,0,0,4,12
0.5294117647058824,0.6714285714285715,0.4853614817765386,0.4998674595317802,0,0,4,12
0.9411764705882354,0.1857142857142857,0.0,0.0229209862810172,0,0,3,1
0.5030496196232563,0.8857142857142858,0.070548142247007,0.2881850695492049,0,1,1,24
0.2156862745098039,0.8571428571428572,0.6118303126867157,0.7541491592757281,0,1,3,1
0.5030496196232563,1.0,0.240390360485959,0.5045409167687629,0,0,3,1
0.5294117647058824,0.7571428571428571,0.5816238465113193,0.6401418648909777,1,1,2,24
1.0,0.8714285714285714,0.90548584832592,1.0,0,0,3,1
0.8039215686274509,0.0999999999999999,0.135718869636416,0.011050179981923,1,0,3,12
0.9019607843137256,0.6857142857142857,0.3981721215340016,0.4478955304783634,1,0,3,1
0.7058823529411765,0.5857142857142857,0.9973223572108258,0.7425964501003612,0,1,3,1
0.3921568627450981,0.6,0.6009869658545222,0.5172985392915815,0,0,2,24
0.7058823529411765,0.4285714285714285,0.8722919294518579,0.4849763371084071,0,1,2,12
0.2745098039215686,0.0428571428571428,0.0,0.0,0,0,2,12
0.8823529411764707,0.3142857142857143,0.7195999026311715,0.2989296835062142,1,1,0,24
0.9019607843137256,0.9428571428571428,0.3065569054415898,0.5348950938177663,1,0,1,24
0.7450980392156864,1.0,0.0450994711102259,0.3017973772731493,1,0,3,12
0.1372549019607843,0.4428571428571428,0.5939055964947222,0.3682379058027662,0,0,2,1
0.6666666666666666,0.6714285714285715,0.2325344663524309,0.3229685080634407,0,1,3,1
0.9607843137254902,0.2857142857142857,0.0331496603155635,0.0601399563082354,1,1,3,24
0.6666666666666666,0.7285714285714286,0.7178295602912212,0.7212550248902966,1,0,2,12
0.823529411764706,0.0999999999999999,0.3948527296465955,0.0408918672204769,0,0,3,1
0.7450980392156864,0.4714285714285714,0.2601960654141494,0.2318963376096511,1,1,3,12
0.8823529411764707,0.2285714285714285,0.4614618601872138,0.1473194533741911,0,1,3,12
0.5294117647058824,0.3,0.9736440284139948,0.3639371684279286,1,1,1,1
0.2156862745098039,0.1571428571428571,1.0000000000000002,0.1894432240011027,0,1,4,24
0.0392156862745098,0.3,0.9075881298546108,0.3429572172220995,0,1,4,1
0.9803921568627452,0.4714285714285714,0.5953439996459315,0.3966529756379373,0,1,3,1
0.9019607843137256,0.7571428571428571,0.3649782026599393,0.4728340236683538,0,0,2,1
0.6666666666666666,0.5142857142857143,0.6407090221071499,0.4608138081141755,0,1,3,24
0.3529411764705882,0.3571428571428571,0.0,0.0715046990013999,1,1,2,1
0.5490196078431373,0.9857142857142858,0.1482219124123128,0.4037651774901622,0,0,3,1
0.2352941176470588,0.5285714285714286,0.7111907765164089,0.5088978834331483,1,0,2,12
0.6862745098039217,0.2428571428571428,0.5001880988736198,0.1704136258670154,1,1,2,1
0.6470588235294118,0.3999999999999999,0.0,0.0842478625640491,0,0,3,1
0.1176470588235294,0.6428571428571429,0.7386310827856337,0.6484573735395245,0,0,2,12
0.4509803921568628,0.3999999999999999,0.0,0.064890527999455,1,0,1,24
0.8823529411764707,0.2571428571428571,0.0049348292726106,0.045828798842769,1,0,2,12
0.5030496196232563,0.6,0.1773219146252406,0.2521967176875174,0,0,2,1
0.0392156862745098,0.2714285714285714,0.8638828033370953,0.298262964787291,1,1,2,12
0.5030496196232563,0.5857142857142857,0.8972980150036516,0.6846176263721151,1,0,3,1
0.5294117647058824,0.6714285714285715,0.054725707583704,0.2002296082874904,1,1,3,24
0.1372549019607843,0.8285714285714286,0.1436854101661909,0.3282653071388384,0,0,2,24
0.7058823529411765,0.0714285714285714,0.7080926774214964,0.0504894036707122,0,0,1,1
0.2549019607843137,0.0428571428571428,0.3469428400716989,0.0016920196500481,0,0,4,1
0.0980392156862745,0.4142857142857142,0.4808249795304167,0.296964871474303,1,1,3,1
0.5490196078431373,0.2714285714285714,0.8351147403129082,0.2899956526726424,1,0,1,1
0.2549019607843137,0.6,0.6827546526809622,0.5682615542353988,0,1,3,1
0.1372549019607843,0.2142857142857142,0.1902675429861249,0.0769830383544803,0,1,3,1
0.6666666666666666,0.0,0.5860497023611941,0.0,0,0,4,24
0.6666666666666666,0.0428571428571428,0.0385713337316603,0.0,0,1,3,1
0.9803921568627452,0.8285714285714286,0.8138706322335083,0.9045833939806384,0,1,2,1
0.0196078431372549,0.8428571428571429,1.0000000000000002,0.7912974410532291,1,0,2,1
0.1960784313725491,0.3999999999999999,0.6372789838234969,0.3557501838697767,0,0,1,12
0.9215686274509804,0.5285714285714286,0.8849056186240016,0.6085024469380259,0,0,2,12
0.8823529411764707,0.4571428571428571,0.8385447785965612,0.5011237825153899,0,1,4,12
0.4313725490196078,0.8428571428571429,0.3408572882781208,0.5080608702944518,1,0,2,24
0.3333333333333333,0.4142857142857142,0.0633561264909602,0.1161234435331015,1,0,1,1
0.6470588235294118,0.1571428571428571,0.0415587864303259,0.0201239807637993,0,0,2,1
0.0980392156862745,0.8714285714285714,0.7267919183872182,0.872760829198874,1,0,4,1
0.607843137254902,0.1999999999999999,1.0000000000000002,0.2445302556954647,0,1,4,24
0.3529411764705882,0.2142857142857142,0.5872668127199097,0.1670221964317214,1,1,3,12
0.2549019607843137,0.1285714285714285,0.6542078824492685,0.1016773357727205,0,0,3,12
0.3333333333333333,0.2857142857142857,0.9084733010245858,0.3271326885922338,0,0,2,1
0.2352941176470588,0.1571428571428571,0.0402310296753634,0.0205031268304641,0,0,1,1
0.3333333333333333,0.0428571428571428,0.2776781960211555,0.0,0,0,2,1
0.9607843137254902,0.7142857142857143,0.2345261014848746,0.3461076639879032,0,0,1,1
0.7450980392156864,0.9285714285714286,0.8872291929451859,1.0,1,0,3,1
0.9803921568627452,0.4571428571428571,0.2312067095974685,0.2108039278247265,0,0,2,24
0.7450980392156864,0.7714285714285715,0.7849919228130742,0.8165186872420881,1,0,2,24
0.5686274509803921,0.4285714285714285,0.9940029653234196,0.5382045891454337,0,0,2,24
0.4117647058823529,0.1285714285714285,0.1607249551882095,0.0258352700307204,0,1,2,12
0.2745098039215686,0.6142857142857143,0.3174002522737835,0.3467229730706685,1,0,3,24
0.4313725490196078,0.7857142857142857,0.99610524685211,0.9997137125886454,1,0,2,1
0.8627450980392156,0.4714285714285714,0.0271747549182323,0.1183870740751808,0,0,2,1
0.8039215686274509,0.7714285714285715,0.3521432206953021,0.4723986483121413,0,1,1,1
0.3137254901960784,0.9142857142857144,0.6457987563345062,0.840949510275019,0,0,1,24
0.0588235294117647,0.6142857142857143,0.1293013786540973,0.2272598310486569,1,0,2,1
0.4509803921568628,0.0999999999999999,0.829914359689305,0.0942373974899887,1,1,1,1
0.7058823529411765,0.6285714285714286,0.8800371771891391,0.7226093474928322,0,0,2,1
0.0,1.0,0.7838854588506055,1.0,1,0,3,12
0.0784313725490196,0.0571428571428571,0.6237801234813782,0.029237945323924,0,0,3,1
0.4117647058823529,0.1142857142857142,0.323928389652349,0.0433209725289396,0,0,3,12
0.1764705882352941,0.1857142857142857,0.0,0.0172337952810452,1,1,2,12
0.6862745098039217,0.7857142857142857,0.7655181570736243,0.817574191334456,0,0,3,1
1.0,0.0285714285714285,0.1141428223682754,0.0,0,1,1,12
0.6666666666666666,0.3857142857142857,0.6113877271017283,0.3294846794464595,1,1,3,12
0.0196078431372549,0.1999999999999999,0.1440173493549315,0.0599214653545642,0,0,2,1
0.3333333333333333,0.9857142857142858,0.1056230498572661,1.0,1,0,2,1
0.4117647058823529,0.9571428571428572,0.2638473964902963,0.5031946269218769,1,0,4,12
0.5098039215686275,0.6714285714285715,0.9561618978069886,0.8227247942570294,1,0,1,1
0.3725490196078431,0.1571428571428571,0.0861492841178162,0.0317811157626121,0,0,2,1
0.9803921568627452,0.0,0.17876031777645,0.0,0,1,1,1
0.3137254901960784,0.7142857142857143,1.0000000000000002,0.3221957569699417,0,1,2,1
0.6274509803921569,0.2571428571428571,0.8206200624045676,0.2700342548831924,0,1,1,1
0.2352941176470588,0.6142857142857143,0.6720219522450155,0.5769240779280116,1,1,4,1
0.8039215686274509,0.6285714285714286,0.0137865409723605,0.1602505834190428,0,0,1,1
0.5294117647058824,0.9714285714285714,0.0900219079864568,0.3386950370743804,0,1,4,12
1.0,0.4428571428571428,0.0466485206576822,0.1195245122751752,0,1,1,1
0.0980392156862745,0.9571428571428572,0.6882869724933061,0.9221928009158624,0,0,1,1
0.6274509803921569,0.0428571428571428,0.8649892672995643,0.0309183978058367,0,0,2,24
0.3137254901960784,0.9142857142857144,0.1317355993715285,0.3545099263974664,1,1,2,1
0.3725490196078431,0.2142857142857142,0.6677067427913874,0.1874591333556322,0,1,3,12
0.4509803921568628,0.8714285714285714,0.0,0.167105737090478,1,0,2,1
0.5098039215686275,0.9428571428571428,0.970545929319082,1.0,1,0,3,24
0.2941176470588236,0.0857142857142857,0.924185089291642,0.0859524133129108,1,1,2,1
0.0784313725490196,0.0,0.4134413242160703,0.0,1,1,2,1
0.0196078431372549,0.4428571428571428,0.985593839208657,0.5534346938572231,0,0,1,24
0.1764705882352941,0.6714285714285715,1.0000000000000002,0.867341932237601,1,0,3,1
0.7843137254901961,0.6285714285714286,0.998760760362035,0.8033417548743563,1,0,2,1
0.0784313725490196,0.8,0.5581668105069819,0.6572371754646225,0,1,3,24
0.7058823529411765,0.3428571428571428,0.7486999048440994,0.3386661191540415,1,1,2,24
0.9215686274509804,0.4285714285714285,0.998871406758282,0.5437616495038808,1,1,2,1
0.8039215686274509,0.7000000000000001,0.0821660138529288,0.2276743212401803,1,0,3,1
0.3725490196078431,0.8714285714285714,0.973533382017748,1.0,0,1,2,1
0.1764705882352941,0.7857142857142857,0.6235588306888844,0.7024503439144003,0,0,2,12
0.2156862745098039,0.2857142857142857,1.0000000000000002,0.3576780452256995,1,0,2,1
0.7450980392156864,0.5142857142857143,0.4017128062139016,0.3352779028210073,0,0,2,12
0.4509803921568628,0.6285714285714286,0.5643630086968068,0.5166976891689856,0,0,3,1
0.6470588235294118,0.1285714285714285,0.1267565115404191,0.0224791847202849,0,1,4,1
0.6274509803921569,0.9428571428571428,0.7274557967646995,0.9469031638454022,1,0,0,1
0.5030496196232563,0.3142857142857143,1.0000000000000002,0.1870992659025266,0,0,1,1
0.2745098039215686,0.9571428571428572,0.5110314457058134,0.748164756316718,1,0,1,12
0.9215686274509804,0.9857142857142858,0.9271725419903074,1.0,0,0,1,24
0.1372549019607843,0.2714285714285714,0.8301356524817989,0.2891971967610643,1,0,3,1
0.823529411764706,0.1999999999999999,0.8483923078625331,0.2094062283416825,1,0,3,24
0.8039215686274509,0.2571428571428571,0.2619664077540994,0.1152109224912981,0,1,3,1
0.5490196078431373,0.0714285714285714,0.2226869370864591,0.0112670643844643,0,1,3,24
0.1372549019607843,0.5428571428571429,0.847617783088805,0.6062645212140256,0,0,2,1
1.0,0.6857142857142857,0.4276040629356702,0.4693911845969019,0,0,2,24
0.2352941176470588,0.8,0.2203633627652747,0.3801263841642897,0,0,2,1
0.5490196078431373,0.4285714285714285,0.643364535617075,0.3824671291606059,0,0,2,12
0.5030496196232563,0.3714285714285714,0.1203390205581004,0.1218700769248812,1,0,2,1
0.9803921568627452,0.6285714285714286,0.5143508375932198,0.4848060426886339,0,0,2,1
0.8823529411764707,0.8428571428571429,0.4711987430569387,0.6180148361783746,1,0,3,1
0.0392156862745098,0.1285714285714285,0.7608710084312555,0.1172255376082373,1,0,3,12
0.0392156862745098,0.9285714285714286,0.4575892363185731,0.672468886727542,0,1,1,12
0.0392156862745098,0.5714285714285715,0.1452344597136471,0.219373271551803,1,0,1,1
0.9215686274509804,0.0285714285714285,0.0957755205912944,0.0,1,1,2,1
0.6470588235294118,0.4428571428571428,1.0000000000000002,0.4450149843023889,1,0,3,12
0.8823529411764707,0.8857142857142858,0.8061253844962271,0.9618489090071932,0,0,3,12
0.2352941176470588,0.7428571428571429,0.0166633472747792,0.1947432361787603,0,1,3,1
0.4117647058823529,1.0,0.6121622518754564,0.8838187206262207,0,0,1,24
0.9803921568627452,0.5571428571428572,0.4625683241496824,0.3979510689509252,0,0,2,12
0.0980392156862745,0.0142857142857142,0.8112151187235834,0.0,1,0,2,24
0.3529411764705882,0.7285714285714286,0.0963287525725287,0.2517195720019266,0,0,2,1
0.0980392156862745,0.0142857142857142,0.8361105578791301,0.0,1,0,1,24
0.4509803921568628,0.4285714285714285,0.8981831861736265,0.4945304966781342,1,0,3,1
0.5030496196232563,0.7714285714285715,0.2304321848237403,0.3727507079267553,0,0,1,1
0.7254901960784313,0.7571428571428571,0.5305052114452633,0.6004536257770485,0,1,2,24
0.4509803921568628,0.6142857142857143,0.732213591803315,0.6140177369670949,1,0,4,24
0.2549019607843137,0.4571428571428571,0.7679523777910553,0.4694940038692177,0,1,2,12
0.5294117647058824,0.2428571428571428,0.6879550333045654,0.2209557244147896,1,1,2,24
0.8823529411764707,0.8142857142857143,0.7582154949213304,0.8394361391106197,1,0,2,1
0.0392156862745098,0.9571428571428572,0.0341454778817854,0.2760250840467223,0,1,2,1
0.823529411764706,0.6571428571428571,0.8592356546947266,0.7441965750257771,1,0,1,12
0.607843137254902,0.4857142857142857,0.4449755471464294,0.3332456156416388,0,1,2,1
0.2745098039215686,0.0857142857142857,0.3730553895859612,0.0314308876162861,0,0,3,24
0.1568627450980392,0.9857142857142858,0.4734116709818762,0.729925581338559,0,1,2,1
0.8431372549019608,0.3571428571428571,0.2506804753369183,0.1661707243328555,1,0,2,12
0.2941176470588236,0.2285714285714285,0.6711367810750404,0.1994086606600932,0,1,1,1
0.8627450980392156,0.0285714285714285,0.9594812896943948,0.0198669325830096,0,0,1,1
0.9411764705882354,0.8571428571428572,0.619575560423997,0.76133686903106,0,0,1,1
0.8627450980392156,0.2428571428571428,0.8403151209365112,0.2553455579021912,1,0,2,12
0.6862745098039217,0.5857142857142857,0.2278873177100621,0.2752796443224322,0,1,2,1
0.4901960784313726,0.3857142857142857,0.5929097789285003,0.3188926878467941,1,0,4,1
0.3333333333333333,0.2142857142857142,0.2873044324946336,0.0956672279956314,0,1,2,1
0.4901960784313726,0.3142857142857143,0.1291907322578503,0.1000884567052142,0,1,2,12
0.607843137254902,0.7000000000000001,0.6890614972670341,0.6700301421122997,0,0,4,12
0.9411764705882354,0.1285714285714285,0.5029542587797917,0.0770360545417682,1,0,1,1
0.607843137254902,0.4428571428571428,0.9952200756821352,0.5576101202439258,0,1,2,1
0.0392156862745098,0.4714285714285714,0.3119785788576866,0.2603676367343699,0,1,3,12
0.4313725490196078,0.7428571428571429,0.6844143486246652,0.709769790862387,1,1,2,1
0.823529411764706,0.9571428571428572,0.305450441479121,0.5454694133550024,1,1,2,1
0.1764705882352941,0.1428571428571428,0.3428489234105645,0.0663605222833461,1,1,2,1
0.4117647058823529,0.9714285714285714,0.4070238332337516,0.6525669313298997,0,0,3,24
0.5294117647058824,0.3999999999999999,0.4334683219367546,0.2671778069741669,0,0,3,12
0.0980392156862745,0.0714285714285714,0.912677864081967,0.0719705988290812,0,0,2,1
0.5294117647058824,0.8428571428571429,0.0526234260550134,0.2532570414332749,0,0,1,12
0.4117647058823529,0.8285714285714286,0.012458784217398,0.2156798105040811,0,0,1,1
0.7450980392156864,0.3571428571428571,0.2963774369868773,0.1812466001361712,0,0,2,24
0.3137254901960784,0.1999999999999999,0.3557945517714488,0.1024597261729992,1,1,3,1
0.9607843137254902,0.6142857142857143,0.3112040540839585,0.3433588550045834,0,1,0,12
0.8823529411764707,0.1857142857142857,0.6113877271017283,0.1431986497259063,0,0,3,1
0.8627450980392156,0.5714285714285715,0.1351656376551815,0.2148460104676445,0,1,1,12
0.7450980392156864,0.7857142857142857,0.5722189028303348,0.6591039878776076,1,0,3,24
0.6470588235294118,0.9285714285714286,0.6962535130230809,0.9043295589021086,0,0,3,1
0.9215686274509804,0.9857142857142858,0.3531390382615239,0.6095932951552522,1,1,2,24
0.0784313725490196,0.8,0.5287348691053133,0.6334537925370558,1,1,2,1
0.0980392156862745,0.4999999999999999,0.2580937838854589,0.2473352939683323,1,1,1,1
0.6274509803921569,0.6142857142857143,0.5635884839230787,0.5066936952828766,0,0,4,12
0.5294117647058824,0.6714285714285715,0.9220828077629512,0.8025449055139083,1,1,3,1
0.7058823529411765,0.9285714285714286,0.6491181482219124,0.8573925610899098,0,0,1,1
0.5294117647058824,0.9428571428571428,0.652326893713072,0.8750019680251341,0,1,4,24
0.7647058823529412,0.1857142857142857,0.9460930757485232,0.2146484046786624,0,1,1,1
0.2549019607843137,0.4571428571428571,0.0605899665847883,0.1269098278194892,0,0,2,24
0.9411764705882354,0.2428571428571428,0.7479253800703713,0.2360075019511563,0,0,3,1
0.5098039215686275,0.2714285714285714,0.2832105158334994,0.1291461469923595,0,0,4,12
0.823529411764706,0.5857142857142857,0.9123459248932264,0.6938456560624652,0,0,4,12
0.1176470588235294,0.9714285714285714,0.2087454911593529,0.4560230726447076,0,0,3,1
0.4313725490196078,0.6714285714285715,0.1308504282015535,0.2516938671838475,0,1,2,24
0.6862745098039217,0.1857142857142857,0.401380867025161,0.1031698217724307,0,1,3,12
0.8627450980392156,0.9857142857142858,0.0007302662152294,0.2525469458338433,1,1,3,12
0.1372549019607843,0.0428571428571428,0.409236761158689,0.0080796669426721,0,0,1,1
0.5294117647058824,0.5428571428571429,0.2221337051052248,0.2481707005558988,1,0,3,1
0.7450980392156864,0.4571428571428571,0.736860740445684,0.4535136397797482,0,0,1,1
0.2156862745098039,0.2142857142857142,0.504282015534754,0.1509518654789755,1,0,2,1
0.4117647058823529,0.1999999999999999,0.67257518422625,0.1745585277822493,0,0,1,24
0.607843137254902,0.3428571428571428,0.4783907588129856,0.2384462465663986,1,0,3,1
0.1176470588235294,0.8142857142857143,0.934696496935095,0.9898928655313488,0,1,2,1
0.6274509803921569,0.3999999999999999,0.3460576689017239,0.2286511043271812,1,0,2,24
0.5882352941176471,0.9285714285714286,0.5469915244860475,0.7565670187262813,1,1,1,24
0.9607843137254902,0.8142857142857143,0.8417535240877205,0.9106561572517948,0,1,1,1
0.7450980392156864,0.8428571428571429,0.7869835579455178,0.8963803439111871,0,0,0,1
0.1960784313725491,0.4571428571428571,0.6136006550266659,0.3897303468190447,0,1,0,1
0.3725490196078431,0.3428571428571428,0.617915864480294,0.2918801371480568,0,1,3,1
0.2941176470588236,0.0285714285714285,0.5355949456726194,0.0,1,0,3,1
0.0196078431372549,0.5142857142857143,0.9046006771559452,0.6033164998905938,0,0,3,24
0.6666666666666666,0.7142857142857143,0.7344265197282525,0.7197239816634678,0,1,1,1
0.8431372549019608,0.5285714285714286,0.5660227046405097,0.4303118283612182,1,0,2,24
0.5030496196232563,0.6,0.0,0.1070689213647844,0,0,0,24
0.1372549019607843,1.0,0.1783177321914625,0.4401037574981757,0,1,1,1
0.9803921568627452,0.3428571428571428,0.827369492575627,0.3657975546363941,0,0,1,1
0.5030496196232563,0.9,0.0,0.1806602089737447,0,0,1,1
0.5686274509803921,0.0142857142857142,0.1252074619929629,0.1029561504721493,1,0,3,1
0.1764705882352941,0.9142857142857144,0.1703511916616876,0.3905448682419221,1,0,2,12
0.4509803921568628,0.6,0.5612649096018942,0.4943521695027113,1,0,4,24
0.7058823529411765,0.0999999999999999,0.9764101883201666,0.1128332268189934,0,0,2,1
0.0784313725490196,0.8571428571428572,0.5119166168757883,0.666828285710338,0,1,3,12
0.0,0.2428571428571428,1.0000000000000002,0.302926782717494,0,1,2,1
0.5030496196232563,0.3857142857142857,0.7836641660581116,0.3972714978229625,0,1,1,1
0.9803921568627452,0.4999999999999999,1.0000000000000002,0.6491256988095776,0,0,3,1
0.7058823529411765,0.5428571428571429,0.6112770807054815,0.4705302293480261,1,0,3,12
0.2941176470588236,0.0142857142857142,0.5268538803691165,0.0,1,0,2,12
0.9607843137254902,0.3571428571428571,0.7068755670627809,0.3404028009255019,0,0,2,1
0.6470588235294118,0.7571428571428571,0.257097966319237,0.3881350415470187,0,0,3,1
0.0,0.5571428571428572,0.0433291287702759,0.1507028500538355,1,1,3,1
0.7647058823529412,0.9714285714285714,0.5115846776870479,0.7582715694751428,1,1,3,1
0.5882352941176471,0.4714285714285714,0.5729934276040631,0.3865011790478742,0,1,3,24
0.8823529411764707,0.6857142857142857,0.4845869570028104,0.5097140114071556,0,0,4,1
0.6666666666666666,0.9428571428571428,0.9888025846998164,1.0,1,1,2,1
0.0392156862745098,0.8571428571428572,0.0022793157626856,0.2169264941809111,0,1,1,12
0.1764705882352941,0.7000000000000001,0.0174378720485073,0.1828563643683667,1,0,4,24
0.7058823529411765,0.9,0.1158025183119785,0.3334367952261011,1,0,2,1
0.0392156862745098,0.2857142857142857,0.1416937750337472,0.0938630710767137,0,1,3,12
0.823529411764706,0.4142857142857142,0.1836287592113125,0.1663410187526287,0,0,3,1
0.4117647058823529,0.1428571428571428,0.114474761557016,0.0302725642516026,1,1,2,1
0.1960784313725491,0.5857142857142857,0.5717763172453474,0.4870005915321259,0,1,2,12
0.9411764705882354,0.6142857142857143,0.0478656310163977,0.1744862329814022,0,0,1,24
0.9019607843137256,0.9428571428571428,0.8991790037398482,1.0,1,0,2,12
0.0980392156862745,0.2571428571428571,0.3789196485870456,0.1458366066812605,0,0,3,24
0.2549019607843137,0.3,0.5437827789948881,0.2288197921958244,0,1,3,12
0.2941176470588236,0.3428571428571428,0.7495850760140743,0.3404204729879312,0,0,1,12
1.0,0.0857142857142857,0.9695501117528602,0.0891124993854941,0,1,3,1
0.0196078431372549,0.5142857142857143,0.9514041027683732,0.6279545680192863,0,0,3,1
0.1372549019607843,0.4714285714285714,0.4510610989400075,0.3268868862693537,1,1,3,12
0.5490196078431373,0.9571428571428572,0.4085728827812078,0.6464861353030934,1,1,1,1
0.0784313725490196,0.5857142857142857,0.3795835269645268,0.3694444257013478,1,0,3,1
0.9803921568627452,0.8571428571428572,0.0605899665847883,0.2710560214018315,1,0,3,1
0.6666666666666666,0.6142857142857143,0.0559428179424196,0.1800754243624482,1,0,2,1
0.2549019607843137,0.1285714285714285,0.7834428732656178,0.1207679828497453,0,1,2,24
0.1568627450980392,0.8857142857142858,0.2071964416118967,1.0,0,0,3,1
0.607843137254902,0.6428571428571429,0.2769036712474275,0.3356120654560339,0,0,4,1
0.823529411764706,0.9857142857142858,0.3064462590453429,0.561422466075263,0,1,2,1
1.0,0.3428571428571428,0.2653964460377525,0.1664133135534758,1,1,2,1
0.1568627450980392,0.9,0.3465002544867113,0.5467193101340924,1,1,2,1
0.4705882352941176,0.8714285714285714,0.4900086304189073,0.6616712565832448,1,0,4,12
0.823529411764706,0.3,0.5490938060147381,0.2319493537969389,0,0,3,1
0.2352941176470588,0.4285714285714285,0.5064949434596915,0.3217346767956502,0,1,2,1
0.0784313725490196,0.5857142857142857,0.1179047998406692,0.2073514494464949,1,0,2,1
0.1372549019607843,0.8142857142857143,0.3457257297129832,0.4946542011151392,1,1,3,12
0.5098039215686275,0.9857142857142858,0.7669565602248336,1.0,0,0,2,24
0.5030496196232563,0.9,0.4044789661200735,0.6019991279640465,0,0,2,1
0.5490196078431373,0.3,0.0311580251831198,0.0650849206861772,0,1,3,1
0.0,0.5571428571428572,0.7432782314280026,0.5600215534899591,1,0,2,1
0.5686274509803921,0.8142857142857143,0.5397995087300007,0.6575408136281804,1,0,3,1
0.1960784313725491,0.9571428571428572,0.1743344619265751,0.4160970639635479,0,0,3,1
0.9803921568627452,0.3999999999999999,0.4734116709818762,0.2826745991735258,1,0,3,1
0.8823529411764707,0.4857142857142857,0.9266193100090732,0.5794206583839315,0,1,3,12
1.0,0.2428571428571428,0.0050454756688574,0.6907932089155875,0,0,2,1
0.6862745098039217,0.2285714285714285,0.5425656686361726,0.1674575717879339,1,0,1,1
0.9411764705882354,0.0857142857142857,0.0,0.2076711531213521,0,0,2,1
0.5490196078431373,0.8428571428571429,1.0000000000000002,1.0,0,0,3,1
0.5686274509803921,0.4999999999999999,0.3150766779525991,0.2768122941003907,0,0,4,12
0.0588235294117647,1.0,0.2087454911593529,0.4696305607152622,0,1,2,1
0.1176470588235294,1.0,0.6045276505344221,0.8772688116694732,0,0,4,1
0.9411764705882354,0.4285714285714285,0.0,0.0695093624980199,0,0,3,1
0.5030496196232563,0.9714285714285714,0.9553873730332604,1.0,0,0,1,12
0.4901960784313726,0.7714285714285715,0.9156653167806326,0.9197540563006202,1,0,2,12
0.0980392156862745,0.8,1.0000000000000002,0.7646961674437553,1,1,3,1
0.9411764705882354,0.6,0.162937883113147,0.2438153404426433,0,0,2,1
0.4509803921568628,0.3714285714285714,0.5555112969970568,0.2917789244268708,0,0,3,1
0.4901960784313726,0.0857142857142857,0.2742481577375025,0.0232840668363827,0,1,4,12
0.2941176470588236,0.5285714285714286,0.1084998561596848,0.1781861202336439,0,0,3,12
0.0,0.1714285714285714,0.4789439907942199,0.1075926570331434,0,0,2,24
0.4901960784313726,0.2571428571428571,0.3320055765783709,0.1338115714736925,0,1,2,12
0.3921568627450981,0.7857142857142857,0.9969904180220852,1.0,1,0,3,1
0.2745098039215686,0.6571428571428571,0.2487994866007214,0.3270298693199179,0,1,3,24
0.607843137254902,0.0285714285714285,0.8301356524817989,0.0143082656734324,1,1,2,12
0.1176470588235294,0.0714285714285714,0.9396755847662044,0.0718099437160877,0,0,2,1
0.4901960784313726,0.4571428571428571,0.4667728872070636,0.3242184048425306,0,0,2,1
0.7058823529411765,0.3857142857142857,0.7716037088672023,0.3900098867156535,0,1,4,1
0.3137254901960784,0.8142857142857143,0.0325964283343291,0.229851198021243,1,0,2,1
0.5294117647058824,0.3,0.9840447896612008,0.3715409749259138,0,0,1,1
0.2156862745098039,0.6857142857142857,0.1555245745646064,0.276182526057456,0,0,4,12
0.8431372549019608,0.2142857142857142,0.2521188784881276,0.0908716728727736,0,1,1,1
0.5030496196232563,0.5428571428571429,0.0,0.114613285470962,1,0,3,1
0.9803921568627452,0.8285714285714286,0.6058554072893847,0.7260505800131543,0,0,2,1
0.5030496196232563,0.8,0.6659364004514372,0.7476988564890366,1,1,2,1
0.0,0.1142857142857142,0.2335302839186527,0.0322968186753214,0,0,2,1
0.9607843137254902,0.0714285714285714,0.5448892429573569,0.0382089268334845,1,0,2,12
0.3725490196078431,0.2714285714285714,0.8332337515767112,0.2874958591144625,1,0,3,1
0.0588235294117647,0.4428571428571428,0.8960809046449358,0.5093364718916207,0,0,2,1
0.9411764705882354,0.9857142857142858,0.1401447254862909,0.3958737983399185,0,0,2,1
0.7254901960784313,0.6285714285714286,0.3227112792936334,0.3619113074530798,0,0,2,1
0.4117647058823529,0.2857142857142857,0.5531877226758726,0.2203018581049058,0,0,1,1
0.8039215686274509,0.9714285714285714,0.8982938325698733,1.0,1,0,2,1
0.7647058823529412,0.5142857142857143,0.0105777954812011,0.1195839546669828,1,0,2,1
0.0588235294117647,0.8142857142857143,0.0833831242116444,0.2708407435504201,1,0,3,24
0.8627450980392156,0.7000000000000001,0.0,0.1546051627484491,1,0,2,1
1.0,0.7285714285714286,0.1456770452986346,0.2903378480633186,1,0,1,1
0.2745098039215686,0.4285714285714285,0.3920865697404236,0.2674236092970471,1,1,1,1
0.0784313725490196,0.3714285714285714,0.4552656619973887,0.2521902914829976,0,0,3,1
0.7254901960784313,0.8,0.1172409214631879,0.2954691723723329,0,0,2,1
0.8039215686274509,0.0285714285714285,0.5269645267653633,0.0015152990257552,0,0,3,12
0.3333333333333333,0.8,0.9130098032707076,0.9532779587289866,1,0,3,24
0.607843137254902,0.1999999999999999,0.5195512182168227,0.1366455276668989,0,0,2,1
0.2941176470588236,0.5857142857142857,0.413662617008564,0.3877414365201845,0,1,3,12
0.9215686274509804,0.3857142857142857,0.6490075018256656,0.3429523975687097,1,0,3,1
0.7058823529411765,0.9428571428571428,0.8912124632100733,1.0,1,0,1,1
0.4901960784313726,0.9714285714285714,0.4748500741330855,0.7185479862363551,1,0,1,1
0.3725490196078431,0.9857142857142858,0.6218991347451814,0.8832757063443025,1,1,1,1
0.0392156862745098,0.7285714285714286,0.9759676027351792,0.9152878441593992,1,0,2,24
1.0,0.8857142857142858,0.884463033039014,1.0,0,1,1,24
0.8627450980392156,0.1285714285714285,0.0369116377879573,0.0106694273641283,0,0,3,12
0.6274509803921569,0.7142857142857143,0.7924052313616148,0.7610284112141124,0,0,4,24
0.1960784313725491,0.3857142857142857,0.7182721458762089,0.3689737062202767,0,1,2,1
0.5030496196232563,0.8571428571428572,0.6796565535860497,0.8173364217672254,1,0,4,1
0.2352941176470588,0.3285714285714285,0.0719865453982164,0.0860391670739273,1,0,2,1
0.5882352941176471,0.3,0.8049082741375115,0.3127540559793101,1,0,3,1
0.2941176470588236,0.2142857142857142,0.98902387749231,0.2598278355547115,1,0,1,12
0.7843137254901961,0.1714285714285714,0.8257097966319238,0.1706690674966752,0,0,3,1
0.4901960784313726,0.3571428571428571,0.4659983624333356,0.246417953273139,1,0,3,1
0.3333333333333333,0.1142857142857142,0.9147801456106576,0.1218909620895703,0,0,3,24
0.9411764705882354,0.2428571428571428,0.0,0.0347339567394337,0,1,2,1
0.2156862745098039,0.0285714285714285,0.7958352696452677,0.0133395153420813,0,0,3,1
0.5030496196232563,0.5714285714285715,0.0021686693664387,0.1338629811098504,0,1,3,12
0.7647058823529412,0.3142857142857143,0.7131824116488528,0.2972990341093296,0,1,0,24
0.6470588235294118,0.7142857142857143,0.4600234570360044,0.5154365465319862,1,1,3,24
0.8627450980392156,0.5285714285714286,0.2568766735267432,0.2609202903230677,1,0,2,12
0.8627450980392156,0.4285714285714285,0.5789683330013942,0.3542898288926653,0,0,3,12
0.6274509803921569,0.0714285714285714,0.8359999114828831,0.0623088003336485,1,1,3,24
0.5882352941176471,0.8857142857142858,0.453384673261192,0.6388518043336395,1,0,3,1
0.3725490196078431,0.1428571428571428,0.3965124255902986,0.0712653228830395,1,0,2,24
0.1568627450980392,0.4571428571428571,0.6040850649494347,0.3895953965241302,1,1,1,1
0.4509803921568628,0.5428571428571429,0.8705215871119079,0.6173449043571915,1,1,1,12
0.4313725490196078,0.2571428571428571,0.1229945340680254,0.0762568772437494,0,1,3,1
0.0784313725490196,0.2857142857142857,0.4335789683330014,0.1839584584435025,0,0,1,24
0.7647058823529412,0.8857142857142858,0.1216667773130629,0.3348569864249642,0,1,2,1
0.6274509803921569,0.2142857142857142,0.9223041005554452,0.2454283177770987,1,1,3,1
0.5294117647058824,0.6857142857142857,0.485804067361526,0.5092304395170449,1,0,3,12
0.1372549019607843,0.7285714285714286,0.0,0.1433512720832501,0,0,1,12
0.823529411764706,0.3428571428571428,0.1310717209940472,0.1153988889735005,0,0,2,12
0.7058823529411765,0.4999999999999999,0.0535085972249884,0.1380625057635021,0,0,2,1
0.6666666666666666,0.9714285714285714,0.2853127973621899,0.5303855047960371,0,0,2,24
0.0196078431372549,0.3857142857142857,0.5818451393038129,0.3151028337312759,0,0,2,1
0.0980392156862745,0.7571428571428571,0.0,0.1397799089214033,0,0,2,12
0.7450980392156864,1.0,0.0,0.2368798592147113,0,0,3,1
0.4117647058823529,0.1571428571428571,0.9824957401137446,0.1839584584435025,0,0,2,1
0.7647058823529412,0.2428571428571428,0.0140078337648543,0.042710483099564,0,0,2,1
0.5098039215686275,0.2285714285714285,0.8681980127907234,1.0,0,1,3,1
0.2352941176470588,0.7142857142857143,0.0155568833123105,0.1868084801480083,1,0,3,12
0.3333333333333333,0.5428571428571429,0.4351280178804577,0.3721803822756282,0,0,4,12
0.0,0.3571428571428571,1.0000000000000002,0.4658840834802523,0,0,4,1
0.0980392156862745,0.0285714285714285,0.7930691097390961,0.0137861365562034,0,1,1,12
0.2156862745098039,0.9,0.4230675606895483,0.6175617887597329,1,0,1,1
0.5098039215686275,0.9857142857142858,0.7464869769191618,1.0,1,0,3,1
0.3137254901960784,0.7142857142857143,0.587045519927416,0.6053680656835215,1,0,1,1
0.6274509803921569,0.5571428571428572,0.7055478103078183,0.5383748835652068,0,0,3,1
1.0,0.5571428571428572,0.5100356281395917,0.4267388586482414,0,1,3,1
0.1568627450980392,0.4714285714285714,0.7408440107105714,0.4692642670576368,0,0,1,24
0.9607843137254902,1.0,0.3066675518378366,0.5718136387836865,0,0,1,1
0.5030496196232563,0.1857142857142857,0.739294961163115,0.1711992293695539,1,0,2,1
0.7450980392156864,0.3142857142857143,0.750027661599062,0.3112438979171706,0,0,3,1
1.0,0.4714285714285714,0.8507158821837173,0.5228555996500288,0,0,2,12
0.2352941176470588,0.4857142857142857,0.623890769877625,0.4248399152126574,1,1,3,12
0.3529411764705882,0.0428571428571428,0.6954789882493528,0.0204019141092782,1,0,3,1
0.3137254901960784,0.6857142857142857,0.0795105003430038,0.2215083780034874,1,1,4,1
0.6470588235294118,0.3999999999999999,0.1657040430193189,0.1532476270436535,1,1,1,1
0.5882352941176471,0.7142857142857143,1.0000000000000002,0.485080762931853,1,1,3,1
0.4313725490196078,0.5285714285714286,0.2849808581734493,0.2765664917775106,0,1,1,1
0.6862745098039217,0.7285714285714286,0.6508884905618624,0.6705072877978907,1,0,3,1
0.8431372549019608,0.2285714285714285,0.3819071012857112,0.1268680574901108,0,0,2,1
0.4705882352941176,0.0857142857142857,0.3994998782889641,0.0367710635721921,0,1,2,1
0.6470588235294118,0.8,0.518444754254354,0.625541528222123,0,0,3,12
0.3921568627450981,0.1428571428571428,0.6948151098718716,0.1204659512373174,0,0,1,24
0.3921568627450981,0.2285714285714285,0.8157516209697051,0.2344700325198079,0,0,4,1
1.0,0.9428571428571428,0.2694903626988869,0.502245155204085,0,0,2,1
0.9411764705882354,0.8285714285714286,0.2598641262254088,0.4291085215648964,1,0,3,24
0.0588235294117647,0.3142857142857143,0.8402044745402644,0.3401023758642039,0,0,2,1
0.6666666666666666,0.3,0.9454291973710418,0.3564618860203382,0,0,3,24
0.9215686274509804,0.5142857142857143,0.7917413529841335,0.5400938932742378,1,0,3,1
0.7647058823529412,0.6714285714285715,1.0000000000000002,0.8742613479542337,0,0,2,1
0.6862745098039217,0.1571428571428571,0.5486512204297507,0.10792681966817,0,0,2,1
0.0,0.0999999999999999,0.0739781805306601,0.0084234688844783,0,1,2,1
0.1568627450980392,0.5428571428571429,0.9218615149704577,0.6492092394683344,1,1,1,12
0.6862745098039217,0.6142857142857143,0.911571400119498,0.7265711025792535,0,0,3,1
0.8431372549019608,0.4428571428571428,0.5022903804023104,0.3290798285617157,0,1,2,12
0.8431372549019608,0.1857142857142857,0.897740600588639,0.2061947326329412,0,1,2,12
0.7450980392156864,0.8,0.1285268538803691,0.3054233631734139,1,1,2,24
0.9607843137254902,0.2571428571428571,0.8522649317311737,0.2800302160136517,0,1,1,1
0.9019607843137256,0.2428571428571428,0.5437827789948881,0.1787339541689519,0,0,2,1
0.1176470588235294,0.4285714285714285,0.0,0.087767816089738,1,0,1,1
0.3137254901960784,0.0857142857142857,0.1530903538471752,0.0086853367186578,0,0,2,1
0.4901960784313726,0.4428571428571428,0.1582907344707783,0.1690994670427281,1,1,1,12
1.0,0.3285714285714285,0.6638341189227468,0.2953856317135763,0,0,3,1
0.4509803921568628,0.0285714285714285,0.829914359689305,0.0139178737488581,1,0,2,1
0.6862745098039217,0.1428571428571428,0.4439797295802075,0.0812918084849676,0,0,2,1
0.4901960784313726,0.7428571428571429,0.968775586979132,0.9272566500774196,1,0,2,12
0.2156862745098039,0.9857142857142858,0.4604660426209919,0.7195536872436947,1,1,2,1
0.1764705882352941,0.5428571428571429,0.5317223218039788,0.4259034520606749,1,0,4,12
0.8039215686274509,0.9714285714285714,0.1805306601164,0.426997513380161,0,0,4,1
0.5294117647058824,0.6857142857142857,0.4948770718537698,0.5165466733627717,0,1,2,12
0.3137254901960784,0.8571428571428572,0.1934762884772843,0.385506723898444,1,1,3,24
0.3333333333333333,0.3714285714285714,0.7820044701144084,0.3786033736931107,0,1,2,12
0.5490196078431373,0.6571428571428571,1.0000000000000002,0.8616451019308494,1,0,1,1
0.6666666666666666,0.0285714285714285,0.7765827966983117,0.0093697275000104,0,0,1,24
0.5686274509803921,0.8142857142857143,0.221912412312731,0.3887230392605751,0,0,4,12
0.3137254901960784,0.1428571428571428,1.0000000000000002,0.1738082684045694,0,1,1,1
0.1568627450980392,0.2571428571428571,0.6039744185531877,0.2070799423055358,0,0,3,1
0.4705882352941176,0.4714285714285714,0.6922702427581935,0.4463660938026647,1,0,3,1
0.607843137254902,0.5857142857142857,0.816747438535927,0.6341397898695383,0,0,2,12
0.0392156862745098,0.4428571428571428,0.1503241939410033,0.1664968542122324,0,0,4,24
0.1960784313725491,0.6714285714285715,0.8482816614662863,0.7510163845723538,1,0,1,1
0.7843137254901961,1.0,0.5971143419858815,0.8730933852827706,0,1,3,12
0.9411764705882354,0.6857142857142857,0.6207926707827127,0.608028514354695,0,0,3,12
0.6470588235294118,0.5714285714285715,0.083715063400385,0.1814136814536845,0,1,2,1
0.5030496196232563,0.0428571428571428,0.790413596229171,0.0280731957547207,0,0,3,24
0.5030496196232563,0.7857142857142857,0.4027086237801235,0.5199975451898734,0,0,2,1
0.7647058823529412,0.0857142857142857,0.6721325986412623,0.0620629980107683,1,0,3,1
0.5490196078431373,0.2142857142857142,0.7167230963287525,0.197867978126485,0,0,1,1
0.7450980392156864,0.2857142857142857,0.4499546349775388,0.1847488815994308,1,1,2,12
0.8431372549019608,0.0714285714285714,0.7782424926420148,0.0591262225452461,0,0,3,24
0.6862745098039217,0.1714285714285714,0.0,0.0127402717706153,0,1,4,12
0.9019607843137256,0.0571428571428571,0.3002500608555179,0.0087736970308043,1,0,1,1
0.7254901960784313,0.2142857142857142,0.0271747549182323,0.0355645436736105,0,0,2,12
0.5030496196232563,0.7000000000000001,0.3390869459381708,0.4162271946050727,0,0,2,1
0.6862745098039217,0.2714285714285714,0.1389276151275753,0.0845547138298668,0,1,1,24
0.5882352941176471,0.2142857142857142,0.9698820509416008,0.2555769012649019,1,0,3,1
0.2941176470588236,0.3571428571428571,0.6370576910310031,0.311435077501633,0,0,3,1
0.1176470588235294,0.4428571428571428,0.7047732855340902,0.4246551618327149,0,1,0,12
0.9411764705882354,0.7000000000000001,0.9473101861072386,0.8583323935009222,1,0,1,1
0.8039215686274509,0.4142857142857142,0.035362588240501,0.1044165054492607,0,1,1,12
0.7843137254901961,0.4571428571428571,0.5217641461417601,0.3474041507497613,1,0,4,1
0.7843137254901961,0.6142857142857143,0.3914226913629423,0.3943106240904911,0,0,3,1
0.9019607843137256,0.5857142857142857,0.6984664409480184,0.5605163712379793,1,1,1,12
0.6666666666666666,0.7571428571428571,0.6026466617982253,0.6590043817075517,0,1,1,12
0.8627450980392156,0.9571428571428572,0.1125937728208192,0.3535202909014261,0,0,2,1
0.9411764705882354,0.4714285714285714,0.4611299209984732,0.330795625168487,1,0,2,1
0.4117647058823529,0.7857142857142857,0.2617451149616057,0.4071774920901455,0,1,1,1
0.7647058823529412,0.1714285714285714,0.8909911704175797,0.1900954837598565,1,1,1,1
0.5882352941176471,0.7571428571428571,0.1732279979641063,0.32148887447277,1,0,2,1
0.1764705882352941,0.8142857142857143,0.9957733076633696,1.0,1,1,4,24
0.4901960784313726,0.3714285714285714,0.9572683617694572,0.4488835594232738,1,1,2,1
0.5490196078431373,0.0714285714285714,0.6699196707163249,0.0465164027263815,0,1,3,12
0.1764705882352941,0.7142857142857143,0.0,0.1736251215757567,0,1,4,1
0.1764705882352941,0.2857142857142857,0.1788709641726969,0.1053354526955839,0,0,2,1
0.7843137254901961,0.4571428571428571,0.3047865631016398,0.2483747325494006,1,0,2,12
0.9607843137254902,0.6285714285714286,0.0050454756688574,0.1537135268713348,1,1,2,1
0.1568627450980392,0.2285714285714285,0.8663170240545266,0.2461512657855697,1,0,3,1
0.6862745098039217,0.1428571428571428,0.6661576932439313,0.1174986513003264,0,1,2,1
0.7254901960784313,0.2857142857142857,0.7242470512735402,0.2714223150594568,1,0,4,24
0.1764705882352941,0.2714285714285714,0.3304565270309147,0.1421270801222392,0,0,3,1
0.9607843137254902,0.6571428571428571,0.0682245679258226,0.2039102169261728,0,0,2,12
0.2745098039215686,0.9714285714285714,0.4179778264621921,0.6657245850840723,0,0,1,1
0.2745098039215686,0.4999999999999999,0.4370090066166545,0.3413779774613728,0,1,2,1
0.5030496196232563,0.1857142857142857,0.6690344995463497,0.1556349620227378,0,1,4,1
0.8627450980392156,0.2857142857142857,0.8252672110469363,0.3019740978974422,1,1,1,1
0.1568627450980392,0.5857142857142857,0.4530527340724513,0.4125481925175202,1,1,2,1
0.3529411764705882,0.0714285714285714,0.6542078824492685,0.0445789020636791,0,0,3,1
1.0,0.8571428571428572,0.2426032884108964,0.4306909744278829,1,0,1,24
0.8431372549019608,0.0285714285714285,0.136493394410144,0.0,0,0,2,1
0.3137254901960784,0.9428571428571428,0.3476067184491802,0.5758541148754746,0,1,2,24
0.3725490196078431,0.6,0.323928389652349,0.3436898045373501,1,1,1,1
0.7843137254901961,0.3857142857142857,0.7399588395405963,0.3823289657634314,1,1,2,1
0.9019607843137256,0.2428571428571428,0.0,0.0325410144470716,0,1,2,24
0.7450980392156864,0.4428571428571428,0.6819801279072342,0.4130558626745798,1,0,1,12
0.3921568627450981,0.0428571428571428,0.913341742459448,0.0331402580185376,0,1,1,1
0.6470588235294118,0.7285714285714286,1.0000000000000002,0.9346226870081744,0,0,3,24
0.3921568627450981,0.7428571428571429,0.985815132001151,0.938545884867477,1,0,3,12
0.1764705882352941,0.8285714285714286,0.5181128150656134,0.6540545976762201,1,0,2,1
0.5030496196232563,0.8714285714285714,0.0251831197857885,0.2428819342361507,1,1,4,12
0.5294117647058824,0.6571428571428571,1.0000000000000002,0.8631713255042882,0,0,1,12
0.3725490196078431,0.1857142857142857,0.5164531191219104,0.1270704829324827,0,1,2,1
0.2549019607843137,0.5142857142857143,0.952067981145854,0.627834076684541,0,0,1,1
0.3921568627450981,0.4571428571428571,1.0000000000000002,0.5852251276163889,0,1,1,12
0.607843137254902,0.3857142857142857,0.6919383035694529,0.3615498334488443,0,0,3,1
0.6666666666666666,0.8285714285714286,0.1171302750669411,0.3074572569039124,1,1,1,12
0.5098039215686275,0.5714285714285715,0.8126535218747926,0.615209797905507,0,1,3,1
0.0980392156862745,0.2428571428571428,0.4038150877425923,0.1444678251185554,1,1,2,1
0.9607843137254902,0.6,0.6723538914337559,0.5599605045470216,0,1,2,12
0.6862745098039217,0.0714285714285714,0.5490938060147381,0.0399182972357359,0,0,3,12
0.5490196078431373,0.5714285714285715,1.0000000000000002,0.7516429395130285,1,0,3,12
0.0392156862745098,0.9,0.6758945761136561,0.8546871289870984,1,0,2,24
0.2549019607843137,0.0571428571428571,0.8842417402465204,0.051244482701782,0,0,1,24
0.5882352941176471,0.1285714285714285,0.7238044656885527,0.1134710276175778,1,0,3,1
0.4901960784313726,0.4142857142857142,0.0,0.0621931286522931,0,0,2,1
0.0588235294117647,0.0999999999999999,0.0002876806302418,0.0006541876201097,0,0,4,12
0.2352941176470588,0.1142857142857142,0.1616101263581845,0.0223490540787602,0,0,2,1
0.6666666666666666,0.6,0.621456549160194,0.5286954130073448,1,0,2,1
0.607843137254902,0.1571428571428571,0.3447299121467614,0.0774103809550432,0,0,3,1
0.1372549019607843,0.6714285714285715,0.1753302794927969,0.2845285591774714,0,0,3,12
0.0196078431372549,0.0714285714285714,0.2807762951160681,0.0119145044898284,1,1,2,1
0.5294117647058824,0.5714285714285715,0.0849321737591006,0.1836291154618657,0,1,3,1
0.8431372549019608,0.1428571428571428,0.2470291442607715,0.0487527218992518,1,1,2,24
0.5294117647058824,0.9714285714285714,0.9187634158755452,1.0,1,1,3,1
0.6666666666666666,0.4571428571428571,0.4177565336696985,0.2989393228129939,1,0,3,1
0.5030496196232563,0.0285714285714285,0.2829892230410056,0.0,0,0,3,12
0.0980392156862745,0.7142857142857143,0.4447542543539357,0.5036942643232869,0,1,2,12
0.7058823529411765,0.4571428571428571,0.5644736550930536,0.3695600973827032,0,1,3,1
0.1176470588235294,0.7142857142857143,0.7972736727964771,0.7616019499674993,1,1,1,1
0.4117647058823529,0.1857142857142857,0.3917546305516829,0.1012017966382596,0,0,2,1
1.0,0.4428571428571428,0.2985903649118148,0.2358821909630213,0,0,1,24
0.0784313725490196,0.1999999999999999,0.1436854101661909,0.0549395503006339,0,1,1,1
0.0980392156862745,0.0571428571428571,0.4978645245524353,0.0178523174660704,0,0,1,24
0.4117647058823529,1.0,0.5615968487906349,0.8333119662033052,0,1,3,1
0.8823529411764707,0.7000000000000001,0.4725264998119012,0.5129865560588344,0,0,3,1
0.4705882352941176,0.0142857142857142,0.6132687158379253,0.0,0,1,2,1
0.8823529411764707,0.6142857142857143,0.9724269180552793,0.7648616422101386,0,1,3,12
0.4705882352941176,0.0571428571428571,1.0000000000000002,0.0572658363367806,0,1,4,1
0.823529411764706,0.8428571428571429,0.9138949744406826,1.0,0,0,1,1
1.0,0.9,0.109274380933413,0.3307056583052106,1,1,2,12
0.7254901960784313,0.6428571428571429,0.6992409657217464,0.6221067219063207,0,0,3,1
1.0,0.9285714285714286,0.2330876983336653,0.4591960111263304,1,0,2,12
0.5490196078431373,0.7571428571428571,0.295824205005643,0.4151090350186375,0,0,2,24
0.6666666666666666,0.4571428571428571,0.021310495917148,0.1105856617882135,1,1,2,12
0.3333333333333333,0.2285714285714285,0.4667728872070636,0.1482078761490455,0,1,3,1
0.4705882352941176,0.9428571428571428,0.1953572772134812,0.4299053709253445,1,1,3,12
0.1372549019607843,0.1857142857142857,1.0000000000000002,0.2324184667268801,0,0,1,1
0.7647058823529412,0.3,0.4412135696740356,0.1946725479290431,0,0,3,1
0.5294117647058824,0.5714285714285715,0.7325455309920557,0.5664092007825832,1,0,3,24
0.0196078431372549,0.2285714285714285,0.0348093562592666,0.0475221037337212,0,0,3,12
0.5030496196232563,0.1428571428571428,0.6377215694084843,0.1125247690020457,0,1,2,1
0.6862745098039217,0.8142857142857143,0.0196507999734448,0.2174229184800612,0,0,1,1
0.7843137254901961,0.1285714285714285,0.1792029033614375,0.0320285246366222,1,1,3,24
0.4901960784313726,0.4571428571428571,0.6667109252251655,0.4164248003940548,0,1,3,1
0.5686274509803921,0.3,0.6311934320299188,0.2585120701792943,0,0,4,1
0.8431372549019608,0.5142857142857143,0.8856801433977295,0.5922200512361285,0,1,3,12
0.1372549019607843,0.2857142857142857,0.6098386775542721,0.2405861726714727,0,1,2,1
0.4901960784313726,0.5428571428571429,0.4856934209652793,0.3960424862085617,1,1,3,12
0.9411764705882354,0.3571428571428571,0.6746774657549404,0.3241155855702148,1,1,2,24
0.6470588235294118,0.0857142857142857,0.5453318285423445,0.048998524222132,0,1,0,24
0.4509803921568628,0.1714285714285714,1.0000000000000002,0.2127221498738696,0,0,2,1
0.9411764705882354,0.3428571428571428,0.9105755825532762,0.3982675595235226,1,1,3,12
0.5686274509803921,0.2571428571428571,0.538693044767532,0.1901950899299126,0,1,3,1
1.0,0.7857142857142857,0.343291508995552,0.4739907404819073,1,1,4,1
0.2352941176470588,0.7142857142857143,0.2028812321582686,0.3234488668512915,1,1,3,1
0.2156862745098039,0.5428571428571429,0.1455663989023878,0.2066686652162723,0,0,2,1
0.9607843137254902,0.7428571428571429,0.9621368032043198,0.9193411726602267,0,1,2,1
0.5294117647058824,0.0142857142857142,0.9481953572772136,0.0010622516071134,0,0,2,1
0.2156862745098039,0.8857142857142858,0.6766691008873842,0.8419295064642797,1,1,2,1
0.8431372549019608,0.0857142857142857,0.3501515855628582,0.0308091523290011,1,0,2,1
0.9803921568627452,0.8285714285714286,0.6814268959259997,0.7882225021905325,0,0,2,1
1.0,0.4285714285714285,0.2646219212640244,0.2129004770492925,0,0,1,1
0.1764705882352941,0.1285714285714285,0.3623226891500143,0.0575919662161575,0,0,3,24
0.3333333333333333,0.0857142857142857,0.1172409214631879,0.0052023338689574,1,0,1,1
0.5030496196232563,0.6142857142857143,0.9107968753457704,0.7265984139484625,0,0,2,1
0.9411764705882354,0.6714285714285715,0.9899090486622852,0.8509920613882465,1,0,3,1
0.0784313725490196,0.8571428571428572,0.375821549492133,0.5478776334987759,0,0,2,24
0.1372549019607843,0.9285714285714286,0.3254774391998052,0.546476720913472,1,0,2,12
0.2549019607843137,0.1142857142857142,0.0,0.0,1,0,3,12
0.0,0.0428571428571428,0.291398349155768,0.0,0,0,2,1
0.6274509803921569,1.0,0.9518466883533604,1.0,1,0,3,12
0.2352941176470588,0.2714285714285714,0.6601827878465998,0.2393651938127217,1,1,2,1
0.823529411764706,0.2714285714285714,0.662617008564031,0.2392398828245867,0,1,1,24
0.0,0.0285714285714285,0.3171789594812897,0.0,0,1,3,24
0.7254901960784313,0.4857142857142857,0.8179645488946428,0.5230805168082198,1,1,2,1
0.8627450980392156,0.2571428571428571,0.6668215716214123,0.2254845920500781,1,1,1,24
0.2745098039215686,0.8,0.0984310341012194,0.2804206079382261,0,1,1,1
0.7254901960784313,0.7857142857142857,0.0769656332293257,0.2561873906942775,1,1,1,12
0.6470588235294118,0.1142857142857142,0.5932417181172409,0.0789349979773521,1,0,1,1
0.2549019607843137,0.9285714285714286,0.7860983867755427,0.9899233900028178,1,0,2,1
0.6470588235294118,0.0142857142857142,0.2048728672907123,0.0,0,1,1,1
0.5882352941176471,0.2142857142857142,0.0581557458673571,0.043484840744193,1,0,3,1
0.4313725490196078,0.0142857142857142,0.7051052247228309,0.0,0,0,3,1
0.7450980392156864,0.7714285714285715,1.0000000000000002,1.0,0,0,3,12
0.3137254901960784,0.1142857142857142,0.4489588174113169,0.0576883592839537,0,1,2,1
0.3921568627450981,0.5285714285714286,0.7750337471508553,0.5464927864247714,0,0,2,1
0.5294117647058824,0.9285714285714286,0.0,0.2104520931272706,0,1,1,1
0.5030496196232563,0.6,0.2046515744982185,0.2696679612255671,1,0,3,1
0.7843137254901961,0.8,0.3435128017880458,0.4815045801166162,1,1,3,1
1.0,0.0,0.0,0.0,0,1,1,12
0.3921568627450981,0.3142857142857143,0.9895771094735446,0.3890604149978616,1,1,1,24
0.5294117647058824,0.4285714285714285,0.0,0.0877453243739189,1,0,3,12
0.9803921568627452,0.1571428571428571,1.0000000000000002,0.1788271341344882,1,1,3,1
0.9411764705882354,0.4999999999999999,0.759543251676293,0.5094007339368182,0,1,3,12
0.4117647058823529,0.3571428571428571,0.945207904578548,0.4289093092247844,1,1,4,1
0.1372549019607843,0.2285714285714285,0.1225519484830379,0.0659749500121615,0,0,3,24
0.9411764705882354,0.2428571428571428,0.156741684923322,0.081282169178188,1,0,2,1
1.0,0.9571428571428572,0.09168160393016,0.3334946310667788,1,0,2,1
0.1764705882352941,0.4285714285714285,0.5112527384983072,0.3190388839996182,0,0,3,24
1.0,0.8428571428571429,0.6639447653189936,0.7898579712408068,1,1,4,1
0.5030496196232563,0.1285714285714285,0.4255017814069796,0.0689518892559322,0,1,2,1
0.1372549019607843,0.7285714285714286,0.5664652902254974,0.6038370224566929,0,1,1,24
0.607843137254902,0.8714285714285714,0.6463519883157407,0.7997816375704191,0,0,2,1
0.9607843137254902,0.8428571428571429,0.2218017659164842,0.4029394102093753,0,0,1,12
0.5882352941176471,0.1285714285714285,0.7213702449711215,0.1102868432780454,0,0,2,24
0.4901960784313726,0.8428571428571429,0.2048728672907123,0.3890893329182004,0,0,2,12
0.6274509803921569,0.5428571428571429,0.6486755626369249,0.4935553201422632,0,0,1,24
0.4313725490196078,0.9714285714285714,0.8542565668636175,1.0,1,1,3,12
0.5490196078431373,0.9428571428571428,0.7901923034366771,1.0,1,1,3,1
0.5490196078431373,0.6571428571428571,0.2709287658500963,0.3399690321204193,0,0,4,1
0.0392156862745098,0.9,0.9716523932815512,1.0,0,0,0,1
0.4313725490196078,0.7000000000000001,0.0857066985328288,0.2306801784042898,1,1,2,1
0.607843137254902,0.2285714285714285,0.8206200624045676,0.2347592117231963,0,0,4,12
0.2941176470588236,0.8285714285714286,0.2666135563964681,0.4360809534688169,1,0,2,1
0.7450980392156864,0.9142857142857144,0.5631458983380913,0.7635458768347214,0,1,1,1
0.3725490196078431,0.2714285714285714,0.4572572971298325,0.1803517511567971,0,1,3,1
0.2156862745098039,0.0285714285714285,0.0,0.0,1,0,3,24
0.5882352941176471,0.7714285714285715,0.5705592068866319,0.6428103463178008,0,1,3,1
0.5030496196232563,0.2285714285714285,0.2038770497244905,0.0820677726807265,1,1,2,1
0.4705882352941176,0.7142857142857143,0.9439907942198325,0.8723399128028307,0,1,3,12
0.0980392156862745,0.2571428571428571,1.0000000000000002,0.3239276190880123,0,0,2,24
0.7058823529411765,0.9285714285714286,0.979618933811326,1.0,0,0,1,12
0.6470588235294118,0.3,0.5009626236473479,0.212487593408899,1,1,2,24
0.0980392156862745,0.3571428571428571,0.6415941932771252,0.3130994644722463,0,1,0,24
0.3725490196078431,0.4142857142857142,0.4012702206289142,0.2670444632303823,1,1,1,24
0.8627450980392156,0.2428571428571428,0.1217774237093098,0.0686627100525438,1,0,3,24
0.5294117647058824,0.6857142857142857,0.5357055920688663,0.545082234532688,1,0,3,1
0.4313725490196078,0.0142857142857142,0.8795945916041517,0.0,0,1,3,1
0.4509803921568628,0.2857142857142857,0.4167607161034766,0.1773812381175462,1,1,4,1
0.5030496196232563,0.5428571428571429,0.1256500475779504,0.1946098924349756,0,1,4,12
0.7843137254901961,0.8142857142857143,0.9501869924096572,1.0,1,0,3,24
0.9019607843137256,0.8428571428571429,0.0860386377215694,0.2855406863893309,0,1,1,12
0.5686274509803921,0.6857142857142857,0.7473721480891369,0.6977945587398469,0,0,2,24
0.5030496196232563,0.2857142857142857,0.1688021421142314,0.1006732413165108,1,1,1,1
0.6274509803921569,0.0714285714285714,0.349487707185377,0.0181848735499671,1,0,3,1
0.7450980392156864,0.9285714285714286,0.750027661599062,0.9536105148128832,0,0,0,12
0.0980392156862745,0.9,0.0677819823408352,0.290527421096651,1,1,4,1
0.5098039215686275,0.3571428571428571,0.7200424882161589,0.3423065640144755,1,0,2,24
0.3529411764705882,0.5142857142857143,1.0000000000000002,0.6754811700961713,0,1,2,12
0.1960784313725491,0.6,0.9608090464493572,0.7412710454181644,1,1,3,1
0.3333333333333333,0.4285714285714285,0.2617451149616057,0.2101082911854644,0,1,1,24
0.1960784313725491,0.7428571428571429,0.8908805240213327,0.8684841900909852,1,1,3,1
0.2941176470588236,0.1428571428571428,0.8584611299209985,0.1470865034603504,1,1,2,1
0.0980392156862745,0.3999999999999999,0.6830865918697029,0.3744375866131877,0,1,4,1
0.0588235294117647,0.8428571428571429,0.2319812343711965,0.4110894440915387,1,0,1,1
0.4901960784313726,0.6,0.0,0.1114660518074182,1,0,2,1
0.4313725490196078,0.4999999999999999,0.4316979795968045,0.3362016697207203,1,0,4,1
0.6470588235294118,0.5428571428571429,0.5912500829847971,0.459008044644128,1,1,2,1
0.3921568627450981,0.6,0.5100356281395917,0.4599639425664396,0,0,3,1
0.8431372549019608,0.7142857142857143,0.2701542410763681,0.3754191893535784,0,0,2,24
0.3725490196078431,0.3857142857142857,0.0501892053375822,0.0976850562148305,1,1,3,1
0.3725490196078431,0.0714285714285714,0.3137489211976366,0.0161590125751183,0,1,2,1
0.4705882352941176,0.3,0.7376352652194118,0.2918801371480568,0,1,2,1
0.4705882352941176,0.5571428571428572,0.4256124278032264,0.377302067277863,0,0,3,1
0.9803921568627452,0.1428571428571428,0.8852375578127423,0.1527046127617352,0,0,1,1
0.5030496196232563,0.8142857142857143,0.4085728827812078,0.5450918738394676,0,0,2,24
0.2549019607843137,0.1571428571428571,0.9067029586846358,0.1716554898904557,0,0,1,12
0.0392156862745098,0.2142857142857142,0.5527451370908851,0.1610490393306208,0,0,1,12
0.9019607843137256,0.6571428571428571,0.7895284250591958,0.6958827628952236,0,0,3,12
0.607843137254902,0.5428571428571429,0.1121511872358317,0.1860116307875602,1,1,3,1
0.1372549019607843,0.3285714285714285,0.6610679590165749,0.2921114805107675,0,0,4,1
0.8039215686274509,0.2285714285714285,0.9754143707539448,0.2755399056054817,1,1,1,24
0.9411764705882354,0.3999999999999999,0.4472991214676139,0.2681369179987384,0,0,2,1
0.5030496196232563,0.1428571428571428,0.9501869924096572,0.1615743815501097,0,0,3,12
0.0,0.2428571428571428,0.9747504923764634,0.296963264923173,1,1,1,1
0.8627450980392156,0.2857142857142857,0.5515280267321694,0.2170823296405149,0,0,4,1
0.9215686274509804,1.0,0.8321272876142425,1.0,0,0,3,24
0.2941176470588236,0.1428571428571428,0.4323618579742858,0.0811472188832734,1,1,2,1
0.7843137254901961,0.3285714285714285,0.0535085972249884,0.0821898705666016,0,0,0,1
0.9607843137254902,0.3571428571428571,0.2906238243820399,0.1832355104350315,1,0,1,1
0.1960784313725491,0.7571428571428571,0.6100599703467657,0.6643782952371863,1,0,2,1
0.1568627450980392,0.3571428571428571,0.8662063776582798,0.3999962085393332,1,0,4,24
1.0,0.4857142857142857,0.9989820531545288,0.6138586884052313,0,0,2,12
0.2549019607843137,0.0285714285714285,0.975303724357698,0.0217080401779158,0,0,4,1
0.5686274509803921,0.1428571428571428,0.0601473809998008,0.0186716585423375,0,0,2,24
0.5686274509803921,0.9714285714285714,0.2593108942441746,0.5083436232933205,1,0,2,1
0.8627450980392156,0.5285714285714286,0.0706587886432539,0.158549245772441,0,0,2,12
0.5030496196232563,0.1285714285714285,0.4375622385978888,0.0682000233271223,0,0,1,12
0.1960784313725491,0.3285714285714285,0.0422226648078072,0.0797398800934498,1,0,4,1
0.3529411764705882,0.7428571428571429,0.1059549890460068,0.2621203840171296,0,1,3,12
0.2156862745098039,0.7428571428571429,0.301909756799221,0.4168569626480075,1,0,2,24
0.6470588235294118,0.2571428571428571,0.9517360419571136,0.3024753418499821,1,1,2,1
1.0,0.6428571428571429,0.4969793533824604,0.4866101996075516,1,0,2,24
0.9019607843137256,0.6571428571428571,0.3791409413795393,0.4171091911754073,1,1,3,24
0.1960784313725491,0.3857142857142857,0.4877957024939698,0.2773038987461511,0,0,2,1
0.9411764705882354,0.7285714285714286,0.4623470313571887,0.5230098285585026,0,0,1,24
0.3921568627450981,0.0,0.1861736263249906,0.0,0,1,3,12
0.4901960784313726,0.2857142857142857,0.9610303392418508,0.3439789837407386,1,0,3,24
0.9607843137254902,0.9857142857142858,0.114474761557016,0.3660015866298958,0,1,3,1
0.4117647058823529,0.4142857142857142,0.6782181504348404,0.3821875892639971,1,0,1,1
0.1176470588235294,0.6428571428571429,0.3935249728916329,0.4161275884350167,0,1,1,1
0.6862745098039217,0.6428571428571429,0.5757595875102348,0.5340596872301997,0,1,3,1
0.607843137254902,0.2428571428571428,0.3554626125827082,0.1315623998917827,1,1,4,1
0.3333333333333333,0.3714285714285714,0.4598021642435106,0.2567834211634835,0,1,2,1
0.0588235294117647,0.6714285714285715,0.3190599482174865,0.3826454563360287,1,0,4,1
0.4313725490196078,0.0285714285714285,0.2024386465732811,0.0,1,1,3,1
0.5030496196232563,0.8571428571428572,0.5139082520082321,0.669948208004673,0,0,1,12
0.5030496196232563,0.4999999999999999,0.238620018146009,0.2359914364398569,1,0,2,1
0.1372549019607843,0.6571428571428571,0.398725353515236,0.4298186171643279,0,1,4,12
0.607843137254902,0.5142857142857143,0.015999468897298,0.1241369205692203,0,1,2,1
0.3333333333333333,0.1571428571428571,0.1091637345371661,0.037945452448175,0,0,2,1
0.7058823529411765,0.7428571428571429,1.0000000000000002,0.96017648928093,1,0,3,12
0.6470588235294118,0.9,0.8854588506052359,1.0,0,1,2,24
0.2941176470588236,0.8857142857142858,0.0632454800947133,0.2784220583325862,0,0,1,12
0.7843137254901961,0.5285714285714286,0.9618048640155792,0.6521829656098451,1,0,3,1
0.1960784313725491,0.3857142857142857,0.6149284117816283,0.3280564554919468,0,1,4,12
0.8627450980392156,0.3571428571428571,0.9280577131602824,0.4213055027267991,1,1,3,1
0.2745098039215686,0.9714285714285714,0.991790037398482,1.0,0,1,3,1
0.3333333333333333,0.7142857142857143,0.6269888689725376,0.6337718896607831,0,0,3,1
0.2549019607843137,0.8,0.8585717763172456,0.9130290332707098,1,1,2,1
0.2549019607843137,0.2285714285714285,0.2471397906570183,0.0968062727467558,0,1,2,1
0.8039215686274509,0.5857142857142857,0.4554869547898825,0.4149564126612936,0,1,2,1
0.5098039215686275,0.2714285714285714,0.8638828033370953,0.2976026722728874,1,1,2,1
0.3333333333333333,0.4285714285714285,0.6528801256943062,0.3854296094442071,1,0,2,1
0.5686274509803921,0.8142857142857143,0.3476067184491802,0.4936709918236186,1,0,3,1
0.5686274509803921,0.1999999999999999,0.2605280046028901,0.0814588898024809,0,0,3,24
0.5294117647058824,0.4714285714285714,0.1394808471088096,0.1721037176557077,1,0,1,1
0.4117647058823529,0.6714285714285715,0.7212595985748744,0.6642240663287126,0,1,1,1
0.6862745098039217,0.2857142857142857,0.9324835690101574,0.3365551109693061,1,1,1,1
0.7058823529411765,0.7571428571428571,0.1077253313859568,0.2729437189795058,0,1,1,12
0.7254901960784313,0.2857142857142857,0.4442010223727013,0.1891765365135334,0,0,3,1
0.7254901960784313,0.3428571428571428,0.1332846489189847,0.1155193803082457,1,0,3,24
0.3921568627450981,1.0,0.3813538693044767,0.648716028271444,1,1,3,24
0.0196078431372549,0.1571428571428571,0.4725264998119012,0.0963548318792439,0,0,2,1
0.7450980392156864,0.4571428571428571,0.686405983757109,0.4277236744908919,1,1,4,1
0.2352941176470588,0.6714285714285715,0.588815862267366,0.5720176707771883,1,0,3,12
0.4509803921568628,0.1285714285714285,0.5239770740666976,0.0802025668188713,0,0,2,1
0.3529411764705882,0.0428571428571428,0.9924539157759632,0.0383968933156869,0,0,2,1
0.3529411764705882,0.9,0.2301002456349997,0.4435915800012659,0,1,3,12
0.1176470588235294,0.1142857142857142,0.9237425037066544,0.122522336683635,0,0,4,1
0.6666666666666666,0.6285714285714286,0.912677864081967,0.7440198544014841,1,1,1,24
0.4901960784313726,0.5857142857142857,1.0000000000000002,0.7623184717714506,0,1,3,1
0.4705882352941176,0.8857142857142858,1.0000000000000002,0.8279541181849698,0,1,3,1
0.9607843137254902,0.9714285714285714,0.1051804642722787,0.3492034880152891,0,1,2,1
0.7058823529411765,0.1857142857142857,0.8283653101418489,0.189359683342346,1,1,1,24
0.3333333333333333,0.8285714285714286,0.3354356148620239,0.49438430052531,1,0,2,1
0.6666666666666666,0.6285714285714286,0.9032729204009826,0.7385093840258049,1,1,2,1
0.5490196078431373,0.0714285714285714,0.7221447697448495,0.0516766449557347,0,0,1,12
0.1176470588235294,0.7428571428571429,0.0,0.1646910907421848,1,0,4,1
0.7254901960784313,0.9714285714285714,0.3939675584766204,0.6423444464901195,0,1,1,24
0.0784313725490196,0.4714285714285714,0.3033481599504304,0.2562645051485143,0,1,2,1
0.0784313725490196,0.7428571428571429,0.5193299254243289,0.5797660668768677,1,0,1,1
0.1372549019607843,0.3714285714285714,0.8499413574099892,0.4073943764926868,0,1,2,1
0.3921568627450981,0.1571428571428571,0.1724534731903782,0.0434752014374134,0,1,1,1
0.0,0.3285714285714285,0.249131425789462,0.1507879972637221,0,0,2,1
0.9019607843137256,0.3428571428571428,0.224567925822656,0.1503204908849108,0,1,2,1
0.2352941176470588,0.6,0.0514063156962977,0.1754710488240527,0,1,3,1
0.4705882352941176,0.7285714285714286,0.4398858129190733,0.5098650272133696,0,0,1,24
0.3725490196078431,0.3142857142857143,0.6440284139945562,0.2733694550289388,0,0,1,1
0.2156862745098039,0.2428571428571428,0.1440173493549315,0.0769460876784918,1,0,3,12
0.3529411764705882,0.8142857142857143,0.1006439620261568,0.285212949958824,1,1,2,12
0.6470588235294118,0.1714285714285714,0.5891478014561067,0.1318756773621201,0,1,1,12
0.9607843137254902,0.8142857142857143,0.3936356192878799,0.5360052206485518,1,0,1,1
0.2745098039215686,0.3857142857142857,0.4672154727920513,0.2691104879834795,1,1,3,12
0.3137254901960784,0.6571428571428571,0.7811192989444335,0.6911096994881848,0,0,2,1
0.5686274509803921,0.0999999999999999,0.9865896567748788,0.1093036339865248,0,0,1,1
0.7058823529411765,0.6142857142857143,0.0,0.1383484718646307,0,0,2,24
0.1372549019607843,0.7714285714285715,0.4792759299829606,0.5746492015280228,1,0,1,24
0.4117647058823529,0.8714285714285714,0.0457633494877072,0.2565327991872136,1,1,4,12
0.5030496196232563,0.9,0.9166611343468544,1.0,0,0,2,12
0.1176470588235294,0.8142857142857143,0.9193166478567794,0.9762146892110772,1,0,2,1
0.2352941176470588,0.7857142857142857,0.0718758990019695,0.2512022625380872,1,0,3,24
0.3529411764705882,0.2857142857142857,0.6550930536192436,0.2490751888420525,0,0,3,1
0.8039215686274509,0.1714285714285714,0.205204806479453,0.0585671427520285,1,0,2,1
0.7058823529411765,0.9857142857142858,0.0182123968222355,0.2684019989351778,0,1,1,1
0.6274509803921569,0.0142857142857142,0.8049082741375115,0.0,1,0,2,1
0.9803921568627452,0.0714285714285714,0.4407709840890483,0.025272977135243,1,0,2,1
0.0,0.5428571428571429,0.5174489366881321,0.4196732467787846,0,1,2,1
0.6666666666666666,0.7000000000000001,0.7801234813782116,0.7380209924823046,0,0,1,24
0.4117647058823529,0.4571428571428571,0.0026112549514262,0.0984899383309283,0,0,2,24
0.3921568627450981,0.1571428571428571,0.0386819801279072,0.0231169855188694,1,0,2,1
0.1372549019607843,0.0,0.0,0.0,0,0,2,1
0.1764705882352941,0.1714285714285714,0.2099626015180686,0.0582908159576795,0,1,4,1
0.4117647058823529,0.7285714285714286,1.0000000000000002,0.936132845070314,1,0,2,1
0.0784313725490196,0.2285714285714285,0.8295824205005644,0.2392623745404058,0,0,1,1
0.2549019607843137,0.4142857142857142,0.6016508442320034,0.3485737199723544,0,0,3,1
0.0196078431372549,0.0571428571428571,0.0650158224346633,0.0,1,1,1,12
0.2745098039215686,0.8,0.5832835424550222,0.6803072496904978,0,1,3,1
0.3333333333333333,0.7428571428571429,0.2075283808006374,0.3435323625266164,1,0,4,1
0.0980392156862745,0.5857142857142857,0.235079333466109,0.2822552893286126,0,0,4,1
0.8627450980392156,0.3428571428571428,0.1766580362477594,0.1315656129940425,0,1,4,1
0.1372549019607843,0.7428571428571429,0.5740998915665316,0.6249519239574366,1,0,3,1
0.0784313725490196,0.7571428571428571,0.9781805306601166,0.9521549794891616,0,0,4,1
0.9803921568627452,0.3571428571428571,0.8491668326362611,0.3915280775334427,0,0,1,24
0.0784313725490196,0.9142857142857144,0.0675606895483414,0.2958772363593365,0,1,2,1
0.0196078431372549,0.7000000000000001,0.6515523689393437,0.6438256866319201,0,0,1,1
0.6862745098039217,0.1714285714285714,0.498085817344929,0.1118002144424448,1,1,1,12
0.7450980392156864,0.5142857142857143,1.0000000000000002,0.2913981718090761,1,0,3,1
0.607843137254902,0.1714285714285714,0.8365531434641174,0.1758325228282882,0,0,3,1
0.3529411764705882,0.3714285714285714,0.6829759454734561,0.3408638810997935,0,1,2,1
0.0588235294117647,0.6714285714285715,0.4412135696740356,0.4686071876454932,1,0,3,24
1.0,0.3142857142857143,0.4142158489897985,0.2005027219795794,0,0,1,24
0.1568627450980392,0.6285714285714286,0.206975148819403,0.2845430181376409,0,0,1,24
0.7450980392156864,0.8,0.7459337449379275,0.8144735476536802,0,0,3,24
0.9607843137254902,0.6428571428571429,0.957600300958198,0.7918163570681983,0,0,3,1
0.3137254901960784,0.0285714285714285,0.2504591825444245,0.0,1,1,2,24
0.3137254901960784,0.3142857142857143,0.3990572927039766,0.1917405921169106,0,0,3,12
0.5030496196232563,0.0,0.4455287791276638,0.0,1,0,2,1
0.823529411764706,0.3714285714285714,0.6265462833875501,0.3194630134979213,0,0,2,1
0.0980392156862745,0.7000000000000001,0.0340348314855385,0.1936780927796129,0,1,2,1
0.4313725490196078,0.4285714285714285,0.7825577020956429,0.4433570235362953,0,0,3,1
0.9215686274509804,0.6857142857142857,0.112815065613313,0.2456002187480018,1,1,3,12
0.4705882352941176,0.9714285714285714,0.0539511828099759,0.3026086855937667,0,1,1,1
1.0,0.7000000000000001,0.0,0.1636821766325853,0,0,1,1
0.1960784313725491,0.1428571428571428,0.8466219655225831,0.1438637618936996,0,0,2,1
0.2745098039215686,0.2857142857142857,0.0,0.0451267359989872,0,0,4,1
0.1568627450980392,0.1857142857142857,0.9667839518466884,0.2179739655176291,0,0,1,1
0.1568627450980392,0.8,1.0000000000000002,1.0,0,0,1,1
0.5030496196232563,0.3857142857142857,0.767399145809821,0.3882715983930632,1,1,3,1
0.3921568627450981,0.8285714285714286,0.0,0.1902754174864094,0,0,2,24
0.0196078431372549,0.0999999999999999,0.3245922680298302,0.0368031945947908,0,1,4,24
0.8627450980392156,0.6714285714285715,0.8805904091703733,0.7715834521377892,1,0,2,1
0.2352941176470588,0.7285714285714286,0.5556219433933036,0.6006801494863694,0,1,4,12
0.9215686274509804,0.1285714285714285,0.3629865675274956,0.0591888780393135,0,1,2,12
0.8627450980392156,0.4857142857142857,0.9428843302573636,0.5861794189875706,1,0,1,1
0.1960784313725491,0.3999999999999999,0.99079421983226,0.5047722601314737,1,1,2,1
0.7058823529411765,0.8142857142857143,0.1383743831463409,0.3184540993883216,1,1,3,1
0.7058823529411765,0.1142857142857142,0.3145234459713646,0.0434928734998427,1,0,2,1
0.7647058823529412,0.9,0.6867379229458497,0.8660245603110539,1,0,2,1
0.4901960784313726,0.7000000000000001,0.9412246343136604,0.8535512973382339,0,1,2,1
0.7058823529411765,0.5714285714285715,0.5508641483546881,0.4586305051285931,1,0,3,24
0.9607843137254902,0.4857142857142857,0.1107127840846224,0.163588996667049,0,1,2,12
0.4313725490196078,0.5428571428571429,0.766624621036093,0.5591074258970258,1,0,3,12
0.4117647058823529,0.3142857142857143,0.3878820066830423,0.1879732297172116,0,0,3,1
0.6862745098039217,0.6,0.5490938060147381,0.4816170386957118,0,0,1,12
0.6862745098039217,0.4428571428571428,0.7817831773219146,0.4622532779265978,1,1,4,1
0.2156862745098039,0.4142857142857142,0.5858284095687003,0.3443500970517537,0,0,3,1
0.8431372549019608,0.3999999999999999,0.0574918674898758,0.1063877436856917,0,1,4,24
0.4313725490196078,0.8,1.0000000000000002,1.0,1,1,1,12
0.2156862745098039,0.7285714285714286,0.0743101197194007,0.2356283558844915,1,1,2,24
0.6470588235294118,0.9142857142857144,0.118900617406891,0.3434327563565604,1,0,2,1
0.4313725490196078,0.6857142857142857,0.2193675451990529,0.3197248813321007,0,0,2,24
0.2745098039215686,0.8571428571428572,0.5929097789285003,0.7410204234418943,0,0,1,1
0.7254901960784313,0.1857142857142857,0.7905242426254178,0.1837624592056504,0,1,3,24
0.5030496196232563,0.2857142857142857,0.3043439775166524,0.1429432080962465,0,0,4,1
0.6666666666666666,0.3285714285714285,0.0983203877049724,0.0984819055752786,1,1,1,1
0.6666666666666666,0.7285714285714286,0.1058443426497598,0.2588494459165807,0,0,3,1
0.4117647058823529,0.8428571428571429,0.2261169753701122,0.4038422919443991,1,1,1,12
0.607843137254902,0.6285714285714286,0.0615857841510102,0.1905597770364079,1,0,2,1
0.7254901960784313,0.6142857142857143,0.6123835446679502,0.5341737523604252,0,0,1,12
0.5030496196232563,0.1857142857142857,0.6720219522450155,0.1602007803340148,0,1,1,1
0.1960784313725491,0.2285714285714285,0.0655690544158977,0.0521216596187268,0,0,0,12
0.6666666666666666,0.0,0.6638341189227468,0.0,0,1,3,24
0.9019607843137256,0.6571428571428571,0.0167739936710261,0.1701678235441353,0,0,2,12
0.1372549019607843,0.5857142857142857,0.3738299143596893,0.3659116197666195,1,1,3,12
0.6470588235294118,0.7714285714285715,0.1000907300449224,0.267699936091396,1,0,1,1
0.823529411764706,0.7571428571428571,0.0,0.1734467944003339,0,1,3,1
0.6470588235294118,0.5285714285714286,0.786872911549271,0.5566927795487325,1,1,4,12
0.823529411764706,0.5857142857142857,0.4772842948505167,0.4258954193050251,1,0,2,24
1.0,0.0142857142857142,0.2261169753701122,0.0,1,0,1,24
0.5294117647058824,0.2571428571428571,0.3750470247184049,0.1458928359708083,0,1,3,1
0.3529411764705882,0.6571428571428571,0.1160238111044723,1.0,1,0,3,1
0.4117647058823529,0.9,1.0000000000000002,1.0,0,0,2,1
0.7647058823529412,0.3428571428571428,0.65133107614685,0.3041895319056234,0,0,1,24
0.4901960784313726,0.7000000000000001,0.8395405961627831,0.776954152565164,0,0,3,24
0.7450980392156864,0.3999999999999999,0.75434287105269,0.4012541380740728,1,0,3,24
0.3725490196078431,0.7571428571428571,1.0000000000000002,0.99709985390024,0,0,3,24
0.2156862745098039,0.6571428571428571,0.844077098408905,0.7317618692800754,1,0,2,1
0.7843137254901961,0.4857142857142857,0.1949146916284937,0.2034170057292826,1,1,3,12
0.607843137254902,0.4428571428571428,0.5609329704131536,0.3562337557598873,1,0,1,24
0.823529411764706,0.4571428571428571,0.4128880922348359,0.2972588703310812,0,0,1,1
0.1372549019607843,0.2714285714285714,0.5300626258602756,0.2030667775829566,1,1,1,1
0.7058823529411765,0.0714285714285714,0.8968554294186639,0.0660343924039692,0,0,2,24
0.4705882352941176,0.2857142857142857,0.5952333532496847,0.230125918264462,0,0,1,1
0.3725490196078431,0.3285714285714285,0.1525371218659408,0.118481860591847,1,1,3,24
0.5882352941176471,0.0142857142857142,0.2769036712474275,0.0,0,0,3,1
0.0980392156862745,0.3999999999999999,0.7042200535528558,0.383909812075288,0,1,3,1
0.6274509803921569,0.6857142857142857,0.8296930668968114,0.7554890229180945,0,0,1,12
0.3333333333333333,0.7428571428571429,0.2723671690013057,0.3916935522998261,0,0,4,1
0.0,0.3714285714285714,1.0000000000000002,0.3012640022980107,1,0,3,12
0.6666666666666666,0.2285714285714285,0.4687645223395074,0.1497196407623149,0,1,3,1
0.2745098039215686,0.3571428571428571,0.6018721370244973,0.3002952519666594,0,0,3,24
0.823529411764706,0.8857142857142858,0.1699086060767,0.3790403556004532,0,0,2,1
0.0980392156862745,0.3428571428571428,0.3075527230078117,0.1802585711912608,1,1,0,12
0.7647058823529412,0.5857142857142857,0.8621124609971453,0.6603297863897485,0,0,3,24
0.2941176470588236,0.2142857142857142,0.9809466905662882,0.2559592604338266,0,0,2,12
0.4313725490196078,0.0142857142857142,0.4498439885812919,0.0,1,1,3,24
0.5294117647058824,0.7285714285714286,0.297594547345593,0.4018421357876293,1,1,4,24
0.9411764705882354,0.1999999999999999,0.9726482108477728,0.238210083550298,0,1,2,1
0.7058823529411765,0.8142857142857143,0.6338489455398439,0.736462637886267,1,1,1,1
0.5030496196232563,0.6714285714285715,0.7363075084644493,0.6726616728631343,0,0,3,1
0.2745098039215686,0.5714285714285715,0.2391732501272434,0.2733003733303515,0,0,3,1
0.823529411764706,0.8,0.5556219433933036,0.6596550349151756,0,1,3,1
0.2941176470588236,0.3285714285714285,0.5696740357166568,0.2614167146222178,0,0,3,1
0.2549019607843137,0.6285714285714286,0.0311580251831198,0.1685821575788889,0,1,1,1
0.4117647058823529,0.7714285714285715,0.179645488946425,0.3326544048258225,1,0,3,24
0.3921568627450981,0.6,0.5560645289782913,0.4890280590581047,1,0,3,24
0.7058823529411765,1.0,0.096107459780035,0.3558096262615843,1,1,3,24
0.6862745098039217,0.8142857142857143,0.1098276129146473,0.29529245174804,0,1,3,12
0.1764705882352941,0.6,0.0269534621257385,0.1586504584936269,0,0,2,1
0.8823529411764707,0.6714285714285715,0.1640443470756158,0.2764925904255335,0,0,4,1
0.1960784313725491,0.6714285714285715,1.0000000000000002,0.8689034999358985,1,0,4,1
0.9803921568627452,0.7285714285714286,0.4399964593153201,0.5079644772266557,0,1,3,1
0.1372549019607843,0.3571428571428571,0.0,0.0680233027028295,0,1,2,1
0.0392156862745098,0.6,1.0000000000000002,0.7884442062464634,0,0,3,24
0.1960784313725491,0.0,0.2894067140233243,0.0,0,0,3,1
0.5030496196232563,0.2285714285714285,0.6001017946845473,0.1837753116146899,1,1,1,1
0.0784313725490196,0.7285714285714286,0.9235212109141606,0.8771804513573267,0,1,1,1
0.5686274509803921,0.0714285714285714,1.0000000000000002,0.0756592402234134,0,1,3,1
0.5294117647058824,0.9142857142857144,1.0000000000000002,1.0,0,0,3,12
0.0,0.2285714285714285,0.0590409170373321,0.0483848216904966,0,1,1,24
0.5098039215686275,0.0,0.1663679213968001,0.0,0,0,2,1
0.5030496196232563,0.0714285714285714,0.1839606984000531,0.0039476174364777,0,0,3,12
0.4901960784313726,0.0,0.3311204054083959,0.0,0,1,2,1
0.5098039215686275,0.4285714285714285,0.069662971077032,0.1235376769977543,0,0,3,1
0.3333333333333333,0.7285714285714286,0.073203655756932,0.2322883360853554,1,1,2,1
0.1960784313725491,0.3714285714285714,0.8208413551970613,0.3952906202797518,1,0,3,12
0.7058823529411765,0.1999999999999999,0.7544535174489369,0.1928442927431764,1,0,3,1
0.5030496196232563,0.8142857142857143,0.413662617008564,0.5537560040832102,0,1,3,12
0.9803921568627452,0.1571428571428571,0.2119542366505123,0.0516894973647741,0,0,3,1
0.2745098039215686,0.0999999999999999,0.0,0.0,1,0,3,12
0.7058823529411765,0.2571428571428571,0.0084755139525106,0.0467348936800527,0,0,3,1
0.4313725490196078,0.3142857142857143,1.0000000000000002,0.3946463932766477,1,1,2,12
0.9607843137254902,0.2142857142857142,0.3906481665892142,0.1193510047531421,0,1,0,1
0.9411764705882354,1.0,0.8354466795016489,1.0,1,1,3,1
0.0588235294117647,0.2285714285714285,0.6377215694084843,0.1940733043575771,0,0,2,1
0.9411764705882354,0.3142857142857143,0.985593839208657,0.3896966092453161,1,0,4,12
0.1764705882352941,0.8285714285714286,0.118015446236916,0.3065608013734083,1,1,4,12
0.0392156862745098,0.9142857142857144,0.0271747549182323,0.2546949046945673,0,1,2,1
0.5030496196232563,0.6142857142857143,0.7191573170461838,0.6019316528165893,0,1,3,1
0.0784313725490196,0.2428571428571428,0.0286131580694417,0.0472875472687506,0,1,1,1
0.9803921568627452,0.1142857142857142,0.2808869415123149,0.0388258424673797,0,1,1,1
0.8627450980392156,0.7571428571428571,0.7485892584478524,0.773011676092302,0,0,2,24
0.2941176470588236,0.1999999999999999,0.251012414525659,0.0781172634522149,0,0,2,24
0.3529411764705882,1.0,0.779791542189471,1.0,1,1,2,1
0.1764705882352941,0.7285714285714286,0.9795082874150788,0.91751613057662,0,1,3,1
0.6666666666666666,0.1857142857142857,0.3230432184823741,0.0872135559499102,1,1,4,1
0.4313725490196078,0.8285714285714286,0.0328177211268229,0.2360846164053932,1,0,4,24
0.0784313725490196,0.8857142857142858,0.6685919139613623,0.8338340953205342,0,0,2,1
0.4509803921568628,0.2428571428571428,0.0,0.0340736642250302,0,0,1,12
0.9215686274509804,0.3571428571428571,0.0987629732899599,0.1090032089252269,0,1,2,24
0.4313725490196078,0.9571428571428572,0.0,0.2002826244747782,0,1,1,1
0.8431372549019608,0.6142857142857143,0.0733143021531789,0.1926900638347025,1,0,3,24
0.9803921568627452,0.2714285714285714,0.4505078669587731,0.1766036673706573,0,1,3,1
0.6862745098039217,0.8714285714285714,0.8512691141649518,0.9854619975149866,1,0,1,1
0.9803921568627452,0.3571428571428571,0.1094956737259068,0.1114323142336895,1,0,2,1
1.0,0.4428571428571428,0.0895793224014693,0.1363627746680303,1,0,2,1
0.4313725490196078,0.9571428571428572,0.9517360419571136,1.0,1,1,4,12
0.3137254901960784,0.9857142857142858,0.2205846555577685,0.4756904715773793,0,0,2,1
0.1176470588235294,0.4142857142857142,0.5468808780898007,0.3229540491032713,0,1,2,1
0.1372549019607843,0.0142857142857142,0.709420434176459,0.0,0,0,4,1
0.4705882352941176,0.0,1.0000000000000002,0.0,1,1,3,24
0.8823529411764707,0.4714285714285714,0.8669809024320079,0.5321671699991356,1,1,3,1
0.5030496196232563,0.4428571428571428,0.427825355728164,0.2951799931689445,1,0,3,24
0.3529411764705882,0.9428571428571428,0.1174622142556817,0.3515474461138652,0,0,4,1
0.9215686274509804,0.4142857142857142,0.3056717342716148,0.2226988323907698,0,1,3,24
0.9803921568627452,0.1571428571428571,0.1591759056407533,0.0438350688905189,0,0,2,1
0.1176470588235294,0.0571428571428571,0.8854588506052359,0.0511850403099743,0,0,3,1
0.1764705882352941,0.9,0.4271614773506827,0.6224440976436071,1,0,2,1
0.6666666666666666,0.0428571428571428,0.9710991613003166,0.0393961681185069,0,0,1,1
0.0,0.6,0.4757352453030605,0.4386594680323635,1,0,1,1
0.1568627450980392,0.3285714285714285,0.8355573258978954,0.3551332682358815,0,0,1,1
0.8431372549019608,0.5571428571428572,0.0331496603155635,0.145923360442277,0,0,2,1
0.3529411764705882,0.2714285714285714,0.0,0.0392451523122929,0,0,3,12
0.1372549019607843,0.8428571428571429,0.7986014295514396,0.9027695977549413,0,1,3,12
0.9411764705882354,0.1999999999999999,0.6829759454734561,0.1717374239980824,0,0,1,1
0.2549019607843137,0.9857142857142858,0.1204496669543472,0.3736937534400276,0,1,4,1
0.9019607843137256,0.7428571428571429,0.7915200601916397,0.7930132376600003,0,0,3,12
1.0,0.8,0.1027462435548474,0.2854025229921564,0,0,2,1
0.7058823529411765,0.0428571428571428,0.2226869370864591,0.0,0,1,2,1
0.823529411764706,0.6571428571428571,0.7260173936134902,0.6511563794378163,0,1,1,12
0.0392156862745098,0.4428571428571428,0.6592976166766249,0.4025586575915806,0,0,2,12
0.6470588235294118,0.3142857142857143,0.3801367589457611,0.1864935961265409,1,1,3,12
0.2745098039215686,0.1142857142857142,0.263294164509062,0.0357235922354741,1,0,2,1
0.0784313725490196,0.9571428571428572,0.0594835026223196,0.2989425359152537,1,0,2,1
0.3137254901960784,0.4285714285714285,0.131293013786541,0.150465080486605,1,0,3,12
0.9803921568627452,0.7714285714285715,0.2970413153643585,0.4305110407013301,0,1,3,1
0.3137254901960784,0.2285714285714285,0.9728695036402666,0.2782373049526436,0,0,2,24
0.0392156862745098,0.4999999999999999,0.1054017570647724,0.1659618726859639,1,1,1,1
0.9607843137254902,0.7714285714285715,0.0,0.1786921838395736,1,0,1,1
0.6274509803921569,0.4142857142857142,0.7312177742370931,0.406440085121505,1,1,2,1
0.5030496196232563,0.7000000000000001,0.0,0.1673338673509289,1,1,3,1
0.607843137254902,0.3571428571428571,0.1890504326274094,0.1432275676462451,1,0,3,24
0.4509803921568628,0.9142857142857144,0.3158512027263272,0.5284030207016964,0,0,3,1
0.7450980392156864,0.9571428571428572,0.3220474009161522,0.5606529280840239,1,1,1,1
0.9215686274509804,0.8,1.0000000000000002,1.0,0,1,3,1
0.1176470588235294,0.0999999999999999,0.0063732324238199,0.0,0,0,1,24
0.2549019607843137,0.0142857142857142,0.0660116400008852,0.0,0,1,2,1
0.5686274509803921,0.8857142857142858,0.4685432295470137,0.6493490094166388,0,0,2,24
0.4117647058823529,0.1285714285714285,0.4634534953196574,0.0753620282643753,1,1,3,1
0.5294117647058824,0.5714285714285715,0.0386819801279072,0.1520635988608909,0,0,2,24
0.5030496196232563,0.1714285714285714,0.6506671977693688,0.1367740517572938,0,0,3,1
0.607843137254902,0.5857142857142857,0.0,0.118056124542414,0,1,3,1
0.5490196078431373,0.4285714285714285,0.0057093540463387,0.0957989651882861,0,0,4,24
0.2941176470588236,0.6428571428571429,0.0043815972913762,0.1553875531487277,0,0,0,12
0.9411764705882354,0.8714285714285714,0.9571577153732104,1.0,0,0,1,1
0.8431372549019608,0.8142857142857143,0.6795459071898029,0.777829722930979,0,0,2,1
0.9607843137254902,0.0428571428571428,0.2447055699395871,0.0,1,0,1,1
0.5490196078431373,0.4142857142857142,0.6822014206997278,0.3862264588046551,1,0,1,1
0.5490196078431373,0.4857142857142857,0.9050432627409326,0.5676205403345546,0,1,3,12
0.9411764705882354,0.8857142857142858,0.3881032994755362,0.5791877084700909,1,0,2,24
0.1176470588235294,0.0714285714285714,0.275575914492465,0.0150713774601519,1,0,2,1
0.8039215686274509,0.9,0.4828166146628604,0.6741059623289464,1,0,1,1
0.0196078431372549,1.0,0.8615592290159111,1.0,1,0,3,1
0.4313725490196078,0.9571428571428572,1.0000000000000002,1.0,1,1,2,24
0.0,0.4571428571428571,0.5181128150656134,0.3482797211155762,1,0,2,1
0.9803921568627452,0.0,0.2674987275664431,0.0,0,1,0,1
0.6666666666666666,0.7571428571428571,0.9675584766204166,0.9419887239389292,1,1,2,1
0.7647058823529412,1.0,0.4666622408108169,0.7382169917201568,1,0,1,1
0.1960784313725491,0.9142857142857144,0.6171413397065657,0.8149860374641296,0,0,2,1
0.9215686274509804,0.1999999999999999,0.6501139657881343,0.1647296479693033,0,1,1,12
0.7647058823529412,0.3428571428571428,0.0630241873022195,0.0918404232041248,1,0,1,12
0.9411764705882354,0.3285714285714285,0.5581668105069819,0.258195579606697,1,1,3,24
0.9215686274509804,0.1999999999999999,0.9049326163446858,0.2248885615808719,0,0,3,1
0.3137254901960784,0.7714285714285715,0.2650645068490119,0.4013569573463887,1,0,3,24
0.7647058823529412,0.8,0.4380048241828764,0.5611332868718746,1,0,2,1
0.5030496196232563,0.6142857142857143,0.7640797539224149,0.6321990761045762,1,0,3,1
0.2549019607843137,0.3142857142857143,0.248246254619487,0.1425833406431409,0,1,1,24
0.1176470588235294,0.4142857142857142,1.0000000000000002,0.5261634884265662,0,0,0,12
1.0,0.2285714285714285,0.3823496868706986,0.1279910367299358,0,0,3,1
0.3137254901960784,0.1285714285714285,0.7785744318307555,0.1194747091901472,1,0,2,1
0.4313725490196078,0.3142857142857143,0.4557082475823762,0.2119156612066419,0,0,3,24
0.8627450980392156,0.8285714285714286,1.0000000000000002,0.6842352672031904,1,0,4,24
0.7843137254901961,0.3285714285714285,0.4062493084600234,0.2041335275332339,0,0,3,1
0.9215686274509804,0.6142857142857143,0.5036181371572728,0.4653844460788424,0,0,3,1
0.3529411764705882,0.6285714285714286,0.1639337006793688,0.2562130955123564,0,1,3,12
0.2941176470588236,0.9571428571428572,0.0,0.2017044222247712,0,0,3,24
0.0784313725490196,0.2571428571428571,0.4803823939454292,0.1785395614822297,1,0,1,1
0.7843137254901961,0.5857142857142857,0.7228086481223308,0.5778671234412838,0,0,2,1
0.6274509803921569,0.8857142857142858,0.1271990971254066,0.3374451402952905,0,0,2,12
0.9607843137254902,0.5285714285714286,0.3473854256566864,0.3112953075533286,0,0,2,1
0.1960784313725491,0.4857142857142857,0.127752329106641,0.1759417683051239,0,0,2,1
0.0980392156862745,0.4571428571428571,0.6066299320631128,0.3919281087647967,0,0,2,1
0.0196078431372549,0.9571428571428572,0.3824603332669455,0.6200133857840145,1,0,2,24
0.2745098039215686,0.1428571428571428,0.0,0.0068779666974803,0,0,3,1
0.8627450980392156,0.0285714285714285,0.3941888512691142,0.0,1,0,2,1
0.3921568627450981,0.5285714285714286,0.4783907588129856,1.0,0,0,3,24
0.8627450980392156,0.8571428571428572,0.5064949434596915,0.663811182688319,1,0,3,1
0.607843137254902,0.9571428571428572,1.0000000000000002,1.0,0,0,2,12
0.2745098039215686,0.1428571428571428,0.5758702339064816,0.1034413289133898,0,0,3,24
0.9019607843137256,0.6,0.3917546305516829,0.3849621030653959,0,1,3,1
0.5030496196232563,0.1571428571428571,0.2666135563964681,0.0576273103410161,0,0,4,1
0.5686274509803921,0.1714285714285714,0.9020558100422672,0.18876204632201,0,1,3,12
0.0196078431372549,0.4714285714285714,0.9920113301909756,0.5946122058686026,0,0,1,1
0.5882352941176471,0.4714285714285714,0.9289428843302576,0.5633760322492647,0,1,1,12
0.2352941176470588,0.9285714285714286,0.9622474496005666,1.0,0,0,3,24
0.5882352941176471,0.1142857142857142,0.2892960676270774,0.0366875229134354,1,0,2,1
0.3333333333333333,0.0,0.4045896125163203,0.0,1,0,4,1
0.0,0.9285714285714286,0.0787359755692757,0.3101032466149164,0,1,2,1
0.4117647058823529,0.5428571428571429,0.8950850870787139,0.631429538113337,0,0,3,12
0.7647058823529412,0.2571428571428571,0.3082166013852929,0.1264744524632766,0,0,4,12
0.5030496196232563,0.4714285714285714,0.4642280200933856,0.3321242429529437,0,1,3,1
0.6666666666666666,0.9857142857142858,1.0000000000000002,0.337755204663368,1,1,3,24
0.5030496196232563,0.4857142857142857,0.2521188784881276,0.2350130468017262,0,0,3,24
0.9215686274509804,0.0857142857142857,0.0,0.0,0,1,3,12
0.4313725490196078,0.3142857142857143,0.3744937927371706,0.1848533074228767,1,0,3,1
0.2745098039215686,0.5571428571428572,0.8277014317643676,0.6085104796936756,0,0,3,1
0.0,0.9285714285714286,0.1671424461705282,0.3962641902644929,1,1,4,24
0.8039215686274509,0.7571428571428571,0.7062116886852996,0.7395231177887944,0,1,1,12
0.5686274509803921,0.2428571428571428,0.9862577175861382,0.2947896012443701,0,1,4,24
0.5030496196232563,0.4285714285714285,0.9525105667308418,0.5213229498720703,0,0,2,1
0.4313725490196078,0.9285714285714286,0.0540618292062227,0.2877882514201108,0,1,3,1
0.1960784313725491,0.1142857142857142,0.1613888335656907,0.0228663635425994,1,1,2,1
0.9019607843137256,0.9,0.5662439974330038,0.756247315051424,1,0,2,1
0.4901960784313726,0.9142857142857144,0.6973599769855496,0.8898240087499201,1,1,1,1
0.607843137254902,0.9571428571428572,0.8760539069242517,1.0,1,0,3,1
0.9019607843137256,0.8571428571428572,0.728672907123415,0.8599453708353776,0,0,2,12
0.5882352941176471,0.5285714285714286,0.0803956715129788,0.1659763316461333,1,0,3,24
0.7647058823529412,0.2857142857142857,0.7173869747062338,0.2698880587303683,1,0,3,1
0.9019607843137256,0.9714285714285714,0.3529177454690301,0.6036972525083886,0,0,3,24
0.0980392156862745,0.6571428571428571,0.7714930624709555,0.6856249339305847,1,0,1,1
0.3725490196078431,0.7000000000000001,0.3950740224390892,0.4558575978783242,1,0,4,1
0.9411764705882354,0.4571428571428571,0.5099249817433447,0.3435773459582547,0,1,1,24
0.607843137254902,0.6,0.8716280510743766,0.6805900026893665,1,0,1,1
0.6862745098039217,0.3,0.1589546128482595,0.1058993521421913,0,0,2,1
0.9803921568627452,0.9428571428571428,0.8059040917037332,1.0,0,0,3,1
0.4705882352941176,0.6428571428571429,0.0,0.1517246165724745,0,0,3,1
0.9803921568627452,0.3714285714285714,0.1004226692336631,0.1136734530599497,1,1,3,1
0.0784313725490196,0.6142857142857143,0.0868131624952975,0.2015726850321165,0,0,2,1
0.0196078431372549,0.0571428571428571,0.2673880811701963,0.0055959388957916,1,0,2,1
0.8431372549019608,0.4857142857142857,0.5935736573059816,0.4107022652692241,1,1,3,1
0.1960784313725491,0.7000000000000001,0.6812056031335061,0.6635252165871905,1,0,3,1
0.8431372549019608,0.0,0.3382017747681958,0.0,0,0,3,12
0.2156862745098039,0.5428571428571429,0.4283785877093983,0.3681318734281904,0,0,2,12
0.0392156862745098,0.2285714285714285,0.6727964770187436,0.2029639583106408,1,0,2,24
0.5030496196232563,0.1571428571428571,0.5674611077917193,0.1146663016582499,0,0,1,1
0.0,0.6857142857142857,0.0261789373520104,0.1858798935949055,0,0,2,12
0.0196078431372549,0.3714285714285714,0.0947797030250724,0.1113487735749329,0,0,3,24
0.0196078431372549,0.9142857142857144,0.9739759676027352,1.0,0,1,2,1
0.5490196078431373,0.6142857142857143,0.7732634048109055,0.637441252441556,1,1,3,24
0.8627450980392156,0.5428571428571429,0.0188762751997167,0.1363531353612506,1,0,1,24
0.607843137254902,0.3285714285714285,0.1827435880413375,0.128334838671742,0,0,3,1
0.9607843137254902,0.5428571428571429,0.5640310695080661,0.4425537479713275,1,0,3,1
0.8823529411764707,0.2142857142857142,0.3362101396357521,0.1068311517975539,0,0,3,24
0.5098039215686275,0.9,0.8715174046781298,1.0,1,0,1,12
0.0,0.1999999999999999,0.8984044789661203,0.2203757594568829,0,0,3,1
0.6274509803921569,0.7285714285714286,0.792183938569121,0.776030385665451,0,0,2,1
0.3137254901960784,0.7714285714285715,0.0077009891787824,0.1974615206906113,1,1,2,24
0.2156862745098039,0.6857142857142857,0.5591626280732038,0.5645809455967163,0,0,3,24
0.6862745098039217,0.2428571428571428,0.7936223417203303,0.2481819464138083,1,1,3,24
0.5686274509803921,0.4428571428571428,0.3155192635375866,0.2418200039392633,1,1,2,24
0.0784313725490196,0.3285714285714285,0.0,0.050270912717041,1,0,2,1
0.2352941176470588,0.2142857142857142,0.3380911283719489,0.1061274824026421,1,0,2,1
0.7058823529411765,0.3571428571428571,0.7566664453738743,0.3581246664398215,1,0,2,12
0.6666666666666666,0.4142857142857142,0.7405120715218307,0.4116613762937957,1,0,2,1
0.2352941176470588,0.0714285714285714,0.4578105291110668,0.0304557110804152,1,0,3,1
0.8431372549019608,0.9571428571428572,0.9948881364933946,1.0,0,0,1,12
0.1568627450980392,0.9571428571428572,1.0000000000000002,1.0,1,0,2,1
0.4901960784313726,0.6142857142857143,0.1509880723184846,0.2391868666372988,1,1,1,1
0.8627450980392156,0.4714285714285714,0.8462900263338424,0.5220844551076598,0,0,2,24
0.0980392156862745,0.1142857142857142,0.7820044701144084,0.1067604635478368,0,1,2,12
0.6862745098039217,0.5857142857142857,0.1520945362809533,0.2294495602387592,0,0,1,1
0.2745098039215686,0.1714285714285714,0.36176945716878,0.0852294653044398,0,0,2,12
0.5098039215686275,0.6285714285714286,0.1350549912589347,0.2385137217138559,1,0,1,1
0.0980392156862745,0.6142857142857143,0.6068512248556066,0.5349545362095739,1,0,2,1
0.5098039215686275,0.9857142857142858,0.9559406050144948,1.0,0,0,2,1
0.7058823529411765,1.0,0.0484188629976322,0.3061173932615461,1,0,3,1
0.8431372549019608,0.6571428571428571,0.9751930779614508,0.8233465295443144,1,0,3,12
0.9411764705882354,0.1142857142857142,0.9178782447055702,0.1232067274649876,0,0,2,1
0.7058823529411765,0.5142857142857143,0.7986014295514396,0.5459401328360736,0,0,2,1
0.6666666666666666,0.6714285714285715,0.9250702604616168,0.8063427923850761,0,0,2,1
0.0,0.0285714285714285,0.0,0.0,0,1,2,1
0.5030496196232563,0.6428571428571429,0.5395782159375069,0.5137850119704124,1,0,2,24
0.1764705882352941,0.3999999999999999,0.7988227223439335,0.4210227497279305,0,0,3,1
0.0392156862745098,0.9428571428571428,0.993560379738432,1.0,1,1,2,1
0.7647058823529412,0.2571428571428571,0.7891964858704552,0.2590759696259017,1,0,2,24
0.2156862745098039,0.7857142857142857,1.0000000000000002,1.0,1,1,3,1
0.9019607843137256,0.9857142857142858,0.6325211887848814,0.8958132313623199,0,0,2,12
0.7450980392156864,0.2714285714285714,0.4375622385978888,0.1731029924585276,1,0,1,24
0.1960784313725491,0.4285714285714285,0.6324105423886344,0.37288244511941,1,0,3,1
0.1764705882352941,0.1142857142857142,0.3791409413795393,0.0513537281786176,0,1,2,1
0.0392156862745098,0.4999999999999999,0.0054880612538449,0.1135545682763345,1,1,2,1
0.1176470588235294,0.7428571428571429,0.2268915001438403,0.356566311843784,1,0,2,1
0.8823529411764707,0.4857142857142857,0.1379317975613534,0.178234316767542,1,1,1,1
0.5030496196232563,0.5571428571428572,0.4188629976321671,0.3713722870572706,1,1,1,1
0.0196078431372549,0.0857142857142857,0.2776781960211555,0.0229836417750847,1,1,1,1
0.3333333333333333,0.3857142857142857,0.4557082475823762,0.2654684365719154,0,0,3,24
0.5030496196232563,0.0857142857142857,0.0256257053707761,0.0,1,0,2,12
0.5030496196232563,0.0857142857142857,0.8975193077961452,0.0831216702219643,1,0,4,1
0.1960784313725491,0.0,0.728672907123415,0.0,1,1,3,1
0.3921568627450981,0.4285714285714285,0.2953816194206555,0.2214264438958607,1,0,4,1
0.6274509803921569,0.7714285714285715,0.4543804908274139,0.5524996810996007,1,0,2,12
0.8823529411764707,0.1571428571428571,0.5145721303857134,0.102088612861984,1,0,2,1
0.2941176470588236,0.1714285714285714,0.9649029631104916,0.1967417857844001,0,0,2,1
0.9019607843137256,0.8428571428571429,0.6972493305893026,0.821364045449974,0,0,3,1
0.4509803921568628,0.1285714285714285,0.7142888756113215,0.1089405534311594,0,1,3,1
0.6274509803921569,0.3142857142857143,0.8915444023988139,0.3588974175333206,0,1,3,1
0.6274509803921569,0.5714285714285715,0.2064219168381686,0.2562645051485143,1,0,2,1
0.1960784313725491,0.1285714285714285,0.4007169886476797,0.0664585219022722,0,1,2,1
0.0784313725490196,0.0142857142857142,0.3760428422846268,0.0,1,1,3,24
0.1764705882352941,0.2571428571428571,0.6762265153023967,0.2308440466195433,0,0,1,1
0.4705882352941176,0.5428571428571429,0.0,0.1153940693201107,0,0,4,12
0.2549019607843137,0.5142857142857143,0.5541835402420943,0.4158030651067697,0,1,3,1
0.7058823529411765,0.1285714285714285,0.9435482086348448,0.1441577607504778,0,0,2,24
0.5882352941176471,0.7285714285714286,0.0764124012480914,0.2375240862178155,0,0,2,1
0.4509803921568628,0.2571428571428571,0.2242359866339153,0.1025063161557673,0,0,3,1
0.5030496196232563,0.1999999999999999,0.491004447985129,0.1340348820807536,0,0,1,1
0.6470588235294118,0.0714285714285714,0.0050454756688574,0.0,1,0,2,1
0.1372549019607843,0.3714285714285714,0.379362234172033,0.2233173545757949,1,1,1,1
0.5490196078431373,0.7571428571428571,0.3954059616278298,0.4948518069041213,1,0,1,1
0.607843137254902,0.7000000000000001,0.1672530925667751,0.2911202384635973,1,1,3,12
0.5030496196232563,0.5714285714285715,0.2443736307508464,0.2768749495944582,1,0,3,1
0.0196078431372549,0.8714285714285714,0.3457257297129832,0.5317526798076122,0,0,2,1
0.9607843137254902,0.5571428571428572,0.5489831596184913,0.4474023192814731,1,0,2,1
0.0392156862745098,0.4571428571428571,0.3759321958883799,0.2823773872144877,1,1,1,12
0.4509803921568628,0.5428571428571429,0.3307884662196553,0.3167704338041491,0,0,2,24
0.0,0.6,0.0673393967558477,0.1828113809367285,0,1,2,24
0.5882352941176471,0.7428571428571429,0.6568633959591936,0.6851927716766321,1,0,4,24
0.8627450980392156,0.7714285714285715,0.5466595852973068,0.6256025771650605,0,0,1,12
0.2549019607843137,0.9714285714285714,0.2074177344043904,0.4565275296995074,1,0,4,1
0.3921568627450981,0.8714285714285714,1.0000000000000002,1.0,0,0,3,1
0.3529411764705882,0.1714285714285714,0.6673748036026468,0.1446349064360687,0,1,2,1
0.4901960784313726,0.9,0.0542831219987165,0.2766837700099959,1,1,3,1
0.3725490196078431,0.5285714285714286,1.0000000000000002,0.6927226768226402,1,0,4,1
0.0392156862745098,0.2142857142857142,0.2215804731239903,0.0823826567021939,0,0,4,1
0.0196078431372549,0.0285714285714285,1.0000000000000002,0.0239539986575658,0,0,2,1
0.6862745098039217,0.0714285714285714,0.7398481931443495,0.8133409291070756,0,0,2,1
0.4313725490196078,0.6,0.3412998738631083,0.353298586845495,0,0,3,1
0.3333333333333333,0.1999999999999999,0.4012702206289142,0.1115977890000729,0,1,2,1
0.5490196078431373,0.1571428571428571,0.0898006151939632,0.0277647379377731,0,0,1,1
0.3921568627450981,0.4999999999999999,0.0,0.0859427740061312,0,1,1,1
0.5030496196232563,0.1571428571428571,0.0117949058399168,0.0196725398962874,1,1,2,1
0.9607843137254902,0.9857142857142858,0.1520945362809533,0.4054086792960863,1,1,2,1
0.0980392156862745,0.5714285714285715,0.6322998959923876,0.5075676590975616,1,0,4,1
0.6862745098039217,0.9571428571428572,0.5453318285423445,1.0,0,0,3,1
0.5490196078431373,0.1714285714285714,0.2683838987364182,0.0668649793381459,1,1,4,12
0.4313725490196078,0.6714285714285715,0.8122109362898051,0.7260232686439454,0,0,2,1
0.8039215686274509,0.1285714285714285,0.9198698798380138,0.1395662376211218,0,1,3,1
0.6470588235294118,0.4285714285714285,0.8690831839606985,0.4823801504824312,0,1,2,24
0.3137254901960784,0.3285714285714285,0.4521675629024763,0.2215164107591371,1,0,3,1
0.6470588235294118,0.0142857142857142,0.6897253756445154,0.0,1,1,3,24
0.9019607843137256,0.1428571428571428,0.6683706211688685,0.1160897059593728,0,0,1,1
0.0392156862745098,1.0,0.3429595698068113,0.6088109047549736,0,0,2,24
0.2156862745098039,0.1142857142857142,0.3833455044369205,0.0530261479048806,1,1,2,12
0.5294117647058824,0.2428571428571428,0.9764101883201666,0.2939365225943744,0,1,3,1
0.7058823529411765,0.1142857142857142,0.0400097368828697,0.0069823925209261,0,0,4,24
0.9019607843137256,0.0714285714285714,0.6064086392706189,0.0435715945052095,1,1,2,12
0.3137254901960784,0.5142857142857143,0.9198698798380138,0.6101089980679615,1,0,2,12
0.1568627450980392,0.3428571428571428,0.9643497311292571,0.4161581129064854,0,1,3,24
0.3529411764705882,0.1142857142857142,0.1842926375887937,0.0242833416392026,1,1,3,1
0.7843137254901961,0.1428571428571428,0.3619907499612737,0.0659010486601845,0,1,3,1
0.607843137254902,0.9285714285714286,0.228883135276284,0.4566174965627838,1,0,3,1
0.5294117647058824,0.6857142857142857,0.8260417358206644,0.753005294871214,0,1,3,12
0.6470588235294118,0.3714285714285714,1.0000000000000002,0.4793582278070223,1,0,1,1
0.1568627450980392,0.8571428571428572,0.607293810440594,0.7527948366731924,1,0,2,1
0.6862745098039217,0.0428571428571428,0.709420434176459,0.0226864298160466,0,1,1,1
0.8039215686274509,0.8857142857142858,0.1381530903538472,0.3496966992121794,1,1,2,1
0.2352941176470588,0.9428571428571428,0.3980614751377548,0.6265568685362424,1,1,2,1
0.0196078431372549,0.5857142857142857,0.1788709641726969,0.2440772082768228,1,1,2,1
0.5882352941176471,0.1999999999999999,0.5047246011197415,0.135771563852214,0,0,1,1
0.7450980392156864,0.7714285714285715,0.0,0.1698706115850972,0,0,2,1
0.9215686274509804,0.8857142857142858,0.0340348314855385,0.2524714379307364,1,0,4,1
0.4509803921568628,0.0857142857142857,0.5563964681670319,0.0498323242585686,0,0,2,1
0.6666666666666666,0.4285714285714285,0.3532496846577707,0.2521276359889302,0,0,3,24
0.1568627450980392,0.5142857142857143,0.9841554360574478,0.6454354508641156,1,1,3,24
0.6470588235294118,0.8714285714285714,0.1851778087587687,0.3878651409571895,0,0,3,1
0.3137254901960784,0.3428571428571428,0.2957135586093961,0.1718980791110759,1,0,2,12
0.4117647058823529,0.1142857142857142,0.1836287592113125,0.025820811070551,0,1,3,1
0.5686274509803921,0.9,0.0,0.209594194823885,0,0,3,1
0.8627450980392156,0.9714285714285714,1.0000000000000002,1.0,1,0,2,24
0.2941176470588236,0.8428571428571429,0.8802584699816327,0.975996198257406,1,0,1,1
0.0784313725490196,0.8285714285714286,0.0796211467392507,0.2744715491040745,1,0,4,1
0.5030496196232563,0.8,0.9075881298546108,0.9464886736538788,1,0,3,1
0.8039215686274509,0.8714285714285714,0.7862090331717897,0.9266766851195128,0,0,2,24
0.2549019607843137,0.7142857142857143,0.6921595963619465,0.6849983789899098,1,1,2,12
0.5030496196232563,0.1571428571428571,0.0219743742946292,0.0186057899460102,0,0,3,12
0.1176470588235294,0.3428571428571428,0.1720108876053907,0.1279669384629868,1,0,3,1
0.1960784313725491,0.3857142857142857,1.0000000000000002,0.5013374538156713,1,0,1,24
0.2745098039215686,0.2285714285714285,0.1122618336320786,0.0632245344777118,0,1,3,1
0.5882352941176471,0.7857142857142857,0.3795835269645268,0.5008779801925097,0,0,1,1
0.0980392156862745,0.5714285714285715,0.0312686715793666,0.1525198593817927,1,1,1,12
0.0392156862745098,0.2428571428571428,1.0000000000000002,0.3119684524767716,1,0,3,1
0.9215686274509804,0.7428571428571429,0.6480116842594439,0.6800871521856967,1,1,3,1
0.5686274509803921,0.2571428571428571,0.9574896545619512,0.304798414783869,0,1,4,1
0.3137254901960784,0.6428571428571429,0.3463896080904645,0.3851725612634174,0,0,2,1
0.8823529411764707,0.3285714285714285,0.0,0.0589254036540041,0,0,2,1
0.823529411764706,0.9142857142857144,0.935692314501317,1.0,1,0,3,1
0.1568627450980392,0.2142857142857142,0.8097767155723739,0.2167128228806296,1,0,4,1
0.8431372549019608,0.4571428571428571,0.9184314766868044,0.5390448153863899,0,1,3,1
0.5030496196232563,0.9714285714285714,0.5560645289782913,0.8048310277718066,1,0,1,12
0.4901960784313726,0.1999999999999999,0.6342915311248312,0.1677579968492319,0,1,3,12
0.607843137254902,0.4428571428571428,0.523866427670451,0.3381921865707105,0,0,2,1
0.9411764705882354,0.3571428571428571,0.1890504326274094,0.1398297120064313,0,1,4,24
0.2549019607843137,0.6,0.8101086547611145,0.6465857414731494,1,1,2,1
0.4509803921568628,0.7142857142857143,0.5396888623337539,0.5747632666582483,0,0,2,1
0.4705882352941176,0.7857142857142857,0.6752306977361748,0.7411730457992382,1,0,2,24
0.8039215686274509,0.2571428571428571,0.1451238133174003,0.0811199075140645,0,0,2,12
0.6470588235294118,0.9428571428571428,0.7437208170129899,0.9636337873125514,1,0,4,1
0.0588235294117647,0.6285714285714286,0.3387550067494302,0.3692500330146256,0,1,2,24
0.8627450980392156,0.7142857142857143,0.5998805018920534,0.6176903128501277,1,0,2,1
0.4901960784313726,0.8714285714285714,0.1855097479475094,0.3849026606735883,0,1,1,12
0.0784313725490196,0.0285714285714285,0.1408086038637722,0.0,1,0,2,1
0.4117647058823529,0.0428571428571428,0.0904644935714443,0.0,1,0,4,1
0.2352941176470588,0.4142857142857142,0.4959835358162385,0.3035131738799205,0,1,2,12
0.5098039215686275,0.3857142857142857,0.2662816172077275,0.1867217263869918,0,1,3,24
0.0196078431372549,0.6142857142857143,0.5000774524773728,0.4622372124152985,1,1,4,24
0.5098039215686275,0.3571428571428571,0.6332957135586095,0.3093947575666148,0,1,2,12
0.7254901960784313,0.5142857142857143,0.2513443537143995,0.2496262358796204,0,0,1,24
0.9411764705882354,0.1714285714285714,0.4095687003474297,0.0928268455979053,1,1,3,24
0.5030496196232563,0.4571428571428571,0.4928854367213259,0.3365551109693061,1,0,3,1
0.8823529411764707,0.5428571428571429,0.0,0.1048791921746822,0,1,2,24
0.0392156862745098,0.0285714285714285,0.5797428577751222,0.0030656208661431,1,1,2,1
1.0,0.2857142857142857,0.2096306623293279,0.1188031708178341,1,0,2,1
0.9803921568627452,0.9,0.2822146982672774,0.4884914709807062,0,1,1,12
0.7254901960784313,0.2857142857142857,0.4465245966938857,1.0,0,1,4,1
0.4705882352941176,0.1142857142857142,0.973533382017748,0.1278657257418008,1,0,0,1
0.5030496196232563,0.9857142857142858,0.0978778021199849,0.3517562977607568,1,0,2,24
0.0196078431372549,0.7857142857142857,0.8270375533868863,0.8656422011421292,0,0,2,12
0.2745098039215686,0.9,0.7639691075261679,0.9370469726632472,0,1,3,24
0.1960784313725491,0.4571428571428571,0.5804067361526035,0.3770562649549828,0,1,0,24
0.4509803921568628,0.0714285714285714,0.3802474053420081,0.0196436219759486,0,0,1,1
0.2549019607843137,0.9428571428571428,0.5764234658877161,0.800107767449796,0,0,2,24
0.1764705882352941,0.2571428571428571,0.0,0.0268152662199811,1,1,0,12
0.2745098039215686,0.6,0.2639580428865432,0.3078364029705772,0,0,1,1
0.8823529411764707,0.3857142857142857,0.3204983513686959,0.2128105101860161,0,0,2,1
0.0,0.2142857142857142,0.7062116886852996,0.1967642775002192,0,1,2,24
0.4901960784313726,0.7428571428571429,0.818517780875877,0.8099848437966402,1,1,2,1
0.6666666666666666,0.0999999999999999,0.1534222930359158,0.0160047836666444,0,1,1,24
0.7843137254901961,0.8285714285714286,0.3876607138905486,0.5370591181897896,0,1,2,24
0.3137254901960784,0.0142857142857142,0.6519949545243313,0.0,0,0,3,1
0.0588235294117647,0.0571428571428571,0.1314036601827878,0.0,1,0,2,1
0.6274509803921569,0.1571428571428571,0.4076877116112329,0.0818894455053036,0,1,1,1
0.9019607843137256,0.4142857142857142,0.3677443625661112,0.2480245044030747,1,1,2,1
0.4705882352941176,0.3571428571428571,0.0208679103321605,0.0776352981132342,0,0,3,1
0.6862745098039217,0.8285714285714286,0.485029542587798,0.622519605546714,0,1,2,1
0.9019607843137256,0.7285714285714286,0.3681869481510987,0.4560070071334082,1,1,4,12
0.0196078431372549,0.4571428571428571,0.2181504348403372,0.2041769044137421,1,0,4,1
0.4901960784313726,0.0142857142857142,0.9179888911018168,0.0002927136158742,1,1,3,1
0.5030496196232563,0.5571428571428572,0.7325455309920557,0.5554171779515636,0,0,3,1
0.0392156862745098,0.4285714285714285,0.3488238288078957,0.2504937734897857,1,0,2,1
0.8627450980392156,0.7571428571428571,0.0398990904866228,0.2157585315094479,0,0,2,12
0.4901960784313726,0.8428571428571429,0.7547854566376775,0.8671812771246076,0,1,3,24
0.9607843137254902,0.5285714285714286,0.4803823939454292,0.3860834757540909,0,1,4,1
0.1764705882352941,0.6285714285714286,0.031821903560601,0.1714916216752022,0,0,3,1
0.8627450980392156,0.7571428571428571,0.3598884684325832,0.4692482015463375,1,0,2,1
0.0588235294117647,0.2857142857142857,0.7672884994135742,0.2839293156060055,0,0,3,12
0.2745098039215686,1.0,0.9921219765872228,1.0,1,0,4,12
0.5030496196232563,0.8285714285714286,0.8168580849321738,0.9060726668780886,1,0,1,1
0.6666666666666666,0.0142857142857142,0.0,0.0,1,0,2,1
0.6666666666666666,0.2285714285714285,0.8093341299873864,0.2341953122765889,0,0,3,1
0.3725490196078431,0.0428571428571428,0.3091017725552679,0.0,0,1,0,1
0.1960784313725491,0.4999999999999999,0.7747018079621146,0.5170929007469498,0,0,3,12
0.5490196078431373,0.6714285714285715,0.6591869702803779,0.620601383497571,0,0,1,12
0.4117647058823529,0.3714285714285714,0.7704972449047336,0.3767156761154364,0,0,2,12
0.2352941176470588,0.2571428571428571,0.2938325698731992,0.1247441968963359,0,0,3,12
0.8431372549019608,0.9142857142857144,0.3275797207284959,0.5451834472538739,1,0,2,1
0.8431372549019608,0.4857142857142857,0.0,0.1039875562975679,0,1,2,1
0.607843137254902,0.9428571428571428,0.2715926442275776,0.5042533441165045,0,0,2,1
0.7058823529411765,0.3,0.2010002434220718,0.1182858613539948,0,0,3,1
0.9607843137254902,0.6857142857142857,0.1945827524397531,0.3055872313886674,0,0,4,12
0.6274509803921569,0.8142857142857143,0.2339728695036403,0.4021248887864979,1,1,1,24
0.6274509803921569,0.5142857142857143,0.4328044435592733,0.3460048447155874,0,0,1,24
0.3921568627450981,0.0857142857142857,0.2083029055743654,0.0152448849821849,1,1,3,1
0.0392156862745098,0.2285714285714285,0.4601341034322513,0.1479877786442443,0,0,1,24
0.7254901960784313,0.5285714285714286,0.1441279957511784,0.202134977927594,1,1,2,1
0.1372549019607843,0.5142857142857143,0.8159729137621989,0.5565883537252867,0,0,3,1
0.7058823529411765,0.9714285714285714,0.1316249529752816,0.3797054677682466,0,0,3,1
0.5882352941176471,0.7285714285714286,0.9749717851689572,0.913151131156585,0,0,2,1
0.7450980392156864,0.6714285714285715,0.2447055699395871,0.3337468595941787,0,0,2,1
0.3921568627450981,0.1857142857142857,0.3957379008165704,0.1032597886357071,1,1,2,1
0.0392156862745098,0.6714285714285715,0.279116599172365,0.357790503804795,1,1,2,24
0.2549019607843137,0.6,0.9323729226139106,0.7260762848312334,0,1,1,1
0.7254901960784313,0.8428571428571429,0.0852641129478413,0.2846201325918778,0,1,0,12
0.3529411764705882,0.9142857142857144,0.1093850273296598,0.3359494411933204,1,1,2,24
0.3529411764705882,0.0,0.9203124654230012,0.0,1,1,3,1
0.5030496196232563,0.9285714285714286,0.2337515767111466,0.4588248978153153,0,0,3,12
0.6666666666666666,0.8857142857142858,0.1630485295093939,0.3727667734380547,0,1,2,1
0.4705882352941176,0.9142857142857144,0.7274557967646995,0.9181218003526056,0,0,1,1
0.7843137254901961,0.2714285714285714,0.9652349022992324,0.327153573756923,1,1,1,24
0.0784313725490196,0.3,0.1350549912589347,0.0984031845699117,0,0,2,1
0.7450980392156864,0.6428571428571429,0.0,0.1469033566315378,1,0,2,24
0.0196078431372549,0.9,0.7782424926420148,0.948898500348782,1,0,3,12
0.0392156862745098,0.7857142857142857,0.4932173759100666,0.5939615526609787,0,0,3,1
0.2549019607843137,0.6714285714285715,0.8923189271725422,0.7836759624928147,0,0,1,1
0.5030496196232563,0.3428571428571428,0.8064573236849677,0.3624768134508171,1,0,3,1
0.7254901960784313,0.9714285714285714,0.3301245878421741,0.5760147699884681,1,0,3,1
0.5030496196232563,0.8571428571428572,0.8545885060523581,0.9724666054249376,1,0,1,24
0.823529411764706,0.7285714285714286,0.0540618292062227,0.2172349519978587,1,1,3,24
0.9019607843137256,0.4571428571428571,0.6798778463785435,0.4249604065474026,0,0,3,1
0.1764705882352941,0.6428571428571429,0.2877470180796211,0.3448882916802821,0,1,2,24
0.5490196078431373,0.5142857142857143,0.6667109252251655,0.4739955601352972,0,1,2,24
0.5490196078431373,0.9714285714285714,0.4838124322290824,0.731199576384598,0,1,2,12
0.4117647058823529,0.3571428571428571,0.045873995883954,0.0889759425394496,1,0,2,1
0.7647058823529412,0.4857142857142857,0.2656177388302463,0.2425076078228758,0,1,3,12
0.6862745098039217,0.0285714285714285,0.8192923056496051,0.0118614883025405,1,0,2,1
0.8431372549019608,0.1999999999999999,0.1099382593108942,0.0520782827382185,1,1,2,1
0.5030496196232563,0.0428571428571428,0.6287592113124876,0.0177575309494042,0,0,3,1
0.1764705882352941,0.7571428571428571,0.7433888778242492,0.7688298235010798,1,1,2,1
0.8823529411764707,0.6,1.0000000000000002,0.7810540710487596,0,0,1,1
0.3333333333333333,0.6571428571428571,0.8945318550974797,0.7652022310496851,1,0,3,1
0.1568627450980392,0.1285714285714285,1.0000000000000002,0.1516603545272771,0,0,3,24
0.4313725490196078,0.2857142857142857,0.4203014007833766,0.1777314662638721,0,1,2,24
0.7843137254901961,0.9428571428571428,1.0000000000000002,1.0,0,0,1,1
0.8431372549019608,0.7000000000000001,0.0,0.1471491589544179,1,0,3,1
0.1960784313725491,0.5285714285714286,0.0,0.1044663085342887,0,1,2,1
0.2352941176470588,0.1142857142857142,0.6018721370244973,0.0797559456047492,1,0,2,12
0.2549019607843137,0.8,0.261523822169112,0.4148825113093166,0,0,1,1
0.607843137254902,0.4571428571428571,0.0,0.094404478807502,1,0,2,12
0.3333333333333333,0.6285714285714286,1.0000000000000002,0.1654317108130851,0,1,1,1
0.0784313725490196,0.4142857142857142,0.7687269025647836,0.4226244812044762,0,1,3,1
0.0392156862745098,0.3571428571428571,0.2465865586757838,0.1648212213837096,1,0,3,1
0.0392156862745098,0.6428571428571429,0.4250591958219921,0.4377871107688085,0,0,3,1
0.0196078431372549,0.7571428571428571,0.0806169643054725,0.2489193533824487,0,1,3,1
0.7647058823529412,0.1999999999999999,0.1888291398349155,0.0653853457474752,0,0,4,24
0.7058823529411765,0.7428571428571429,0.7422824138617807,0.7532768020121731,0,1,3,24
0.3137254901960784,0.7142857142857143,0.0,0.1306498788499792,1,0,3,1
0.0,0.5285714285714286,0.5396888623337539,0.4174803044864225,1,0,3,24
0.3333333333333333,0.9428571428571428,0.5372546416163226,0.7624855530889639,1,0,2,1
0.5882352941176471,0.0571428571428571,0.7782424926420148,0.042087141261149,0,0,2,1
0.3921568627450981,0.1714285714285714,0.3316736373896302,0.0805768932321463,1,0,0,1
0.7254901960784313,0.1428571428571428,0.9405607559361792,0.1591790138153757,0,0,3,12
0.4509803921568628,0.1428571428571428,0.3813538693044767,0.0710661105429275,1,0,3,24
0.8039215686274509,0.3142857142857143,0.6587443846953907,0.278701598229195,1,0,3,1
0.2745098039215686,0.0857142857142857,0.2044302817057249,0.0136784976304977,1,0,2,12
0.0392156862745098,0.7142857142857143,0.7827789948881365,0.7550295492949328,0,1,2,1
0.1568627450980392,0.1428571428571428,0.3948527296465955,0.0727337106158006,0,1,2,12
0.0196078431372549,0.8571428571428572,0.5765341122839629,0.7246078970984722,1,0,2,12
0.4901960784313726,0.3142857142857143,0.8026953462125739,0.3291087464820546,1,0,4,1
0.6470588235294118,0.9714285714285714,0.7020071256279183,0.9523798966473526,0,1,1,1
0.5030496196232563,0.2857142857142857,0.715505985970037,0.2659712870755852,0,0,2,12
0.823529411764706,0.8285714285714286,0.7291154927084027,0.830770402315747,1,0,3,1
0.7843137254901961,0.5285714285714286,0.6736816481887185,0.4918764742114805,1,0,1,1
0.6470588235294118,0.1714285714285714,0.0,0.0189479853366865,1,0,1,24
0.5490196078431373,0.8428571428571429,0.2475823762420058,0.4260400089067194,0,0,2,1
0.0784313725490196,0.4999999999999999,0.8555843236185798,0.5597918166783783,0,0,4,1
0.9803921568627452,0.4142857142857142,0.7887539002854678,0.4307616626776001,0,1,3,24
0.7254901960784313,0.1857142857142857,0.9168824271393484,0.2081627577671124,0,1,3,24
0.2352941176470588,0.8571428571428572,1.0000000000000002,1.0,0,0,4,1
0.3137254901960784,0.2428571428571428,0.9587067649206666,0.2885176256331015,0,0,2,1
0.2549019607843137,0.0571428571428571,0.6320786031998937,0.0317120340640249,1,0,3,12
0.6274509803921569,0.1142857142857142,0.5619287879793755,0.0748029484711577,0,1,3,1
0.7058823529411765,0.0285714285714285,0.0234127774458385,0.0,1,1,4,24
0.8431372549019608,0.5142857142857143,0.3747150855296643,0.3198758971383146,0,1,3,1
0.8039215686274509,0.7285714285714286,0.3862223107393392,0.4699759692081984,0,0,2,1
0.8823529411764707,0.3428571428571428,0.7363075084644493,0.3322993570261067,0,0,3,1
0.3333333333333333,0.4999999999999999,0.579189625793888,0.415395001119766,0,0,3,1
0.7058823529411765,0.2285714285714285,0.2724778153975525,0.1027055284958793,0,0,3,24
0.6666666666666666,0.1142857142857142,0.3677443625661112,0.0495029812769318,0,0,2,1
0.5882352941176471,0.4142857142857142,0.7021177720241654,0.3951717354961367,1,0,3,1
0.6274509803921569,0.0,0.1247648764079754,0.0,0,0,3,24
0.9411764705882354,0.1857142857142857,0.7575516165438492,0.1776961221390135,1,1,1,1
0.7647058823529412,0.5142857142857143,0.6111664343092347,0.4458230795207464,1,1,4,1
0.3725490196078431,0.2428571428571428,0.1922591781185686,0.0864022476292928,0,0,1,12
0.9019607843137256,0.8,0.6602934342428468,0.7433643815404704,0,1,3,1
0.3137254901960784,0.4142857142857142,0.8964128438336765,0.4781790192776496,0,1,4,24
0.7843137254901961,0.3142857142857143,0.4873531169089822,0.2213396901348442,0,1,1,1
0.5030496196232563,0.9285714285714286,0.2303215384274934,0.4535216725353979,0,0,0,1
0.8039215686274509,0.5142857142857143,0.2383987253535153,1.0,1,0,1,12
0.2745098039215686,0.8142857142857143,0.7517980039390117,0.8347771408338064,0,1,2,1
0.2745098039215686,0.7571428571428571,0.8010356502688709,0.8142116798195006,1,1,3,1
0.4901960784313726,0.5285714285714286,0.292283520325743,0.2827661725879321,0,0,3,1
0.4901960784313726,0.3571428571428571,0.652326893713072,0.315777585205849,0,0,3,24
0.4705882352941176,0.5857142857142857,0.6258824050100689,0.5188376152740599,0,0,3,1
0.6470588235294118,0.0,0.0,0.0,0,1,2,12
0.9019607843137256,0.8,0.6550930536192436,0.7406043266992409,0,0,2,1
1.0,0.9857142857142858,0.4687645223395074,0.7291817481653989,0,0,1,24
0.8627450980392156,0.4142857142857142,0.2163800925003873,0.1853095679437784,0,1,2,24
0.4509803921568628,0.5857142857142857,0.0086968067450043,0.1444148089312675,0,0,2,12
0.8627450980392156,0.3857142857142857,0.594126889287216,0.3227548367631593,0,1,2,1
0.1568627450980392,0.3857142857142857,0.3338865653145677,0.2142258817314893,0,1,2,1
0.7058823529411765,0.3285714285714285,0.2902918851932992,0.1632933912591408,1,1,3,1
0.9019607843137256,0.9142857142857144,0.5380291663900507,0.7395938060385114,0,0,0,12
0.5882352941176471,0.8428571428571429,0.4302595764455951,0.5857568960403976,0,0,2,24
0.4705882352941176,0.8,0.8271481997831331,0.8829206585445867,0,0,2,24
0.4705882352941176,0.9428571428571428,0.6918276571732058,0.9118932016218454,1,0,4,1
0.9411764705882354,0.9571428571428572,0.2466972050720309,0.4904723485239168,0,0,2,24
0.5294117647058824,0.1999999999999999,0.8861227289827172,0.2200881868046244,0,0,2,24
0.7450980392156864,0.7285714285714286,0.0808382570979663,0.2357600930771462,0,0,2,1
0.7843137254901961,0.8142857142857143,0.940671402332426,0.9933533766652302,0,0,3,1
0.4901960784313726,0.2857142857142857,0.7318816526145744,0.2732473571430636,0,0,2,1
0.2941176470588236,0.9571428571428572,0.0256257053707761,0.2656258785826491,1,0,3,1
0.0392156862745098,0.7142857142857143,0.2465865586757838,0.3570691623474539,1,0,4,24
0.3725490196078431,0.8,0.1554139281683595,0.3245300757617381,1,1,2,12
0.1568627450980392,0.0428571428571428,0.6049702361194096,0.0181720211409276,1,0,2,1
0.0588235294117647,0.1857142857142857,0.4097899931399234,0.1104298263286097,0,0,1,1
0.4313725490196078,0.3,0.8431919272389301,0.324035258013718,0,1,1,1
0.5030496196232563,1.0,0.8761645533204985,1.0,1,0,2,1
0.607843137254902,0.6857142857142857,0.6747881121511874,0.6455575487499907,0,1,2,1
0.7254901960784313,0.4571428571428571,0.0196507999734448,0.1100217623416061,1,1,3,12
0.7254901960784313,0.8571428571428572,0.2035451105357499,0.3928856132382383,0,1,3,1
0.5098039215686275,0.0999999999999999,0.0813914890792006,0.0075125543938048,0,1,4,24
0.9803921568627452,0.6142857142857143,0.2323131735599371,0.2912985656390201,1,0,2,1
0.9411764705882354,0.0999999999999999,0.46655159441457,0.0515754322345487,1,0,3,1
0.9019607843137256,0.5857142857142857,0.7604284228462681,0.5998720542680118,0,0,3,1
0.4117647058823529,1.0,0.2780101352098962,0.5414241176098246,0,0,3,1
0.9411764705882354,0.0,0.9254021996503574,0.0,0,1,3,1
0.0196078431372549,0.8142857142857143,0.6205713779902189,0.7262465792510064,0,0,2,12
0.1960784313725491,0.4857142857142857,0.3310097590121489,0.276481344567624,1,1,3,24
0.2352941176470588,0.8714285714285714,0.2234614618601872,0.4183590879544973,0,1,2,12
0.7647058823529412,0.3,0.1111553696696099,0.0920765862202253,1,1,3,12
0.6274509803921569,0.6714285714285715,0.8282546637456019,0.7413577991791809,0,0,3,12
0.7647058823529412,0.4571428571428571,0.5114740312908008,0.3446778334822605,1,1,1,1
0.5030496196232563,0.4142857142857142,0.9886919383035696,0.5166510991862175,0,1,2,1
0.6274509803921569,0.5142857142857143,0.3896523490229923,0.3263968881747233,0,0,3,24
0.5030496196232563,0.3571428571428571,0.9485272964659544,0.4280305257567096,1,0,3,1
1.0,0.3285714285714285,0.0472017526389165,0.0773107747849872,1,0,3,1
0.6470588235294118,0.0142857142857142,0.644139060390803,0.0,0,1,2,1
0.9411764705882354,0.0999999999999999,0.4933280223063135,0.054163586104875,1,1,2,1
0.0,0.1857142857142857,0.1213348381243222,0.0472955800244003,1,0,2,1
0.5686274509803921,0.1857142857142857,0.2168226780853747,0.0665565215211982,0,1,2,1
0.7843137254901961,1.0,1.0000000000000002,0.5276784661420956,0,0,1,1
0.1568627450980392,0.1999999999999999,0.1076146849897099,0.049446751987384,0,0,0,1
0.6274509803921569,0.2285714285714285,0.605412821704397,0.1828756429819259,0,0,3,1
0.2549019607843137,0.4285714285714285,0.7124078868751245,0.4117754414240211,1,0,2,12
0.1372549019607843,0.7857142857142857,0.6792139680010623,0.7473743331607897,0,1,2,12
0.2156862745098039,0.1428571428571428,0.4345747858992233,0.0814862011716898,0,0,3,1
0.4901960784313726,0.9,0.1562990993383345,0.3730864771129119,0,0,1,1
0.9019607843137256,0.1714285714285714,0.8412002921064863,0.176237373713032,0,1,3,1
0.7647058823529412,0.3285714285714285,0.5144614839894666,0.2434699319497072,0,1,2,12
0.1568627450980392,0.2285714285714285,0.0,0.0262031702394757,0,0,1,12
0.9411764705882354,0.4999999999999999,0.4985284029299165,0.3730752312550023,0,0,4,1
0.5882352941176471,0.5142857142857143,0.8532607492973956,0.5733446820105151,1,1,2,1
1.0,0.6,1.0000000000000002,0.772489546975073,0,0,2,1
0.3725490196078431,0.9571428571428572,0.0538405364137289,0.2968315277305183,1,0,2,1
0.2549019607843137,0.1428571428571428,0.2494633649782027,0.0500797331325786,0,0,3,1
0.5686274509803921,0.1285714285714285,0.2638473964902963,0.044084084315659,1,0,2,12
0.9411764705882354,0.8571428571428572,0.1363827480138972,0.3354498037919104,1,0,2,1
0.1372549019607843,0.1285714285714285,0.1668105069817876,0.0303785966261783,1,1,1,1
0.0196078431372549,0.0142857142857142,0.9946668437009007,0.0030848994797023,0,1,4,1
0.2156862745098039,0.7142857142857143,0.9681117086016509,0.8893886333937074,1,0,2,1
0.6862745098039217,0.3571428571428571,0.7903029498329242,0.3703039305558634,0,1,2,12
0.9215686274509804,0.9142857142857144,0.5048352475159883,0.7070065229188977,1,0,2,1
0.0196078431372549,0.9714285714285714,0.5274071123503508,0.7743274414677193,0,0,3,12
0.5490196078431373,0.7000000000000001,0.2486888402044746,0.3477158216689687,0,0,4,1
0.2156862745098039,0.7000000000000001,0.916218548761867,0.8384979132507372,0,1,2,12
0.6666666666666666,0.4285714285714285,0.1131470048020536,0.1430187159993535,0,1,3,24
0.1764705882352941,0.1857142857142857,0.2205846555577685,0.067934942390683,0,1,1,1
0.5030496196232563,0.2857142857142857,0.5526344906946381,0.2214569683673295,0,0,3,24
0.1960784313725491,0.4428571428571428,1.0000000000000002,0.4067453298361927,0,0,2,1
0.1176470588235294,0.4999999999999999,0.9291641771227512,0.5969143936378004,0,0,3,1
0.0196078431372549,0.6285714285714286,0.4746287813405918,0.4595125016989277,0,0,3,12
0.5490196078431373,0.8,0.7202637810086527,0.794293658910559,0,0,2,1
0.8039215686274509,0.6428571428571429,0.085485405740335,0.2103621262639942,1,0,1,12
0.5490196078431373,0.0428571428571428,0.2671667883777026,0.0,0,0,1,1
0.5686274509803921,0.5857142857142857,0.6590763238841313,0.5368759713609769,0,1,4,1
0.8431372549019608,0.7714285714285715,0.0,0.151512551823323,0,0,2,1
0.0980392156862745,0.7714285714285715,0.2023280001770342,0.3516872160621696,0,0,1,12
0.5294117647058824,0.5571428571428572,0.1472260948460909,0.214833158058605,1,0,2,12
0.2549019607843137,0.1714285714285714,0.4451968399389233,0.103661426418191,0,1,3,1
0.5030496196232563,0.1714285714285714,0.4129987386310829,0.095005328930098,1,0,1,1
0.3921568627450981,0.9571428571428572,0.228883135276284,0.4675998800870236,0,0,2,1
0.9411764705882354,0.0857142857142857,0.1714576556241563,0.0100557248324929,0,1,0,1
0.5490196078431373,0.5428571428571429,0.6962535130230809,0.5208474107376093,1,1,2,1
0.6470588235294118,1.0,1.0000000000000002,1.0,1,1,4,12
0.9019607843137256,0.1857142857142857,0.1328420633339972,0.0481470521232661,1,1,2,1
0.2941176470588236,0.3857142857142857,0.0346987098630197,0.0950615582196457,0,0,2,1
0.6274509803921569,0.6857142857142857,0.0796211467392507,0.222044966080886,1,1,3,1
0.0392156862745098,0.0999999999999999,0.1010865476111443,0.0085776977929521,1,0,1,1
0.3529411764705882,0.8142857142857143,0.0746420589081413,0.2645382434676827,1,0,4,1
0.4901960784313726,0.0285714285714285,0.0,0.0,0,1,3,1
0.9411764705882354,0.6857142857142857,0.7966097944189958,0.7326952754865681,1,0,1,24
0.8627450980392156,0.0142857142857142,0.7688375489610306,0.0,1,0,1,24
0.4705882352941176,0.2428571428571428,0.6034211865719534,0.1959626084863814,0,0,4,1
0.7647058823529412,0.8571428571428572,0.5503109163734539,0.7016824124742911,1,0,2,1
0.8823529411764707,0.8428571428571429,0.8240501006882208,0.9264630138192314,0,0,1,24
0.7450980392156864,0.6428571428571429,0.1688021421142314,0.2649254222899972,0,0,4,1
0.9019607843137256,0.8285714285714286,0.1993405474783686,0.3758127943804126,1,1,3,12
0.4313725490196078,0.3999999999999999,0.7132930580450996,0.3850247585594633,1,1,2,1
0.6274509803921569,0.7714285714285715,0.0376861625616853,0.2203179236162052,0,1,3,24
0.9607843137254902,0.1999999999999999,0.8292504813118238,0.2086672148219122,0,1,4,24
0.5490196078431373,0.4142857142857142,1.0000000000000002,0.5407766775044605,1,0,2,1
0.5030496196232563,0.6714285714285715,0.1381530903538472,0.2582518088962447,1,1,4,12
0.1568627450980392,0.8142857142857143,0.4468565358826263,0.5793467570319545,1,1,3,1
0.8039215686274509,0.3285714285714285,1.0000000000000002,0.4232076592646429,1,1,1,12
0.3921568627450981,0.5714285714285715,0.0162207616897918,0.1430331749595229,1,1,2,1
0.2549019607843137,0.3142857142857143,0.8142025714222489,0.3314029014956026,1,1,3,1
0.0980392156862745,0.9142857142857144,0.0493040341676071,0.2780091746921928,1,1,4,12
0.9607843137254902,0.6571428571428571,0.5583881032994755,0.5377145910508032,1,1,3,1
0.2745098039215686,0.0142857142857142,0.6079576888180753,0.0,1,0,1,12
0.3529411764705882,0.8857142857142858,0.7883113147004803,0.94196623222311,0,1,3,1
0.7843137254901961,0.5285714285714286,0.1859523335324968,0.2229735526339887,1,0,2,1
0.0,0.3,0.8805904091703733,0.3337918430258169,1,0,2,12
0.5030496196232563,0.1285714285714285,0.4616831529797074,0.0736526578621238,1,1,2,1
0.6666666666666666,0.4571428571428571,1.0000000000000002,0.5866726301844609,1,0,2,1
0.0392156862745098,0.0142857142857142,0.8911018168138265,0.0,1,1,3,1
0.3137254901960784,0.8285714285714286,0.3970656575715329,0.5465666877767484,0,1,3,1
0.1568627450980392,0.7142857142857143,0.4653344840558543,0.516739459498364,0,0,4,24
0.4705882352941176,0.0999999999999999,0.5270751731616101,0.0584000614345152,0,1,2,1
0.4509803921568628,0.1571428571428571,0.9022771028347608,0.1694898589673024,0,1,4,12
0.6666666666666666,0.1142857142857142,0.6244440018588595,0.0832630467213986,1,0,1,1
0.6862745098039217,0.2285714285714285,0.695257695456859,0.2048693279507444,1,1,3,24
0.4901960784313726,0.5428571428571429,0.5955652924384254,0.4596362061359328,1,0,1,24
0.9803921568627452,0.6428571428571429,0.36531014184868,0.3982049040294551,1,0,1,24
0.5098039215686275,0.9285714285714286,0.235079333466109,0.4584425386463907,1,0,3,12
0.3529411764705882,0.1571428571428571,0.1951359844209874,0.0444616238311938,1,0,3,12
0.0588235294117647,0.0714285714285714,0.4336896147292483,0.0261983505860859,0,1,2,1
0.5294117647058824,0.0428571428571428,0.1167983358782004,0.0,0,0,2,1
0.7843137254901961,0.6857142857142857,0.9810573369625352,0.8634187343782983,1,0,2,1
0.9607843137254902,0.2428571428571428,0.3789196485870456,0.1394714511044557,0,0,3,24
0.2941176470588236,0.9428571428571428,0.1813051848901281,0.4152905752963203,0,0,2,1
0.1568627450980392,0.9571428571428572,0.5275177587465978,0.7636519092092972,1,0,3,12
0.607843137254902,0.5714285714285715,0.8507158821837173,0.6369335822844963,1,0,2,1
0.8039215686274509,0.6571428571428571,0.5531877226758726,0.5359489913590041,0,0,1,1
0.8823529411764707,0.5142857142857143,0.6637234725265,0.4721753377050802,0,1,2,24
0.3725490196078431,0.3,0.697138684193056,0.2779513388515151,0,1,2,1
0.1372549019607843,0.8714285714285714,0.2098519551218217,0.4077767356616115,0,0,3,1
0.1176470588235294,0.2857142857142857,0.3157405563300803,0.1452212975984952,1,0,3,24
0.9411764705882354,0.3142857142857143,0.4567040651485981,0.2122353648814991,0,0,3,1
0.1372549019607843,0.1285714285714285,0.0,0.0,0,1,2,1
0.0588235294117647,0.9,0.7724888800371774,0.9444194357985216,0,1,3,1
0.2745098039215686,0.0571428571428571,1.0000000000000002,0.0602765131542799,0,0,2,1
0.2745098039215686,0.3714285714285714,0.8430812808426831,0.4078747352805374,1,1,2,1
0.7843137254901961,0.0285714285714285,0.9578215937506918,0.020231619689505,1,1,2,1
0.0784313725490196,0.5285714285714286,0.9578215937506918,0.6498293682044894,1,0,2,24
0.4901960784313726,0.6428571428571429,0.1960211555909624,0.282769385690192,0,0,3,1
0.9411764705882354,0.6857142857142857,0.7219234769523557,0.6828263218622369,1,0,2,1
0.7254901960784313,0.4999999999999999,1.0000000000000002,0.6548096767072898,0,1,0,1
0.0392156862745098,0.2714285714285714,0.0034964261214012,0.0471895476498245,0,0,1,12
0.1176470588235294,0.5428571428571429,0.7832215804731242,0.566961854371281,1,0,2,1
0.3333333333333333,0.3,1.0000000000000002,0.3808123814967722,1,1,0,1
0.5098039215686275,0.1571428571428571,0.8759432605280046,0.1675282600376511,0,1,3,1
0.7058823529411765,0.3285714285714285,0.6920489499656997,0.3047084479205926,0,0,2,12
0.823529411764706,0.0285714285714285,0.3226006328973865,0.0,0,1,3,12
0.3529411764705882,0.8,0.6457987563345062,0.7331483229052098,0,1,3,1
0.8823529411764707,0.0428571428571428,0.621345902763947,0.0166972072036467,0,1,3,1
0.5490196078431373,0.4999999999999999,0.0,0.1010539939343055,0,1,4,24
0.4117647058823529,0.8857142857142858,0.6535440040717875,0.819839428427665,0,0,4,1
0.5686274509803921,0.7428571428571429,0.3674124233773706,0.4628718001116231,0,1,2,1
0.5030496196232563,0.6428571428571429,0.2538892208280777,0.3247549929199291,0,1,3,12
0.6666666666666666,0.8285714285714286,0.0,0.1929744233847012,1,1,3,24
0.7647058823529412,0.2142857142857142,0.5843900064174912,0.16431033812439,1,0,3,24
0.6470588235294118,0.8571428571428572,0.7645223395074023,0.8937857638363412,0,0,3,12
0.4313725490196078,0.9,0.0003983270264887,0.2253126910791749,0,1,2,1
0.0980392156862745,0.5285714285714286,0.7793489566044836,0.5509252609922637,0,0,3,1
0.4313725490196078,0.6857142857142857,0.1680276173405032,0.2842699044455518,0,0,2,24
0.6470588235294118,0.3571428571428571,0.9169930735355948,0.4183253503807686,0,0,2,24
0.2156862745098039,0.2857142857142857,0.8592356546947266,0.3131878247843927,1,1,2,24
0.5030496196232563,0.1428571428571428,0.0,0.00289211334411,1,0,3,12
0.5030496196232563,0.8,0.8410896457102393,0.8935608466781502,0,1,4,1
1.0,0.1714285714285714,0.9465356613335104,0.1977523064451296,0,0,3,24
0.5294117647058824,0.6,0.5099249817433447,0.4598916477655925,0,0,4,1
0.4117647058823529,0.1571428571428571,0.0882515656465069,0.0282193919075449,0,1,3,1
0.0588235294117647,0.4714285714285714,0.5156785943481821,0.3573599481019722,0,0,4,12
0.7450980392156864,0.2714285714285714,0.736860740445684,0.2614167146222178,1,1,3,12
0.9215686274509804,0.7428571428571429,0.9590387041094072,0.9184318647206832,0,0,3,1
0.9607843137254902,0.0,0.0733143021531789,0.0,1,0,4,1
0.5490196078431373,0.7000000000000001,0.0,0.1685950099879283,0,1,3,12
0.5294117647058824,0.9571428571428572,0.880922348359114,1.0,1,1,3,24
0.8823529411764707,0.6285714285714286,0.993560379738432,0.797636891811955,0,0,1,12
0.3529411764705882,0.9428571428571428,0.7865409723605303,1.0,0,0,2,24
0.8039215686274509,0.0857142857142857,0.3189493018212397,0.0231603623993776,1,0,3,12
0.6470588235294118,0.1142857142857142,0.5868242271349222,0.0796499132301734,0,1,4,1
0.5882352941176471,0.8714285714285714,0.3813538693044767,0.562145414083734,1,0,4,1
0.2549019607843137,0.3857142857142857,0.7443846953904711,0.3814373298863172,0,1,2,1
0.5294117647058824,0.2285714285714285,0.4846976033990574,0.1579532153032349,0,0,3,1
0.3921568627450981,0.3,0.5257474164066476,0.2254090841469711,0,0,1,1
0.2549019607843137,0.7571428571428571,0.7791276638119897,0.7947852635563193,0,1,3,1
0.5098039215686275,0.8428571428571429,0.1216667773130629,0.318820393045947,1,1,3,24
0.1176470588235294,0.5142857142857143,0.0446568855252385,0.141084428438911,0,0,1,1
0.7450980392156864,0.6142857142857143,0.0121268450286574,0.1518643865207789,1,1,0,24
0.7647058823529412,0.8285714285714286,0.9947774900971476,1.0,0,1,4,24
0.8823529411764707,0.0285714285714285,0.7280090287459338,0.0108943445223193,0,0,3,1
0.5030496196232563,0.7571428571428571,0.199893779459603,0.3424302684514806,0,1,2,1
0.7254901960784313,0.2857142857142857,0.2784527207948837,0.1373154594880821,0,1,2,1
0.3529411764705882,0.5714285714285715,0.0842682953816194,0.1846251771624258,0,0,2,1
0.1764705882352941,0.1571428571428571,0.4612405673947199,0.0973685656422332,1,0,2,24
0.2549019607843137,0.7285714285714286,0.4169820088959703,0.4951715105789784,1,0,2,1
0.8431372549019608,0.3142857142857143,0.3970656575715329,0.1907027600869722,1,1,3,1
0.1568627450980392,0.9714285714285714,0.4475204142601076,0.6948208325983362,0,0,2,12
0.9803921568627452,0.8714285714285714,0.151541304299719,0.3543637302446423,0,0,1,24
0.3333333333333333,0.8142857142857143,0.3292394166721991,0.4790079996606963,1,0,2,1
0.1372549019607843,0.5285714285714286,0.5927991325322535,0.4515327622365376,0,0,2,1
0.3921568627450981,0.1428571428571428,0.6025360154019785,0.1045980457269435,0,0,3,24
0.1960784313725491,0.1428571428571428,0.8995109429285888,0.1542999180337613,1,0,0,1
0.1764705882352941,0.1571428571428571,1.0000000000000002,0.1926000969714262,0,1,2,1
0.1176470588235294,0.7285714285714286,0.6332957135586095,0.6553896416651965,1,0,3,24
0.9019607843137256,0.8285714285714286,0.4551550156011418,0.596201084936109,0,1,0,24
0.0588235294117647,0.7142857142857143,0.7049945783265839,0.6932367731842195,0,0,1,1
0.2156862745098039,0.3142857142857143,0.2325344663524309,0.1354695322397861,0,0,0,12
0.4509803921568628,0.3857142857142857,0.0,0.0575293107220901,0,1,1,1
0.7058823529411765,0.1714285714285714,0.4790546371904666,0.1071894126995296,1,0,1,1
0.7058823529411765,0.4571428571428571,0.7184934386687025,0.444361117992505,1,0,4,24
0.5030496196232563,0.4285714285714285,0.3265839031622741,0.2382550669819362,0,0,2,24
0.5294117647058824,0.1428571428571428,0.2640686892827901,0.0526791328608145,0,1,2,1
0.4313725490196078,0.1428571428571428,0.9013919316647858,0.1528283171987403,0,1,2,1
0.607843137254902,0.3,0.4361238354466795,0.1954212007555931,0,1,3,24
0.5030496196232563,0.8571428571428572,0.0,0.2106288137515635,0,1,2,1
0.5098039215686275,0.4571428571428571,0.8837991546615327,0.5216169487288485,0,1,4,12
0.5686274509803921,0.3285714285714285,0.5649162406780412,0.2565456515962531,0,1,1,1
0.0588235294117647,0.8142857142857143,0.917214366328089,0.9745888594675826,1,0,2,24
0.9803921568627452,0.2285714285714285,1.0000000000000002,0.2882718233102214,1,1,3,1
0.7058823529411765,0.1285714285714285,0.0,0.0,1,0,2,1
0.8431372549019608,0.9285714285714286,0.4851401889840449,0.6990974717062247,0,1,2,1
0.9019607843137256,0.1142857142857142,0.2898492996083118,0.037347815427839,0,0,3,1
0.0392156862745098,0.4285714285714285,0.5291774546903008,0.3282845857523976,0,1,3,1
0.0196078431372549,0.1571428571428571,0.0778508043993007,0.0293600432097991,1,0,2,24
0.2352941176470588,0.6428571428571429,0.962690035185554,0.7947242146133817,0,1,3,12
0.8627450980392156,0.7714285714285715,0.4777268804355043,0.5708802325771939,0,0,1,1
0.3333333333333333,0.1571428571428571,0.038903272920401,0.0185399213496828,1,1,3,24
0.0980392156862745,0.3571428571428571,0.548208634844763,0.2807146067950043,0,0,2,24
0.5030496196232563,0.6857142857142857,0.4464139502976389,0.482283757414635,0,0,2,1
0.2549019607843137,0.2142857142857142,0.3593352364513488,0.1159419032554188,0,0,3,1
0.4901960784313726,0.6142857142857143,0.072318484586957,0.1895813873982771,1,0,1,12
0.5030496196232563,0.5571428571428572,0.0174378720485073,0.1380175223318639,0,0,2,1
0.1764705882352941,0.8714285714285714,0.1110447232733629,0.3204285507270125,0,0,3,1
0.2941176470588236,0.7857142857142857,0.4328044435592733,0.5429133905072748,1,1,1,24
0.8431372549019608,0.3571428571428571,0.1323994777490097,0.1222636819517154,1,1,4,1
0.2941176470588236,0.0,0.3293500630684459,0.0,0,0,2,1
0.4117647058823529,0.3571428571428571,0.5733253667928038,0.2865222891297215,0,0,2,1
0.5294117647058824,0.6428571428571429,0.9805041049813008,0.80848753814354,0,0,1,1
0.9607843137254902,0.7714285714285715,1.0000000000000002,1.0,0,1,1,1
0.0784313725490196,0.0428571428571428,0.6388280333709533,0.0171245498042096,1,0,2,1
0.2156862745098039,0.0285714285714285,0.3675230697736174,0.0,1,0,4,1
0.4705882352941176,0.0428571428571428,0.0,0.0,0,0,2,1
0.0392156862745098,0.6857142857142857,0.5701166213016442,0.5710939038774753,0,1,1,1
0.823529411764706,0.9714285714285714,0.5728827812078161,0.8230991206703043,1,0,4,1
0.0980392156862745,0.6857142857142857,0.7895284250591958,0.7274145419224697,0,0,3,1
0.1568627450980392,0.5428571428571429,0.3535816238465113,0.3252337451566499,0,0,4,1
0.2156862745098039,0.4142857142857142,0.1994511938746155,0.1753569836938273,1,0,4,1
0.4705882352941176,0.5285714285714286,0.5112527384983072,0.4059870377028631,0,1,2,24
0.9215686274509804,0.3571428571428571,0.891655048795061,0.4056416292099269,0,0,3,1
0.4509803921568628,0.4571428571428571,0.1005333156299099,0.1489340372597764,1,1,2,1
0.0980392156862745,0.3285714285714285,0.378477063002058,0.1944588766287616,1,0,2,1
0.9803921568627452,0.0999999999999999,0.739294961163115,0.0855363165702575,1,1,2,1
0.607843137254902,0.1142857142857142,0.4308128084268295,0.060049989444959,1,0,2,24
0.7058823529411765,0.5142857142857143,0.396955011175286,0.3306413962600132,0,0,2,12
0.9215686274509804,0.2857142857142857,0.862444400185886,0.3151397844072645,1,1,2,12
0.5030496196232563,0.7285714285714286,0.3909801057779549,0.4715552089689251,0,1,3,1
0.5030496196232563,0.4571428571428571,0.5546261258270817,0.3628463202107023,0,0,3,1
0.7843137254901961,0.8571428571428572,0.9738653212064884,1.0,0,1,3,12
0.9803921568627452,0.7428571428571429,0.0549470003761977,0.2234603376263592,1,1,2,24
0.6470588235294118,0.5571428571428572,0.4149903737635266,0.3704501267086875,0,0,2,24
0.823529411764706,0.3285714285714285,0.1416937750337472,0.1108234313554439,1,0,1,24
0.7450980392156864,0.5142857142857143,0.8932040983425171,0.5956146937736825,1,0,1,1
0.607843137254902,0.0714285714285714,0.0132333089911261,0.0,1,0,4,1
0.1568627450980392,0.4999999999999999,0.0,0.0901021348815345,0,0,2,12
0.7647058823529412,0.2142857142857142,0.491004447985129,0.1440742200917212,1,0,4,12
0.5030496196232563,0.0142857142857142,0.1754409258890438,0.0,0,0,2,12
0.5686274509803921,0.8714285714285714,0.7136249972338402,0.8624740823138962,1,0,3,1
0.6274509803921569,0.2714285714285714,0.8159729137621989,0.2834473502670248,0,0,3,12
0.6666666666666666,0.1142857142857142,0.0867025160990507,0.0135483669889729,0,1,3,1
0.0784313725490196,0.2714285714285714,0.7191573170461838,0.2528586167530509,1,0,2,1
0.4901960784313726,0.3999999999999999,0.2449268627320808,0.1863490065248467,0,0,4,24
0.3529411764705882,0.8714285714285714,0.3102082365177366,0.4996971651120071,0,0,1,24
0.0784313725490196,0.0,0.8570227267697892,0.0,0,1,2,24
0.8627450980392156,1.0,0.4144371417822921,0.6818286536105469,1,0,1,12
0.3725490196078431,0.8571428571428572,0.2551063311867933,0.4386867794015724,1,0,3,12
0.7647058823529412,0.5714285714285715,1.0000000000000002,0.3058394599160673,0,0,4,1
0.7843137254901961,0.5571428571428572,0.3970656575715329,0.3573840463689213,1,1,3,12
0.6862745098039217,0.0857142857142857,0.626767576180044,0.0568658051054266,0,0,3,24
0.0980392156862745,0.4857142857142857,0.0704374958507601,0.1451329372863488,1,1,2,1
0.0392156862745098,0.8857142857142858,0.8294717741043176,0.979469561800327,0,0,1,1
0.3529411764705882,0.7714285714285715,0.7733740512071523,0.8054559761613516,0,0,3,1
0.0980392156862745,0.7571428571428571,1.0000000000000002,0.9757921662639044,0,0,1,12
0.7647058823529412,0.2142857142857142,0.7591006660913056,0.2071907943335013,0,0,3,12
0.9411764705882354,0.5714285714285715,0.2825466374560181,0.3022472115895313,0,0,2,1
0.7647058823529412,0.7714285714285715,0.422514328708314,0.5244043149392867,1,1,1,1
0.7647058823529412,0.7142857142857143,0.7856558011905554,0.756571838379671,0,0,3,1
0.5030496196232563,0.2857142857142857,0.9926752085684568,0.3549195969356,1,1,3,24
0.8823529411764707,0.5285714285714286,0.310761468498971,0.2892261146814032,0,0,3,1
0.823529411764706,0.7285714285714286,0.6242227090663657,0.6458033510728708,1,1,2,1
0.8431372549019608,0.9142857142857144,0.0226382526721104,0.2519332433022079,1,0,2,24
0.3921568627450981,0.1142857142857142,0.1143641151607692,0.0196918185098467,1,0,3,1
0.2941176470588236,0.9428571428571428,0.4498439885812919,0.6759165454523839,1,0,2,1
0.8627450980392156,0.7571428571428571,1.0000000000000002,0.9693980927667604,0,0,1,1
0.8627450980392156,0.6,0.9447653189935604,0.7309537740617178,0,1,3,12
0.5686274509803921,0.1714285714285714,0.1445705813361659,0.0459155526037856,0,1,3,12
0.4313725490196078,0.0142857142857142,0.1099382593108942,0.0,1,1,1,1
0.8039215686274509,0.0142857142857142,0.3819071012857112,0.0,0,1,2,1
0.3333333333333333,0.6714285714285715,0.8188497200646176,0.7308188237668032,0,1,1,1
0.5686274509803921,0.6857142857142857,0.243931045165859,0.3365454716625266,0,1,1,1
0.2941176470588236,0.7000000000000001,0.1605036623957158,0.285262753043852,1,0,1,1
0.4509803921568628,0.2142857142857142,0.7264599791984776,0.1986246637086847,0,0,2,1
0.3137254901960784,0.4999999999999999,0.3435128017880458,0.2904551262958039,0,1,1,1
0.0196078431372549,0.7714285714285715,0.4920002655513509,0.5838515264002939,0,1,2,12
0.6274509803921569,0.7428571428571429,0.9037155059859704,0.8766358305242786,1,0,2,1
0.7647058823529412,0.9428571428571428,0.7960565624377616,1.0,1,0,3,24
0.9019607843137256,0.1142857142857142,0.8980725397773797,0.1187758594486252,1,1,0,24
0.0980392156862745,0.9857142857142858,1.0000000000000002,1.0,0,1,3,1
0.5490196078431373,0.3857142857142857,0.8985151253623671,0.4457186536973006,0,0,2,1
0.607843137254902,0.8285714285714286,0.8499413574099892,0.933282823365808,1,0,3,1
0.9607843137254902,0.9714285714285714,0.0,0.1894287650409333,0,1,2,1
0.8823529411764707,0.2428571428571428,1.0000000000000002,0.2418682004731614,0,0,3,12
0.7254901960784313,0.9142857142857144,0.1910420677598531,0.4113705905392774,0,1,4,1
0.1960784313725491,0.2714285714285714,0.7490318440328401,0.2649463074546864,0,0,3,1
0.2549019607843137,0.2714285714285714,0.7564451525813805,0.2656258785826491,0,1,3,1
0.5490196078431373,0.4428571428571428,0.5530770762796258,0.3528455394268532,0,0,3,24
0.2549019607843137,0.4571428571428571,0.074088826926907,0.1379532602866665,0,0,2,1
0.3725490196078431,0.6142857142857143,0.5074907610259134,0.4690473826550956,1,1,1,1
0.7058823529411765,0.8285714285714286,0.5495363915997256,0.6788292226509571,0,1,2,12
0.6862745098039217,0.0142857142857142,0.2089667839518467,0.0,1,1,3,24
0.5030496196232563,0.6857142857142857,0.8252672110469363,0.7507930739652926,1,0,0,12
0.3921568627450981,0.5285714285714286,0.111929894443338,0.1827840695675196,1,0,3,1
0.4117647058823529,0.6857142857142857,1.0000000000000002,0.9034539885362936,0,1,3,12
0.9019607843137256,0.4857142857142857,0.2705968266613557,0.2456387759751202,0,1,1,1
0.823529411764706,0.3714285714285714,0.1187899710106442,0.1219664699926773,1,0,2,1
0.2156862745098039,0.3857142857142857,1.0000000000000002,0.4992248390798059,1,0,1,1
0.1372549019607843,0.0714285714285714,0.8837991546615327,0.0664729808624416,1,0,1,24
0.607843137254902,0.5285714285714286,0.150656133129744,0.2060131923552585,0,0,4,1
0.6666666666666666,0.7571428571428571,0.4710880966606918,0.555809176427268,0,0,4,12
0.1764705882352941,0.1142857142857142,0.8150877425922238,0.1039393597636698,1,1,0,1
0.2745098039215686,0.2428571428571428,0.5459957069198258,0.1806345041556658,0,0,1,1
0.4705882352941176,0.0,0.5444466573723694,0.0,0,0,2,1
0.3921568627450981,0.7428571428571429,0.7696120737347585,0.7716445010807268,1,0,2,12
0.6666666666666666,0.6,0.0,0.1377540479465545,0,1,2,1
0.7254901960784313,0.0571428571428571,0.1908207749673593,0.0,1,0,3,12
0.7254901960784313,0.5857142857142857,0.7670672066210804,0.6030819434256232,0,0,2,1
0.7843137254901961,0.1428571428571428,0.691053132399478,0.1219407651745983,0,0,4,1
0.3921568627450981,0.4142857142857142,0.9973223572108258,0.5216249814844981,0,0,4,24
0.1568627450980392,0.5142857142857143,1.0000000000000002,0.1349200917533481,0,0,1,24
0.9803921568627452,0.1428571428571428,0.1330633561264909,0.033154716978707,1,1,3,12
0.3725490196078431,0.6857142857142857,0.4677687047732855,0.5011960773162369,0,1,1,12
0.8627450980392156,0.4571428571428571,0.9376839496337606,0.5493058574532886,1,0,2,1
0.2156862745098039,0.8,0.7233618801035651,0.7954214578037738,0,1,2,1
0.2941176470588236,0.6571428571428571,1.0000000000000002,0.3381407769345526,0,1,2,1
0.5030496196232563,0.6,0.7505808935802962,0.6076734665549791,0,1,3,24
0.0196078431372549,1.0,0.8857907897939765,1.0,0,1,2,1
0.0784313725490196,0.4857142857142857,0.6965854522118216,0.4611608231582417,0,0,3,1
0.3137254901960784,0.6857142857142857,0.4185310584434266,0.463074225553995,0,0,3,1
0.9019607843137256,0.7571428571428571,0.0,0.1749424935023039,0,0,1,1
0.1764705882352941,0.7142857142857143,0.1351656376551815,1.0,0,0,3,24
0.7058823529411765,0.8857142857142858,0.9692181725641198,1.0,0,0,3,12
0.9411764705882354,0.0857142857142857,0.2414968244484277,0.0200115221847038,1,1,1,12
0.4705882352941176,0.8571428571428572,0.1747770475115626,0.3683953478134999,0,0,3,1
0.0196078431372549,0.0142857142857142,0.4480736462413419,0.0,1,0,3,1
0.0,0.3571428571428571,0.6067405784593596,0.3023403915550675,0,0,3,1
0.0196078431372549,0.8,0.7558919206001462,0.82670100830362,1,1,3,1
0.1372549019607843,0.7000000000000001,0.8209520015933083,0.7676554346250968,0,0,4,12
0.0980392156862745,0.8714285714285714,0.9533957379008168,1.0,0,1,2,1
0.6274509803921569,0.8428571428571429,0.2938325698731992,0.4677203714217688,0,0,3,24
0.0588235294117647,0.1571428571428571,0.6009869658545222,0.1155981013136125,0,1,4,1
0.4705882352941176,0.7857142857142857,0.7917413529841335,0.8367451659679775,0,0,2,12
0.9607843137254902,0.2285714285714285,1.0000000000000002,0.2828834508204174,1,1,2,1
0.4313725490196078,0.3999999999999999,0.9410033415211668,0.4811768436861093,0,0,3,12
0.3137254901960784,0.1999999999999999,0.6535440040717875,0.1695878585862285,0,1,3,24
0.1372549019607843,0.3857142857142857,0.2152736285379185,0.1656148576418978,1,0,3,1
0.6274509803921569,0.4571428571428571,0.0,0.0859170691880522,1,1,3,1
0.5882352941176471,0.3,0.2944964482506805,1.0,0,1,2,1
0.5030496196232563,0.7714285714285715,0.0,0.1797235896649923,1,0,1,1
0.5490196078431373,0.8857142857142858,0.3896523490229923,0.5774590594542802,1,0,2,1
0.3921568627450981,0.3999999999999999,0.242160702825909,0.1858815001460354,0,0,2,24
0.1764705882352941,0.0,0.0,0.0,0,1,2,1
0.7647058823529412,0.7714285714285715,0.3221580473123991,0.4471259924871242,0,0,2,1
0.0,0.7285714285714286,0.0527340724512602,0.2159609569518198,1,0,4,24
0.0588235294117647,0.3,0.2825466374560181,0.1439087453253378,1,0,2,24
0.9803921568627452,0.0714285714285714,0.6401557901259156,0.0448022126707402,1,0,3,12
0.9215686274509804,0.9,0.8151983889884709,0.9816143075587908,0,0,3,1
0.2549019607843137,0.3285714285714285,0.3701785832835425,0.1922113115979817,0,0,2,1
0.3921568627450981,0.8142857142857143,0.0,0.1980109611770493,0,0,3,12
0.5294117647058824,0.9714285714285714,0.6814268959259997,0.93123607722627,0,1,3,1
0.9215686274509804,0.9,0.410121932328664,0.608028514354695,1,1,2,1
1.0,0.6142857142857143,0.6787713824160748,0.5780438440655767,1,0,2,1
0.1372549019607843,0.9142857142857144,0.8641040961295892,1.0,0,1,3,1
0.5098039215686275,0.7000000000000001,0.8441877448051518,0.7821593782261553,0,0,2,1
0.3137254901960784,0.1142857142857142,0.7939542809090709,0.1058286638924741,0,1,4,24
0.1176470588235294,0.8714285714285714,0.384673261191883,0.564441175648412,1,0,4,1
0.4901960784313726,0.3142857142857143,0.4195268760096484,0.1965040162171697,1,0,1,1
1.0,0.7714285714285715,0.8780455420566953,0.8896794191482258,0,0,3,1
0.0588235294117647,0.3999999999999999,0.0,0.0579743253850822,1,0,1,24
0.1372549019607843,0.0142857142857142,0.9680010622054044,8.707507124251085e-05,0,0,2,24
0.3529411764705882,1.0,0.0042709508951293,0.2591370185688392,0,0,3,1
0.4313725490196078,0.0142857142857142,0.3502622319591051,0.0,0,1,2,12
0.5686274509803921,0.5857142857142857,0.2000044258558499,0.2587273480307056,1,1,3,24
0.1372549019607843,0.8714285714285714,0.8247139790657021,0.9608897979826216,0,1,0,24
0.6274509803921569,0.2285714285714285,0.4811569187191574,0.1532267418789643,0,1,3,24
0.7647058823529412,0.5142857142857143,0.5413485582774571,0.4087535187486123,0,0,4,1
0.9607843137254902,0.7714285714285715,0.7864303259642833,0.8178039281460366,1,1,1,12
0.9411764705882354,0.0999999999999999,0.9340326185576138,0.1037305081167782,1,1,1,1
0.1764705882352941,0.4142857142857142,0.5225386709154884,0.3164121729021735,0,1,3,1
0.0980392156862745,0.2714285714285714,1.0000000000000002,0.3481913608034297,0,0,2,24
0.0588235294117647,0.6714285714285715,0.9279470667640356,0.8058286960234966,0,1,3,12
0.6274509803921569,0.0857142857142857,0.8446303303901392,0.0794667664013608,0,0,1,24
0.5098039215686275,0.7428571428571429,0.8222797583482708,0.8147097106697807,1,0,2,24
0.5490196078431373,0.7714285714285715,0.7547854566376775,0.7917087181424927,0,1,4,1
0.5294117647058824,0.1999999999999999,0.8985151253623671,0.2229703395317288,0,1,4,12
0.0784313725490196,0.3999999999999999,0.7820044701144084,0.4102379719926727,0,0,3,1
0.2352941176470588,0.2714285714285714,0.7361968620682027,0.2627019555261663,1,1,1,12
0.4509803921568628,0.2428571428571428,1.0000000000000002,0.3018375410513977,0,0,2,24
0.8823529411764707,0.2142857142857142,0.8483923078625331,0.2244098093441512,0,1,1,1
0.5098039215686275,0.0,0.0099139171037199,0.0,1,0,2,12
0.5882352941176471,0.2285714285714285,0.9691075261678728,0.2725260156857226,0,0,2,24
0.0980392156862745,0.1857142857142857,0.9860364247936446,0.2234346328082802,1,0,3,24
0.0196078431372549,0.0571428571428571,0.4706455110757043,0.0196243433623894,0,0,3,1
0.6666666666666666,0.1142857142857142,0.6800991391710371,0.0909568200826602,0,1,1,1
0.5882352941176471,0.0714285714285714,0.0,0.0,0,0,3,12
0.0980392156862745,0.4999999999999999,0.0,0.0798410928146358,1,0,1,1
0.6862745098039217,0.3142857142857143,0.9013919316647858,0.3582066005474483,1,0,2,1
0.9607843137254902,0.8142857142857143,0.7502489543915556,0.8343385523753338,0,0,4,24
0.6470588235294118,0.3,0.0556108787536789,0.0724589903725816,1,1,3,24
0.2156862745098039,0.9714285714285714,0.2120648830467592,0.4569661181579798,1,1,3,1
0.5686274509803921,0.4857142857142857,0.2065325632344155,0.2120168739278279,0,0,1,1
0.4901960784313726,0.9714285714285714,0.2616344685653589,0.5096497493619582,1,0,2,1
0.6470588235294118,0.3571428571428571,0.163823054283122,0.1341842913358376,1,0,3,1
0.3725490196078431,0.8857142857142858,0.4063599548562703,0.5945109931474167,0,1,3,24
0.9019607843137256,0.9714285714285714,0.6360618734647814,0.8857401557776237,1,1,3,12
